t,speed,mph,steer,throttle,longG,latG,yaw,expectYaw,understeer,oversteer,jolt,angVelX,angVelZ,vy,fireRaw,fxActive,fxFired,center,corner,oversteer,brake,texture,scrub,judder,impact,weapon,force
0.038,0.370,0.8,0.019,0.000,0.000,0.000,0.001,0.000,0.000,0.000,0.000,0.000,0.000,0.005,0,0,0,-31,0,0,0,2,0,0,0,0,0
0.570,0.370,0.8,0.019,0.000,0.000,0.000,0.001,0.000,0.000,0.000,0.000,0.000,0.000,0.005,0,0,0,-31,0,0,0,2,0,0,0,0,0
0.603,0.370,0.8,0.019,0.000,0.000,0.000,0.001,0.000,0.000,0.000,0.000,0.000,0.000,0.005,0,0,0,-31,0,0,0,-2,0,0,0,0,0
0.621,0.370,0.8,0.019,0.000,0.000,0.000,0.001,0.000,0.000,0.000,0.000,0.000,0.000,0.005,0,0,0,-31,0,0,0,-1,0,0,0,0,0
0.638,0.370,0.8,0.019,0.000,0.000,0.000,0.001,0.000,0.000,0.000,0.000,0.000,0.000,0.005,0,0,0,-31,0,0,0,1,0,0,0,0,0
0.655,0.370,0.8,0.019,0.000,0.000,0.000,0.001,0.000,0.000,0.000,0.000,0.000,0.000,0.005,0,0,0,-31,0,0,0,2,0,0,0,0,0
0.676,0.370,0.8,0.019,0.000,0.000,0.000,0.001,0.000,0.000,0.000,0.000,0.000,0.000,0.005,0,0,0,-31,0,0,0,0,0,0,0,0,0
0.693,0.370,0.8,0.019,0.000,0.000,0.000,0.001,0.000,0.000,0.000,0.000,0.000,0.000,0.005,0,0,0,-31,0,0,0,-2,0,0,0,0,0
0.710,0.370,0.8,0.019,0.000,0.000,0.000,0.001,0.000,0.000,0.000,0.000,0.000,0.000,0.005,0,0,0,-31,0,0,0,-1,0,0,0,0,0
0.727,0.370,0.8,0.019,0.000,0.000,0.000,0.001,0.000,0.000,0.000,0.000,0.000,0.000,0.005,0,0,0,-31,0,0,0,1,0,0,0,0,0
0.751,0.370,0.8,0.019,0.000,0.000,0.000,0.001,0.000,0.000,0.000,0.000,0.000,0.000,0.005,0,0,0,-31,0,0,0,2,0,0,0,0,0
0.769,0.370,0.8,0.019,0.000,0.000,0.000,0.001,0.000,0.000,0.000,0.000,0.000,0.000,0.005,0,0,0,-31,0,0,0,0,0,0,0,0,0
0.785,0.370,0.8,0.019,0.000,0.000,0.000,0.001,0.000,0.000,0.000,0.000,0.000,0.000,0.005,0,0,0,-31,0,0,0,-2,0,0,0,0,0
0.803,0.370,0.8,0.019,0.000,0.000,0.000,0.001,0.000,0.000,0.000,0.000,0.000,0.000,0.005,0,0,0,-31,0,0,0,-1,0,0,0,0,0
0.826,0.370,0.8,0.019,0.000,0.000,0.000,0.001,0.000,0.000,0.000,0.000,0.000,0.000,0.005,0,0,0,-31,0,0,0,2,0,0,0,0,0
0.843,0.370,0.8,0.019,0.000,0.000,0.000,0.001,0.000,0.000,0.000,0.000,0.000,0.000,0.005,0,0,0,-31,0,0,0,2,0,0,0,0,0
0.860,0.370,0.8,0.019,0.000,0.000,0.000,0.001,0.000,0.000,0.000,0.000,0.000,0.000,0.005,0,0,0,-31,0,0,0,-1,0,0,0,0,0
0.878,0.370,0.8,0.019,0.000,0.000,0.000,0.001,0.000,0.000,0.000,0.000,0.000,0.000,0.005,0,0,0,-31,0,0,0,-2,0,0,0,0,0
0.909,0.370,0.8,0.019,0.000,0.000,0.000,0.001,0.000,0.000,0.000,0.000,0.000,0.000,0.005,0,0,0,-31,0,0,0,1,0,0,0,0,0
0.926,0.370,0.8,0.019,0.000,0.000,0.000,0.001,0.000,0.000,0.000,0.000,0.000,0.000,0.005,0,0,0,-31,0,0,0,2,0,0,0,0,0
0.943,0.370,0.8,0.019,0.000,0.000,0.000,0.001,0.000,0.000,0.000,0.000,0.000,0.000,0.005,0,0,0,-31,0,0,0,1,0,0,0,0,0
0.966,0.370,0.8,0.019,0.000,0.000,0.000,0.001,0.000,0.000,0.000,0.000,0.000,0.000,0.005,0,0,0,-31,0,0,0,-2,0,0,0,0,0
0.989,0.370,0.8,0.019,0.000,0.000,0.000,0.001,0.000,0.000,0.000,0.000,0.000,0.000,0.005,0,0,0,-31,0,0,0,-1,0,0,0,0,0
1.006,0.370,0.8,0.019,0.000,0.000,0.000,0.001,0.000,0.000,0.000,0.000,0.000,0.000,0.005,0,0,0,-31,0,0,0,2,0,0,0,0,0
1.023,0.370,0.8,0.019,0.000,0.000,0.000,0.001,0.000,0.000,0.000,0.000,0.000,0.000,0.005,0,0,0,-31,0,0,0,2,0,0,0,0,0
1.039,0.370,0.8,0.019,0.000,0.000,0.000,0.001,0.000,0.000,0.000,0.000,0.000,0.000,0.005,0,0,0,-31,0,0,0,0,0,0,0,0,0
1.062,0.370,0.8,0.019,0.000,0.000,0.000,0.001,0.000,0.000,0.000,0.000,0.000,0.000,0.005,0,0,0,-31,0,0,0,-2,0,0,0,0,0
1.078,0.370,0.8,0.019,0.000,0.000,0.000,0.001,0.000,0.000,0.000,0.000,0.000,0.000,0.005,0,0,0,-31,0,0,0,-1,0,0,0,0,0
1.095,0.370,0.8,0.019,0.000,0.000,0.000,0.001,0.000,0.000,0.000,0.000,0.000,0.000,0.005,0,0,0,-31,0,0,0,2,0,0,0,0,0
1.111,0.370,0.8,0.019,0.000,0.000,0.000,0.001,0.000,0.000,0.000,0.000,0.000,0.000,0.005,0,0,0,-31,0,0,0,2,0,0,0,0,0
1.132,0.370,0.8,0.019,0.000,0.000,0.000,0.001,0.000,0.000,0.000,0.000,0.000,0.000,0.005,0,0,0,-31,0,0,0,0,0,0,0,0,0
1.149,0.370,0.8,0.019,0.000,0.000,0.000,0.001,0.000,0.000,0.000,0.000,0.000,0.000,0.005,0,0,0,-31,0,0,0,-2,0,0,0,0,0
1.165,0.370,0.8,0.019,0.000,0.000,0.000,0.001,0.000,0.000,0.000,0.000,0.000,0.000,0.005,0,0,0,-31,0,0,0,-1,0,0,0,0,0
1.182,0.370,0.8,0.019,0.000,0.000,0.000,0.001,0.000,0.000,0.000,0.000,0.000,0.000,0.005,0,0,0,-31,0,0,0,1,0,0,0,0,0
1.212,0.370,0.8,0.019,0.000,0.000,0.000,0.001,0.000,0.000,0.000,0.000,0.000,0.000,0.005,0,0,0,-31,0,0,0,1,0,0,0,0,0
1.228,0.370,0.8,0.019,0.000,0.000,0.000,0.001,0.000,0.000,0.000,0.000,0.000,0.000,0.005,0,0,0,-31,0,0,0,-1,0,0,0,0,0
1.245,0.370,0.8,0.019,0.000,0.000,0.000,0.001,0.000,0.000,0.000,0.000,0.000,0.000,0.005,0,0,0,-31,0,0,0,-2,0,0,0,0,0
1.262,0.370,0.8,0.019,0.000,0.000,0.000,0.001,0.000,0.000,0.000,0.000,0.000,0.000,0.005,0,0,0,-31,0,0,0,-1,0,0,0,0,0
1.287,0.370,0.8,0.019,0.000,0.000,0.000,0.001,0.000,0.000,0.000,0.000,0.000,0.000,0.005,0,0,0,-31,0,0,0,2,0,0,0,0,0
1.303,0.370,0.8,0.019,0.000,0.000,0.000,0.001,0.000,0.000,0.000,0.000,0.000,0.000,0.005,0,0,0,-31,0,0,0,1,0,0,0,0,0
1.320,0.370,0.8,0.019,0.000,0.000,0.000,0.001,0.000,0.000,0.000,0.000,0.000,0.000,0.005,0,0,0,-31,0,0,0,-1,0,0,0,0,0
1.337,0.370,0.8,0.019,0.000,0.000,0.000,0.001,0.000,0.000,0.000,0.000,0.000,0.000,0.005,0,0,0,-31,0,0,0,-2,0,0,0,0,0
1.365,0.370,0.8,0.019,0.000,0.000,0.000,0.001,0.000,0.000,0.000,0.000,0.000,0.000,0.005,0,0,0,-31,0,0,0,1,0,0,0,0,0
1.382,0.370,0.8,0.019,0.000,0.000,0.000,0.001,0.000,0.000,0.000,0.000,0.000,0.000,0.005,0,0,0,-31,0,0,0,2,0,0,0,0,0
1.399,0.370,0.8,0.019,0.000,0.000,0.000,0.001,0.000,0.000,0.000,0.000,0.000,0.000,0.005,0,0,0,-31,0,0,0,0,0,0,0,0,0
1.416,0.370,0.8,0.019,0.000,0.000,0.000,0.001,0.000,0.000,0.000,0.000,0.000,0.000,0.005,0,0,0,-31,0,0,0,-2,0,0,0,0,0
1.442,0.370,0.8,0.019,0.000,0.000,0.000,0.001,0.000,0.000,0.000,0.000,0.000,0.000,0.005,0,0,0,-31,0,0,0,-1,0,0,0,0,0
1.459,0.370,0.8,0.019,0.000,0.000,0.000,0.001,0.000,0.000,0.000,0.000,0.000,0.000,0.005,0,0,0,-31,0,0,0,2,0,0,0,0,0
1.475,0.370,0.8,0.019,0.000,0.000,0.000,0.001,0.000,0.000,0.000,0.000,0.000,0.000,0.005,0,0,0,-31,0,0,0,2,0,0,0,0,0
1.492,0.370,0.8,0.019,0.000,0.000,0.000,0.001,0.000,0.000,0.000,0.000,0.000,0.000,0.005,0,0,0,-31,0,0,0,0,0,0,0,0,0
1.515,0.370,0.8,0.019,0.000,0.000,0.000,0.001,0.000,0.000,0.000,0.000,0.000,0.000,0.005,0,0,0,-31,0,0,0,-2,0,0,0,0,0
1.544,0.370,0.8,0.019,0.000,0.000,0.000,0.001,0.000,0.000,0.000,0.000,0.000,0.000,0.005,0,0,0,-31,0,0,0,1,0,0,0,0,0
1.561,0.370,0.8,0.019,0.000,0.000,0.000,0.001,0.000,0.000,0.000,0.000,0.000,0.000,0.005,0,0,0,-31,0,0,0,2,0,0,0,0,0
1.590,0.370,0.8,0.019,0.000,0.000,0.000,0.001,0.000,0.000,0.000,0.000,0.000,0.000,0.005,0,0,0,-31,0,0,0,-1,0,0,0,0,0
1.612,0.370,0.8,0.019,0.000,0.000,0.000,0.001,0.000,0.000,0.000,0.000,0.000,0.000,0.005,0,0,0,-31,0,0,0,-2,0,0,0,0,0
1.629,0.370,0.8,0.019,0.000,0.000,0.000,0.001,0.000,0.000,0.000,0.000,0.000,0.000,0.005,0,0,0,-31,0,0,0,0,0,0,0,0,0
1.645,0.370,0.8,0.019,0.000,0.000,0.000,0.001,0.000,0.000,0.000,0.000,0.000,0.000,0.005,0,0,0,-31,0,0,0,2,0,0,0,0,0
1.661,0.370,0.8,0.019,0.000,0.000,0.000,0.001,0.000,0.000,0.000,0.000,0.000,0.000,0.005,0,0,0,-31,0,0,0,2,0,0,0,0,0
1.683,0.370,0.8,0.019,0.000,0.000,0.000,0.001,0.000,0.000,0.000,0.000,0.000,0.000,0.005,0,0,0,-31,0,0,0,-1,0,0,0,0,0
1.716,0.370,0.8,0.019,0.000,0.000,0.000,0.001,0.000,0.000,0.000,0.000,0.000,0.000,0.005,0,0,0,-31,0,0,0,-1,0,0,0,0,0
1.747,0.370,0.8,0.019,0.000,0.000,0.000,0.001,0.000,0.000,0.000,0.000,0.000,0.000,0.005,0,0,0,-31,0,0,0,2,0,0,0,0,0
1.768,0.370,0.8,0.019,0.000,0.000,0.000,0.001,0.000,0.000,0.000,0.000,0.000,0.000,0.005,0,0,0,-31,0,0,0,0,0,0,0,0,0
1.784,0.370,0.8,0.019,0.000,0.000,0.000,0.001,0.000,0.000,0.000,0.000,0.000,0.000,0.005,0,0,0,-31,0,0,0,-2,0,0,0,0,0
1.801,0.370,0.8,0.019,0.000,0.000,0.000,0.001,0.000,0.000,0.000,0.000,0.000,0.000,0.005,0,0,0,-31,0,0,0,-2,0,0,0,0,0
1.817,0.370,0.8,0.019,0.000,0.000,0.000,0.001,0.000,0.000,0.000,0.000,0.000,0.000,0.005,0,0,0,-31,0,0,0,1,0,0,0,0,0
1.837,0.370,0.8,0.019,0.000,0.000,0.000,0.001,0.000,0.000,0.000,0.000,0.000,0.000,0.005,0,0,0,-31,0,0,0,2,0,0,0,0,0
1.855,0.370,0.8,0.019,0.000,0.000,0.000,0.001,0.000,0.000,0.000,0.000,0.000,0.000,0.005,0,0,0,-31,0,0,0,0,0,0,0,0,0
1.871,0.370,0.8,0.019,0.000,0.000,0.000,0.001,0.000,0.000,0.000,0.000,0.000,0.000,0.005,0,0,0,-31,0,0,0,-2,0,0,0,0,0
1.888,0.370,0.8,0.019,0.000,0.000,0.000,0.001,0.000,0.000,0.000,0.000,0.000,0.000,0.005,0,0,0,-31,0,0,0,-2,0,0,0,0,0
1.909,0.370,0.8,0.019,0.000,0.000,0.000,0.001,0.000,0.000,0.000,0.000,0.000,0.000,0.005,0,0,0,-31,0,0,0,1,0,0,0,0,0
1.925,0.370,0.8,0.019,0.000,0.000,0.000,0.001,0.000,0.000,0.000,0.000,0.000,0.000,0.005,0,0,0,-31,0,0,0,2,0,0,0,0,0
1.941,0.370,0.8,0.019,0.000,0.000,0.000,0.001,0.000,0.000,0.000,0.000,0.000,0.000,0.005,0,0,0,-31,0,0,0,1,0,0,0,0,0
1.958,0.370,0.8,0.019,0.000,0.000,0.000,0.001,0.000,0.000,0.000,0.000,0.000,0.000,0.005,0,0,0,-31,0,0,0,-1,0,0,0,0,0
1.975,0.370,0.8,0.019,0.000,0.000,0.000,0.001,0.000,0.000,0.000,0.000,0.000,0.000,0.005,0,0,0,-31,0,0,0,-2,0,0,0,0,0
1.996,0.370,0.8,0.019,0.000,0.000,0.000,0.001,0.000,0.000,0.000,0.000,0.000,0.000,0.005,0,0,0,-31,0,0,0,1,0,0,0,0,0
2.014,0.370,0.8,0.019,0.000,0.000,0.000,0.001,0.000,0.000,0.000,0.000,0.000,0.000,0.005,0,0,0,-31,0,0,0,2,0,0,0,0,0
2.030,0.370,0.8,0.019,0.000,0.000,0.000,0.001,0.000,0.000,0.000,0.000,0.000,0.000,0.005,0,0,0,-31,0,0,0,1,0,0,0,0,0
2.046,0.370,0.8,0.019,0.000,0.000,0.000,0.001,0.000,0.000,0.000,0.000,0.000,0.000,0.005,0,0,0,-31,0,0,0,-1,0,0,0,0,0
2.067,0.370,0.8,0.019,0.000,0.000,0.000,0.001,0.000,0.000,0.000,0.000,0.000,0.000,0.005,0,0,0,-31,0,0,0,-2,0,0,0,0,0
2.090,0.370,0.8,0.019,0.000,0.000,0.000,0.001,0.000,0.000,0.000,0.000,0.000,0.000,0.005,0,0,0,-31,0,0,0,1,0,0,0,0,0
2.122,0.370,0.8,0.019,0.000,0.000,0.000,0.001,0.000,0.000,0.000,0.000,0.000,0.000,0.005,0,0,0,-31,0,0,0,1,0,0,0,0,0
2.143,0.370,0.8,0.019,0.000,0.000,0.000,0.001,0.000,0.000,0.000,0.000,0.000,0.000,0.005,0,0,0,-31,0,0,0,-2,0,0,0,0,0
2.168,0.370,0.8,0.019,0.000,0.000,0.000,0.001,0.000,0.000,0.000,0.000,0.000,0.000,0.005,0,0,0,-31,0,0,0,-1,0,0,0,0,0
2.185,0.370,0.8,0.019,0.000,0.000,0.000,0.001,0.000,0.000,0.000,0.000,0.000,0.000,0.005,0,0,0,-31,0,0,0,1,0,0,0,0,0
2.215,0.370,0.8,0.019,0.000,0.000,0.000,0.001,0.000,0.000,0.000,0.000,0.000,0.000,0.005,0,0,0,-31,0,0,0,1,0,0,0,0,0
2.237,0.370,0.8,0.019,0.000,0.000,0.000,0.001,0.000,0.000,0.000,0.000,0.000,0.000,0.005,0,0,0,-31,0,0,0,-2,0,0,0,0,0
2.254,0.370,0.8,0.019,0.000,0.000,0.000,0.001,0.000,0.000,0.000,0.000,0.000,0.000,0.005,0,0,0,-31,0,0,0,-2,0,0,0,0,0
2.271,0.370,0.8,0.019,0.000,0.000,0.000,0.001,0.000,0.000,0.000,0.000,0.000,0.000,0.005,0,0,0,-31,0,0,0,1,0,0,0,0,0
2.287,0.370,0.8,0.019,0.000,0.000,0.000,0.001,0.000,0.000,0.000,0.000,0.000,0.000,0.005,0,0,0,-31,0,0,0,2,0,0,0,0,0
2.307,0.370,0.8,0.019,0.000,0.000,0.000,0.001,0.000,0.000,0.000,0.000,0.000,0.000,0.005,0,0,0,-31,0,0,0,1,0,0,0,0,0
2.325,0.370,0.8,0.019,0.000,0.000,0.000,0.001,0.000,0.000,0.000,0.000,0.000,0.000,0.005,0,0,0,-31,0,0,0,-2,0,0,0,0,0
2.341,0.370,0.8,0.019,0.000,0.000,0.000,0.001,0.000,0.000,0.000,0.000,0.000,0.000,0.005,0,0,0,-31,0,0,0,-2,0,0,0,0,0
2.358,0.370,0.8,0.019,0.000,0.000,0.000,0.001,0.000,0.000,0.000,0.000,0.000,0.000,0.005,0,0,0,-31,0,0,0,0,0,0,0,0,0
2.378,0.370,0.8,0.019,0.000,0.000,0.000,0.001,0.000,0.000,0.000,0.000,0.000,0.000,0.005,0,0,0,-31,0,0,0,2,0,0,0,0,0
2.396,0.370,0.8,0.019,0.000,0.000,0.000,0.001,0.000,0.000,0.000,0.000,0.000,0.000,0.005,0,0,0,-31,0,0,0,1,0,0,0,0,0
2.412,0.370,0.8,0.019,0.000,0.000,0.000,0.001,0.000,0.000,0.000,0.000,0.000,0.000,0.005,0,0,0,-31,0,0,0,-1,0,0,0,0,0
2.429,0.370,0.8,0.019,0.000,0.000,0.000,0.001,0.000,0.000,0.000,0.000,0.000,0.000,0.005,0,0,0,-31,0,0,0,-2,0,0,0,0,0
2.449,0.370,0.8,0.019,0.000,0.000,0.000,0.001,0.000,0.000,0.000,0.000,0.000,0.000,0.005,0,0,0,-31,0,0,0,0,0,0,0,0,0
2.466,0.370,0.8,0.019,0.000,0.000,0.000,0.001,0.000,0.000,0.000,0.000,0.000,0.000,0.005,0,0,0,-31,0,0,0,2,0,0,0,0,0
2.497,0.370,0.8,0.019,0.000,0.000,0.000,0.001,0.000,0.000,0.000,0.000,0.000,0.000,0.005,0,0,0,-31,0,0,0,-1,0,0,0,0,0
2.514,0.370,0.8,0.019,0.000,0.000,0.000,0.001,0.000,0.000,0.000,0.000,0.000,0.000,0.005,0,0,0,-31,0,0,0,-2,0,0,0,0,0
2.534,0.370,0.8,0.019,0.000,0.000,0.000,0.001,0.000,0.000,0.000,0.000,0.000,0.000,0.005,0,0,0,-31,0,0,0,-1,0,0,0,0,0
2.552,0.370,0.8,0.019,0.000,0.000,0.000,0.001,0.000,0.000,0.000,0.000,0.000,0.000,0.005,0,0,0,-31,0,0,0,2,0,0,0,0,0
2.569,0.370,0.8,0.019,0.000,0.000,0.000,0.001,0.000,0.000,0.000,0.000,0.000,0.000,0.005,0,0,0,-31,0,0,0,2,0,0,0,0,0
2.590,0.370,0.8,0.019,0.000,0.000,0.000,0.001,0.000,0.000,0.000,0.000,0.000,0.000,0.005,0,0,0,-31,0,0,0,-1,0,0,0,0,0
2.611,0.370,0.8,0.019,0.000,0.000,0.000,0.001,0.000,0.000,0.000,0.000,0.000,0.000,0.005,0,0,0,-31,0,0,0,-2,0,0,0,0,0
2.628,0.370,0.8,0.019,0.000,0.000,0.000,0.001,0.000,0.000,0.000,0.000,0.000,0.000,0.005,0,0,0,-31,0,0,0,0,0,0,0,0,0
2.646,0.370,0.8,0.019,0.000,0.000,0.000,0.001,0.000,0.000,0.000,0.000,0.000,0.000,0.005,0,0,0,-31,0,0,0,2,0,0,0,0,0
2.662,0.370,0.8,0.019,0.000,0.000,0.000,0.001,0.000,0.000,0.000,0.000,0.000,0.000,0.005,0,0,0,-31,0,0,0,2,0,0,0,0,0
2.683,0.370,0.8,0.019,0.000,0.000,0.000,0.001,0.000,0.000,0.000,0.000,0.000,0.000,0.005,0,0,0,-31,0,0,0,-1,0,0,0,0,0
2.715,0.370,0.8,0.019,0.000,0.000,0.000,0.001,0.000,0.000,0.000,0.000,0.000,0.000,0.005,0,0,0,-31,0,0,0,-1,0,0,0,0,0
2.747,0.370,0.8,0.019,0.000,0.000,0.000,0.001,0.000,0.000,0.000,0.000,0.000,0.000,0.005,0,0,0,-31,0,0,0,2,0,0,0,0,0
2.768,0.370,0.8,0.019,0.000,0.000,0.000,0.001,0.000,0.000,0.000,0.000,0.000,0.000,0.005,0,0,0,-31,0,0,0,0,0,0,0,0,0
2.794,0.370,0.8,0.019,0.000,0.000,0.000,0.001,0.000,0.000,0.000,0.000,0.000,0.000,0.005,0,0,0,-31,0,0,0,-2,0,0,0,0,0
2.810,0.370,0.8,0.019,0.000,0.000,0.000,0.001,0.000,0.000,0.000,0.000,0.000,0.000,0.005,0,0,0,-31,0,0,0,0,0,0,0,0,0
2.840,0.370,0.8,0.019,0.000,0.000,0.000,0.001,0.000,0.000,0.000,0.000,0.000,0.000,0.005,0,0,0,-31,0,0,0,2,0,0,0,0,0
2.862,0.370,0.8,0.019,0.000,0.000,0.000,0.001,0.000,0.000,0.000,0.000,0.000,0.000,0.005,0,0,0,-31,0,0,0,-1,0,0,0,0,0
2.880,0.370,0.8,0.019,0.000,0.000,0.000,0.001,0.000,0.000,0.000,0.000,0.000,0.000,0.005,0,0,0,-31,0,0,0,-2,0,0,0,0,0
2.897,0.370,0.8,0.019,0.000,0.000,0.000,0.001,0.000,0.000,0.000,0.000,0.000,0.000,0.005,0,0,0,-31,0,0,0,-1,0,0,0,0,0
2.919,0.370,0.8,0.019,0.000,0.000,0.000,0.001,0.000,0.000,0.000,0.000,0.000,0.000,0.005,0,0,0,-31,0,0,0,2,0,0,0,0,0
2.942,0.370,0.8,0.019,0.000,0.000,0.000,0.001,0.000,0.000,0.000,0.000,0.000,0.000,0.005,0,0,0,-31,0,0,0,1,0,0,0,0,0
2.965,0.370,0.8,0.019,0.000,0.000,0.000,0.001,0.000,0.000,0.000,0.000,0.000,0.000,0.005,0,0,0,-31,0,0,0,-2,0,0,0,0,0
2.981,0.370,0.8,0.019,0.000,0.000,0.000,0.001,0.000,0.000,0.000,0.000,0.000,0.000,0.005,0,0,0,-31,0,0,0,-2,0,0,0,0,0
2.998,0.370,0.8,0.019,0.000,0.000,0.000,0.001,0.000,0.000,0.000,0.000,0.000,0.000,0.005,0,0,0,-31,0,0,0,1,0,0,0,0,0
3.022,0.370,0.8,0.019,0.000,0.000,0.000,0.001,0.000,0.000,0.000,0.000,0.000,0.000,0.005,0,0,0,-31,0,0,0,2,0,0,0,0,0
3.039,0.370,0.8,0.019,0.000,0.000,0.000,0.001,0.000,0.000,0.000,0.000,0.000,0.000,0.005,0,0,0,-31,0,0,0,0,0,0,0,0,0
3.056,0.370,0.8,0.019,0.000,0.000,0.000,0.001,0.000,0.000,0.000,0.000,0.000,0.000,0.005,0,0,0,-31,0,0,0,-2,0,0,0,0,0
3.073,0.370,0.8,0.019,0.000,0.000,0.000,0.001,0.000,0.000,0.000,0.000,0.000,0.000,0.005,0,0,0,-31,0,0,0,-2,0,0,0,0,0
3.097,0.370,0.8,0.019,0.000,0.000,0.000,0.001,0.000,0.000,0.000,0.000,0.000,0.000,0.005,0,0,0,-31,0,0,0,2,0,0,0,0,0
3.122,0.370,0.8,0.019,0.000,0.000,0.000,0.001,0.000,0.000,0.000,0.000,0.000,0.000,0.005,0,0,0,-31,0,0,0,1,0,0,0,0,0
3.138,0.370,0.8,0.019,0.000,0.000,0.000,0.001,0.000,0.000,0.000,0.000,0.000,0.000,0.005,0,0,0,-31,0,0,0,-1,0,0,0,0,0
3.169,0.370,0.8,0.019,0.000,0.000,0.000,0.001,0.000,0.000,0.000,0.000,0.000,0.000,0.005,0,0,0,-31,0,0,0,-1,0,0,0,0,0
3.195,0.370,0.8,0.019,0.000,0.000,0.000,0.001,0.000,0.000,0.000,0.000,0.000,0.000,0.005,0,0,0,-31,0,0,0,2,0,0,0,0,0
3.212,0.370,0.8,0.019,0.000,0.000,0.000,0.001,0.000,0.000,0.000,0.000,0.000,0.000,0.005,0,0,0,-31,0,0,0,1,0,0,0,0,0
3.229,0.370,0.8,0.019,0.000,0.000,0.000,0.001,0.000,0.000,0.000,0.000,0.000,0.000,0.005,0,0,0,-31,0,0,0,-1,0,0,0,0,0
3.247,0.370,0.8,0.019,0.000,0.000,0.000,0.001,0.000,0.000,0.000,0.000,0.000,0.000,0.005,0,0,0,-31,0,0,0,-2,0,0,0,0,0
3.269,0.370,0.8,0.019,0.000,0.000,0.000,0.001,0.000,0.000,0.000,0.000,0.000,0.000,0.005,0,0,0,-31,0,0,0,1,0,0,0,0,0
3.293,0.370,0.8,0.019,0.000,0.000,0.000,0.001,0.000,0.000,0.000,0.000,0.000,0.000,0.005,0,0,0,-31,0,0,0,2,0,0,0,0,0
3.311,0.370,0.8,0.019,0.000,0.000,0.000,0.001,0.000,0.000,0.000,0.000,0.000,0.000,0.005,0,0,0,-31,0,0,0,0,0,0,0,0,0
3.340,0.370,0.8,0.019,0.000,0.000,0.000,0.001,0.000,0.000,0.000,0.000,0.000,0.000,0.005,0,0,0,-31,0,0,0,-2,0,0,0,0,0
3.362,0.370,0.8,0.019,0.000,0.000,0.000,0.001,0.000,0.000,0.000,0.000,0.000,0.000,0.005,0,0,0,-31,0,0,0,1,0,0,0,0,0
3.379,0.370,0.8,0.019,0.000,0.000,0.000,0.001,0.000,0.000,0.000,0.000,0.000,0.000,0.005,0,0,0,-31,0,0,0,2,0,0,0,0,0
3.397,0.370,0.8,0.019,0.000,0.000,0.000,0.001,0.000,0.000,0.000,0.000,0.000,0.000,0.005,0,0,0,-31,0,0,0,1,0,0,0,0,0
3.419,0.370,0.8,0.019,0.000,0.000,0.000,0.001,0.000,0.000,0.000,0.000,0.000,0.000,0.005,0,0,0,-31,0,0,0,-2,0,0,0,0,0
3.441,0.370,0.8,0.019,0.000,0.000,0.000,0.001,0.000,0.000,0.000,0.000,0.000,0.000,0.005,0,0,0,-31,0,0,0,-1,0,0,0,0,0
3.457,0.370,0.8,0.019,0.000,0.000,0.000,0.001,0.000,0.000,0.000,0.000,0.000,0.000,0.005,0,0,0,-31,0,0,0,1,0,0,0,0,0
3.474,0.370,0.8,0.019,0.000,0.000,0.000,0.001,0.000,0.000,0.000,0.000,0.000,0.000,0.005,0,0,0,-31,0,0,0,2,0,0,0,0,0
3.496,0.370,0.8,0.019,0.000,0.000,0.000,0.001,0.000,0.000,0.000,0.000,0.000,0.000,0.005,0,0,0,-31,0,0,0,0,0,0,0,0,0
3.519,0.370,0.8,0.019,0.000,0.000,0.000,0.001,0.000,0.000,0.000,0.000,0.000,0.000,0.005,0,0,0,-31,0,0,0,-2,0,0,0,0,0
3.544,0.370,0.8,0.019,0.000,0.000,0.000,0.001,0.000,0.000,0.000,0.000,0.000,0.000,0.005,0,0,0,-31,0,0,0,1,0,0,0,0,0
3.560,0.370,0.8,0.019,0.000,0.000,0.000,0.001,0.000,0.000,0.000,0.000,0.000,0.000,0.005,0,0,0,-31,0,0,0,2,0,0,0,0,0
3.577,0.370,0.8,0.019,0.000,0.000,0.000,0.001,0.000,0.000,0.000,0.000,0.000,0.000,0.005,0,0,0,-31,0,0,0,1,0,0,0,0,0
3.599,0.370,0.8,0.019,0.000,0.000,0.000,0.001,0.000,0.000,0.000,0.000,0.000,0.000,0.005,0,0,0,-31,0,0,0,-2,0,0,0,0,0
3.621,0.370,0.8,0.019,0.000,0.000,0.000,0.001,0.000,0.000,0.000,0.000,0.000,0.000,0.005,0,0,0,-31,0,0,0,-1,0,0,0,0,0
3.639,0.370,0.8,0.019,0.000,0.000,0.000,0.001,0.000,0.000,0.000,0.000,0.000,0.000,0.005,0,0,0,-31,0,0,0,1,0,0,0,0,0
3.668,0.370,0.8,0.019,0.000,0.000,0.000,0.001,0.000,0.000,0.000,0.000,0.000,0.000,0.005,0,0,0,-31,0,0,0,1,0,0,0,0,0
3.688,0.370,0.8,0.019,0.000,0.000,0.000,0.001,0.000,0.000,0.000,0.000,0.000,0.000,0.005,0,0,0,-31,0,0,0,-2,0,0,0,0,0
3.715,0.370,0.8,0.019,0.000,0.000,0.000,0.001,0.000,0.000,0.000,0.000,0.000,0.000,0.005,0,0,0,-31,0,0,0,-1,0,0,0,0,0
3.746,0.370,0.8,0.019,0.000,0.000,0.000,0.001,0.000,0.000,0.000,0.000,0.000,0.000,0.005,0,0,0,-31,0,0,0,2,0,0,0,0,0
3.766,0.370,0.8,0.019,0.000,0.000,0.000,0.001,0.000,0.000,0.000,0.000,0.000,0.000,0.005,0,0,0,-31,0,0,0,0,0,0,0,0,0
3.794,0.370,0.8,0.019,0.000,0.000,0.000,0.001,0.000,0.000,0.000,0.000,0.000,0.000,0.005,0,0,0,-31,0,0,0,-2,0,0,0,0,0
3.812,0.370,0.8,0.019,0.000,0.000,0.000,0.001,0.000,0.000,0.000,0.000,0.000,0.000,0.005,0,0,0,-31,0,0,0,0,0,0,0,0,0
3.828,0.370,0.8,0.019,0.000,0.000,0.000,0.001,0.000,0.000,0.000,0.000,0.000,0.000,0.005,0,0,0,-31,0,0,0,2,0,0,0,0,0
3.851,0.370,0.8,0.019,0.000,0.000,0.000,0.001,0.000,0.000,0.000,0.000,0.000,0.000,0.005,0,0,0,-31,0,0,0,1,0,0,0,0,0
3.872,0.370,0.8,0.019,0.000,0.000,0.000,0.001,0.000,0.000,0.000,0.000,0.000,0.000,0.005,0,0,0,-31,0,0,0,-2,0,0,0,0,0
3.889,0.370,0.8,0.019,0.000,0.000,0.000,0.001,0.000,0.000,0.000,0.000,0.000,0.000,0.005,0,0,0,-31,0,0,0,-2,0,0,0,0,0
3.919,0.370,0.8,0.019,0.000,0.000,0.000,0.001,0.000,0.000,0.000,0.000,0.000,0.000,0.005,0,0,0,-31,0,0,0,2,0,0,0,0,0
3.940,0.370,0.8,0.019,0.000,0.000,0.000,0.001,0.000,0.000,0.000,0.000,0.000,0.000,0.005,0,0,0,-31,0,0,0,1,0,0,0,0,0
3.965,0.370,0.8,0.019,0.000,0.000,0.000,0.001,0.000,0.000,0.000,0.000,0.000,0.000,0.005,0,0,0,-31,0,0,0,-2,0,0,0,0,0
3.981,0.370,0.8,0.019,0.000,0.000,0.000,0.001,0.000,0.000,0.000,0.000,0.000,0.000,0.005,0,0,0,-31,0,0,0,-2,0,0,0,0,0
3.998,0.370,0.8,0.019,0.000,0.000,0.000,0.001,0.000,0.000,0.000,0.000,0.000,0.000,0.005,0,0,0,-31,0,0,0,1,0,0,0,0,0
4.019,0.370,0.8,0.019,0.000,0.000,0.000,0.001,0.000,0.000,0.000,0.000,0.000,0.000,0.005,0,0,0,-31,0,0,0,2,0,0,0,0,0
4.036,0.370,0.8,0.019,0.000,0.000,0.000,0.001,0.000,0.000,0.000,0.000,0.000,0.000,0.005,0,0,0,-31,0,0,0,0,0,0,0,0,0
4.053,0.370,0.8,0.019,0.000,0.000,0.000,0.001,0.000,0.000,0.000,0.000,0.000,0.000,0.005,0,0,0,-31,0,0,0,-2,0,0,0,0,0
4.071,0.370,0.8,0.019,0.000,0.000,0.000,0.001,0.000,0.000,0.000,0.000,0.000,0.000,0.005,0,0,0,-31,0,0,0,-2,0,0,0,0,0
4.092,0.370,0.8,0.019,0.000,0.000,0.000,0.001,0.000,0.000,0.000,0.000,0.000,0.000,0.005,0,0,0,-31,0,0,0,1,0,0,0,0,0
4.122,0.370,0.8,0.019,0.000,0.000,0.000,0.001,0.000,0.000,0.000,0.000,0.000,0.000,0.005,0,0,0,-31,0,0,0,1,0,0,0,0,0
4.138,0.370,0.8,0.019,0.000,0.000,0.000,0.001,0.000,0.000,0.000,0.000,0.000,0.000,0.005,0,0,0,-31,0,0,0,-1,0,0,0,0,0
4.169,0.370,0.8,0.019,0.000,0.000,0.000,0.001,0.000,0.000,0.000,0.000,0.000,0.000,0.005,0,0,0,-31,0,0,0,-1,0,0,0,0,0
4.189,0.370,0.8,0.019,0.000,0.000,0.000,0.001,0.000,0.000,0.000,0.000,0.000,0.000,0.005,0,0,0,-31,0,0,0,2,0,0,0,0,0
4.216,0.370,0.8,0.019,0.000,0.000,0.000,0.001,0.000,0.000,0.000,0.000,0.000,0.000,0.005,0,0,0,-31,0,0,0,1,0,0,0,0,0
4.233,0.370,0.8,0.019,0.000,0.000,0.000,0.001,0.000,0.000,0.000,0.000,0.000,0.000,0.005,0,0,0,-31,0,0,0,-2,0,0,0,0,0
4.249,0.370,0.8,0.019,0.000,0.000,0.000,0.001,0.000,0.000,0.000,0.000,0.000,0.000,0.005,0,0,0,-31,0,0,0,-2,0,0,0,0,0
4.269,0.370,0.8,0.019,0.000,0.000,0.000,0.001,0.000,0.000,0.000,0.000,0.000,0.000,0.005,0,0,0,-31,0,0,0,1,0,0,0,0,0
4.294,0.370,0.8,0.019,0.000,0.000,0.000,0.001,0.000,0.000,0.000,0.000,0.000,0.000,0.005,0,0,0,-31,0,0,0,2,0,0,0,0,0
4.311,0.370,0.8,0.019,0.000,0.000,0.000,0.001,0.000,0.000,0.000,0.000,0.000,0.000,0.005,0,0,0,-31,0,0,0,0,0,0,0,0,0
4.340,0.370,0.8,0.019,0.000,0.000,0.000,0.001,0.000,0.000,0.000,0.000,0.000,0.000,0.005,0,0,0,-31,0,0,0,-2,0,0,0,0,0
4.361,0.370,0.8,0.019,0.000,0.000,0.000,0.001,0.000,0.000,0.000,0.000,0.000,0.000,0.005,0,0,0,-31,0,0,0,1,0,0,0,0,0
4.379,0.370,0.8,0.019,0.000,0.000,0.000,0.001,0.000,0.000,0.000,0.000,0.000,0.000,0.005,0,0,0,-31,0,0,0,2,0,0,0,0,0
4.396,0.370,0.8,0.019,0.000,0.000,0.000,0.001,0.000,0.000,0.000,0.000,0.000,0.000,0.005,0,0,0,-31,0,0,0,1,0,0,0,0,0
4.412,0.370,0.8,0.019,0.000,0.000,0.000,0.001,0.000,0.000,0.000,0.000,0.000,0.000,0.005,0,0,0,-31,0,0,0,-1,0,0,0,0,0
4.437,0.370,0.8,0.019,0.000,0.000,0.000,0.001,0.000,0.000,0.000,0.000,0.000,0.000,0.005,0,0,0,-31,0,0,0,-2,0,0,0,0,0
4.465,0.370,0.8,0.019,0.000,0.000,0.000,0.001,0.000,0.000,0.000,0.000,0.000,0.000,0.005,0,0,0,-31,0,0,0,2,0,0,0,0,0
4.496,0.370,0.8,0.019,0.000,0.000,0.000,0.001,0.000,0.000,0.000,0.000,0.000,0.000,0.005,0,0,0,-31,0,0,0,0,0,0,0,0,0
4.517,0.370,0.8,0.019,0.000,0.000,0.000,0.001,0.000,0.000,0.000,0.000,0.000,0.000,0.005,0,0,0,-31,0,0,0,-2,0,0,0,0,0
4.543,0.370,0.8,0.019,0.000,0.000,0.000,0.001,0.000,0.000,0.000,0.000,0.000,0.000,0.005,0,0,0,-31,0,0,0,1,0,0,0,0,0
4.561,0.370,0.8,0.019,0.000,0.000,0.000,0.001,0.000,0.000,0.000,0.000,0.000,0.000,0.005,0,0,0,-31,0,0,0,2,0,0,0,0,0
4.591,0.370,0.8,0.019,0.000,0.000,0.000,0.001,0.000,0.000,0.000,0.000,0.000,0.000,0.005,0,0,0,-31,0,0,0,-1,0,0,0,0,0
4.611,0.370,0.8,0.019,0.000,0.000,0.000,0.001,0.000,0.000,0.000,0.000,0.000,0.000,0.005,0,0,0,-31,0,0,0,-2,0,0,0,0,0
4.628,0.370,0.8,0.019,0.000,0.000,0.000,0.001,0.000,0.000,0.000,0.000,0.000,0.000,0.005,0,0,0,-31,0,0,0,0,0,0,0,0,0
4.645,0.370,0.8,0.019,0.000,0.000,0.000,0.001,0.000,0.000,0.000,0.000,0.000,0.000,0.005,0,0,0,-31,0,0,0,2,0,0,0,0,0
4.668,0.370,0.8,0.019,0.000,0.000,0.000,0.001,0.000,0.000,0.000,0.000,0.000,0.000,0.005,0,0,0,-31,0,0,0,1,0,0,0,0,0
4.689,0.370,0.8,0.019,0.000,0.000,0.000,0.001,0.000,0.000,0.000,0.000,0.000,0.000,0.005,0,0,0,-31,0,0,0,-2,0,0,0,0,0
4.715,0.370,0.8,0.019,0.000,0.000,0.000,0.001,0.000,0.000,0.000,0.000,0.000,0.000,0.005,0,0,0,-31,0,0,0,-1,0,0,0,0,0
4.746,0.370,0.8,0.019,0.000,0.000,0.000,0.001,0.000,0.000,0.000,0.000,0.000,0.000,0.005,0,0,0,-31,0,0,0,2,0,0,0,0,0
4.766,0.370,0.8,0.019,0.000,0.000,0.000,0.001,0.000,0.000,0.000,0.000,0.000,0.000,0.005,0,0,0,-31,0,0,0,0,0,0,0,0,0
4.793,0.370,0.8,0.019,0.000,0.000,0.000,0.001,0.000,0.000,0.000,0.000,0.000,0.000,0.005,0,0,0,-31,0,0,0,-2,0,0,0,0,0
4.811,0.370,0.8,0.019,0.000,0.000,0.000,0.001,0.000,0.000,0.000,0.000,0.000,0.000,0.005,0,0,0,-31,0,0,0,0,0,0,0,0,0
4.841,0.370,0.8,0.019,0.000,0.000,0.000,0.001,0.000,0.000,0.000,0.000,0.000,0.000,0.005,0,0,0,-31,0,0,0,2,0,0,0,0,0
4.863,0.370,0.8,0.019,0.000,0.000,0.000,0.001,0.000,0.000,0.000,0.000,0.000,0.000,0.005,0,0,0,-31,0,0,0,-1,0,0,0,0,0
4.880,0.370,0.8,0.019,0.000,0.000,0.000,0.001,0.000,0.000,0.000,0.000,0.000,0.000,0.005,0,0,0,-31,0,0,0,-2,0,0,0,0,0
4.896,0.370,0.8,0.019,0.000,0.000,0.000,0.001,0.000,0.000,0.000,0.000,0.000,0.000,0.005,0,0,0,-31,0,0,0,-1,0,0,0,0,0
4.919,0.370,0.8,0.019,0.000,0.000,0.000,0.001,0.000,0.000,0.000,0.000,0.000,0.000,0.005,0,0,0,-31,0,0,0,2,0,0,0,0,0
4.940,0.370,0.8,0.019,0.000,0.000,0.000,0.001,0.000,0.000,0.000,0.000,0.000,0.000,0.005,0,0,0,-31,0,0,0,1,0,0,0,0,0
4.957,0.370,0.8,0.019,0.000,0.000,0.000,0.001,0.000,0.000,0.000,0.000,0.000,0.000,0.005,0,0,0,-31,0,0,0,-1,0,0,0,0,0
4.974,0.370,0.8,0.019,0.000,0.000,0.000,0.001,0.000,0.000,0.000,0.000,0.000,0.000,0.005,0,0,0,-31,0,0,0,-2,0,0,0,0,0
4.997,0.370,0.8,0.019,0.000,0.000,0.000,0.001,0.000,0.000,0.000,0.000,0.000,0.000,0.005,0,0,0,-31,0,0,0,1,0,0,0,0,0
5.018,0.370,0.8,0.019,0.000,0.000,0.000,0.001,0.000,0.000,0.000,0.000,0.000,0.000,0.005,0,0,0,-31,0,0,0,2,0,0,0,0,0
5.043,0.370,0.8,0.019,0.000,0.000,0.000,0.001,0.000,0.000,0.000,0.000,0.000,0.000,0.005,0,0,0,-31,0,0,0,-1,0,0,0,0,0
5.059,0.370,0.8,0.019,0.000,0.000,0.000,0.001,0.000,0.000,0.000,0.000,0.000,0.000,0.005,0,0,0,-31,0,0,0,-2,0,0,0,0,0
5.090,0.370,0.8,0.019,0.000,0.000,0.000,0.001,0.000,0.000,0.000,0.000,0.000,0.000,0.005,0,0,0,-31,0,0,0,1,0,0,0,0,0
5.112,0.370,0.8,0.019,0.000,0.000,0.000,0.001,0.000,0.000,0.000,0.000,0.000,0.000,0.005,0,0,0,-31,0,0,0,2,0,0,0,0,0
5.128,0.370,0.8,0.019,0.000,0.000,0.000,0.001,0.000,0.000,0.000,0.000,0.000,0.000,0.005,0,0,0,-31,0,0,0,0,0,0,0,0,0
5.145,0.370,0.8,0.019,0.000,0.000,0.000,0.001,0.000,0.000,0.000,0.000,0.000,0.000,0.005,0,0,0,-31,0,0,0,-2,0,0,0,0,0
5.168,0.370,0.8,0.019,0.000,0.000,0.000,0.001,0.000,0.000,0.000,0.000,0.000,0.000,0.005,0,0,0,-31,0,0,0,-1,0,0,0,0,0
5.189,0.370,0.8,0.019,0.000,0.000,0.000,0.001,0.000,0.000,0.000,0.000,0.000,0.000,0.005,0,0,0,-31,0,0,0,2,0,0,0,0,0
5.206,0.370,0.8,0.019,0.000,0.000,0.000,0.001,0.000,0.000,0.000,0.000,0.000,0.000,0.005,0,0,0,-31,0,0,0,2,0,0,0,0,0
5.224,0.370,0.8,0.019,0.000,0.000,0.000,0.001,0.000,0.000,0.000,0.000,0.000,0.000,0.005,0,0,0,-31,0,0,0,-1,0,0,0,0,0
5.241,0.370,0.8,0.019,0.000,0.000,0.000,0.001,0.000,0.000,0.000,0.000,0.000,0.000,0.005,0,0,0,-31,0,0,0,-2,0,0,0,0,0
5.262,0.370,0.8,0.019,0.000,0.000,0.000,0.001,0.000,0.000,0.000,0.000,0.000,0.000,0.005,0,0,0,-31,0,0,0,-1,0,0,0,0,0
5.293,0.370,0.8,0.019,0.000,0.000,0.000,0.001,0.000,0.000,0.000,0.000,0.000,0.000,0.005,0,0,0,-31,0,0,0,2,0,0,0,0,0
5.310,0.370,0.8,0.019,0.000,0.000,0.000,0.001,0.000,0.000,0.000,0.000,0.000,0.000,0.005,0,0,0,-31,0,0,0,0,0,0,0,0,0
5.341,0.370,0.8,0.019,0.000,0.000,0.000,0.001,0.000,0.000,0.000,0.000,0.000,0.000,0.005,0,0,0,-31,0,0,0,-2,0,0,0,0,0
5.361,0.370,0.8,0.019,0.000,0.000,0.000,0.001,0.000,0.000,0.000,0.000,0.000,0.000,0.005,0,0,0,-31,0,0,0,1,0,0,0,0,0
5.379,0.370,0.8,0.019,0.000,0.000,0.000,0.001,0.000,0.000,0.000,0.000,0.000,0.000,0.005,0,0,0,-31,0,0,0,2,0,0,0,0,0
5.395,0.370,0.8,0.019,0.000,0.000,0.000,0.001,0.000,0.000,0.000,0.000,0.000,0.000,0.005,0,0,0,-31,0,0,0,1,0,0,0,0,0
5.412,0.370,0.8,0.019,0.000,0.000,0.000,0.001,0.000,0.000,0.000,0.000,0.000,0.000,0.005,0,0,0,-31,0,0,0,-1,0,0,0,0,0
5.433,0.370,0.8,0.019,0.000,0.000,0.000,0.001,0.000,0.000,0.000,0.000,0.000,0.000,0.005,0,0,0,-31,0,0,0,-2,0,0,0,0,0
5.465,0.370,0.8,0.019,0.000,0.000,0.000,0.001,0.000,0.000,0.000,0.000,0.000,0.000,0.005,0,0,0,-31,0,0,0,2,0,0,0,0,0
5.481,0.370,0.8,0.019,0.000,0.000,0.000,0.001,0.000,0.000,0.000,0.000,0.000,0.000,0.005,0,0,0,-31,0,0,0,2,0,0,0,0,0
5.498,0.370,0.8,0.019,0.000,0.000,0.000,0.001,0.000,0.000,0.000,0.000,0.000,0.000,0.005,0,0,0,-31,0,0,0,-1,0,0,0,0,0
5.519,0.370,0.8,0.019,0.000,0.000,0.000,0.001,0.000,0.000,0.000,0.000,0.000,0.000,0.005,0,0,0,-31,0,0,0,-2,0,0,0,0,0
5.543,0.370,0.8,0.019,0.000,0.000,0.000,0.001,0.000,0.000,0.000,0.000,0.000,0.000,0.005,0,0,0,-31,0,0,0,1,0,0,0,0,0
5.560,0.370,0.8,0.019,0.000,0.000,0.000,0.001,0.000,0.000,0.000,0.000,0.000,0.000,0.005,0,0,0,-31,0,0,0,2,0,0,0,0,0
5.590,0.370,0.8,0.019,0.000,0.000,0.000,0.001,0.000,0.000,0.000,0.000,0.000,0.000,0.005,0,0,0,-31,0,0,0,-1,0,0,0,0,0
5.612,0.370,0.8,0.019,0.000,0.000,0.000,0.001,0.000,0.000,0.000,0.000,0.000,0.000,0.005,0,0,0,-31,0,0,0,-2,0,0,0,0,0
5.630,0.370,0.8,0.019,0.000,0.000,0.000,0.001,0.000,0.000,0.000,0.000,0.000,0.000,0.005,0,0,0,-31,0,0,0,0,0,0,0,0,0
5.646,0.370,0.8,0.019,0.000,0.000,0.000,0.001,0.000,0.000,0.000,0.000,0.000,0.000,0.005,0,0,0,-31,0,0,0,2,0,0,0,0,0
5.668,0.370,0.8,0.019,0.000,0.000,0.000,0.001,0.000,0.000,0.000,0.000,0.000,0.000,0.005,0,0,0,-31,0,0,0,1,0,0,0,0,0
5.689,0.370,0.8,0.019,0.000,0.000,0.000,0.001,0.000,0.000,0.000,0.000,0.000,0.000,0.005,0,0,0,-31,0,0,0,-2,0,0,0,0,0
5.715,0.370,0.8,0.019,0.000,0.000,0.000,0.001,0.000,0.000,0.000,0.000,0.000,0.000,0.005,0,0,0,-31,0,0,0,-1,0,0,0,0,0
5.732,0.370,0.8,0.019,0.000,0.000,0.000,0.001,0.000,0.000,0.000,0.000,0.000,0.000,0.005,0,0,0,-31,0,0,0,2,0,0,0,0,0
5.748,0.370,0.8,0.019,0.000,0.000,0.000,0.001,0.000,0.000,0.000,0.000,0.000,0.000,0.005,0,0,0,-31,0,0,0,2,0,0,0,0,0
5.770,0.370,0.8,0.019,0.000,0.000,0.000,0.001,0.000,0.000,0.000,0.000,0.000,0.000,0.005,0,0,0,-31,0,0,0,-1,0,0,0,0,0
5.793,0.370,0.8,0.019,0.000,0.000,0.000,0.001,0.000,0.000,0.000,0.000,0.000,0.000,0.005,0,0,0,-31,0,0,0,-2,0,0,0,0,0
5.810,0.370,0.8,0.019,0.000,0.000,0.000,0.001,0.000,0.000,0.000,0.000,0.000,0.000,0.005,0,0,0,-31,0,0,0,0,0,0,0,0,0
5.840,0.370,0.8,0.019,0.000,0.000,0.000,0.001,0.000,0.000,0.000,0.000,0.000,0.000,0.005,0,0,0,-31,0,0,0,2,0,0,0,0,0
5.861,0.370,0.8,0.019,0.000,0.000,0.000,0.001,0.000,0.000,0.000,0.000,0.000,0.000,0.005,0,0,0,-31,0,0,0,-1,0,0,0,0,0
5.879,0.370,0.8,0.019,0.000,0.000,0.000,0.001,0.000,0.000,0.000,0.000,0.000,0.000,0.005,0,0,0,-31,0,0,0,-2,0,0,0,0,0
5.895,0.370,0.8,0.019,0.000,0.000,0.000,0.001,0.000,0.000,0.000,0.000,0.000,0.000,0.005,0,0,0,-31,0,0,0,-1,0,0,0,0,0
5.919,0.370,0.8,0.019,0.000,0.000,0.000,0.001,0.000,0.000,0.000,0.000,0.000,0.000,0.005,0,0,0,-31,0,0,0,2,0,0,0,0,0
5.940,0.370,0.8,0.019,0.000,0.000,0.000,0.001,0.000,0.000,0.000,0.000,0.000,0.000,0.005,0,0,0,-31,0,0,0,1,0,0,0,0,0
5.965,0.370,0.8,0.019,0.000,0.000,0.000,0.001,0.000,0.000,0.000,0.000,0.000,0.000,0.005,0,0,0,-31,0,0,0,-2,0,0,0,0,0
5.983,0.370,0.8,0.019,0.000,0.000,0.000,0.001,0.000,0.000,0.000,0.000,0.000,0.000,0.005,0,0,0,-31,0,0,0,-1,0,0,0,0,0
6.000,0.370,0.8,0.019,0.000,0.000,0.000,0.001,0.000,0.000,0.000,0.000,0.000,0.000,0.005,0,0,0,-31,0,0,0,1,0,0,0,0,0
6.021,0.370,0.8,0.019,0.000,0.000,0.000,0.001,0.000,0.000,0.000,0.000,0.000,0.000,0.005,0,0,0,-31,0,0,0,2,0,0,0,0,0
6.043,0.370,0.8,0.019,0.000,0.000,0.000,0.001,0.000,0.000,0.000,0.000,0.000,0.000,0.005,0,0,0,-31,0,0,0,-1,0,0,0,0,0
6.061,0.370,0.8,0.019,0.000,0.000,0.000,0.001,0.000,0.000,0.000,0.000,0.000,0.000,0.005,0,0,0,-31,0,0,0,-2,0,0,0,0,0
6.090,0.370,0.8,0.019,0.000,0.000,0.000,0.001,0.000,0.000,0.000,0.000,0.000,0.000,0.005,0,0,0,-31,0,0,0,1,0,0,0,0,0
6.111,0.370,0.8,0.019,0.000,0.000,0.000,0.001,0.000,0.000,0.000,0.000,0.000,0.000,0.005,0,0,0,-31,0,0,0,2,0,0,0,0,0
6.128,0.370,0.8,0.019,0.000,0.000,0.000,0.001,0.000,0.000,0.000,0.000,0.000,0.000,0.005,0,0,0,-31,0,0,0,0,0,0,0,0,0
6.146,0.370,0.8,0.019,0.000,0.000,0.000,0.001,0.000,0.000,0.000,0.000,0.000,0.000,0.005,0,0,0,-31,0,0,0,-2,0,0,0,0,0
6.169,0.370,0.8,0.019,0.000,0.000,0.000,0.001,0.000,0.000,0.000,0.000,0.000,0.000,0.005,0,0,0,-31,0,0,0,-1,0,0,0,0,0
6.190,0.370,0.8,0.019,0.000,0.000,0.000,0.001,0.000,0.000,0.000,0.000,0.000,0.000,0.005,0,0,0,-31,0,0,0,2,0,0,0,0,0
6.215,0.370,0.8,0.019,0.000,0.000,0.000,0.001,0.000,0.000,0.000,0.000,0.000,0.000,0.005,0,0,0,-31,0,0,0,1,0,0,0,0,0
6.246,0.370,0.8,0.019,0.000,0.000,0.000,0.001,0.000,0.000,0.000,0.000,0.000,0.000,0.005,0,0,0,-31,0,0,0,-2,0,0,0,0,0
6.267,0.370,0.8,0.019,0.000,0.000,0.000,0.001,0.000,0.000,0.000,0.000,0.000,0.000,0.005,0,0,0,-31,0,0,0,0,0,0,0,0,0
6.293,0.370,0.8,0.019,0.000,0.000,0.000,0.001,0.000,0.000,0.000,0.000,0.000,0.000,0.005,0,0,0,-31,0,0,0,2,0,0,0,0,0
6.311,0.370,0.8,0.019,0.000,0.000,0.000,0.001,0.000,0.000,0.000,0.000,0.000,0.000,0.005,0,0,0,-31,0,0,0,0,0,0,0,0,0
6.327,0.370,0.8,0.019,0.000,0.000,0.000,0.001,0.000,0.000,0.000,0.000,0.000,0.000,0.005,0,0,0,-31,0,0,0,-2,0,0,0,0,0
6.348,0.370,0.8,0.019,0.000,0.000,0.000,0.001,0.000,0.000,0.000,0.000,0.000,0.000,0.005,0,0,0,-31,0,0,0,-1,0,0,0,0,0
6.365,0.370,0.8,0.019,0.000,0.000,0.000,0.001,0.000,0.000,0.000,0.000,0.000,0.000,0.005,0,0,0,-31,0,0,0,1,0,0,0,0,0
6.382,0.370,0.8,0.019,0.000,0.000,0.000,0.001,0.000,0.000,0.000,0.000,0.000,0.000,0.005,0,0,0,-31,0,0,0,2,0,0,0,0,0
6.400,0.370,0.8,0.019,0.000,0.000,0.000,0.001,0.000,0.000,0.000,0.000,0.000,0.000,0.005,0,0,0,-31,0,0,0,0,0,0,0,0,0
6.421,0.370,0.8,0.019,0.000,0.000,0.000,0.001,0.000,0.000,0.000,0.000,0.000,0.000,0.005,0,0,0,-31,0,0,0,-2,0,0,0,0,0
6.438,0.370,0.8,0.019,0.000,0.000,0.000,0.001,0.000,0.000,0.000,0.000,0.000,0.000,0.005,0,0,0,-31,0,0,0,-1,0,0,0,0,0
6.465,0.370,0.8,0.019,0.000,0.000,0.000,0.001,0.000,0.000,0.000,0.000,0.000,0.000,0.005,0,0,0,-31,0,0,0,2,0,0,0,0,0
6.496,0.370,0.8,0.019,0.000,0.000,0.000,0.001,0.000,0.000,0.000,0.000,0.000,0.000,0.005,0,0,0,-31,0,0,0,0,0,0,0,0,0
6.516,0.370,0.8,0.019,0.000,0.000,0.000,0.001,0.000,0.000,0.000,0.000,0.000,0.000,0.005,0,0,0,-31,0,0,0,-2,0,0,0,0,0
6.543,0.370,0.8,0.019,0.000,0.000,0.000,0.001,0.000,0.000,0.000,0.000,0.000,0.000,0.005,0,0,0,-31,0,0,0,1,0,0,0,0,0
6.560,0.370,0.8,0.019,0.000,0.000,0.000,0.001,0.000,0.000,0.000,0.000,0.000,0.000,0.005,0,0,0,-31,0,0,0,2,0,0,0,0,0
6.577,0.370,0.8,0.019,0.000,0.000,0.000,0.001,0.000,0.000,0.000,0.000,0.000,0.000,0.005,0,0,0,-31,0,0,0,1,0,0,0,0,0
6.598,0.370,0.8,0.019,0.000,0.000,0.000,0.001,0.000,0.000,0.000,0.000,0.000,0.000,0.005,0,0,0,-31,0,0,0,-2,0,0,0,0,0
6.621,0.370,0.8,0.019,0.000,0.000,0.000,0.001,0.000,0.000,0.000,0.000,0.000,0.000,0.005,0,0,0,-31,0,0,0,-1,0,0,0,0,0
6.639,0.370,0.8,0.019,0.000,0.000,0.000,0.001,0.000,0.000,0.000,0.000,0.000,0.000,0.005,0,0,0,-31,0,0,0,1,0,0,0,0,0
6.656,0.370,0.8,0.019,0.000,0.000,0.000,0.001,0.000,0.000,0.000,0.000,0.000,0.000,0.005,0,0,0,-31,0,0,0,2,0,0,0,0,0
6.676,0.370,0.8,0.019,0.000,0.000,0.000,0.001,0.000,0.000,0.000,0.000,0.000,0.000,0.005,0,0,0,-31,0,0,0,0,0,0,0,0,0
6.693,0.370,0.8,0.019,0.000,0.000,0.000,0.001,0.000,0.000,0.000,0.000,0.000,0.000,0.005,0,0,0,-31,0,0,0,-2,0,0,0,0,0
6.715,0.370,0.8,0.019,0.000,0.000,0.000,0.001,0.000,0.000,0.000,0.000,0.000,0.000,0.005,0,0,0,-31,0,0,0,-1,0,0,0,0,0
6.746,0.370,0.8,0.019,0.000,0.000,0.000,0.001,0.000,0.000,0.000,0.000,0.000,0.000,0.005,0,0,0,-31,0,0,0,2,0,0,0,0,0
6.768,0.370,0.8,0.019,0.000,0.000,0.000,0.001,0.000,0.000,0.000,0.000,0.000,0.000,0.005,0,0,0,-31,0,0,0,0,0,0,0,0,0
6.794,0.370,0.8,0.019,0.000,0.000,0.000,0.001,0.000,0.000,0.000,0.000,0.000,0.000,0.005,0,0,0,-31,0,0,0,-2,0,0,0,0,0
6.810,0.370,0.8,0.019,0.000,0.000,0.000,0.001,0.000,0.000,0.000,0.000,0.000,0.000,0.005,0,0,0,-31,0,0,0,0,0,0,0,0,0
6.840,0.370,0.8,0.019,0.000,0.000,0.000,0.001,0.000,0.000,0.000,0.000,0.000,0.000,0.005,0,0,0,-31,0,0,0,2,0,0,0,0,0
6.861,0.370,0.8,0.019,0.000,0.000,0.000,0.001,0.000,0.000,0.000,0.000,0.000,0.000,0.005,0,0,0,-31,0,0,0,-1,0,0,0,0,0
6.878,0.370,0.8,0.019,0.000,0.000,0.000,0.001,0.000,0.000,0.000,0.000,0.000,0.000,0.005,0,0,0,-31,0,0,0,-2,0,0,0,0,0
6.895,0.370,0.8,0.019,0.000,0.000,0.000,0.001,0.000,0.000,0.000,0.000,0.000,0.000,0.005,0,0,0,-31,0,0,0,-1,0,0,0,0,0
6.918,0.370,0.8,0.019,0.000,0.000,0.000,0.001,0.000,0.000,0.000,0.000,0.000,0.000,0.005,0,0,0,-31,0,0,0,2,0,0,0,0,0
6.940,0.370,0.8,0.019,0.000,0.000,0.000,0.001,0.000,0.000,0.000,0.000,0.000,0.000,0.005,0,0,0,-31,0,0,0,1,0,0,0,0,0
6.956,0.370,0.8,0.019,0.000,0.000,0.000,0.001,0.000,0.000,0.000,0.000,0.000,0.000,0.005,0,0,0,-31,0,0,0,-1,0,0,0,0,0
6.973,0.370,0.8,0.019,0.000,0.000,0.000,0.001,0.000,0.000,0.000,0.000,0.000,0.000,0.005,0,0,0,-31,0,0,0,-2,0,0,0,0,0
6.996,0.370,0.8,0.019,0.000,0.000,0.000,0.001,0.000,0.000,0.000,0.000,0.000,0.000,0.005,0,0,0,-31,0,0,0,0,0,0,0,0,0
7.017,0.370,0.8,0.019,0.000,0.000,0.000,0.001,0.000,0.000,0.000,0.000,0.000,0.000,0.005,0,0,0,-31,0,0,0,2,0,0,0,0,0
7.043,0.370,0.8,0.019,0.000,0.000,0.000,0.001,0.000,0.000,0.000,0.000,0.000,0.000,0.005,0,0,0,-31,0,0,0,-1,0,0,0,0,0
7.060,0.370,0.8,0.019,0.000,0.000,0.000,0.001,0.000,0.000,0.000,0.000,0.000,0.000,0.005,0,0,0,-31,0,0,0,-2,0,0,0,0,0
7.091,0.370,0.8,0.019,0.000,0.000,0.000,0.001,0.000,0.000,0.000,0.000,0.000,0.000,0.005,0,0,0,-31,0,0,0,1,0,0,0,0,0
7.112,0.370,0.8,0.019,0.000,0.000,0.000,0.001,0.000,0.000,0.000,0.000,0.000,0.000,0.005,0,0,0,-31,0,0,0,2,0,0,0,0,0
7.128,0.370,0.8,0.019,0.000,0.000,0.000,0.001,0.000,0.000,0.000,0.000,0.000,0.000,0.005,0,0,0,-31,0,0,0,0,0,0,0,0,0
7.145,0.370,0.8,0.019,0.000,0.000,0.000,0.001,0.000,0.000,0.000,0.000,0.000,0.000,0.005,0,0,0,-31,0,0,0,-2,0,0,0,0,0
7.168,0.370,0.8,0.019,0.000,0.000,0.000,0.001,0.000,0.000,0.000,0.000,0.000,0.000,0.005,0,0,0,-31,0,0,0,-1,0,0,0,0,0
7.189,0.370,0.8,0.019,0.000,0.000,0.000,0.001,0.000,0.000,0.000,0.000,0.000,0.000,0.005,0,0,0,-31,0,0,0,2,0,0,0,0,0
7.215,0.370,0.8,0.019,0.000,0.000,0.000,0.001,0.000,0.000,0.000,0.000,0.000,0.000,0.005,0,0,0,-31,0,0,0,1,0,0,0,0,0
7.246,0.370,0.8,0.019,0.000,0.000,0.000,0.001,0.000,0.000,0.000,0.000,0.000,0.000,0.005,0,0,0,-31,0,0,0,-2,0,0,0,0,0
7.267,0.370,0.8,0.019,0.000,0.000,0.000,0.001,0.000,0.000,0.000,0.000,0.000,0.000,0.005,0,0,0,-31,0,0,0,0,0,0,0,0,0
7.293,0.370,0.8,0.019,0.000,0.000,0.000,0.001,0.000,0.000,0.000,0.000,0.000,0.000,0.005,0,0,0,-31,0,0,0,2,0,0,0,0,0
7.309,0.370,0.8,0.019,0.000,0.000,0.000,0.001,0.000,0.000,0.000,0.000,0.000,0.000,0.005,0,0,0,-31,0,0,0,0,0,0,0,0,0
7.340,0.370,0.8,0.019,0.000,0.000,0.000,0.001,0.000,0.000,0.000,0.000,0.000,0.000,0.005,0,0,0,-31,0,0,0,-2,0,0,0,0,0
7.363,0.370,0.8,0.019,0.000,0.000,0.000,0.001,0.000,0.000,0.000,0.000,0.000,0.000,0.005,0,0,0,-31,0,0,0,1,0,0,0,0,0
7.380,0.370,0.8,0.019,0.000,0.000,0.000,0.001,0.000,0.000,0.000,0.000,0.000,0.000,0.005,0,0,0,-31,0,0,0,2,0,0,0,0,0
7.397,0.370,0.8,0.019,0.000,0.000,0.000,0.001,0.000,0.000,0.000,0.000,0.000,0.000,0.005,0,0,0,-31,0,0,0,1,0,0,0,0,0
7.419,0.370,0.8,0.019,0.000,0.000,0.000,0.001,0.000,0.000,0.000,0.000,0.000,0.000,0.005,0,0,0,-31,0,0,0,-2,0,0,0,0,0
7.439,0.370,0.8,0.019,0.000,0.000,0.000,0.001,0.000,0.000,0.000,0.000,0.000,0.000,0.005,0,0,0,-31,0,0,0,-1,0,0,0,0,0
7.465,0.370,0.8,0.019,0.000,0.000,0.000,0.001,0.000,0.000,0.000,0.000,0.000,0.000,0.005,0,0,0,-31,0,0,0,2,0,0,0,0,0
7.496,0.370,0.8,0.019,0.000,0.000,0.000,0.001,0.000,0.000,0.000,0.000,0.000,0.000,0.005,0,0,0,-31,0,0,0,-1,0,0,0,0,0
7.517,0.370,0.8,0.019,0.000,0.000,0.000,0.001,0.000,0.000,0.000,0.000,0.000,0.000,0.005,0,0,0,-31,0,0,0,-2,0,0,0,0,0
7.534,0.370,0.8,0.019,0.000,0.000,0.000,0.001,0.000,0.000,0.000,0.000,0.000,0.000,0.005,0,0,0,-31,0,0,0,-1,0,0,0,0,0
7.551,0.370,0.8,0.019,0.000,0.000,0.000,0.001,0.000,0.000,0.000,0.000,0.000,0.000,0.005,0,0,0,-31,0,0,0,2,0,0,0,0,0
7.569,0.370,0.8,0.019,0.000,0.000,0.000,0.001,0.000,0.000,0.000,0.000,0.000,0.000,0.005,0,0,0,-31,0,0,0,2,0,0,0,0,0
7.590,0.370,0.8,0.019,0.000,0.000,0.000,0.001,0.000,0.000,0.000,0.000,0.000,0.000,0.005,0,0,0,-31,0,0,0,-1,0,0,0,0,0
7.622,0.370,0.8,0.019,0.000,0.000,0.000,0.001,0.000,0.000,0.000,0.000,0.000,0.000,0.005,0,0,0,-31,0,0,0,-1,0,0,0,0,0
7.639,0.370,0.8,0.019,0.000,0.000,0.000,0.001,0.000,0.000,0.000,0.000,0.000,0.000,0.005,0,0,0,-31,0,0,0,1,0,0,0,0,0
7.661,0.370,0.8,0.019,0.000,0.000,0.000,0.001,0.000,0.000,0.000,0.000,0.000,0.000,0.005,0,0,0,-31,0,0,0,2,0,0,0,0,0
7.678,0.370,0.8,0.019,0.000,0.000,0.000,0.001,0.000,0.000,0.000,0.000,0.000,0.000,0.005,0,0,0,-31,0,0,0,0,0,0,0,0,0
7.695,0.370,0.8,0.019,0.000,0.000,0.000,0.001,0.000,0.000,0.000,0.000,0.000,0.000,0.005,0,0,0,-31,0,0,0,-2,0,0,0,0,0
7.715,0.370,0.8,0.019,0.000,0.000,0.000,0.001,0.000,0.000,0.000,0.000,0.000,0.000,0.005,0,0,0,-31,0,0,0,-1,0,0,0,0,0
7.737,0.370,0.8,0.019,0.000,0.000,0.000,0.001,0.000,0.000,0.000,0.000,0.000,0.000,0.005,0,0,0,-31,0,0,0,2,0,0,0,0,0
7.754,0.370,0.8,0.019,0.000,0.000,0.000,0.001,0.000,0.000,0.000,0.000,0.000,0.000,0.005,0,0,0,-31,0,0,0,2,0,0,0,0,0
7.772,0.370,0.8,0.019,0.000,0.000,0.000,0.001,0.000,0.000,0.000,0.000,0.000,0.000,0.005,0,0,0,-31,0,0,0,-1,0,0,0,0,0
7.793,0.370,0.8,0.019,0.000,0.000,0.000,0.001,0.000,0.000,0.000,0.000,0.000,0.000,0.005,0,0,0,-31,0,0,0,-2,0,0,0,0,0
7.814,0.370,0.8,0.019,0.000,0.000,0.000,0.001,0.000,0.000,0.000,0.000,0.000,0.000,0.005,0,0,0,-31,0,0,0,0,0,0,0,0,0
7.840,0.370,0.8,0.019,0.000,0.000,0.000,0.001,0.000,0.000,0.000,0.000,0.000,0.000,0.005,0,0,0,-31,0,0,0,2,0,0,0,0,0
7.871,0.370,0.8,0.019,0.000,0.000,0.000,0.001,0.000,0.000,0.000,0.000,0.000,0.000,0.005,0,0,0,-31,0,0,0,-2,0,0,0,0,0
7.892,0.370,0.8,0.019,0.000,0.000,0.000,0.001,0.000,0.000,0.000,0.000,0.000,0.000,0.005,0,0,0,-31,0,0,0,-1,0,0,0,0,0
7.908,0.370,0.8,0.019,0.000,0.000,0.000,0.001,0.000,0.000,0.000,0.000,0.000,0.000,0.005,0,0,0,-31,0,0,0,1,0,0,0,0,0
7.925,0.370,0.8,0.019,0.000,0.000,0.000,0.001,0.000,0.000,0.000,0.000,0.000,0.000,0.005,0,0,0,-31,0,0,0,2,0,0,0,0,0
7.942,0.370,0.8,0.019,0.000,0.000,0.000,0.001,0.000,0.000,0.000,0.000,0.000,0.000,0.005,0,0,0,-31,0,0,0,1,0,0,0,0,0
7.964,0.370,0.8,0.019,0.000,0.000,0.000,0.001,0.000,0.000,0.000,0.000,0.000,0.000,0.005,0,0,0,-31,0,0,0,-2,0,0,0,0,0
7.997,0.370,0.8,0.019,0.000,0.000,0.000,0.001,0.000,0.000,0.000,0.000,0.000,0.000,0.005,0,0,0,-31,0,0,0,1,0,0,0,0,0
8.014,0.370,0.8,0.019,0.000,0.000,0.000,0.001,0.000,0.000,0.000,0.000,0.000,0.000,0.005,0,0,0,-31,0,0,0,2,0,0,0,0,0
8.035,0.370,0.8,0.019,0.000,0.000,0.000,0.001,0.000,0.000,0.000,0.000,0.000,0.000,0.005,0,0,0,-31,0,0,0,0,0,0,0,0,0
8.053,0.370,0.8,0.019,0.000,0.000,0.000,0.001,0.000,0.000,0.000,0.000,0.000,0.000,0.005,0,0,0,-31,0,0,0,-2,0,0,0,0,0
8.070,0.370,0.8,0.019,0.000,0.000,0.000,0.001,0.000,0.000,0.000,0.000,0.000,0.000,0.005,0,0,0,-31,0,0,0,-2,0,0,0,0,0
8.087,0.370,0.8,0.019,0.000,0.000,0.000,0.001,0.000,0.000,0.000,0.000,0.000,0.000,0.005,0,0,0,-31,0,0,0,1,0,0,0,0,0
8.110,0.370,0.8,0.019,0.000,0.000,0.000,0.001,0.000,0.000,0.000,0.000,0.000,0.000,0.005,0,0,0,-31,0,0,0,2,0,0,0,0,0
8.127,0.370,0.8,0.019,0.000,0.000,0.000,0.001,0.000,0.000,0.000,0.000,0.000,0.000,0.005,0,0,0,-31,0,0,0,0,0,0,0,0,0
8.143,0.370,0.8,0.019,0.000,0.000,0.000,0.001,0.000,0.000,0.000,0.000,0.000,0.000,0.005,0,0,0,-31,0,0,0,-2,0,0,0,0,0
8.168,0.370,0.8,0.019,0.000,0.000,0.000,0.001,0.000,0.000,0.000,0.000,0.000,0.000,0.005,0,0,0,-31,0,0,0,-1,0,0,0,0,0
8.188,0.370,0.8,0.019,0.000,0.000,0.000,0.001,0.000,0.000,0.000,0.000,0.000,0.000,0.005,0,0,0,-31,0,0,0,2,0,0,0,0,0
8.215,0.370,0.8,0.019,0.000,0.000,0.000,0.001,0.000,0.000,0.000,0.000,0.000,0.000,0.005,0,0,0,-31,0,0,0,1,0,0,0,0,0
8.247,0.370,0.8,0.019,0.000,0.000,0.000,0.001,0.000,0.000,0.000,0.000,0.000,0.000,0.005,0,0,0,-31,0,0,0,-2,0,0,0,0,0
8.268,0.370,0.8,0.019,0.000,0.000,0.000,0.001,0.000,0.000,0.000,0.000,0.000,0.000,0.005,0,0,0,-31,0,0,0,0,0,0,0,0,0
8.293,0.370,0.8,0.019,0.000,0.000,0.000,0.001,0.000,0.000,0.000,0.000,0.000,0.000,0.005,0,0,0,-31,0,0,0,2,0,0,0,0,0
8.310,0.370,0.8,0.019,0.000,0.000,0.000,0.001,0.000,0.000,0.000,0.000,0.000,0.000,0.005,0,0,0,-31,0,0,0,0,0,0,0,0,0
8.340,0.370,0.8,0.019,0.000,0.000,0.000,0.001,0.000,0.000,0.000,0.000,0.000,0.000,0.005,0,0,0,-31,0,0,0,-2,0,0,0,0,0
8.362,0.370,0.8,0.019,0.000,0.000,0.000,0.001,0.000,0.000,0.000,0.000,0.000,0.000,0.005,0,0,0,-31,0,0,0,1,0,0,0,0,0
8.379,0.370,0.8,0.019,0.000,0.000,0.000,0.001,0.000,0.000,0.000,0.000,0.000,0.000,0.005,0,0,0,-31,0,0,0,2,0,0,0,0,0
8.395,0.370,0.8,0.019,0.000,0.000,0.000,0.001,0.000,0.000,0.000,0.000,0.000,0.000,0.005,0,0,0,-31,0,0,0,1,0,0,0,0,0
8.418,0.370,0.8,0.019,0.000,0.000,0.000,0.001,0.000,0.000,0.000,0.000,0.000,0.000,0.005,0,0,0,-31,0,0,0,-2,0,0,0,0,0
8.441,0.370,0.8,0.019,0.000,0.000,0.000,0.001,0.000,0.000,0.000,0.000,0.000,0.000,0.005,0,0,0,-31,0,0,0,-1,0,0,0,0,0
8.465,0.370,0.8,0.019,0.000,0.000,0.000,0.001,0.000,0.000,0.000,0.000,0.000,0.000,0.005,0,0,0,-31,0,0,0,2,0,0,0,0,0
8.482,0.370,0.8,0.019,0.000,0.000,0.000,0.001,0.000,0.000,0.000,0.000,0.000,0.000,0.005,0,0,0,-31,0,0,0,2,0,0,0,0,0
8.499,0.370,0.8,0.019,0.000,0.000,0.000,0.001,0.000,0.000,0.000,0.000,0.000,0.000,0.005,0,0,0,-31,0,0,0,-1,0,0,0,0,0
8.520,0.370,0.8,0.019,0.000,0.000,0.000,0.001,0.000,0.000,0.000,0.000,0.000,0.000,0.005,0,0,0,-31,0,0,0,-2,0,0,0,0,0
8.543,0.370,0.8,0.019,0.000,0.000,0.000,0.001,0.000,0.000,0.000,0.000,0.000,0.000,0.005,0,0,0,-31,0,0,0,1,0,0,0,0,0
8.560,0.370,0.8,0.019,0.000,0.000,0.000,0.001,0.000,0.000,0.000,0.000,0.000,0.000,0.005,0,0,0,-31,0,0,0,2,0,0,0,0,0
8.578,0.370,0.8,0.019,0.000,0.000,0.000,0.001,0.000,0.000,0.000,0.000,0.000,0.000,0.005,0,0,0,-31,0,0,0,1,0,0,0,0,0
8.606,0.366,0.8,0.000,0.000,0.000,0.000,0.000,0.000,0.000,0.000,0.000,0.000,0.000,0.005,0,0,0,0,0,0,0,-2,0,0,0,0,-1
8.623,0.366,0.8,0.000,0.000,0.000,0.000,0.000,0.000,0.000,0.000,0.000,0.000,0.000,0.005,0,0,0,0,0,0,0,-1,0,0,0,0,0
8.640,0.366,0.8,0.000,0.000,0.000,0.000,0.000,0.000,0.000,0.000,0.000,0.000,0.000,0.005,0,0,0,0,0,0,0,2,0,0,0,0,1
8.654,0.358,0.8,0.000,0.000,-0.016,0.000,0.000,0.000,0.000,0.000,0.162,0.000,0.000,0.005,0,0,0,0,0,0,0,3,0,0,0,0,1
8.683,0.358,0.8,0.000,0.000,-0.016,0.000,0.000,0.000,0.000,0.000,0.162,0.000,0.000,0.005,0,0,0,0,0,0,0,-2,0,0,0,0,-1
8.700,0.358,0.8,0.000,0.000,-0.016,0.000,0.000,0.000,0.000,0.000,0.162,0.000,0.000,0.005,0,0,0,0,0,0,0,-3,0,0,0,0,-1
8.717,0.352,0.8,0.000,0.000,-0.010,0.000,0.000,0.000,0.000,0.000,0.097,0.000,0.000,0.005,0,0,0,0,0,0,0,-1,0,0,0,0,0
8.733,0.352,0.8,0.000,0.000,-0.010,0.000,0.000,0.000,0.000,0.000,0.097,0.000,0.000,0.005,0,0,0,0,0,0,0,2,0,0,0,0,1
8.754,0.346,0.8,0.000,0.000,-0.016,0.000,0.000,0.000,0.000,0.000,0.161,0.000,0.000,0.005,0,0,0,0,0,0,0,2,0,0,0,0,1
8.771,0.346,0.8,0.000,0.000,-0.016,0.000,0.000,0.000,0.000,0.000,0.161,0.000,0.000,0.005,0,0,0,0,0,0,0,-1,0,0,0,0,0
8.788,0.346,0.8,0.000,0.000,-0.016,0.000,0.000,0.000,0.000,0.000,0.161,0.000,0.000,0.005,0,0,0,0,0,0,0,-3,0,0,0,0,-1
8.805,0.340,0.8,0.000,0.000,-0.012,0.000,0.000,0.000,0.000,0.000,0.118,0.000,0.000,0.004,0,0,0,0,0,0,0,-1,0,0,0,0,0
8.828,0.340,0.8,0.000,0.000,-0.012,0.000,0.000,0.000,0.000,0.000,0.118,0.000,0.000,0.004,0,0,0,0,0,0,0,2,0,0,0,0,1
8.845,0.340,0.8,0.000,0.000,-0.012,0.000,0.000,0.000,0.000,0.000,0.118,0.000,0.000,0.004,0,0,0,0,0,0,0,2,0,0,0,0,1
8.861,0.334,0.7,0.000,0.000,-0.011,0.000,0.000,0.000,0.000,0.000,0.108,0.000,0.000,0.004,0,0,0,0,0,0,0,-1,0,0,0,0,0
8.878,0.334,0.7,0.000,0.000,-0.011,0.000,0.000,0.000,0.000,0.000,0.108,0.000,0.000,0.004,0,0,0,0,0,0,0,-2,0,0,0,0,-1
8.899,0.334,0.7,0.000,0.000,-0.011,0.000,0.000,0.000,0.000,0.000,0.108,0.000,0.000,0.004,0,0,0,0,0,0,0,-1,0,0,0,0,0
8.919,0.328,0.7,0.000,0.000,-0.011,0.000,0.000,0.000,0.000,0.000,0.103,0.000,0.000,0.004,0,0,0,0,0,0,0,2,0,0,0,0,1
8.935,0.328,0.7,0.000,0.000,-0.011,0.000,0.000,0.000,0.000,0.000,0.103,0.000,0.000,0.004,0,0,0,0,0,0,0,2,0,0,0,0,1
8.965,0.320,0.7,0.000,0.000,-0.017,0.000,0.000,0.000,0.000,0.000,0.171,0.000,0.000,0.004,0,0,0,0,0,0,0,-2,0,0,0,0,-1
8.987,0.320,0.7,0.000,0.000,-0.017,0.000,0.000,0.000,0.000,0.000,0.171,0.000,0.000,0.004,0,0,0,0,0,0,0,-1,0,0,0,0,0
9.004,0.314,0.7,0.000,0.000,-0.016,0.000,0.000,0.000,0.000,0.000,0.154,0.000,0.000,0.004,0,0,0,0,0,0,0,2,0,0,0,0,1
9.020,0.314,0.7,0.000,0.000,-0.016,0.000,0.000,0.000,0.000,0.000,0.154,0.000,0.000,0.004,0,0,0,0,0,0,0,2,0,0,0,0,1
9.043,0.314,0.7,0.000,0.000,-0.016,0.000,0.000,0.000,0.000,0.000,0.154,0.000,0.000,0.004,0,0,0,0,0,0,0,-1,0,0,0,0,0
9.064,0.308,0.7,0.000,0.000,-0.010,0.000,0.000,0.000,0.000,0.000,0.101,0.000,0.000,0.004,0,0,0,0,0,0,0,-2,0,0,0,0,-1
9.090,0.308,0.7,0.000,0.000,-0.010,0.000,0.000,0.000,0.000,0.000,0.101,0.000,0.000,0.004,0,0,0,0,0,0,0,1,0,0,0,0,1
9.107,0.302,0.7,0.000,0.000,-0.014,0.000,0.000,0.000,0.000,0.000,0.138,0.000,0.000,0.004,0,0,0,0,0,0,0,2,0,0,0,0,1
9.124,0.302,0.7,0.000,0.000,-0.014,0.000,0.000,0.000,0.000,0.000,0.138,0.000,0.000,0.004,0,0,0,0,0,0,0,1,0,0,0,0,0
9.145,0.302,0.7,0.000,0.000,-0.014,0.000,0.000,0.000,0.000,0.000,0.138,0.000,0.000,0.004,0,0,0,0,0,0,0,-2,0,0,0,0,-1
9.162,0.296,0.7,0.000,0.000,-0.011,0.000,0.000,0.000,0.000,0.000,0.109,0.000,0.000,0.004,0,0,0,0,0,0,0,-2,0,0,0,0,-1
9.180,0.296,0.7,0.000,0.000,-0.011,0.000,0.000,0.000,0.000,0.000,0.109,0.000,0.000,0.004,0,0,0,0,0,0,0,1,0,0,0,0,0
9.197,0.296,0.7,0.000,0.000,-0.011,0.000,0.000,0.000,0.000,0.000,0.109,0.000,0.000,0.004,0,0,0,0,0,0,0,2,0,0,0,0,1
9.218,0.288,0.6,0.000,0.000,-0.015,0.000,0.000,0.000,0.000,0.000,0.143,0.000,0.000,0.004,0,0,0,0,0,0,0,0,0,0,0,0,0
9.246,0.288,0.6,0.000,0.000,-0.015,0.000,0.000,0.000,0.000,0.000,0.143,0.000,0.000,0.004,0,0,0,0,0,0,0,-2,0,0,0,0,-1
9.263,0.282,0.6,0.000,0.000,-0.013,0.000,0.000,0.000,0.000,0.000,0.132,0.000,0.000,0.004,0,0,0,0,0,0,0,0,0,0,0,0,0
9.293,0.282,0.6,0.000,0.000,-0.013,0.000,0.000,0.000,0.000,0.000,0.132,0.000,0.000,0.004,0,0,0,0,0,0,0,2,0,0,0,0,1
9.314,0.276,0.6,0.000,0.000,-0.012,0.000,0.000,0.000,0.000,0.000,0.118,0.000,0.000,0.004,0,0,0,0,0,0,0,0,0,0,0,0,0
9.340,0.276,0.6,0.000,0.000,-0.012,0.000,0.000,0.000,0.000,0.000,0.118,0.000,0.000,0.004,0,0,0,0,0,0,0,-2,0,0,0,0,-1
9.372,0.270,0.6,0.000,0.000,-0.011,0.000,0.000,0.000,0.000,0.000,0.104,0.000,0.000,0.004,0,0,0,0,0,0,0,2,0,0,0,0,1
9.397,0.270,0.6,0.000,0.000,-0.011,0.000,0.000,0.000,0.000,0.000,0.104,0.000,0.000,0.004,0,0,0,0,0,0,0,1,0,0,0,0,0
9.419,0.264,0.6,0.000,0.000,-0.013,0.000,0.000,0.000,0.000,0.000,0.128,0.000,0.000,0.003,0,0,0,0,0,0,0,-2,0,0,0,0,-1
9.436,0.264,0.6,0.000,0.000,-0.013,0.000,0.000,0.000,0.000,0.000,0.128,0.000,0.000,0.003,0,0,0,0,0,0,0,-1,0,0,0,0,-1
9.466,0.256,0.6,0.000,0.000,-0.017,0.000,0.000,0.000,0.000,0.000,0.169,0.000,0.000,0.003,0,0,0,0,0,0,0,2,0,0,0,0,1
9.487,0.256,0.6,0.000,0.000,-0.017,0.000,0.000,0.000,0.000,0.000,0.169,0.000,0.000,0.003,0,0,0,0,0,0,0,1,0,0,0,0,0
9.504,0.250,0.6,0.000,0.000,-0.016,0.000,0.000,0.000,0.000,0.000,0.158,0.000,0.000,0.003,0,0,0,0,0,0,0,-1,0,0,0,0,-1
9.520,0.250,0.6,0.000,0.000,-0.016,0.000,0.000,0.000,0.000,0.000,0.158,0.000,0.000,0.003,0,0,0,0,0,0,0,-2,0,0,0,0,-1
9.543,0.250,0.6,0.000,0.000,-0.016,0.000,0.000,0.000,0.000,0.000,0.158,0.000,0.000,0.003,0,0,0,0,0,0,0,1,0,0,0,0,0
9.565,0.244,0.5,0.000,0.000,-0.010,0.000,0.000,0.000,0.000,0.000,0.099,0.000,0.000,0.003,0,0,0,0,0,0,0,2,0,0,0,0,1
9.591,0.244,0.5,0.000,0.000,-0.010,0.000,0.000,0.000,0.000,0.000,0.099,0.000,0.000,0.003,0,0,0,0,0,0,0,-1,0,0,0,0,0
9.621,0.238,0.5,0.000,0.000,-0.011,0.000,0.000,0.000,0.000,0.000,0.106,0.000,0.000,0.003,0,0,0,0,0,0,0,-1,0,0,0,0,0
9.642,0.238,0.5,0.000,0.000,-0.011,0.000,0.000,0.000,0.000,0.000,0.106,0.000,0.000,0.003,0,0,0,0,0,0,0,1,0,0,0,0,1
9.668,0.232,0.5,0.000,0.000,-0.013,0.000,0.000,0.000,0.000,0.000,0.126,0.000,0.000,0.003,0,0,0,0,0,0,0,1,0,0,0,0,0
9.686,0.232,0.5,0.000,0.000,-0.013,0.000,0.000,0.000,0.000,0.000,0.126,0.000,0.000,0.003,0,0,0,0,0,0,0,-1,0,0,0,0,0
9.716,0.224,0.5,0.000,0.000,-0.017,0.000,0.000,0.000,0.000,0.000,0.167,0.000,0.000,0.003,0,0,0,0,0,0,0,0,0,0,0,0,0
9.737,0.224,0.5,0.000,0.000,-0.017,0.000,0.000,0.000,0.000,0.000,0.167,0.000,0.000,0.003,0,0,0,0,0,0,0,1,0,0,0,0,1
9.753,0.218,0.5,0.000,0.000,-0.016,0.000,0.000,0.000,0.000,0.000,0.160,0.000,0.000,0.003,0,0,0,0,0,0,0,1,0,0,0,0,1
9.770,0.218,0.5,0.000,0.000,-0.016,0.000,0.000,0.000,0.000,0.000,0.160,0.000,0.000,0.003,0,0,0,0,0,0,0,-1,0,0,0,0,0
9.793,0.218,0.5,0.000,0.000,-0.016,0.000,0.000,0.000,0.000,0.000,0.160,0.000,0.000,0.003,0,0,0,0,0,0,0,-2,0,0,0,0,-1
9.815,0.212,0.5,0.000,0.000,-0.010,0.000,0.000,0.000,0.000,0.000,0.098,0.000,0.000,0.003,0,0,0,0,0,0,0,0,0,0,0,0,0
9.840,0.212,0.5,0.000,0.000,-0.010,0.000,0.000,0.000,0.000,0.000,0.098,0.000,0.000,0.003,0,0,0,0,0,0,0,1,0,0,0,0,1
9.856,0.212,0.5,0.000,0.000,-0.010,0.000,0.000,0.000,0.000,0.000,0.098,0.000,0.000,0.003,0,0,0,0,0,0,0,0,0,0,0,0,0
9.874,0.205,0.5,0.000,0.000,-0.014,0.000,0.000,0.000,0.000,0.000,0.133,0.000,0.000,0.003,0,0,0,0,0,0,0,-1,0,0,0,0,-1
9.895,0.205,0.5,0.000,0.000,-0.014,0.000,0.000,0.000,0.000,0.000,0.133,0.000,0.000,0.003,0,0,0,0,0,0,0,-1,0,0,0,0,0
9.919,0.199,0.4,0.000,0.000,-0.014,0.000,0.000,0.000,0.000,0.000,0.134,0.000,0.000,0.003,0,0,0,0,0,0,0,1,0,0,0,0,1
9.936,0.199,0.4,0.000,0.000,-0.014,0.000,0.000,0.000,0.000,0.000,0.134,0.000,0.000,0.003,0,0,0,0,0,0,0,1,0,0,0,0,1
9.965,0.193,0.4,0.000,0.000,-0.013,0.000,0.000,0.000,0.000,0.000,0.129,0.000,0.000,0.003,0,0,0,0,0,0,0,-1,0,0,0,0,-1
9.987,0.193,0.4,0.000,0.000,-0.013,0.000,0.000,0.000,0.000,0.000,0.129,0.000,0.000,0.003,0,0,0,0,0,0,0,-1,0,0,0,0,0
10.004,0.193,0.4,0.000,0.000,-0.013,0.000,0.000,0.000,0.000,0.000,0.129,0.000,0.000,0.003,0,0,0,0,0,0,0,1,0,0,0,0,1
10.022,0.185,0.4,0.000,0.000,-0.015,0.000,0.000,0.000,0.000,0.000,0.144,0.000,0.000,0.002,0,0,0,0,0,0,0,1,0,0,0,0,1
10.044,0.185,0.4,0.000,0.000,-0.015,0.000,0.000,0.000,0.000,0.000,0.144,0.000,0.000,0.002,0,0,0,0,0,0,0,0,0,0,0,0,0
10.064,0.185,0.4,0.000,0.000,-0.015,0.000,0.000,0.000,0.000,0.000,0.144,0.000,0.000,0.002,0,0,0,0,0,0,0,-1,0,0,0,0,-1
10.090,0.179,0.4,0.000,0.000,-0.009,0.000,0.000,0.000,0.000,0.000,0.088,0.000,0.000,0.002,0,0,0,0,0,0,0,0,0,0,0,0,0
10.122,0.173,0.4,0.000,0.000,-0.019,0.000,0.000,0.000,0.000,0.000,0.185,0.000,0.000,0.002,0,0,0,0,0,0,0,1,0,0,0,0,0
10.143,0.173,0.4,0.000,0.000,-0.019,0.000,0.000,0.000,0.000,0.000,0.185,0.000,0.000,0.002,0,0,0,0,0,0,0,-1,0,0,0,0,0
10.160,0.173,0.4,0.000,0.000,-0.019,0.000,0.000,0.000,0.000,0.000,0.185,0.000,0.000,0.002,0,0,0,0,0,0,0,-1,0,0,0,0,0
10.176,0.165,0.4,0.000,0.000,-0.015,0.000,0.000,0.000,0.000,0.000,0.148,0.000,0.000,0.002,0,0,0,0,0,0,0,0,0,0,0,0,0
10.193,0.165,0.4,0.000,0.000,-0.015,0.000,0.000,0.000,0.000,0.000,0.148,0.000,0.000,0.002,0,0,0,0,0,0,0,1,0,0,0,0,1
10.213,0.165,0.4,0.000,0.000,-0.015,0.000,0.000,0.000,0.000,0.000,0.148,0.000,0.000,0.002,0,0,0,0,0,0,0,1,0,0,0,0,0
10.231,0.159,0.4,0.000,0.000,-0.011,0.000,0.000,0.000,0.000,0.000,0.110,0.000,0.000,0.002,0,0,0,0,0,0,0,-1,0,0,0,0,0
10.248,0.159,0.4,0.000,0.000,-0.011,0.000,0.000,0.000,0.000,0.000,0.110,0.000,0.000,0.002,0,0,0,0,0,0,0,-1,0,0,0,0,0
10.265,0.159,0.4,0.000,0.000,-0.011,0.000,0.000,0.000,0.000,0.000,0.110,0.000,0.000,0.002,0,0,0,0,0,0,0,0,0,0,0,0,0
10.286,0.153,0.3,0.000,0.000,-0.011,0.000,0.000,0.000,0.000,0.000,0.108,0.000,0.000,0.002,0,0,0,0,0,0,0,1,0,0,0,0,1
10.303,0.153,0.3,0.000,0.000,-0.011,0.000,0.000,0.000,0.000,0.000,0.108,0.000,0.000,0.002,0,0,0,0,0,0,0,1,0,0,0,0,0
10.320,0.153,0.3,0.000,0.000,-0.011,0.000,0.000,0.000,0.000,0.000,0.108,0.000,0.000,0.002,0,0,0,0,0,0,0,-1,0,0,0,0,0
10.337,0.145,0.3,0.000,0.000,-0.016,0.000,0.000,0.000,0.000,0.000,0.154,0.000,0.000,0.002,0,0,0,0,0,0,0,-1,0,0,0,0,0
10.358,0.145,0.3,0.000,0.000,-0.016,0.000,0.000,0.000,0.000,0.000,0.154,0.000,0.000,0.002,0,0,0,0,0,0,0,0,0,0,0,0,0
10.376,0.145,0.3,0.000,0.000,-0.016,0.000,0.000,0.000,0.000,0.000,0.154,0.000,0.000,0.002,0,0,0,0,0,0,0,1,0,0,0,0,1
10.393,0.139,0.3,0.000,0.000,-0.011,0.000,0.000,0.000,0.000,0.000,0.107,0.000,0.000,0.002,0,0,0,0,0,0,0,1,0,0,0,0,0
10.410,0.139,0.3,0.000,0.000,-0.011,0.000,0.000,0.000,0.000,0.000,0.107,0.000,0.000,0.002,0,0,0,0,0,0,0,0,0,0,0,0,0
10.430,0.133,0.3,0.000,0.000,-0.017,0.000,0.000,0.000,0.000,0.000,0.162,0.000,0.000,0.002,0,0,0,0,0,0,0,-1,0,0,0,0,0
10.448,0.133,0.3,0.000,0.000,-0.017,0.000,0.000,0.000,0.000,0.000,0.162,0.000,0.000,0.002,0,0,0,0,0,0,0,0,0,0,0,0,0
10.465,0.133,0.3,0.000,0.000,-0.017,0.000,0.000,0.000,0.000,0.000,0.162,0.000,0.000,0.002,0,0,0,0,0,0,0,1,0,0,0,0,1
10.496,0.125,0.3,0.000,0.000,-0.012,0.000,0.000,0.000,0.000,0.000,0.121,0.000,0.000,0.002,0,0,0,0,0,0,0,0,0,0,0,0,0
10.517,0.125,0.3,0.000,0.000,-0.012,0.000,0.000,0.000,0.000,0.000,0.121,0.000,0.000,0.002,0,0,0,0,0,0,0,-1,0,0,0,0,0
10.543,0.119,0.3,0.000,0.000,-0.013,0.000,0.000,0.000,0.000,0.000,0.126,0.000,0.000,0.002,0,0,0,0,0,0,0,0,0,0,0,0,0
10.560,0.119,0.3,0.000,0.000,-0.013,0.000,0.000,0.000,0.000,0.000,0.126,0.000,0.000,0.002,0,0,0,0,0,0,0,1,0,0,0,0,0
10.590,0.113,0.3,0.000,0.000,-0.013,0.000,0.000,0.000,0.000,0.000,0.128,0.000,0.000,0.001,0,0,0,0,0,0,0,0,0,0,0,0,0
10.611,0.113,0.3,0.000,0.000,-0.013,0.000,0.000,0.000,0.000,0.000,0.128,0.000,0.000,0.001,0,0,0,0,0,0,0,-1,0,0,0,0,0
10.628,0.113,0.3,0.000,0.000,-0.013,0.000,0.000,0.000,0.000,0.000,0.128,0.000,0.000,0.001,0,0,0,0,0,0,0,0,0,0,0,0,0
10.645,0.105,0.2,0.000,0.000,-0.015,0.000,0.000,0.000,0.000,0.000,0.148,0.000,0.000,0.001,0,0,0,0,0,0,0,1,0,0,0,0,0
10.661,0.105,0.2,0.000,0.000,-0.015,0.000,0.000,0.000,0.000,0.000,0.148,0.000,0.000,0.001,0,0,0,0,0,0,0,1,0,0,0,0,0
10.682,0.105,0.2,0.000,0.000,-0.015,0.000,0.000,0.000,0.000,0.000,0.148,0.000,0.000,0.001,0,0,0,0,0,0,0,0,0,0,0,0,0
10.699,0.099,0.2,0.000,0.000,-0.011,0.000,0.000,0.000,0.000,0.000,0.111,0.000,0.000,0.001,0,0,0,0,0,0,0,-1,0,0,0,0,0
10.715,0.099,0.2,0.000,0.000,-0.011,0.000,0.000,0.000,0.000,0.000,0.111,0.000,0.000,0.001,0,0,0,0,0,0,0,0,0,0,0,0,0
10.747,0.093,0.2,0.000,0.000,-0.012,0.000,0.000,0.000,0.000,0.000,0.122,0.000,0.000,0.001,0,0,0,0,0,0,0,1,0,0,0,0,0
10.767,0.093,0.2,0.000,0.000,-0.012,0.000,0.000,0.000,0.000,0.000,0.122,0.000,0.000,0.001,0,0,0,0,0,0,0,0,0,0,0,0,0
10.794,0.093,0.2,0.000,0.000,-0.012,0.000,0.000,0.000,0.000,0.000,0.122,0.000,0.000,0.001,0,0,0,0,0,0,0,-1,0,0,0,0,0
10.811,0.085,0.2,0.000,0.000,-0.013,0.000,0.000,0.000,0.000,0.000,0.125,0.000,0.000,0.001,0,0,0,0,0,0,0,0,0,0,0,0,0
10.827,0.085,0.2,0.000,0.000,-0.013,0.000,0.000,0.000,0.000,0.000,0.125,0.000,0.000,0.001,0,0,0,0,0,0,0,1,0,0,0,0,0
10.847,0.079,0.2,0.000,0.000,-0.017,0.000,0.000,0.000,0.000,0.000,0.166,0.000,0.000,0.001,0,0,0,0,0,0,0,0,0,0,0,0,0
10.872,0.079,0.2,0.000,0.000,-0.017,0.000,0.000,0.000,0.000,0.000,0.166,0.000,0.000,0.001,0,0,0,0,0,0,0,0,0,0,0,0,0
10.889,0.079,0.2,0.000,0.000,-0.017,0.000,0.000,0.000,0.000,0.000,0.166,0.000,0.000,0.001,0,0,0,0,0,0,0,0,0,0,0,0,0
10.918,0.073,0.2,0.000,0.000,-0.009,0.000,0.000,0.000,0.000,0.000,0.085,0.000,0.000,0.001,0,0,0,0,0,0,0,0,0,0,0,0,0
10.939,0.073,0.2,0.000,0.000,-0.009,0.000,0.000,0.000,0.000,0.000,0.085,0.000,0.000,0.001,0,0,0,0,0,0,0,0,0,0,0,0,0
10.956,0.065,0.1,0.000,0.000,-0.021,0.000,0.000,0.000,0.000,0.000,0.209,0.000,0.000,0.001,0,0,0,0,0,0,0,0,0,0,0,0,0
10.973,0.065,0.1,0.000,0.000,-0.021,0.000,0.000,0.000,0.000,0.000,0.209,0.000,0.000,0.001,0,0,0,0,0,0,0,0,0,0,0,0,0
10.996,0.065,0.1,0.000,0.000,-0.021,0.000,0.000,0.000,0.000,0.000,0.209,0.000,0.000,0.001,0,0,0,0,0,0,0,0,0,0,0,0,0
11.017,0.059,0.1,0.000,0.000,-0.010,0.000,0.000,0.000,0.000,0.000,0.099,0.000,0.000,0.001,0,0,0,0,0,0,0,0,0,0,0,0,0
11.044,0.059,0.1,0.000,0.000,-0.010,0.000,0.000,0.000,0.000,0.000,0.099,0.000,0.000,0.001,0,0,0,0,0,0,0,0,0,0,0,0,0
11.062,0.053,0.1,0.000,0.000,-0.014,0.000,0.000,0.000,0.000,0.000,0.134,0.000,0.000,0.001,0,0,0,0,0,0,0,0,0,0,0,0,0
11.091,0.053,0.1,0.000,0.000,-0.014,0.000,0.000,0.000,0.000,0.000,0.134,0.000,0.000,0.001,0,0,0,0,0,0,0,0,0,0,0,0,0
11.113,0.045,0.1,0.000,0.000,-0.016,0.000,0.000,0.000,0.000,0.000,0.154,0.000,0.000,0.001,0,0,0,0,0,0,0,0,0,0,0,0,0
11.130,0.045,0.1,0.000,0.000,-0.016,0.000,0.000,0.000,0.000,0.000,0.154,0.000,0.000,0.001,0,0,0,0,0,0,0,0,0,0,0,0,0
11.147,0.045,0.1,0.000,0.000,-0.016,0.000,0.000,0.000,0.000,0.000,0.154,0.000,0.000,0.001,0,0,0,0,0,0,0,0,0,0,0,0,0
11.168,0.039,0.1,0.000,0.000,-0.011,0.000,0.000,0.000,0.000,0.000,0.109,0.000,0.000,0.001,0,0,0,0,0,0,0,0,0,0,0,0,0
11.189,0.039,0.1,0.000,0.000,-0.011,0.000,0.000,0.000,0.000,0.000,0.109,0.000,0.000,0.001,0,0,0,0,0,0,0,0,0,0,0,0,0
11.215,0.033,0.1,0.000,0.000,-0.013,0.000,0.000,0.000,0.000,0.000,0.128,0.000,0.000,0.000,0,0,0,0,0,0,0,0,0,0,0,0,0
11.247,0.033,0.1,0.000,0.000,-0.013,0.000,0.000,0.000,0.000,0.000,0.128,0.000,0.000,0.000,0,0,0,0,0,0,0,0,0,0,0,0,0
11.268,0.025,0.1,0.000,0.000,-0.015,0.000,0.000,0.000,0.000,0.000,0.151,0.000,0.000,0.000,0,0,0,0,0,0,0,0,0,0,0,0,0
11.294,0.025,0.1,0.000,0.000,-0.015,0.000,0.000,0.000,0.000,0.000,0.151,0.000,0.000,0.000,0,0,0,0,0,0,0,0,0,0,0,0,0
11.311,0.025,0.1,0.000,0.000,-0.015,0.000,0.000,0.000,0.000,0.000,0.151,0.000,0.000,0.000,0,0,0,0,0,0,0,0,0,0,0,0,0
11.341,0.019,0.0,0.000,0.000,-0.008,0.000,0.000,0.000,0.000,0.000,0.083,0.000,0.000,0.000,0,0,0,0,0,0,0,0,0,0,0,0,0
11.361,0.019,0.0,0.000,0.000,-0.008,0.000,0.000,0.000,0.000,0.000,0.083,0.000,0.000,0.000,0,0,0,0,0,0,0,0,0,0,0,0,0
11.378,0.013,0.0,0.000,0.000,-0.016,0.000,0.000,0.000,0.000,0.000,0.157,0.000,0.000,0.000,0,0,0,0,0,0,0,0,0,0,0,0,0
11.395,0.013,0.0,0.000,0.000,-0.016,0.000,0.000,0.000,0.000,0.000,0.157,0.000,0.000,0.000,0,0,0,0,0,0,0,0,0,0,0,0,0
11.418,0.013,0.0,0.000,0.000,-0.016,0.000,0.000,0.000,0.000,0.000,0.157,0.000,0.000,0.000,0,0,0,0,0,0,0,0,0,0,0,0,0
11.438,0.005,0.0,0.000,0.000,-0.014,0.000,0.000,0.000,0.000,0.000,0.133,0.000,0.000,0.000,0,0,0,0,0,0,0,0,0,0,0,0,0
11.466,0.005,0.0,0.000,0.000,-0.014,0.000,0.000,0.000,0.000,0.000,0.133,0.000,0.000,0.000,0,0,0,0,0,0,0,0,0,0,0,0,0
11.483,0.001,0.0,0.000,0.000,-0.009,0.000,0.000,0.000,0.000,0.000,0.134,0.000,0.000,0.000,0,0,0,0,0,0,0,0,0,0,0,0,0
11.501,0.001,0.0,0.000,0.000,-0.009,0.000,0.000,0.000,0.000,0.000,0.134,0.000,0.000,0.000,0,0,0,0,0,0,0,0,0,0,0,0,0
11.521,0.001,0.0,0.000,0.000,-0.009,0.000,0.000,0.000,0.000,0.000,0.134,0.000,0.000,0.000,0,0,0,0,0,0,0,0,0,0,0,0,0
11.544,0.007,0.0,0.000,0.000,0.010,0.000,0.000,0.000,0.000,0.000,0.098,0.000,0.000,0.000,0,0,0,0,0,0,0,0,0,0,0,0,0
11.561,0.007,0.0,0.000,0.000,0.010,0.000,0.000,0.000,0.000,0.000,0.098,0.000,0.000,0.000,0,0,0,0,0,0,0,0,0,0,0,0,0
11.591,0.015,0.0,0.000,0.000,0.017,0.000,0.000,0.000,0.000,0.000,0.169,0.000,0.000,0.000,0,0,0,0,0,0,0,0,0,0,0,0,0
11.612,0.015,0.0,0.000,0.000,0.017,0.000,0.000,0.000,0.000,0.000,0.169,0.000,0.000,0.000,0,0,0,0,0,0,0,0,0,0,0,0,0
11.629,0.021,0.0,0.000,0.000,0.016,0.000,0.000,0.000,0.000,0.000,0.158,0.000,0.000,0.000,0,0,0,0,0,0,0,0,0,0,0,0,0
11.646,0.021,0.0,0.000,0.000,0.016,0.000,0.000,0.000,0.000,0.000,0.158,0.000,0.000,0.000,0,0,0,0,0,0,0,0,0,0,0,0,0
11.668,0.021,0.0,0.000,0.000,0.016,0.000,0.000,0.000,0.000,0.000,0.158,0.000,0.000,0.000,0,0,0,0,0,0,0,0,0,0,0,0,0
11.690,0.027,0.1,0.000,0.000,0.010,0.000,0.000,0.000,0.000,0.000,0.099,0.000,0.000,0.000,0,0,0,0,0,0,0,0,0,0,0,0,0
11.715,0.027,0.1,0.000,0.000,0.010,0.000,0.000,0.000,0.000,0.000,0.099,0.000,0.000,0.000,0,0,0,0,0,0,0,0,0,0,0,0,0
11.746,0.035,0.1,0.000,0.000,0.014,0.000,0.000,0.000,0.000,0.000,0.140,0.000,0.000,0.000,0,0,0,0,0,0,0,0,0,0,0,0,0
11.767,0.035,0.1,0.000,0.000,0.014,0.000,0.000,0.000,0.000,0.000,0.140,0.000,0.000,0.000,0,0,0,0,0,0,0,0,0,0,0,0,0
11.793,0.041,0.1,0.000,0.000,0.013,0.000,0.000,0.000,0.000,0.000,0.129,0.000,0.000,-0.001,0,1,"id8m10",0,0,0,0,0,0,0,0,0,0
11.827,0.041,0.1,0.000,0.000,0.013,0.000,0.000,0.000,0.000,0.000,0.129,0.000,0.000,-0.001,0,1,0,0,0,0,0,0,0,0,0,606,1174
11.849,0.047,0.1,0.000,0.000,0.011,0.000,0.000,0.000,0.000,0.000,0.107,0.000,0.000,-0.001,0,1,0,0,0,0,0,0,0,0,0,-1015,-1359
11.871,0.047,0.1,0.000,0.000,0.011,0.000,0.000,0.000,0.000,0.000,0.107,0.000,0.000,-0.001,0,1,0,0,0,0,0,0,0,0,0,78,39
11.889,0.055,0.1,0.000,0.000,0.021,0.000,0.000,0.000,0.000,0.000,0.201,0.000,0.000,-0.001,0,1,0,0,0,0,0,0,0,0,0,435,1097
11.905,0.055,0.1,0.000,0.000,0.021,0.000,0.000,0.000,0.000,0.000,0.201,0.000,0.000,-0.001,0,1,0,0,0,0,0,0,0,0,0,73,37
11.926,0.055,0.1,0.000,0.000,0.021,0.000,0.000,0.000,0.000,0.000,0.201,0.000,0.000,-0.001,0,1,0,0,0,0,0,0,0,0,0,-195,-97
11.943,0.061,0.1,0.000,0.000,0.011,0.000,0.000,0.000,0.000,0.000,0.111,0.000,0.000,-0.001,0,1,0,0,0,0,0,0,0,0,0,0,0
11.960,0.061,0.1,0.000,0.000,0.011,0.000,0.000,0.000,0.000,0.000,0.111,0.000,0.000,-0.001,0,1,0,0,0,0,0,0,0,0,0,0,0
11.977,0.061,0.1,0.000,0.000,0.011,0.000,0.000,0.000,0.000,0.000,0.111,0.000,0.000,-0.001,0,1,0,0,0,0,0,0,0,0,0,0,0
11.998,0.067,0.1,0.000,0.000,0.011,0.000,0.000,0.000,0.000,0.000,0.107,0.000,0.000,-0.001,0,1,0,0,0,0,0,0,0,0,0,0,0
12.015,0.067,0.1,0.000,0.000,0.011,0.000,0.000,0.000,0.000,0.000,0.107,0.000,0.000,-0.001,0,1,0,0,0,0,0,0,0,0,0,0,0
12.043,0.067,0.1,0.000,0.000,0.011,0.000,0.000,0.000,0.000,0.000,0.107,0.000,0.000,-0.001,0,1,0,0,0,0,0,0,0,0,0,0,0
12.060,0.075,0.2,0.000,0.000,0.013,0.000,0.000,0.000,0.000,0.000,0.130,0.000,0.000,-0.001,0,1,0,0,0,0,0,-1,0,0,0,0,0
12.081,0.075,0.2,0.000,0.000,0.013,0.000,0.000,0.000,0.000,0.000,0.130,0.000,0.000,-0.001,0,1,0,0,0,0,0,0,0,0,0,0,0
12.098,0.081,0.2,0.000,0.000,0.016,0.000,0.000,0.000,0.000,0.000,0.156,0.000,0.000,-0.001,0,1,0,0,0,0,0,0,0,0,0,0,0
12.115,0.081,0.2,0.000,0.000,0.016,0.000,0.000,0.000,0.000,0.000,0.156,0.000,0.000,-0.001,0,1,0,0,0,0,0,0,0,0,0,0,0
12.132,0.081,0.2,0.000,0.000,0.016,0.000,0.000,0.000,0.000,0.000,0.156,0.000,0.000,-0.001,0,1,0,0,0,0,0,0,0,0,0,0,0
12.153,0.087,0.2,0.000,0.000,0.011,0.000,0.000,0.000,0.000,0.000,0.109,0.000,0.000,-0.001,0,1,0,0,0,0,0,-1,0,0,0,0,0
12.170,0.087,0.2,0.000,0.000,0.011,0.000,0.000,0.000,0.000,0.000,0.109,0.000,0.000,-0.001,0,1,0,0,0,0,0,0,0,0,0,0,0
12.188,0.087,0.2,0.000,0.000,0.011,0.000,0.000,0.000,0.000,0.000,0.109,0.000,0.000,-0.001,0,1,0,0,0,0,0,0,0,0,0,0,0
12.215,0.095,0.2,0.000,0.000,0.013,0.000,0.000,0.000,0.000,0.000,0.127,0.000,0.000,-0.001,0,1,0,0,0,0,0,0,0,0,0,0,0
12.236,0.095,0.2,0.000,0.000,0.013,0.000,0.000,0.000,0.000,0.000,0.127,0.000,0.000,-0.001,0,1,0,0,0,0,0,-1,0,0,0,0,0
12.254,0.101,0.2,0.000,0.000,0.016,0.000,0.000,0.000,0.000,0.000,0.156,0.000,0.000,-0.001,0,1,0,0,0,0,0,-1,0,0,0,0,0
12.271,0.101,0.2,0.000,0.000,0.016,0.000,0.000,0.000,0.000,0.000,0.156,0.000,0.000,-0.001,0,1,0,0,0,0,0,0,0,0,0,0,0
12.293,0.101,0.2,0.000,0.000,0.016,0.000,0.000,0.000,0.000,0.000,0.156,0.000,0.000,-0.001,0,1,0,0,0,0,0,1,0,0,0,0,0
12.314,0.107,0.2,0.000,0.000,0.010,0.000,0.000,0.000,0.000,0.000,0.099,0.000,0.000,-0.001,0,1,0,0,0,0,0,0,0,0,0,0,0
12.331,0.107,0.2,0.000,0.000,0.010,0.000,0.000,0.000,0.000,0.000,0.099,0.000,0.000,-0.001,0,1,0,0,0,0,0,-1,0,0,0,0,0
12.348,0.107,0.2,0.000,0.000,0.010,0.000,0.000,0.000,0.000,0.000,0.099,0.000,0.000,-0.001,0,1,0,0,0,0,0,0,0,0,0,0,0
12.371,0.115,0.3,0.000,0.000,0.014,0.000,0.000,0.000,0.000,0.000,0.139,0.000,0.000,-0.001,0,1,0,0,0,0,0,1,0,0,0,0,0
12.391,0.115,0.3,0.000,0.000,0.014,0.000,0.000,0.000,0.000,0.000,0.139,0.000,0.000,-0.001,0,1,0,0,0,0,0,1,0,0,0,0,0
12.419,0.121,0.3,0.000,0.000,0.013,0.000,0.000,0.000,0.000,0.000,0.125,0.000,0.000,-0.002,0,1,0,0,0,0,0,-1,0,0,0,0,0
12.436,0.121,0.3,0.000,0.000,0.013,0.000,0.000,0.000,0.000,0.000,0.125,0.000,0.000,-0.002,0,1,0,0,0,0,0,-1,0,0,0,0,0
12.465,0.127,0.3,0.000,0.000,0.013,0.000,0.000,0.000,0.000,0.000,0.130,0.000,0.000,-0.002,0,1,0,0,0,0,0,1,0,0,0,0,0
12.485,0.127,0.3,0.000,0.000,0.013,0.000,0.000,0.000,0.000,0.000,0.130,0.000,0.000,-0.002,0,1,0,0,0,0,0,0,0,0,0,0,0
12.503,0.127,0.3,0.000,0.000,0.013,0.000,0.000,0.000,0.000,0.000,0.130,0.000,0.000,-0.002,0,1,0,0,0,0,0,-1,0,0,0,0,0
12.520,0.135,0.3,0.000,0.000,0.015,0.000,0.000,0.000,0.000,0.000,0.145,0.000,0.000,-0.002,0,1,0,0,0,0,0,-1,0,0,0,0,0
12.538,0.135,0.3,0.000,0.000,0.015,0.000,0.000,0.000,0.000,0.000,0.145,0.000,0.000,-0.002,0,1,0,0,0,0,0,0,0,0,0,0,0
12.558,0.135,0.3,0.000,0.000,0.015,0.000,0.000,0.000,0.000,0.000,0.145,0.000,0.000,-0.002,0,1,0,0,0,0,0,1,0,0,0,0,1
12.590,0.141,0.3,0.000,0.000,0.009,0.000,0.000,0.000,0.000,0.000,0.086,0.000,0.000,-0.002,0,1,0,0,0,0,0,0,0,0,0,0,0
12.621,0.146,0.3,0.000,0.000,0.020,0.000,0.000,0.000,0.000,0.000,0.193,0.000,0.000,-0.002,0,1,0,0,0,0,0,-1,0,0,0,0,0
12.642,0.146,0.3,0.000,0.000,0.020,0.000,0.000,0.000,0.000,0.000,0.193,0.000,0.000,-0.002,0,1,0,0,0,0,0,1,0,0,0,0,0
12.669,0.146,0.3,0.000,0.000,0.020,0.000,0.000,0.000,0.000,0.000,0.193,0.000,0.000,-0.002,0,1,0,0,0,0,0,0,0,0,0,0,0
12.685,0.154,0.3,0.000,0.000,0.013,0.000,0.000,0.000,0.000,0.000,0.125,0.000,0.000,-0.002,0,1,0,0,0,0,0,-1,0,0,0,0,0
12.716,0.154,0.3,0.000,0.000,0.013,0.000,0.000,0.000,0.000,0.000,0.125,0.000,0.000,-0.002,0,1,0,0,0,0,0,0,0,0,0,0,0
12.737,0.160,0.4,0.000,0.000,0.012,0.000,0.000,0.000,0.000,0.000,0.116,0.000,0.000,-0.002,0,1,0,0,0,0,0,1,0,0,0,0,1
12.754,0.160,0.4,0.000,0.000,0.012,0.000,0.000,0.000,0.000,0.000,0.116,0.000,0.000,-0.002,0,1,0,0,0,0,0,1,0,0,0,0,0
12.771,0.160,0.4,0.000,0.000,0.012,0.000,0.000,0.000,0.000,0.000,0.116,0.000,0.000,-0.002,0,1,0,0,0,0,0,0,0,0,0,0,0
12.794,0.166,0.4,0.000,0.000,0.011,0.000,0.000,0.000,0.000,0.000,0.106,0.000,0.000,-0.002,0,1,0,0,0,0,0,-1,0,0,0,0,0
12.815,0.166,0.4,0.000,0.000,0.011,0.000,0.000,0.000,0.000,0.000,0.106,0.000,0.000,-0.002,0,1,0,0,0,0,0,0,0,0,0,0,0
12.840,0.174,0.4,0.000,0.000,0.018,0.000,0.000,0.000,0.000,0.000,0.172,0.000,0.000,-0.002,0,1,0,0,0,0,0,1,0,0,0,0,1
12.856,0.174,0.4,0.000,0.000,0.018,0.000,0.000,0.000,0.000,0.000,0.172,0.000,0.000,-0.002,0,1,0,0,0,0,0,0,0,0,0,0,0
12.873,0.174,0.4,0.000,0.000,0.018,0.000,0.000,0.000,0.000,0.000,0.172,0.000,0.000,-0.002,0,1,0,0,0,0,0,-1,0,0,0,0,0
12.894,0.180,0.4,0.000,0.000,0.011,0.000,0.000,0.000,0.000,0.000,0.112,0.000,0.000,-0.002,0,1,0,0,0,0,0,-1,0,0,0,0,0
12.911,0.180,0.4,0.000,0.000,0.011,0.000,0.000,0.000,0.000,0.000,0.112,0.000,0.000,-0.002,0,1,0,0,0,0,0,1,0,0,0,0,0
12.927,0.180,0.4,0.000,0.000,0.011,0.000,0.000,0.000,0.000,0.000,0.112,0.000,0.000,-0.002,0,1,0,0,0,0,0,1,0,0,0,0,1
12.944,0.186,0.4,0.000,0.000,0.012,0.000,0.000,0.000,0.000,0.000,0.118,0.000,0.000,-0.002,0,1,0,0,0,0,0,0,0,0,0,0,0
12.965,0.186,0.4,0.000,0.000,0.012,0.000,0.000,0.000,0.000,0.000,0.118,0.000,0.000,-0.002,0,1,0,0,0,0,0,-1,0,0,0,0,-1
12.997,0.194,0.4,0.000,0.000,0.015,0.000,0.000,0.000,0.000,0.000,0.151,0.000,0.000,-0.003,0,1,0,0,0,0,0,0,0,0,0,0,0
13.014,0.194,0.4,0.000,0.000,0.015,0.000,0.000,0.000,0.000,0.000,0.151,0.000,0.000,-0.003,0,1,0,0,0,0,0,1,0,0,0,0,1
13.030,0.194,0.4,0.000,0.000,0.015,0.000,0.000,0.000,0.000,0.000,0.151,0.000,0.000,-0.003,0,1,0,0,0,0,0,1,0,0,0,0,0
13.054,0.200,0.4,0.000,0.000,0.011,0.000,0.000,0.000,0.000,0.000,0.106,0.000,0.000,-0.003,0,1,0,0,0,0,0,-1,0,0,0,0,-1
13.071,0.200,0.4,0.000,0.000,0.011,0.000,0.000,0.000,0.000,0.000,0.106,0.000,0.000,-0.003,0,1,0,0,0,0,0,-1,0,0,0,0,0
13.088,0.206,0.5,0.000,0.000,0.018,0.000,0.000,0.000,0.000,0.000,0.172,0.000,0.000,-0.003,0,1,0,0,0,0,0,0,0,0,0,0,0
13.119,0.206,0.5,0.000,0.000,0.018,0.000,0.000,0.000,0.000,0.000,0.172,0.000,0.000,-0.003,0,1,0,0,0,0,0,1,0,0,0,0,1
13.142,0.214,0.5,0.000,0.000,0.015,0.000,0.000,0.000,0.000,0.000,0.150,0.000,0.000,-0.003,0,1,0,0,0,0,0,-1,0,0,0,0,-1
13.158,0.214,0.5,0.000,0.000,0.015,0.000,0.000,0.000,0.000,0.000,0.150,0.000,0.000,-0.003,0,1,0,0,0,0,0,-1,0,0,0,0,-1
13.175,0.214,0.5,0.000,0.000,0.015,0.000,0.000,0.000,0.000,0.000,0.150,0.000,0.000,-0.003,0,1,0,0,0,0,0,0,0,0,0,0,0
13.192,0.220,0.5,0.000,0.000,0.012,0.000,0.000,0.000,0.000,0.000,0.119,0.000,0.000,-0.003,0,2,"id17m5",0,0,0,0,1,0,0,0,0,1
13.224,0.220,0.5,0.000,0.000,0.012,0.000,0.000,0.000,0.000,0.000,0.119,0.000,0.000,-0.003,0,2,0,0,0,0,0,0,0,0,0,975,1341
13.246,0.226,0.5,0.000,0.000,0.011,0.000,0.000,0.000,0.000,0.000,0.110,0.000,0.000,-0.003,0,2,0,0,0,0,0,-2,0,0,0,-1017,-1361
13.263,0.226,0.5,0.000,0.000,0.011,0.000,0.000,0.000,0.000,0.000,0.110,0.000,0.000,-0.003,0,2,0,0,0,0,0,0,0,0,0,-335,-1052
13.285,0.226,0.5,0.000,0.000,0.011,0.000,0.000,0.000,0.000,0.000,0.110,0.000,0.000,-0.003,0,2,0,0,0,0,0,2,0,0,0,448,1104
13.303,0.234,0.5,0.000,0.000,0.014,0.000,0.000,0.000,0.000,0.000,0.141,0.000,0.000,-0.003,0,2,0,0,0,0,0,1,0,0,0,125,63
13.320,0.234,0.5,0.000,0.000,0.014,0.000,0.000,0.000,0.000,0.000,0.141,0.000,0.000,-0.003,0,2,0,0,0,0,0,-1,0,0,0,-187,-94
13.340,0.234,0.5,0.000,0.000,0.014,0.000,0.000,0.000,0.000,0.000,0.141,0.000,0.000,-0.003,0,2,0,0,0,0,0,-2,0,0,0,0,-1
13.361,0.240,0.5,0.000,0.000,0.011,0.000,0.000,0.000,0.000,0.000,0.103,0.000,0.000,-0.003,0,2,0,0,0,0,0,0,0,0,0,0,0
13.378,0.240,0.5,0.000,0.000,0.011,0.000,0.000,0.000,0.000,0.000,0.103,0.000,0.000,-0.003,0,2,0,0,0,0,0,2,0,0,0,0,1
13.395,0.240,0.5,0.000,0.000,0.011,0.000,0.000,0.000,0.000,0.000,0.103,0.000,0.000,-0.003,0,2,0,0,0,0,0,1,0,0,0,0,0
13.418,0.246,0.6,0.000,0.000,0.011,0.000,0.000,0.000,0.000,0.000,0.105,0.000,0.000,-0.003,0,2,0,0,0,0,0,-2,0,0,0,0,-1
13.438,0.246,0.6,0.000,0.000,0.011,0.000,0.000,0.000,0.000,0.000,0.105,0.000,0.000,-0.003,0,2,0,0,0,0,0,-1,0,0,0,0,0
13.455,0.254,0.6,0.000,0.000,0.021,0.000,0.000,0.000,0.000,0.000,0.211,0.000,0.000,-0.003,0,2,0,0,0,0,0,1,0,0,0,0,1
13.472,0.254,0.6,0.000,0.000,0.021,0.000,0.000,0.000,0.000,0.000,0.211,0.000,0.000,-0.003,0,2,0,0,0,0,0,2,0,0,0,0,1
13.497,0.254,0.6,0.000,0.000,0.021,0.000,0.000,0.000,0.000,0.000,0.211,0.000,0.000,-0.003,0,2,0,0,0,0,0,-1,0,0,0,0,0
13.518,0.260,0.6,0.000,0.000,0.010,0.000,0.000,0.000,0.000,0.000,0.096,0.000,0.000,-0.003,0,2,0,0,0,0,0,-2,0,0,0,0,-1
13.543,0.260,0.6,0.000,0.000,0.010,0.000,0.000,0.000,0.000,0.000,0.096,0.000,0.000,-0.003,0,2,0,0,0,0,0,1,0,0,0,0,0
13.561,0.266,0.6,0.000,0.000,0.014,0.000,0.000,0.000,0.000,0.000,0.139,0.000,0.000,-0.003,0,2,0,0,0,0,0,2,0,0,0,0,1
13.590,0.266,0.6,0.000,0.000,0.014,0.000,0.000,0.000,0.000,0.000,0.139,0.000,0.000,-0.003,0,2,0,0,0,0,0,-1,0,0,0,0,0
13.611,0.274,0.6,0.000,0.000,0.016,0.000,0.000,0.000,0.000,0.000,0.157,0.000,0.000,-0.004,0,2,0,0,0,0,0,-2,0,0,0,0,-1
13.628,0.274,0.6,0.000,0.000,0.016,0.000,0.000,0.000,0.000,0.000,0.157,0.000,0.000,-0.004,0,2,0,0,0,0,0,0,0,0,0,0,0
13.646,0.274,0.6,0.000,0.000,0.016,0.000,0.000,0.000,0.000,0.000,0.157,0.000,0.000,-0.004,0,2,0,0,0,0,0,2,0,0,0,0,1
13.663,0.280,0.6,0.000,0.000,0.012,0.000,0.000,0.000,0.000,0.000,0.116,0.000,0.000,-0.004,0,2,0,0,0,0,0,1,0,0,0,0,1
13.684,0.280,0.6,0.000,0.000,0.012,0.000,0.000,0.000,0.000,0.000,0.116,0.000,0.000,-0.004,0,2,0,0,0,0,0,-1,0,0,0,0,-1
13.701,0.280,0.6,0.000,0.000,0.012,0.000,0.000,0.000,0.000,0.000,0.116,0.000,0.000,-0.004,0,2,0,0,0,0,0,-2,0,0,0,0,-1
13.718,0.286,0.6,0.000,0.000,0.011,0.000,0.000,0.000,0.000,0.000,0.109,0.000,0.000,-0.004,0,2,0,0,0,0,0,0,0,0,0,0,0
13.746,0.286,0.6,0.000,0.000,0.011,0.000,0.000,0.000,0.000,0.000,0.109,0.000,0.000,-0.004,0,2,0,0,0,0,0,2,0,0,0,0,1
13.767,0.294,0.7,0.000,0.000,0.017,0.000,0.000,0.000,0.000,0.000,0.163,0.000,0.000,-0.004,0,2,0,0,0,0,0,0,0,0,0,0,0
13.793,0.294,0.7,0.000,0.000,0.017,0.000,0.000,0.000,0.000,0.000,0.163,0.000,0.000,-0.004,0,2,0,0,0,0,0,-2,0,0,0,0,-1
13.810,0.294,0.7,0.000,0.000,0.017,0.000,0.000,0.000,0.000,0.000,0.163,0.000,0.000,-0.004,0,2,0,0,0,0,0,0,0,0,0,0,0
13.826,0.300,0.7,0.000,0.000,0.010,0.000,0.000,0.000,0.000,0.000,0.101,0.000,0.000,-0.004,0,2,0,0,0,0,0,2,0,0,0,0,1
13.848,0.300,0.7,0.000,0.000,0.010,0.000,0.000,0.000,0.000,0.000,0.101,0.000,0.000,-0.004,0,2,0,0,0,0,0,1,0,0,0,0,1
13.871,0.306,0.7,0.000,0.000,0.013,0.000,0.000,0.000,0.000,0.000,0.132,0.000,0.000,-0.004,0,2,0,0,0,0,0,-2,0,0,0,0,-1
13.888,0.306,0.7,0.000,0.000,0.013,0.000,0.000,0.000,0.000,0.000,0.132,0.000,0.000,-0.004,0,2,0,0,0,0,0,-2,0,0,0,0,-1
13.918,0.306,0.7,0.000,0.000,0.013,0.000,0.000,0.000,0.000,0.000,0.132,0.000,0.000,-0.004,0,2,0,0,0,0,0,2,0,0,0,0,1
13.940,0.314,0.7,0.000,0.000,0.012,0.000,0.000,0.000,0.000,0.000,0.116,0.000,0.000,-0.004,0,2,0,0,0,0,0,1,0,0,0,0,1
13.965,0.314,0.7,0.000,0.000,0.012,0.000,0.000,0.000,0.000,0.000,0.116,0.000,0.000,-0.004,0,2,0,0,0,0,0,-2,0,0,0,0,-1
13.996,0.320,0.7,0.000,0.000,0.011,0.000,0.000,0.000,0.000,0.000,0.106,0.000,0.000,-0.004,0,2,0,0,0,0,0,1,0,0,0,0,0
14.017,0.320,0.7,0.000,0.000,0.011,0.000,0.000,0.000,0.000,0.000,0.106,0.000,0.000,-0.004,0,2,0,0,0,0,0,2,0,0,0,0,1
14.034,0.326,0.7,0.000,0.000,0.016,0.000,0.000,0.000,0.000,0.000,0.158,0.000,0.000,-0.004,0,2,0,0,0,0,0,1,0,0,0,0,0
14.052,0.326,0.7,0.000,0.000,0.016,0.000,0.000,0.000,0.000,0.000,0.158,0.000,0.000,-0.004,0,2,0,0,0,0,0,-2,0,0,0,0,-1
14.069,0.326,0.7,0.000,0.000,0.016,0.000,0.000,0.000,0.000,0.000,0.158,0.000,0.000,-0.004,0,2,0,0,0,0,0,-2,0,0,0,0,-1
14.090,0.334,0.7,0.000,0.000,0.014,0.000,0.000,0.000,0.000,0.000,0.141,0.000,0.000,-0.004,0,2,0,0,0,0,0,1,0,0,0,0,1
14.121,0.334,0.7,0.000,0.000,0.014,0.000,0.000,0.000,0.000,0.000,0.141,0.000,0.000,-0.004,0,2,0,0,0,0,0,1,0,0,0,0,1
14.138,0.340,0.8,0.000,0.000,0.013,0.000,0.000,0.000,0.000,0.000,0.124,0.000,0.000,-0.004,0,2,0,0,0,0,0,-1,0,0,0,0,-1
14.168,0.340,0.8,0.000,0.000,0.013,0.000,0.000,0.000,0.000,0.000,0.124,0.000,0.000,-0.004,0,2,0,0,0,0,0,-1,0,0,0,0,0
14.189,0.346,0.8,0.000,0.000,0.012,0.000,0.000,0.000,0.000,0.000,0.118,0.000,0.000,-0.005,0,2,0,0,0,0,0,2,0,0,0,0,1
14.215,0.346,0.8,0.000,0.000,0.012,0.000,0.000,0.000,0.000,0.000,0.118,0.000,0.000,-0.005,0,2,0,0,0,0,0,1,0,0,0,0,1
14.246,0.354,0.8,0.000,0.000,0.014,0.000,0.000,0.000,0.000,0.000,0.139,0.000,0.000,-0.005,0,2,0,0,0,0,0,-3,0,0,0,0,-1
14.268,0.354,0.8,0.000,0.000,0.014,0.000,0.000,0.000,0.000,0.000,0.139,0.000,0.000,-0.005,0,2,0,0,0,0,0,0,0,0,0,0,0
14.293,0.360,0.8,0.000,0.000,0.013,0.000,0.000,0.000,0.000,0.000,0.126,0.000,0.000,-0.005,0,2,0,0,0,0,0,2,0,0,0,0,1
14.310,0.360,0.8,0.000,0.000,0.013,0.000,0.000,0.000,0.000,0.000,0.126,0.000,0.000,-0.005,0,2,0,0,0,0,0,0,0,0,0,0,0
14.326,0.360,0.8,0.000,0.000,0.013,0.000,0.000,0.000,0.000,0.000,0.126,0.000,0.000,-0.005,0,2,0,0,0,0,0,-2,0,0,0,0,-1
14.348,0.366,0.8,0.000,0.000,0.011,0.000,0.000,0.000,0.000,0.000,0.110,0.000,0.000,-0.005,0,2,0,0,0,0,0,-1,0,0,0,0,-1
14.371,0.366,0.8,0.000,0.000,0.011,0.000,0.000,0.000,0.000,0.000,0.110,0.000,0.000,-0.005,0,2,0,0,0,0,0,2,0,0,0,0,1
14.389,0.374,0.8,0.000,0.000,0.020,0.000,0.000,0.000,0.000,0.000,0.197,0.000,0.000,-0.005,0,2,0,0,0,0,0,2,0,0,0,0,1
14.418,0.374,0.8,0.000,0.000,0.020,0.000,0.000,0.000,0.000,0.000,0.197,0.000,0.000,-0.005,0,2,0,0,0,0,0,-3,0,0,0,0,-1
14.440,0.374,0.8,0.000,0.000,0.020,0.000,0.000,0.000,0.000,0.000,0.197,0.000,0.000,-0.005,0,2,0,0,0,0,0,-2,0,0,0,0,-1
14.465,0.380,0.8,0.000,0.000,0.008,0.000,0.000,0.000,0.000,0.000,0.078,0.000,0.000,-0.005,0,2,0,0,0,0,0,2,0,0,0,0,1
14.497,0.385,0.9,0.000,0.000,0.019,0.000,0.000,0.000,0.000,0.000,0.186,0.000,0.000,-0.005,0,2,0,0,0,0,0,-1,0,0,0,0,0
14.517,0.385,0.9,0.000,0.000,0.019,0.000,0.000,0.000,0.000,0.000,0.186,0.000,0.000,-0.005,0,2,0,0,0,0,0,-3,0,0,0,0,-1
14.543,0.385,0.9,0.000,0.000,0.019,0.000,0.000,0.000,0.000,0.000,0.186,0.000,0.000,-0.005,0,2,0,0,0,0,0,1,0,0,0,0,1
14.561,0.394,0.9,0.000,0.000,0.013,0.000,0.000,0.000,0.000,0.000,0.125,0.000,0.000,-0.005,0,2,0,0,0,0,0,3,0,0,0,0,2
14.590,0.394,0.9,0.000,0.000,0.013,0.000,0.000,0.000,0.000,0.000,0.125,0.000,0.000,-0.005,0,2,0,0,0,0,0,-1,0,0,0,0,-1
14.611,0.399,0.9,0.000,0.000,0.012,0.000,0.000,0.000,0.000,0.000,0.118,0.000,0.000,-0.005,0,2,0,0,0,0,0,-3,0,0,0,0,-1
14.629,0.399,0.9,0.000,0.000,0.012,0.000,0.000,0.000,0.000,0.000,0.118,0.000,0.000,-0.005,0,2,0,0,0,0,0,0,0,0,0,0,0
14.646,0.399,0.9,0.000,0.000,0.012,0.000,0.000,0.000,0.000,0.000,0.118,0.000,0.000,-0.005,0,2,0,0,0,0,0,3,0,0,0,0,1
14.668,0.405,0.9,0.000,0.000,0.011,0.000,0.000,0.000,0.000,0.000,0.105,0.000,0.000,-0.005,0,2,0,0,0,0,0,1,0,0,0,0,1
14.688,0.405,0.9,0.000,0.000,0.011,0.000,0.000,0.000,0.000,0.000,0.105,0.000,0.000,-0.005,0,2,0,0,0,0,0,-2,0,0,0,0,-1
14.715,0.413,0.9,0.000,0.000,0.017,0.000,0.000,0.000,0.000,0.000,0.170,0.000,0.000,-0.005,0,2,0,0,0,0,0,-1,0,0,0,0,-1
14.747,0.413,0.9,0.000,0.000,0.017,0.000,0.000,0.000,0.000,0.000,0.170,0.000,0.000,-0.005,0,2,0,0,0,0,0,3,0,0,0,0,2
14.767,0.419,0.9,0.000,0.000,0.012,0.000,0.000,0.000,0.000,0.000,0.113,0.000,0.000,-0.005,0,2,0,0,0,0,0,0,0,0,0,0,0
14.793,0.419,0.9,0.000,0.000,0.012,0.000,0.000,0.000,0.000,0.000,0.113,0.000,0.000,-0.005,0,2,0,0,0,0,0,-3,0,0,0,0,-1
14.810,0.425,1.0,0.000,0.000,0.014,0.000,0.000,0.000,0.000,0.000,0.140,0.000,0.000,-0.006,0,3,"id8m10",0,0,0,0,0,0,0,0,0,0
14.827,0.425,1.0,0.000,0.000,0.014,0.000,0.000,0.000,0.000,0.000,0.140,0.000,0.000,-0.006,0,3,0,0,0,0,0,3,0,0,0,2323,1953
14.849,0.425,1.0,0.000,0.000,0.014,0.000,0.000,0.000,0.000,0.000,0.140,0.000,0.000,-0.006,0,3,0,0,0,0,0,2,0,0,0,0,1
14.872,0.433,1.0,0.000,0.000,0.013,0.000,0.000,0.000,0.000,0.000,0.128,0.000,0.000,-0.006,0,3,0,0,0,0,0,-3,0,0,0,-865,-1293
14.889,0.433,1.0,0.000,0.000,0.013,0.000,0.000,0.000,0.000,0.000,0.128,0.000,0.000,-0.006,0,3,0,0,0,0,0,-3,0,0,0,83,40
14.918,0.439,1.0,0.000,0.000,0.013,0.000,0.000,0.000,0.000,0.000,0.130,0.000,0.000,-0.006,0,3,0,0,0,0,0,3,0,0,0,203,103
14.938,0.439,1.0,0.000,0.000,0.013,0.000,0.000,0.000,0.000,0.000,0.130,0.000,0.000,-0.006,0,3,0,0,0,0,0,2,0,0,0,-188,-93
14.965,0.445,1.0,0.000,0.000,0.013,0.000,0.000,0.000,0.000,0.000,0.126,0.000,0.000,-0.006,0,3,0,0,0,0,0,-3,0,0,0,0,-1
14.996,0.445,1.0,0.000,0.000,0.013,0.000,0.000,0.000,0.000,0.000,0.126,0.000,0.000,-0.006,0,3,0,0,0,0,0,1,0,0,0,0,0
15.017,0.453,1.0,0.000,0.000,0.016,0.000,0.000,0.000,0.000,0.000,0.155,0.000,0.000,-0.006,0,3,0,0,0,0,0,3,0,0,0,0,2
15.034,0.453,1.0,0.000,0.000,0.016,0.000,0.000,0.000,0.000,0.000,0.155,0.000,0.000,-0.006,0,3,0,0,0,0,0,1,0,0,0,0,1
15.051,0.453,1.0,0.000,0.000,0.016,0.000,0.000,0.000,0.000,0.000,0.155,0.000,0.000,-0.006,0,3,0,0,0,0,0,-3,0,0,0,0,-1
15.069,0.459,1.0,0.000,0.000,0.012,0.000,0.000,0.000,0.000,0.000,0.116,0.000,0.000,-0.006,0,3,0,0,0,0,0,-3,0,0,0,0,-1
15.090,0.459,1.0,0.000,0.000,0.012,0.000,0.000,0.000,0.000,0.000,0.116,0.000,0.000,-0.006,0,3,0,0,0,0,0,1,0,0,0,0,1
15.122,0.465,1.0,0.000,0.000,0.011,0.000,0.000,0.000,0.000,0.000,0.110,0.000,0.000,-0.006,0,3,0,0,0,0,0,2,0,0,0,0,1
15.138,0.465,1.0,0.000,0.000,0.011,0.000,0.000,0.000,0.000,0.000,0.110,0.000,0.000,-0.006,0,3,0,0,0,0,0,-2,0,0,0,0,-1
15.168,0.465,1.0,0.000,0.000,0.011,0.000,0.000,0.000,0.000,0.000,0.110,0.000,0.000,-0.006,0,3,0,0,0,0,0,-1,0,0,0,0,-1
15.189,0.473,1.1,0.000,0.000,0.012,0.000,0.000,0.000,0.000,0.000,0.119,0.000,0.000,-0.006,0,3,0,0,0,0,0,3,0,0,0,0,2
15.216,0.473,1.1,0.000,0.000,0.012,0.000,0.000,0.000,0.000,0.000,0.119,0.000,0.000,-0.006,0,3,0,0,0,0,0,1,0,0,0,0,1
15.232,0.479,1.1,0.000,0.000,0.014,0.000,0.000,0.000,0.000,0.000,0.139,0.000,0.000,-0.006,0,3,0,0,0,0,0,-3,0,0,0,0,-1
15.249,0.479,1.1,0.000,0.000,0.014,0.000,0.000,0.000,0.000,0.000,0.139,0.000,0.000,-0.006,0,3,0,0,0,0,0,-3,0,0,0,0,-2
15.270,0.479,1.1,0.000,0.000,0.014,0.000,0.000,0.000,0.000,0.000,0.139,0.000,0.000,-0.006,0,3,0,0,0,0,0,1,0,0,0,0,1
15.294,0.485,1.1,0.000,0.000,0.010,0.000,0.000,0.000,0.000,0.000,0.097,0.000,0.000,-0.006,0,3,0,0,0,0,0,3,0,0,0,0,2
15.310,0.485,1.1,0.000,0.000,0.010,0.000,0.000,0.000,0.000,0.000,0.097,0.000,0.000,-0.006,0,3,0,0,0,0,0,0,0,0,0,0,0
15.326,0.493,1.1,0.000,0.000,0.025,0.000,0.000,0.000,0.000,0.000,0.242,0.000,0.000,-0.006,0,3,0,0,0,0,0,-4,0,0,0,0,-2
15.349,0.493,1.1,0.000,0.000,0.025,0.000,0.000,0.000,0.000,0.000,0.242,0.000,0.000,-0.006,0,3,0,0,0,0,0,-2,0,0,0,0,-1
15.372,0.493,1.1,0.000,0.000,0.025,0.000,0.000,0.000,0.000,0.000,0.242,0.000,0.000,-0.006,0,3,0,0,0,0,0,4,0,0,0,0,2
15.389,0.499,1.1,0.000,0.000,0.010,0.000,0.000,0.000,0.000,0.000,0.095,0.000,0.000,-0.006,0,3,0,0,0,0,0,3,0,0,0,0,1
15.418,0.499,1.1,0.000,0.000,0.010,0.000,0.000,0.000,0.000,0.000,0.095,0.000,0.000,-0.006,0,3,0,0,0,0,0,-3,0,0,0,0,-2
15.440,0.505,1.1,0.000,0.000,0.012,0.000,0.000,0.000,0.000,0.000,0.118,0.000,0.000,-0.007,0,3,0,0,0,0,0,-2,0,0,0,0,-1
15.457,0.505,1.1,0.000,0.000,0.012,0.000,0.000,0.000,0.000,0.000,0.118,0.000,0.000,-0.007,0,3,0,0,0,0,0,2,0,0,0,0,1
15.474,0.505,1.1,0.000,0.000,0.012,0.000,0.000,0.000,0.000,0.000,0.118,0.000,0.000,-0.007,0,3,0,0,0,0,0,4,0,0,0,0,2
15.497,0.513,1.1,0.000,0.000,0.014,0.000,0.000,0.000,0.000,0.000,0.138,0.000,0.000,-0.007,0,3,0,0,0,0,0,-1,0,0,0,0,0
15.518,0.513,1.1,0.000,0.000,0.014,0.000,0.000,0.000,0.000,0.000,0.138,0.000,0.000,-0.007,0,3,0,0,0,0,0,-4,0,0,0,0,-2
15.544,0.519,1.2,0.000,0.000,0.013,0.000,0.000,0.000,0.000,0.000,0.127,0.000,0.000,-0.007,0,3,0,0,0,0,0,1,0,0,0,0,1
15.560,0.519,1.2,0.000,0.000,0.013,0.000,0.000,0.000,0.000,0.000,0.127,0.000,0.000,-0.007,0,3,0,0,0,0,0,4,0,0,0,0,2
15.590,0.525,1.2,0.000,0.000,0.013,0.000,0.000,0.000,0.000,0.000,0.130,0.000,0.000,-0.007,0,3,0,0,0,0,0,-2,0,0,0,0,-1
15.611,0.525,1.2,0.000,0.000,0.013,0.000,0.000,0.000,0.000,0.000,0.130,0.000,0.000,-0.007,0,3,0,0,0,0,0,-4,0,0,0,0,-2
15.628,0.525,1.2,0.000,0.000,0.013,0.000,0.000,0.000,0.000,0.000,0.130,0.000,0.000,-0.007,0,3,0,0,0,0,0,0,0,0,0,0,0
15.645,0.533,1.2,0.000,0.000,0.015,0.000,0.000,0.000,0.000,0.000,0.145,0.000,0.000,-0.007,0,3,0,0,0,0,0,4,0,0,0,0,2
15.669,0.533,1.2,0.000,0.000,0.015,0.000,0.000,0.000,0.000,0.000,0.145,0.000,0.000,-0.007,0,3,0,0,0,0,0,2,0,0,0,0,1
15.689,0.533,1.2,0.000,0.000,0.015,0.000,0.000,0.000,0.000,0.000,0.145,0.000,0.000,-0.007,0,3,0,0,0,0,0,-3,0,0,0,0,-2
15.715,0.539,1.2,0.000,0.000,0.009,0.000,0.000,0.000,0.000,0.000,0.085,0.000,0.000,-0.007,0,3,0,0,0,0,0,-1,0,0,0,0,-1
15.747,0.544,1.2,0.000,0.000,0.019,0.000,0.000,0.000,0.000,0.000,0.183,0.000,0.000,-0.007,0,3,0,0,0,0,0,4,0,0,0,0,2
15.767,0.544,1.2,0.000,0.000,0.019,0.000,0.000,0.000,0.000,0.000,0.183,0.000,0.000,-0.007,0,3,0,0,0,0,0,0,0,0,0,0,0
15.794,0.544,1.2,0.000,0.000,0.019,0.000,0.000,0.000,0.000,0.000,0.183,0.000,0.000,-0.007,0,3,0,0,0,0,0,-4,0,0,0,0,-2
15.811,0.552,1.2,0.000,0.000,0.013,0.000,0.000,0.000,0.000,0.000,0.125,0.000,0.000,-0.007,0,3,0,0,0,0,0,0,0,0,0,0,0
15.828,0.552,1.2,0.000,0.000,0.013,0.000,0.000,0.000,0.000,0.000,0.125,0.000,0.000,-0.007,0,3,0,0,0,0,0,4,0,0,0,0,2
15.849,0.558,1.2,0.000,0.000,0.016,0.000,0.000,0.000,0.000,0.000,0.157,0.000,0.000,-0.007,0,3,0,0,0,0,0,2,0,0,0,0,1
15.872,0.558,1.2,0.000,0.000,0.016,0.000,0.000,0.000,0.000,0.000,0.157,0.000,0.000,-0.007,0,3,0,0,0,0,0,-4,0,0,0,0,-2
15.889,0.558,1.2,0.000,0.000,0.016,0.000,0.000,0.000,0.000,0.000,0.157,0.000,0.000,-0.007,0,3,0,0,0,0,0,-3,0,0,0,0,-2
15.918,0.564,1.3,0.000,0.000,0.009,0.000,0.000,0.000,0.000,0.000,0.087,0.000,0.000,-0.007,0,3,0,0,0,0,0,4,0,0,0,0,2
15.939,0.564,1.3,0.000,0.000,0.009,0.000,0.000,0.000,0.000,0.000,0.087,0.000,0.000,-0.007,0,3,0,0,0,0,0,2,0,0,0,0,1
15.955,0.572,1.3,0.000,0.000,0.021,0.000,0.000,0.000,0.000,0.000,0.210,0.000,0.000,-0.007,0,3,0,0,0,0,0,-2,0,0,0,0,-1
15.972,0.572,1.3,0.000,0.000,0.021,0.000,0.000,0.000,0.000,0.000,0.210,0.000,0.000,-0.007,0,3,0,0,0,0,0,-5,0,0,0,0,-2
15.997,0.572,1.3,0.000,0.000,0.021,0.000,0.000,0.000,0.000,0.000,0.210,0.000,0.000,-0.007,0,3,0,0,0,0,0,1,0,0,0,0,1
16.018,0.578,1.3,0.000,0.000,0.010,0.000,0.000,0.000,0.000,0.000,0.095,0.000,0.000,-0.008,0,3,0,0,0,0,0,4,0,0,0,0,2
16.043,0.578,1.3,0.000,0.000,0.010,0.000,0.000,0.000,0.000,0.000,0.095,0.000,0.000,-0.008,0,3,0,0,0,0,0,-1,0,0,0,0,-1
16.060,0.584,1.3,0.000,0.000,0.015,0.000,0.000,0.000,0.000,0.000,0.143,0.000,0.000,-0.008,0,3,0,0,0,0,0,-4,0,0,0,0,-2
16.090,0.584,1.3,0.000,0.000,0.015,0.000,0.000,0.000,0.000,0.000,0.143,0.000,0.000,-0.008,0,3,0,0,0,0,0,2,0,0,0,0,1
16.110,0.592,1.3,0.000,0.000,0.016,0.000,0.000,0.000,0.000,0.000,0.156,0.000,0.000,-0.008,0,3,0,0,0,0,0,5,0,0,0,0,2
16.127,0.592,1.3,0.000,0.000,0.016,0.000,0.000,0.000,0.000,0.000,0.156,0.000,0.000,-0.008,0,3,0,0,0,0,0,1,0,0,0,0,1
16.144,0.592,1.3,0.000,0.000,0.016,0.000,0.000,0.000,0.000,0.000,0.156,0.000,0.000,-0.008,0,3,0,0,0,0,0,-4,0,0,0,0,-2
16.161,0.598,1.3,0.000,0.000,0.012,0.000,0.000,0.000,0.000,0.000,0.117,0.000,0.000,-0.008,0,3,0,0,0,0,0,-4,0,0,0,0,-2
16.182,0.598,1.3,0.000,0.000,0.012,0.000,0.000,0.000,0.000,0.000,0.117,0.000,0.000,-0.008,0,3,0,0,0,0,0,2,0,0,0,0,1
16.199,0.598,1.3,0.000,0.000,0.012,0.000,0.000,0.000,0.000,0.000,0.117,0.000,0.000,-0.008,0,3,0,0,0,0,0,4,0,0,0,0,2
16.217,0.604,1.4,0.000,0.000,0.011,0.000,0.000,0.000,0.000,0.000,0.106,0.000,0.000,-0.008,0,4,"id13m60",0,0,0,0,1,0,0,0,0,1
16.233,0.604,1.4,0.000,0.000,0.011,0.000,0.000,0.000,0.000,0.000,0.106,0.000,0.000,-0.008,0,4,0,0,0,0,0,-3,0,0,0,2328,1952
16.254,0.604,1.4,0.000,0.000,0.011,0.000,0.000,0.000,0.000,0.000,0.106,0.000,0.000,-0.008,0,4,0,0,0,0,0,-3,0,0,0,141,69
16.272,0.612,1.4,0.000,0.000,0.015,0.000,0.000,0.000,0.000,0.000,0.145,0.000,0.000,-0.008,0,4,0,0,0,0,0,2,0,0,0,-1021,-1362
16.293,0.612,1.4,0.000,0.000,0.015,0.000,0.000,0.000,0.000,0.000,0.145,0.000,0.000,-0.008,0,4,0,0,0,0,0,5,0,0,0,-53,-24
16.309,0.612,1.4,0.000,0.000,0.015,0.000,0.000,0.000,0.000,0.000,0.145,0.000,0.000,-0.008,0,4,0,0,0,0,0,1,0,0,0,448,1103
16.331,0.618,1.4,0.000,0.000,0.010,0.000,0.000,0.000,0.000,0.000,0.101,0.000,0.000,-0.008,0,4,0,0,0,0,0,-4,0,0,0,38,17
16.347,0.618,1.4,0.000,0.000,0.010,0.000,0.000,0.000,0.000,0.000,0.101,0.000,0.000,-0.008,0,4,0,0,0,0,0,-3,0,0,0,-196,-99
16.365,0.618,1.4,0.000,0.000,0.010,0.000,0.000,0.000,0.000,0.000,0.101,0.000,0.000,-0.008,0,4,0,0,0,0,0,2,0,0,0,0,1
16.382,0.624,1.4,0.000,0.000,0.012,0.000,0.000,0.000,0.000,0.000,0.113,0.000,0.000,-0.008,0,4,0,0,0,0,0,5,0,0,0,0,2
16.403,0.624,1.4,0.000,0.000,0.012,0.000,0.000,0.000,0.000,0.000,0.113,0.000,0.000,-0.008,0,4,0,0,0,0,0,0,0,0,0,0,0
16.420,0.632,1.4,0.000,0.000,0.021,0.000,0.000,0.000,0.000,0.000,0.210,0.000,0.000,-0.008,0,4,0,0,0,0,0,-5,0,0,0,0,-2
16.438,0.632,1.4,0.000,0.000,0.021,0.000,0.000,0.000,0.000,0.000,0.210,0.000,0.000,-0.008,0,4,0,0,0,0,0,-3,0,0,0,0,-2
16.465,0.632,1.4,0.000,0.000,0.021,0.000,0.000,0.000,0.000,0.000,0.210,0.000,0.000,-0.008,0,4,0,0,0,0,0,5,0,0,0,0,3
16.485,0.638,1.4,0.000,0.000,0.009,0.000,0.000,0.000,0.000,0.000,0.092,0.000,0.000,-0.008,0,4,0,0,0,0,0,2,0,0,0,0,1
16.503,0.638,1.4,0.000,0.000,0.009,0.000,0.000,0.000,0.000,0.000,0.092,0.000,0.000,-0.008,0,4,0,0,0,0,0,-3,0,0,0,0,-1
16.520,0.638,1.4,0.000,0.000,0.009,0.000,0.000,0.000,0.000,0.000,0.092,0.000,0.000,-0.008,0,4,0,0,0,0,0,-4,0,0,0,0,-2
16.543,0.644,1.4,0.000,0.000,0.010,0.000,0.000,0.000,0.000,0.000,0.103,0.000,0.000,-0.008,0,4,0,0,0,0,0,2,0,0,0,0,1
16.565,0.644,1.4,0.000,0.000,0.010,0.000,0.000,0.000,0.000,0.000,0.103,0.000,0.000,-0.008,0,4,0,0,0,0,0,5,0,0,0,0,2
16.590,0.651,1.5,0.000,0.000,0.017,0.000,0.000,0.000,0.000,0.000,0.166,0.000,0.000,-0.008,0,4,0,0,0,0,0,-2,0,0,0,0,-1
16.621,0.651,1.5,0.000,0.000,0.017,0.000,0.000,0.000,0.000,0.000,0.166,0.000,0.000,-0.008,0,4,0,0,0,0,0,-3,0,0,0,0,-1
16.643,0.657,1.5,0.000,0.000,0.012,0.000,0.000,0.000,0.000,0.000,0.114,0.000,0.000,-0.009,0,4,0,0,0,0,0,4,0,0,0,0,2
16.668,0.657,1.5,0.000,0.000,0.012,0.000,0.000,0.000,0.000,0.000,0.114,0.000,0.000,-0.009,0,4,0,0,0,0,0,2,0,0,0,0,1
16.686,0.663,1.5,0.000,0.000,0.014,0.000,0.000,0.000,0.000,0.000,0.138,0.000,0.000,-0.009,0,4,0,0,0,0,0,-4,0,0,0,0,-2
16.715,0.663,1.5,0.000,0.000,0.014,0.000,0.000,0.000,0.000,0.000,0.138,0.000,0.000,-0.009,0,4,0,0,0,0,0,-2,0,0,0,0,-1
16.737,0.671,1.5,0.000,0.000,0.016,0.000,0.000,0.000,0.000,0.000,0.153,0.000,0.000,-0.009,0,4,0,0,0,0,0,5,0,0,0,0,2
16.754,0.671,1.5,0.000,0.000,0.016,0.000,0.000,0.000,0.000,0.000,0.153,0.000,0.000,-0.009,0,4,0,0,0,0,0,4,0,0,0,0,2
16.772,0.671,1.5,0.000,0.000,0.016,0.000,0.000,0.000,0.000,0.000,0.153,0.000,0.000,-0.009,0,4,0,0,0,0,0,-2,0,0,0,0,-1
16.794,0.677,1.5,0.000,0.000,0.011,0.000,0.000,0.000,0.000,0.000,0.104,0.000,0.000,-0.009,0,4,0,0,0,0,0,-5,0,0,0,0,-2
16.814,0.677,1.5,0.000,0.000,0.011,0.000,0.000,0.000,0.000,0.000,0.104,0.000,0.000,-0.009,0,4,0,0,0,0,0,1,0,0,0,0,1
16.840,0.683,1.5,0.000,0.000,0.013,0.000,0.000,0.000,0.000,0.000,0.128,0.000,0.000,-0.009,0,4,0,0,0,0,0,5,0,0,0,0,2
16.872,0.683,1.5,0.000,0.000,0.013,0.000,0.000,0.000,0.000,0.000,0.128,0.000,0.000,-0.009,0,4,0,0,0,0,0,-5,0,0,0,0,-2
16.892,0.691,1.5,0.000,0.000,0.016,0.000,0.000,0.000,0.000,0.000,0.153,0.000,0.000,-0.009,0,4,0,0,0,0,0,-4,0,0,0,0,-2
16.918,0.691,1.5,0.000,0.000,0.016,0.000,0.000,0.000,0.000,0.000,0.153,0.000,0.000,-0.009,0,4,0,0,0,0,0,5,0,0,0,0,2
16.934,0.691,1.5,0.000,0.000,0.016,0.000,0.000,0.000,0.000,0.000,0.153,0.000,0.000,-0.009,0,4,0,0,0,0,0,4,0,0,0,0,2
16.952,0.697,1.6,0.000,0.000,0.010,0.000,0.000,0.000,0.000,0.000,0.100,0.000,0.000,-0.009,0,4,0,0,0,0,0,-1,0,0,0,0,-1
16.972,0.697,1.6,0.000,0.000,0.010,0.000,0.000,0.000,0.000,0.000,0.100,0.000,0.000,-0.009,0,4,0,0,0,0,0,-5,0,0,0,0,-3
16.996,0.703,1.6,0.000,0.000,0.013,0.000,0.000,0.000,0.000,0.000,0.131,0.000,0.000,-0.009,0,4,0,0,0,0,0,1,0,0,0,0,1
17.013,0.703,1.6,0.000,0.000,0.013,0.000,0.000,0.000,0.000,0.000,0.131,0.000,0.000,-0.009,0,4,0,0,0,0,0,5,0,0,0,0,3
17.030,0.703,1.6,0.000,0.000,0.013,0.000,0.000,0.000,0.000,0.000,0.131,0.000,0.000,-0.009,0,4,0,0,0,0,0,3,0,0,0,0,2
17.050,0.711,1.6,0.000,0.000,0.015,0.000,0.000,0.000,0.000,0.000,0.146,0.000,0.000,-0.009,0,4,0,0,0,0,0,-4,0,0,0,0,-2
17.068,0.711,1.6,0.000,0.000,0.015,0.000,0.000,0.000,0.000,0.000,0.146,0.000,0.000,-0.009,0,4,0,0,0,0,0,-5,0,0,0,0,-2
17.090,0.711,1.6,0.000,0.000,0.015,0.000,0.000,0.000,0.000,0.000,0.146,0.000,0.000,-0.009,0,4,0,0,0,0,0,2,0,0,0,0,1
17.122,0.717,1.6,0.000,0.000,0.008,0.000,0.000,0.000,0.000,0.000,0.083,0.000,0.000,-0.009,0,4,0,0,0,0,0,3,0,0,0,0,1
17.143,0.717,1.6,0.000,0.000,0.008,0.000,0.000,0.000,0.000,0.000,0.083,0.000,0.000,-0.009,0,4,0,0,0,0,0,-4,0,0,0,0,-2
17.168,0.722,1.6,0.000,0.000,0.013,0.000,0.000,0.000,0.000,0.000,0.129,0.000,0.000,-0.009,0,4,0,0,0,0,0,-3,0,0,0,0,-1
17.185,0.722,1.6,0.000,0.000,0.013,0.000,0.000,0.000,0.000,0.000,0.129,0.000,0.000,-0.009,0,4,0,0,0,0,0,3,0,0,0,0,2
17.215,0.730,1.6,0.000,0.000,0.017,0.000,0.000,0.000,0.000,0.000,0.165,0.000,0.000,-0.010,0,4,0,0,0,0,0,2,0,0,0,0,1
17.236,0.730,1.6,0.000,0.000,0.017,0.000,0.000,0.000,0.000,0.000,0.165,0.000,0.000,-0.010,0,4,0,0,0,0,0,-5,0,0,0,0,-3
17.253,0.730,1.6,0.000,0.000,0.017,0.000,0.000,0.000,0.000,0.000,0.165,0.000,0.000,-0.010,0,4,0,0,0,0,0,-5,0,0,0,0,-2
17.270,0.736,1.6,0.000,0.000,0.011,0.000,0.000,0.000,0.000,0.000,0.108,0.000,0.000,-0.010,0,4,0,0,0,0,0,2,0,0,0,0,1
17.294,0.736,1.6,0.000,0.000,0.011,0.000,0.000,0.000,0.000,0.000,0.108,0.000,0.000,-0.010,0,4,0,0,0,0,0,5,0,0,0,0,3
17.316,0.742,1.7,0.000,0.000,0.013,0.000,0.000,0.000,0.000,0.000,0.130,0.000,0.000,-0.010,0,4,0,0,0,0,0,-2,0,0,0,0,-1
17.341,0.742,1.7,0.000,0.000,0.013,0.000,0.000,0.000,0.000,0.000,0.130,0.000,0.000,-0.010,0,4,0,0,0,0,0,-5,0,0,0,0,-3
17.357,0.742,1.7,0.000,0.000,0.013,0.000,0.000,0.000,0.000,0.000,0.130,0.000,0.000,-0.010,0,4,0,0,0,0,0,0,0,0,0,0,0
17.374,0.750,1.7,0.000,0.000,0.013,0.000,0.000,0.000,0.000,0.000,0.132,0.000,0.000,-0.010,0,4,0,0,0,0,0,6,0,0,0,0,3
17.395,0.750,1.7,0.000,0.000,0.013,0.000,0.000,0.000,0.000,0.000,0.132,0.000,0.000,-0.010,0,4,0,0,0,0,0,3,0,0,0,0,1
17.419,0.756,1.7,0.000,0.000,0.014,0.000,0.000,0.000,0.000,0.000,0.133,0.000,0.000,-0.010,0,4,0,0,0,0,0,-5,0,0,0,0,-3
17.436,0.756,1.7,0.000,0.000,0.014,0.000,0.000,0.000,0.000,0.000,0.133,0.000,0.000,-0.010,0,4,0,0,0,0,0,-4,0,0,0,0,-2
17.465,0.762,1.7,0.000,0.000,0.013,0.000,0.000,0.000,0.000,0.000,0.129,0.000,0.000,-0.010,0,4,0,0,0,0,0,6,0,0,0,0,3
17.485,0.762,1.7,0.000,0.000,0.013,0.000,0.000,0.000,0.000,0.000,0.129,0.000,0.000,-0.010,0,4,0,0,0,0,0,3,0,0,0,0,2
17.503,0.762,1.7,0.000,0.000,0.013,0.000,0.000,0.000,0.000,0.000,0.129,0.000,0.000,-0.010,0,4,0,0,0,0,0,-4,0,0,0,0,-2
17.520,0.770,1.7,0.000,0.000,0.014,0.000,0.000,0.000,0.000,0.000,0.142,0.000,0.000,-0.010,0,4,0,0,0,0,0,-6,0,0,0,0,-3
17.537,0.770,1.7,0.000,0.000,0.014,0.000,0.000,0.000,0.000,0.000,0.142,0.000,0.000,-0.010,0,4,0,0,0,0,0,-1,0,0,0,0,0
17.557,0.770,1.7,0.000,0.000,0.014,0.000,0.000,0.000,0.000,0.000,0.142,0.000,0.000,-0.010,0,4,0,0,0,0,0,6,0,0,0,0,3
17.574,0.775,1.7,0.000,0.000,0.011,0.000,0.000,0.000,0.000,0.000,0.109,0.000,0.000,-0.010,0,4,0,0,0,0,0,4,0,0,0,0,2
17.591,0.775,1.7,0.000,0.000,0.011,0.000,0.000,0.000,0.000,0.000,0.109,0.000,0.000,-0.010,0,4,0,0,0,0,0,-3,0,0,0,0,-1
17.622,0.781,1.7,0.000,0.000,0.012,0.000,0.000,0.000,0.000,0.000,0.122,0.000,0.000,-0.010,0,4,0,0,0,0,0,-3,0,0,0,0,-2
17.643,0.781,1.7,0.000,0.000,0.012,0.000,0.000,0.000,0.000,0.000,0.122,0.000,0.000,-0.010,0,4,0,0,0,0,0,5,0,0,0,0,2
17.659,0.781,1.7,0.000,0.000,0.012,0.000,0.000,0.000,0.000,0.000,0.122,0.000,0.000,-0.010,0,4,0,0,0,0,0,5,0,0,0,0,3
17.677,0.789,1.8,0.000,0.000,0.015,0.000,0.000,0.000,0.000,0.000,0.143,0.000,0.000,-0.010,0,4,0,0,0,0,0,-1,0,0,0,0,0
17.694,0.789,1.8,0.000,0.000,0.015,0.000,0.000,0.000,0.000,0.000,0.143,0.000,0.000,-0.010,0,4,0,0,0,0,0,-6,0,0,0,0,-3
17.716,0.789,1.8,0.000,0.000,0.015,0.000,0.000,0.000,0.000,0.000,0.143,0.000,0.000,-0.010,0,4,0,0,0,0,0,-2,0,0,0,0,-1
17.747,0.795,1.8,0.000,0.000,0.009,0.000,0.000,0.000,0.000,0.000,0.084,0.000,0.000,-0.010,0,4,0,0,0,0,0,6,0,0,0,0,3
17.764,0.795,1.8,0.000,0.000,0.009,0.000,0.000,0.000,0.000,0.000,0.084,0.000,0.000,-0.010,0,4,0,0,0,0,0,1,0,0,0,0,0
17.785,0.801,1.8,0.000,0.000,0.016,0.000,0.000,0.000,0.000,0.000,0.155,0.000,0.000,-0.010,0,4,0,0,0,0,0,-6,0,0,0,0,-3
17.803,0.801,1.8,0.000,0.000,0.016,0.000,0.000,0.000,0.000,0.000,0.155,0.000,0.000,-0.010,0,4,0,0,0,0,0,-4,0,0,0,0,-2
17.820,0.801,1.8,0.000,0.000,0.016,0.000,0.000,0.000,0.000,0.000,0.155,0.000,0.000,-0.010,0,4,0,0,0,0,0,4,0,0,0,0,2
17.841,0.809,1.8,0.000,0.000,0.014,0.000,0.000,0.000,0.000,0.000,0.139,0.000,0.000,-0.011,0,4,0,0,0,0,0,6,0,0,0,0,3
17.861,0.809,1.8,0.000,0.000,0.014,0.000,0.000,0.000,0.000,0.000,0.139,0.000,0.000,-0.011,0,4,0,0,0,0,0,-2,0,0,0,0,-1
17.878,0.814,1.8,0.000,0.000,0.016,0.000,0.000,0.000,0.000,0.000,0.157,0.000,0.000,-0.011,0,4,0,0,0,0,0,-7,0,0,0,0,-3
17.894,0.814,1.8,0.000,0.000,0.016,0.000,0.000,0.000,0.000,0.000,0.157,0.000,0.000,-0.011,0,4,0,0,0,0,0,-4,0,0,0,0,-2
17.919,0.814,1.8,0.000,0.000,0.016,0.000,0.000,0.000,0.000,0.000,0.157,0.000,0.000,-0.011,0,4,0,0,0,0,0,6,0,0,0,0,3
17.940,0.820,1.8,0.000,0.000,0.010,0.000,0.000,0.000,0.000,0.000,0.095,0.000,0.000,-0.011,0,4,0,0,0,0,0,3,0,0,0,0,2
17.966,0.820,1.8,0.000,0.000,0.010,0.000,0.000,0.000,0.000,0.000,0.095,0.000,0.000,-0.011,0,4,0,0,0,0,0,-6,0,0,0,0,-3
17.982,0.820,1.8,0.000,0.000,0.010,0.000,0.000,0.000,0.000,0.000,0.095,0.000,0.000,-0.011,0,4,0,0,0,0,0,-4,0,0,0,0,-2
17.999,0.828,1.9,0.000,0.000,0.013,0.000,0.000,0.000,0.000,0.000,0.131,0.000,0.000,-0.011,0,4,0,0,0,0,0,2,0,0,0,0,1
18.019,0.828,1.9,0.000,0.000,0.013,0.000,0.000,0.000,0.000,0.000,0.131,0.000,0.000,-0.011,0,4,0,0,0,0,0,6,0,0,0,0,3
18.044,0.834,1.9,0.000,0.000,0.013,0.000,0.000,0.000,0.000,0.000,0.129,0.000,0.000,-0.011,0,4,0,0,0,0,0,-3,0,0,0,0,-1
18.061,0.834,1.9,0.000,0.000,0.013,0.000,0.000,0.000,0.000,0.000,0.129,0.000,0.000,-0.011,0,4,0,0,0,0,0,-7,0,0,0,0,-3
18.090,0.840,1.9,0.000,0.000,0.013,0.000,0.000,0.000,0.000,0.000,0.128,0.000,0.000,-0.011,0,4,0,0,0,0,0,3,0,0,0,0,1
18.111,0.840,1.9,0.000,0.000,0.013,0.000,0.000,0.000,0.000,0.000,0.128,0.000,0.000,-0.011,0,4,0,0,0,0,0,6,0,0,0,0,3
18.127,0.840,1.9,0.000,0.000,0.013,0.000,0.000,0.000,0.000,0.000,0.128,0.000,0.000,-0.011,0,4,0,0,0,0,0,1,0,0,0,0,1
18.144,0.848,1.9,0.000,0.000,0.015,0.000,0.000,0.000,0.000,0.000,0.144,0.000,0.000,-0.011,0,4,0,0,0,0,0,-6,0,0,0,0,-3
18.161,0.848,1.9,0.000,0.000,0.015,0.000,0.000,0.000,0.000,0.000,0.144,0.000,0.000,-0.011,0,4,0,0,0,0,0,-6,0,0,0,0,-3
18.181,0.848,1.9,0.000,0.000,0.015,0.000,0.000,0.000,0.000,0.000,0.144,0.000,0.000,-0.011,0,4,0,0,0,0,0,3,0,0,0,0,1
18.198,0.853,1.9,0.000,0.000,0.011,0.000,0.000,0.000,0.000,0.000,0.109,0.000,0.000,-0.011,0,4,0,0,0,0,0,7,0,0,0,0,3
18.215,0.853,1.9,0.000,0.000,0.011,0.000,0.000,0.000,0.000,0.000,0.109,0.000,0.000,-0.011,0,4,0,0,0,0,0,3,0,0,0,0,1
18.231,0.853,1.9,0.000,0.000,0.011,0.000,0.000,0.000,0.000,0.000,0.109,0.000,0.000,-0.011,0,4,0,0,0,0,0,-4,0,0,0,0,-2
18.253,0.859,1.9,0.000,0.000,0.011,0.000,0.000,0.000,0.000,0.000,0.105,0.000,0.000,-0.011,0,4,0,0,0,0,0,-5,0,0,0,0,-3
18.270,0.859,1.9,0.000,0.000,0.011,0.000,0.000,0.000,0.000,0.000,0.105,0.000,0.000,-0.011,0,4,0,0,0,0,0,2,0,0,0,0,1
18.293,0.859,1.9,0.000,0.000,0.011,0.000,0.000,0.000,0.000,0.000,0.105,0.000,0.000,-0.011,0,4,0,0,0,0,0,6,0,0,0,0,3
18.310,0.867,1.9,0.000,0.000,0.014,0.000,0.000,0.000,0.000,0.000,0.137,0.000,0.000,-0.011,0,4,0,0,0,0,0,1,0,0,0,0,0
18.330,0.867,1.9,0.000,0.000,0.014,0.000,0.000,0.000,0.000,0.000,0.137,0.000,0.000,-0.011,0,4,0,0,0,0,0,-7,0,0,0,0,-3
18.346,0.867,1.9,0.000,0.000,0.014,0.000,0.000,0.000,0.000,0.000,0.137,0.000,0.000,-0.011,0,4,0,0,0,0,0,-5,0,0,0,0,-2
18.372,0.873,2.0,0.000,0.000,0.010,0.000,0.000,0.000,0.000,0.000,0.095,0.000,0.000,-0.011,0,4,0,0,0,0,0,6,0,0,0,0,3
18.388,0.873,2.0,0.000,0.000,0.010,0.000,0.000,0.000,0.000,0.000,0.095,0.000,0.000,-0.011,0,4,0,0,0,0,0,6,0,0,0,0,3
18.409,0.879,2.0,0.000,0.000,0.016,0.000,0.000,0.000,0.000,0.000,0.159,0.000,0.000,-0.011,0,4,0,0,0,0,0,-3,0,0,0,0,-2
18.427,0.879,2.0,0.000,0.000,0.016,0.000,0.000,0.000,0.000,0.000,0.159,0.000,0.000,-0.011,0,4,0,0,0,0,0,-7,0,0,0,0,-4
18.444,0.879,2.0,0.000,0.000,0.016,0.000,0.000,0.000,0.000,0.000,0.159,0.000,0.000,-0.011,0,4,0,0,0,0,0,-2,0,0,0,0,-1
18.461,0.887,2.0,0.000,0.000,0.016,0.000,0.000,0.000,0.000,0.000,0.155,0.012,-0.006,-0.012,0,4,0,0,0,0,0,6,0,0,0,0,3
18.481,0.887,2.0,0.000,0.000,0.016,0.000,0.000,0.000,0.000,0.000,0.155,0.012,-0.006,-0.012,0,4,0,0,0,0,0,6,0,0,0,0,3
18.498,0.887,2.0,0.000,0.000,0.016,0.000,0.000,0.000,0.000,0.000,0.155,0.012,-0.006,-0.012,0,4,0,0,0,0,0,-2,0,0,0,0,-1
18.515,0.893,2.0,0.000,0.000,0.011,0.000,0.000,0.000,0.000,0.000,0.110,0.306,-0.153,-0.012,0,4,0,0,0,0,0,-7,0,0,0,0,-3
18.532,0.893,2.0,0.000,0.000,0.011,0.000,0.000,0.000,0.000,0.000,0.110,0.306,-0.153,-0.012,0,4,0,0,0,0,0,-3,0,0,0,0,-2
18.552,0.893,2.0,0.000,0.000,0.011,0.000,0.000,0.000,0.000,0.000,0.110,0.306,-0.153,-0.012,0,4,0,0,0,0,0,6,0,0,0,0,3
18.569,0.899,2.0,0.000,0.000,0.011,0.000,0.000,0.000,0.000,0.000,0.111,-0.018,0.009,-0.012,0,4,0,0,0,0,0,6,0,0,0,0,3
18.586,0.899,2.0,0.000,0.000,0.011,0.000,0.000,0.000,0.000,0.000,0.111,-0.018,0.009,-0.012,0,4,0,0,0,0,0,-1,0,0,0,0,0
18.603,0.899,2.0,0.000,0.000,0.011,0.000,0.000,0.000,0.000,0.000,0.111,-0.018,0.009,-0.012,0,4,0,0,0,0,0,-7,0,0,0,0,-3
18.628,0.907,2.0,0.000,0.000,0.014,0.000,0.000,0.000,0.000,0.000,0.134,-0.393,0.197,-0.012,0,4,0,0,0,0,0,-1,0,0,0,0,0
18.646,0.907,2.0,0.000,0.000,0.014,0.000,0.000,0.000,0.000,0.000,0.134,-0.393,0.197,-0.012,0,4,0,0,0,0,0,7,0,0,0,0,3
18.668,0.913,2.0,0.000,0.000,0.015,0.000,0.000,0.000,0.000,0.000,0.151,-0.061,0.030,-0.012,0,4,0,0,0,0,0,3,0,0,0,0,2
18.685,0.913,2.0,0.000,0.000,0.015,0.000,0.000,0.000,0.000,0.000,0.151,-0.061,0.030,-0.012,0,4,0,0,0,0,0,-5,0,0,0,0,-2
18.705,0.913,2.0,0.000,0.000,0.015,0.000,0.000,0.000,0.000,0.000,0.151,-0.061,0.030,-0.012,0,4,0,0,0,0,0,-7,0,0,0,0,-3
18.723,0.919,2.1,0.000,0.000,0.011,0.000,0.000,0.000,0.000,0.000,0.110,0.240,-0.120,-0.012,0,4,0,0,0,0,0,1,0,0,0,0,1
18.747,0.919,2.1,0.000,0.000,0.011,0.000,0.000,0.000,0.000,0.000,0.110,0.240,-0.120,-0.012,0,4,0,0,0,0,0,7,0,0,0,0,4
18.764,0.927,2.1,0.000,0.000,0.020,0.000,0.000,0.000,0.000,0.000,0.194,0.198,-0.099,-0.012,0,4,0,0,0,0,0,1,0,0,0,0,0
18.785,0.927,2.1,0.000,0.000,0.020,0.000,0.000,0.000,0.000,0.000,0.194,0.198,-0.099,-0.012,0,4,0,0,0,0,0,-8,0,0,0,0,-4
18.802,0.927,2.1,0.000,0.000,0.020,0.000,0.000,0.000,0.000,0.000,0.194,0.198,-0.099,-0.012,0,4,0,0,0,0,0,-5,0,0,0,0,-2
18.819,0.933,2.1,0.000,0.000,0.011,0.000,0.000,0.000,0.000,0.000,0.110,-0.116,0.058,-0.012,0,4,0,0,0,0,0,4,0,0,0,0,2
18.840,0.933,2.1,0.000,0.000,0.011,0.000,0.000,0.000,0.000,0.000,0.110,-0.116,0.058,-0.012,0,4,0,0,0,0,0,7,0,0,0,0,3
18.860,0.933,2.1,0.000,0.000,0.011,0.000,0.000,0.000,0.000,0.000,0.110,-0.116,0.058,-0.012,0,4,0,0,0,0,0,-2,0,0,0,0,-1
18.878,0.939,2.1,0.000,0.000,0.010,0.000,0.000,0.000,0.000,0.000,0.101,-0.394,0.197,-0.012,0,4,0,0,0,0,0,-7,0,0,0,0,-4
18.895,0.939,2.1,0.000,0.000,0.010,0.000,0.000,0.000,0.000,0.000,0.101,-0.394,0.197,-0.012,0,4,0,0,0,0,0,-3,0,0,0,0,-2
18.918,0.939,2.1,0.000,0.000,0.010,0.000,0.000,0.000,0.000,0.000,0.101,-0.394,0.197,-0.012,0,4,0,0,0,0,0,7,0,0,0,0,3
18.940,0.947,2.1,0.000,0.000,0.013,0.000,0.000,0.000,0.000,0.000,0.129,0.037,-0.019,-0.012,0,4,0,0,0,0,0,4,0,0,0,0,2
18.965,0.947,2.1,0.000,0.000,0.013,0.000,0.000,0.000,0.000,0.000,0.129,0.037,-0.019,-0.012,0,4,0,0,0,0,0,-7,0,0,0,0,-3
18.996,0.953,2.1,0.000,0.000,0.011,0.000,0.000,0.000,0.000,0.000,0.107,0.329,-0.165,-0.012,0,4,0,0,0,0,0,2,0,0,0,0,1
19.017,0.953,2.1,0.000,0.000,0.011,0.000,0.000,0.000,0.000,0.000,0.107,0.329,-0.165,-0.012,0,4,0,0,0,0,0,8,0,0,0,0,4
19.044,0.959,2.1,0.000,0.000,0.013,0.000,0.000,0.000,0.000,0.000,0.127,0.003,-0.001,-0.012,0,4,0,0,0,0,0,-3,0,0,0,0,-1
19.060,0.959,2.1,0.000,0.000,0.013,0.000,0.000,0.000,0.000,0.000,0.127,0.003,-0.001,-0.012,0,4,0,0,0,0,0,-8,0,0,0,0,-4
19.090,0.967,2.2,0.000,0.000,0.017,0.000,0.000,0.000,0.000,0.000,0.171,0.015,-0.007,-0.013,0,4,0,0,0,0,0,3,0,0,0,0,2
19.111,0.967,2.2,0.000,0.000,0.017,0.000,0.000,0.000,0.000,0.000,0.171,0.015,-0.007,-0.013,0,4,0,0,0,0,0,8,0,0,0,0,4
19.127,0.967,2.2,0.000,0.000,0.017,0.000,0.000,0.000,0.000,0.000,0.171,0.015,-0.007,-0.013,0,4,0,0,0,0,0,1,0,0,0,0,1
19.144,0.973,2.2,0.000,0.000,0.011,0.000,0.000,0.000,0.000,0.000,0.111,-0.282,0.141,-0.013,0,4,0,0,0,0,0,-7,0,0,0,0,-3
19.169,0.973,2.2,0.000,0.000,0.011,0.000,0.000,0.000,0.000,0.000,0.111,-0.282,0.141,-0.013,0,4,0,0,0,0,0,-3,0,0,0,0,-2
19.189,0.979,2.2,0.000,0.000,0.014,0.000,0.000,0.000,0.000,0.000,0.134,0.040,-0.020,-0.013,0,4,0,0,0,0,0,7,0,0,0,0,3
19.215,0.979,2.2,0.000,0.000,0.014,0.000,0.000,0.000,0.000,0.000,0.134,0.040,-0.020,-0.013,0,4,0,0,0,0,0,3,0,0,0,0,1
19.232,0.979,2.2,0.000,0.000,0.014,0.000,0.000,0.000,0.000,0.000,0.134,0.040,-0.020,-0.013,0,4,0,0,0,0,0,-6,0,0,0,0,-3
19.248,0.969,2.2,0.000,0.000,-0.016,0.000,0.000,0.000,0.000,0.000,0.490,0.412,-0.206,0.015,0,4,0,0,0,0,0,-11,0,0,0,0,-5
19.268,0.969,2.2,0.000,0.000,-0.016,0.000,0.000,0.000,0.000,0.000,0.490,0.412,-0.206,0.015,0,4,0,0,0,0,0,2,0,0,0,0,1
19.294,0.962,2.2,0.000,0.000,-0.016,0.000,0.000,0.000,0.000,0.000,0.153,0.078,-0.039,0.015,0,4,0,0,0,0,0,8,0,0,0,0,4
19.311,0.962,2.2,0.000,0.000,-0.016,0.000,0.000,0.000,0.000,0.000,0.153,0.078,-0.039,0.015,0,4,0,0,0,0,0,0,0,0,0,0,0
19.327,0.962,2.2,0.000,0.000,-0.016,0.000,0.000,0.000,0.000,0.000,0.153,0.078,-0.039,0.015,0,4,0,0,0,0,0,-7,0,0,0,0,-4
19.349,0.955,2.1,0.000,0.000,-0.013,0.000,0.000,0.000,0.000,0.000,0.126,-0.224,0.112,0.014,0,4,0,0,0,0,0,-4,0,0,0,0,-2
19.372,0.955,2.1,0.000,0.000,-0.013,0.000,0.000,0.000,0.000,0.000,0.126,-0.224,0.112,0.014,0,4,0,0,0,0,0,7,0,0,0,0,3
19.389,0.946,2.1,0.000,0.000,-0.024,0.000,0.000,0.000,0.000,0.000,0.235,-0.184,0.092,0.014,0,4,0,0,0,0,0,7,0,0,0,0,4
19.406,0.946,2.1,0.000,0.000,-0.024,0.000,0.000,0.000,0.000,0.000,0.235,-0.184,0.092,0.014,0,4,0,0,0,0,0,-2,0,0,0,0,-1
19.426,0.946,2.1,0.000,0.000,-0.024,0.000,0.000,0.000,0.000,0.000,0.235,-0.184,0.092,0.014,0,4,0,0,0,0,0,-9,0,0,0,0,-4
19.443,0.939,2.1,0.000,0.000,-0.013,0.000,0.000,0.000,0.000,0.000,0.129,0.128,-0.064,0.014,0,4,0,0,0,0,0,-3,0,0,0,0,-1
19.465,0.939,2.1,0.000,0.000,-0.013,0.000,0.000,0.000,0.000,0.000,0.129,0.128,-0.064,0.014,0,4,0,0,0,0,0,7,0,0,0,0,4
19.497,0.932,2.1,0.000,0.000,-0.013,0.000,0.000,0.000,0.000,0.000,0.125,0.406,-0.203,0.014,0,4,0,0,0,0,0,-2,0,0,0,0,-1
19.518,0.932,2.1,0.000,0.000,-0.013,0.000,0.000,0.000,0.000,0.000,0.125,0.406,-0.203,0.014,0,4,0,0,0,0,0,-8,0,0,0,0,-4
19.544,0.932,2.1,0.000,0.000,-0.013,0.000,0.000,0.000,0.000,0.000,0.125,0.406,-0.203,0.014,0,4,0,0,0,0,0,3,0,0,0,0,1
19.561,0.923,2.1,0.000,0.000,-0.015,0.000,0.000,0.000,0.000,0.000,0.147,-0.027,0.014,0.014,0,4,0,0,0,0,0,8,0,0,0,0,4
19.590,0.923,2.1,0.000,0.000,-0.015,0.000,0.000,0.000,0.000,0.000,0.147,-0.027,0.014,0.014,0,4,0,0,0,0,0,-3,0,0,0,0,-2
19.611,0.916,2.0,0.000,0.000,-0.014,0.000,0.000,0.000,0.000,0.000,0.137,-0.320,0.160,0.014,0,4,0,0,0,0,0,-7,0,0,0,0,-4
19.629,0.916,2.0,0.000,0.000,-0.014,0.000,0.000,0.000,0.000,0.000,0.137,-0.320,0.160,0.014,0,4,0,0,0,0,0,0,0,0,0,0,0
19.647,0.916,2.0,0.000,0.000,-0.014,0.000,0.000,0.000,0.000,0.000,0.137,-0.320,0.160,0.014,0,4,0,0,0,0,0,7,0,0,0,0,4
19.668,0.909,2.0,0.000,0.000,-0.013,0.000,0.000,0.000,0.000,0.000,0.123,0.005,-0.003,0.014,0,4,0,0,0,0,0,3,0,0,0,0,2
19.688,0.909,2.0,0.000,0.000,-0.013,0.000,0.000,0.000,0.000,0.000,0.123,0.005,-0.003,0.014,0,4,0,0,0,0,0,-6,0,0,0,0,-3
19.706,0.899,2.0,0.000,0.000,-0.025,0.000,0.000,0.000,0.000,0.000,0.246,-0.007,0.004,0.014,0,4,0,0,0,0,0,-7,0,0,0,0,-3
19.722,0.899,2.0,0.000,0.000,-0.025,0.000,0.000,0.000,0.000,0.000,0.246,-0.007,0.004,0.014,0,4,0,0,0,0,0,1,0,0,0,0,1
19.746,0.899,2.0,0.000,0.000,-0.025,0.000,0.000,0.000,0.000,0.000,0.246,-0.007,0.004,0.014,0,4,0,0,0,0,0,8,0,0,0,0,4
19.767,0.893,2.0,0.000,0.000,-0.012,0.000,0.000,0.000,0.000,0.000,0.114,-0.302,0.151,0.014,0,4,0,0,0,0,0,-1,0,0,0,0,0
19.794,0.893,2.0,0.000,0.000,-0.012,0.000,0.000,0.000,0.000,0.000,0.114,-0.302,0.151,0.014,0,4,0,0,0,0,0,-7,0,0,0,0,-3
19.811,0.886,2.0,0.000,0.000,-0.016,0.000,0.000,0.000,0.000,0.000,0.158,0.022,-0.011,0.013,0,4,0,0,0,0,0,0,0,0,0,0,0
19.840,0.886,2.0,0.000,0.000,-0.016,0.000,0.000,0.000,0.000,0.000,0.158,0.022,-0.011,0.013,0,4,0,0,0,0,0,7,0,0,0,0,4
19.860,0.876,2.0,0.000,0.000,-0.019,0.000,0.000,0.000,0.000,0.000,0.186,0.397,-0.198,0.013,0,4,0,0,0,0,0,-2,0,0,0,0,-1
19.878,0.876,2.0,0.000,0.000,-0.019,0.000,0.000,0.000,0.000,0.000,0.186,0.397,-0.198,0.013,0,4,0,0,0,0,0,-8,0,0,0,0,-4
19.895,0.876,2.0,0.000,0.000,-0.019,0.000,0.000,0.000,0.000,0.000,0.186,0.397,-0.198,0.013,0,4,0,0,0,0,0,-4,0,0,0,0,-2
19.911,0.869,1.9,0.000,0.000,-0.014,0.000,0.000,0.000,0.000,0.000,0.138,0.064,-0.032,0.013,0,4,0,0,0,0,0,4,0,0,0,0,2
19.932,0.869,1.9,0.000,0.000,-0.014,0.000,0.000,0.000,0.000,0.000,0.138,0.064,-0.032,0.013,0,4,0,0,0,0,0,6,0,0,0,0,3
19.950,0.869,1.9,0.000,0.000,-0.014,0.000,0.000,0.000,0.000,0.000,0.138,0.064,-0.032,0.013,0,4,0,0,0,0,0,-1,0,0,0,0,0
19.967,0.862,1.9,0.000,0.000,-0.013,0.000,0.000,0.000,0.000,0.000,0.126,-0.237,0.119,0.013,0,4,0,0,0,0,0,-7,0,0,0,0,-3
19.997,0.862,1.9,0.000,0.000,-0.013,0.000,0.000,0.000,0.000,0.000,0.126,-0.237,0.119,0.013,0,4,0,0,0,0,0,2,0,0,0,0,1
20.018,0.853,1.9,0.000,0.000,-0.019,0.000,0.000,0.000,0.000,0.000,0.182,0.175,0.098,0.013,0,4,0,0,0,0,0,7,0,0,0,0,4
20.044,0.853,1.9,0.000,0.000,-0.019,0.000,0.000,0.000,0.000,0.000,0.182,0.175,0.098,0.013,0,4,0,0,0,0,0,-3,0,0,0,0,-1
20.060,0.853,1.9,0.000,0.000,-0.019,0.000,0.000,0.000,0.000,0.000,0.182,0.175,0.098,0.013,0,4,0,0,0,0,0,-7,0,0,0,0,-4
20.090,0.846,1.9,0.000,0.000,-0.010,0.000,0.000,0.000,0.000,0.000,0.096,-0.137,-0.059,0.013,0,4,0,0,0,0,0,3,0,0,0,0,1
20.111,0.846,1.9,0.000,0.000,-0.010,0.000,0.000,0.000,0.000,0.000,0.096,-0.137,-0.059,0.013,0,4,0,0,0,0,0,6,0,0,0,0,3
20.129,0.839,1.9,0.000,0.000,-0.018,0.000,0.000,0.000,0.000,0.000,0.175,0.165,-0.198,0.013,0,4,0,0,0,0,0,0,0,0,0,0,0
20.147,0.839,1.9,0.000,0.000,-0.018,0.000,0.000,0.000,0.000,0.000,0.175,0.165,-0.198,0.013,0,4,0,0,0,0,0,-7,0,0,0,0,-3
20.168,0.839,1.9,0.000,0.000,-0.018,0.000,0.000,0.000,0.000,0.000,0.175,0.165,-0.198,0.013,0,4,0,0,0,0,0,-3,0,0,0,0,-2
20.189,0.830,1.9,0.000,0.000,-0.016,0.000,0.000,0.000,0.000,0.000,0.155,-0.238,0.018,0.013,0,4,0,0,0,0,0,6,0,0,0,0,3
20.215,0.830,1.9,0.000,0.000,-0.016,0.000,0.000,0.000,0.000,0.000,0.155,-0.238,0.018,0.013,0,4,0,0,0,0,0,2,0,0,0,0,1
20.232,0.823,1.8,0.000,0.000,-0.017,0.000,0.000,0.000,0.000,0.000,0.165,0.079,0.164,0.012,0,4,0,0,0,0,0,-5,0,0,0,0,-2
20.249,0.823,1.8,0.000,0.000,-0.017,0.000,0.000,0.000,0.000,0.000,0.165,0.079,0.164,0.012,0,4,0,0,0,0,0,-6,0,0,0,0,-3
20.271,0.823,1.8,0.000,0.000,-0.017,0.000,0.000,0.000,0.000,0.000,0.165,0.079,0.164,0.012,0,4,0,0,0,0,0,2,0,0,0,0,1
20.293,0.816,1.8,0.000,0.000,-0.012,0.000,0.000,0.000,0.000,0.000,0.114,0.367,0.001,0.012,0,4,0,0,0,0,0,6,0,0,0,0,3
20.311,0.816,1.8,0.000,0.000,-0.012,0.000,0.000,0.000,0.000,0.000,0.114,0.367,0.001,0.012,0,4,0,0,0,0,0,0,0,0,0,0,0
20.327,0.807,1.8,0.000,0.000,-0.028,0.000,0.000,0.000,0.000,0.000,0.274,-0.055,0.007,0.012,0,4,0,0,0,0,0,-7,0,0,0,0,-3
20.348,0.807,1.8,0.000,0.000,-0.028,0.000,0.000,0.000,0.000,0.000,0.274,-0.055,0.007,0.012,0,4,0,0,0,0,0,-4,0,0,0,0,-2
20.371,0.807,1.8,0.000,0.000,-0.028,0.000,0.000,0.000,0.000,0.000,0.274,-0.055,0.007,0.012,0,4,0,0,0,0,0,6,0,0,0,0,3
20.389,0.800,1.8,0.000,0.000,-0.011,0.000,0.000,0.000,0.000,0.000,0.112,-0.345,0.154,0.012,0,4,0,0,0,0,0,5,0,0,0,0,3
20.418,0.800,1.8,0.000,0.000,-0.011,0.000,0.000,0.000,0.000,0.000,0.112,-0.345,0.154,0.012,0,4,0,0,0,0,0,-6,0,0,0,0,-3
20.439,0.793,1.8,0.000,0.000,-0.014,0.000,0.000,0.000,0.000,0.000,0.139,-0.608,-0.008,0.012,0,4,0,0,0,0,0,-4,0,0,0,0,-2
20.456,0.793,1.8,0.000,0.000,-0.014,0.000,0.000,0.000,0.000,0.000,0.139,-0.608,-0.008,0.012,0,4,0,0,0,0,0,3,0,0,0,0,2
20.473,0.793,1.8,0.000,0.000,-0.014,0.000,0.000,0.000,0.000,0.000,0.139,-0.608,-0.008,0.012,0,4,0,0,0,0,0,6,0,0,0,0,3
20.490,0.784,1.8,0.000,0.000,-0.018,0.000,0.000,0.000,0.000,0.000,0.181,-0.157,-0.196,0.012,0,4,0,0,0,0,0,2,0,0,0,0,1
20.510,0.784,1.8,0.000,0.000,-0.018,0.000,0.000,0.000,0.000,0.000,0.181,-0.157,-0.196,0.012,0,4,0,0,0,0,0,-6,0,0,0,0,-3
20.543,0.777,1.7,0.000,0.000,-0.013,0.000,0.000,0.000,0.000,0.000,0.130,0.153,-0.030,0.012,0,4,0,0,0,0,0,2,0,0,0,0,1
20.561,0.777,1.7,0.000,0.000,-0.013,0.000,0.000,0.000,0.000,0.000,0.130,0.153,-0.030,0.012,0,4,0,0,0,0,0,6,0,0,0,0,3
20.581,0.777,1.7,0.000,0.000,-0.013,0.000,0.000,0.000,0.000,0.000,0.130,0.153,-0.030,0.012,0,4,0,0,0,0,0,1,0,0,0,0,1
20.598,0.770,1.7,0.000,0.000,-0.013,0.000,0.000,0.000,0.000,0.000,0.128,0.434,0.120,0.012,0,4,0,0,0,0,0,-5,0,0,0,0,-2
20.622,0.770,1.7,0.000,0.000,-0.013,0.000,0.000,0.000,0.000,0.000,0.128,0.434,0.120,0.012,0,4,0,0,0,0,0,-3,0,0,0,0,-2
20.639,0.760,1.7,0.000,0.000,-0.023,0.000,0.000,0.000,0.000,0.000,0.225,0.369,-0.086,0.012,0,4,0,0,0,0,0,4,0,0,0,0,2
20.660,0.760,1.7,0.000,0.000,-0.023,0.000,0.000,0.000,0.000,0.000,0.225,0.369,-0.086,0.012,0,4,0,0,0,0,0,6,0,0,0,0,3
20.677,0.760,1.7,0.000,0.000,-0.023,0.000,0.000,0.000,0.000,0.000,0.225,0.369,-0.086,0.012,0,4,0,0,0,0,0,-1,0,0,0,0,0
20.695,0.753,1.7,0.000,0.000,-0.013,0.000,0.000,0.000,0.000,0.000,0.126,0.039,0.070,0.011,0,4,0,0,0,0,0,-6,0,0,0,0,-3
20.715,0.753,1.7,0.000,0.000,-0.013,0.000,0.000,0.000,0.000,0.000,0.126,0.039,0.070,0.011,0,4,0,0,0,0,0,-2,0,0,0,0,-1
20.736,0.753,1.7,0.000,0.000,-0.013,0.000,0.000,0.000,0.000,0.000,0.126,0.039,0.070,0.011,0,4,0,0,0,0,0,5,0,0,0,0,3
20.753,0.747,1.7,0.000,0.000,-0.012,0.000,0.000,0.000,0.000,0.000,0.117,-0.254,-0.081,0.011,0,4,0,0,0,0,0,5,0,0,0,0,2
20.770,0.747,1.7,0.000,0.000,-0.012,0.000,0.000,0.000,0.000,0.000,0.117,-0.254,-0.081,0.011,0,4,0,0,0,0,0,-2,0,0,0,0,-1
20.794,0.747,1.7,0.000,0.000,-0.012,0.000,0.000,0.000,0.000,0.000,0.117,-0.254,-0.081,0.011,0,4,0,0,0,0,0,-6,0,0,0,0,-3
20.815,0.737,1.6,0.000,0.000,-0.015,0.000,0.000,0.000,0.000,0.000,0.152,-0.211,0.120,0.011,0,4,0,0,0,0,0,1,0,0,0,0,1
20.831,0.737,1.6,0.000,0.000,-0.015,0.000,0.000,0.000,0.000,0.000,0.152,-0.211,0.120,0.011,0,4,0,0,0,0,0,6,0,0,0,0,3
20.848,0.730,1.6,0.000,0.000,-0.022,0.000,0.000,0.000,0.000,0.000,0.212,0.104,-0.039,0.011,0,4,0,0,0,0,0,4,0,0,0,0,2
20.864,0.730,1.6,0.000,0.000,-0.022,0.000,0.000,0.000,0.000,0.000,0.212,0.104,-0.039,0.011,0,4,0,0,0,0,0,-3,0,0,0,0,-1
20.885,0.730,1.6,0.000,0.000,-0.022,0.000,0.000,0.000,0.000,0.000,0.212,0.104,-0.039,0.011,0,4,0,0,0,0,0,-6,0,0,0,0,-3
20.902,0.723,1.6,0.000,0.000,-0.013,0.000,0.000,0.000,0.000,0.000,0.128,0.390,-0.183,0.011,0,4,0,0,0,0,0,0,0,0,0,0,0
20.920,0.723,1.6,0.000,0.000,-0.013,0.000,0.000,0.000,0.000,0.000,0.128,0.390,-0.183,0.011,0,4,0,0,0,0,0,5,0,0,0,0,3
20.937,0.723,1.6,0.000,0.000,-0.013,0.000,0.000,0.000,0.000,0.000,0.128,0.390,-0.183,0.011,0,4,0,0,0,0,0,4,0,0,0,0,2
20.958,0.714,1.6,0.000,0.000,-0.017,0.000,0.000,0.000,0.000,0.000,0.166,-0.034,0.028,0.011,0,4,0,0,0,0,0,-4,0,0,0,0,-2
20.974,0.714,1.6,0.000,0.000,-0.017,0.000,0.000,0.000,0.000,0.000,0.166,-0.034,0.028,0.011,0,4,0,0,0,0,0,-6,0,0,0,0,-3
20.992,0.714,1.6,0.000,0.000,-0.017,0.000,0.000,0.000,0.000,0.000,0.166,-0.034,0.028,0.011,0,4,0,0,0,0,0,-1,0,0,0,0,0
21.008,0.707,1.6,0.000,0.000,-0.014,0.000,0.000,0.000,0.000,0.000,0.138,-0.327,0.173,0.011,0,4,0,0,0,0,0,5,0,0,0,0,3
21.030,0.707,1.6,0.000,0.000,-0.014,0.000,0.000,0.000,0.000,0.000,0.138,-0.327,0.173,0.011,0,4,0,0,0,0,0,3,0,0,0,0,2
21.048,0.707,1.6,0.000,0.000,-0.014,0.000,0.000,0.000,0.000,0.000,0.138,-0.327,0.173,0.011,0,4,0,0,0,0,0,-3,0,0,0,0,-2
21.064,0.700,1.6,0.000,0.000,-0.013,0.000,0.000,0.000,0.000,0.000,0.125,-0.001,0.304,0.011,0,4,0,0,0,0,0,-5,0,0,0,0,-3
21.080,0.700,1.6,0.000,0.000,-0.013,0.000,0.000,0.000,0.000,0.000,0.125,-0.001,0.304,0.011,0,4,0,0,0,0,0,-1,0,0,0,0,-1
21.102,0.700,1.6,0.000,0.000,-0.013,0.000,0.000,0.000,0.000,0.000,0.125,-0.001,0.304,0.011,0,4,0,0,0,0,0,5,0,0,0,0,3
21.122,0.691,1.5,0.000,0.000,-0.016,0.000,0.000,0.000,0.000,0.000,0.158,-0.013,0.079,0.010,0,4,0,0,0,0,0,3,0,0,0,0,1
21.140,0.691,1.5,0.000,0.000,-0.016,0.000,0.000,0.000,0.000,0.000,0.158,-0.013,0.079,0.010,0,4,0,0,0,0,0,-4,0,0,0,0,-2
21.168,0.684,1.5,0.000,0.000,-0.016,0.000,0.000,0.000,0.000,0.000,0.153,-0.307,-0.076,0.010,0,4,0,0,0,0,0,-3,0,0,0,0,-1
21.189,0.684,1.5,0.000,0.000,-0.016,0.000,0.000,0.000,0.000,0.000,0.153,-0.307,-0.076,0.010,0,4,0,0,0,0,0,5,0,0,0,0,2
21.215,0.677,1.5,0.000,0.000,-0.015,0.000,0.000,0.000,0.000,0.000,0.148,0.017,-0.216,0.010,0,4,0,0,0,0,0,2,0,0,0,0,1
21.231,0.677,1.5,0.000,0.000,-0.015,0.000,0.000,0.000,0.000,0.000,0.148,0.017,-0.216,0.010,0,4,0,0,0,0,0,-4,0,0,0,0,-2
21.248,0.677,1.5,0.000,0.000,-0.015,0.000,0.000,0.000,0.000,0.000,0.148,0.017,-0.216,0.010,0,4,0,0,0,0,0,-5,0,0,0,0,-2
21.269,0.668,1.5,0.000,0.000,-0.017,0.000,0.000,0.000,0.000,0.000,0.171,0.399,-0.184,0.010,0,4,0,0,0,0,0,1,0,0,0,0,1
21.286,0.668,1.5,0.000,0.000,-0.017,0.000,0.000,0.000,0.000,0.000,0.171,0.399,-0.184,0.010,0,4,0,0,0,0,0,5,0,0,0,0,3
21.303,0.668,1.5,0.000,0.000,-0.017,0.000,0.000,0.000,0.000,0.000,0.171,0.399,-0.184,0.010,0,4,0,0,0,0,0,3,0,0,0,0,2
21.321,0.661,1.5,0.000,0.000,-0.014,0.000,0.000,0.000,0.000,0.000,0.135,0.066,-0.019,0.010,0,4,0,0,0,0,0,-3,0,0,0,0,-2
21.343,0.661,1.5,0.000,0.000,-0.014,0.000,0.000,0.000,0.000,0.000,0.135,0.066,-0.019,0.010,0,4,0,0,0,0,0,-4,0,0,0,0,-2
21.360,0.661,1.5,0.000,0.000,-0.014,0.000,0.000,0.000,0.000,0.000,0.135,0.066,-0.019,0.010,0,4,0,0,0,0,0,1,0,0,0,0,1
21.377,0.654,1.5,0.000,0.000,-0.012,0.000,0.000,0.000,0.000,0.000,0.121,-0.229,0.127,0.010,0,4,0,0,0,0,0,5,0,0,0,0,3
21.394,0.654,1.5,0.000,0.000,-0.012,0.000,0.000,0.000,0.000,0.000,0.121,-0.229,0.127,0.010,0,4,0,0,0,0,0,3,0,0,0,0,1
21.414,0.654,1.5,0.000,0.000,-0.012,0.000,0.000,0.000,0.000,0.000,0.121,-0.229,0.127,0.010,0,4,0,0,0,0,0,-4,0,0,0,0,-2
21.431,0.645,1.4,0.000,0.000,-0.018,0.000,0.000,0.000,0.000,0.000,0.173,0.182,0.106,0.010,0,4,0,0,0,0,0,-5,0,0,0,0,-2
21.448,0.645,1.4,0.000,0.000,-0.018,0.000,0.000,0.000,0.000,0.000,0.173,0.182,0.106,0.010,0,4,0,0,0,0,0,0,0,0,0,0,0
21.465,0.645,1.4,0.000,0.000,-0.018,0.000,0.000,0.000,0.000,0.000,0.173,0.182,0.106,0.010,0,4,0,0,0,0,0,5,0,0,0,0,3
21.486,0.638,1.4,0.000,0.000,-0.013,0.000,0.000,0.000,0.000,0.000,0.128,-0.130,-0.052,0.010,0,4,0,0,0,0,0,2,0,0,0,0,1
21.503,0.638,1.4,0.000,0.000,-0.013,0.000,0.000,0.000,0.000,0.000,0.128,-0.130,-0.052,0.010,0,4,0,0,0,0,0,-3,0,0,0,0,-1
21.520,0.638,1.4,0.000,0.000,-0.013,0.000,0.000,0.000,0.000,0.000,0.128,-0.130,-0.052,0.010,0,4,0,0,0,0,0,-5,0,0,0,0,-2
21.543,0.631,1.4,0.000,0.000,-0.012,0.000,0.000,0.000,0.000,0.000,0.121,0.177,-0.195,0.010,0,4,0,0,0,0,0,2,0,0,0,0,1
21.563,0.631,1.4,0.000,0.000,-0.012,0.000,0.000,0.000,0.000,0.000,0.121,0.177,-0.195,0.010,0,4,0,0,0,0,0,5,0,0,0,0,2
21.580,0.621,1.4,0.000,0.000,-0.025,0.000,0.000,0.000,0.000,0.000,0.248,-0.222,0.017,0.009,0,4,0,0,0,0,0,1,0,0,0,0,1
21.597,0.621,1.4,0.000,0.000,-0.025,0.000,0.000,0.000,0.000,0.000,0.248,-0.222,0.017,0.009,0,4,0,0,0,0,0,-4,0,0,0,0,-2
21.622,0.621,1.4,0.000,0.000,-0.025,0.000,0.000,0.000,0.000,0.000,0.248,-0.222,0.017,0.009,0,4,0,0,0,0,0,-3,0,0,0,0,-1
21.643,0.614,1.4,0.000,0.000,-0.011,0.000,0.000,0.000,0.000,0.000,0.112,0.094,0.163,0.009,0,4,0,0,0,0,0,4,0,0,0,0,2
21.669,0.614,1.4,0.000,0.000,-0.011,0.000,0.000,0.000,0.000,0.000,0.112,0.094,0.163,0.009,0,4,0,0,0,0,0,2,0,0,0,0,1
21.685,0.608,1.4,0.000,0.000,-0.017,0.000,0.000,0.000,0.000,0.000,0.164,-0.210,0.000,0.009,0,4,0,0,0,0,0,-3,0,0,0,0,-2
21.702,0.608,1.4,0.000,0.000,-0.017,0.000,0.000,0.000,0.000,0.000,0.164,-0.210,0.000,0.009,0,4,0,0,0,0,0,-5,0,0,0,0,-2
21.723,0.608,1.4,0.000,0.000,-0.017,0.000,0.000,0.000,0.000,0.000,0.164,-0.210,0.000,0.009,0,4,0,0,0,0,0,1,0,0,0,0,1
21.746,0.598,1.3,0.000,0.000,-0.015,0.000,0.000,0.000,0.000,0.000,0.151,0.193,0.006,0.009,0,4,0,0,0,0,0,5,0,0,0,0,2
21.763,0.598,1.3,0.000,0.000,-0.015,0.000,0.000,0.000,0.000,0.000,0.151,0.193,0.006,0.009,0,4,0,0,0,0,0,1,0,0,0,0,0
21.779,0.598,1.3,0.000,0.000,-0.015,0.000,0.000,0.000,0.000,0.000,0.151,0.193,0.006,0.009,0,4,0,0,0,0,0,-4,0,0,0,0,-2
21.800,0.591,1.3,0.000,0.000,-0.013,0.000,0.000,0.000,0.000,0.000,0.129,0.470,0.153,0.009,0,4,0,0,0,0,0,-3,0,0,0,0,-2
21.818,0.591,1.3,0.000,0.000,-0.013,0.000,0.000,0.000,0.000,0.000,0.129,0.470,0.153,0.009,0,4,0,0,0,0,0,2,0,0,0,0,1
21.840,0.584,1.3,0.000,0.000,-0.018,0.000,0.000,0.000,0.000,0.000,0.176,0.131,-0.009,0.009,0,4,0,0,0,0,0,4,0,0,0,0,2
21.857,0.584,1.3,0.000,0.000,-0.018,0.000,0.000,0.000,0.000,0.000,0.176,0.131,-0.009,0.009,0,4,0,0,0,0,0,0,0,0,0,0,0
21.878,0.584,1.3,0.000,0.000,-0.018,0.000,0.000,0.000,0.000,0.000,0.176,0.131,-0.009,0.009,0,4,0,0,0,0,0,-5,0,0,0,0,-2
21.894,0.575,1.3,0.000,0.000,-0.017,0.000,0.000,0.000,0.000,0.000,0.171,-0.269,-0.199,0.009,0,4,0,0,0,0,0,-2,0,0,0,0,-1
21.918,0.575,1.3,0.000,0.000,-0.017,0.000,0.000,0.000,0.000,0.000,0.171,-0.269,-0.199,0.009,0,4,0,0,0,0,0,4,0,0,0,0,2
21.935,0.575,1.3,0.000,0.000,-0.017,0.000,0.000,0.000,0.000,0.000,0.171,-0.269,-0.199,0.009,0,4,0,0,0,0,0,4,0,0,0,0,2
21.957,0.568,1.3,0.000,0.000,-0.011,0.000,0.000,0.000,0.000,0.000,0.112,-0.539,-0.033,0.009,0,4,0,0,0,0,0,-3,0,0,0,0,-1
21.974,0.568,1.3,0.000,0.000,-0.011,0.000,0.000,0.000,0.000,0.000,0.112,-0.539,-0.033,0.009,0,4,0,0,0,0,0,-4,0,0,0,0,-2
21.997,0.561,1.3,0.000,0.000,-0.017,0.000,0.000,0.000,0.000,0.000,0.168,-0.200,0.115,0.009,0,4,0,0,0,0,0,1,0,0,0,0,1
22.015,0.561,1.3,0.000,0.000,-0.017,0.000,0.000,0.000,0.000,0.000,0.168,-0.200,0.115,0.009,0,4,0,0,0,0,0,5,0,0,0,0,2
22.035,0.561,1.3,0.000,0.000,-0.017,0.000,0.000,0.000,0.000,0.000,0.168,-0.200,0.115,0.009,0,4,0,0,0,0,0,1,0,0,0,0,1
22.052,0.552,1.2,0.000,0.000,-0.017,0.000,0.000,0.000,0.000,0.000,0.170,0.208,0.095,0.008,0,4,0,0,0,0,0,-4,0,0,0,0,-2
22.069,0.552,1.2,0.000,0.000,-0.017,0.000,0.000,0.000,0.000,0.000,0.170,0.208,0.095,0.008,0,4,0,0,0,0,0,-4,0,0,0,0,-2
22.090,0.552,1.2,0.000,0.000,-0.017,0.000,0.000,0.000,0.000,0.000,0.170,0.208,0.095,0.008,0,4,0,0,0,0,0,2,0,0,0,0,1
22.111,0.545,1.2,0.000,0.000,-0.012,0.000,0.000,0.000,0.000,0.000,0.119,0.484,-0.062,0.008,0,4,0,0,0,0,0,4,0,0,0,0,2
22.128,0.545,1.2,0.000,0.000,-0.012,0.000,0.000,0.000,0.000,0.000,0.119,0.484,-0.062,0.008,0,4,0,0,0,0,0,0,0,0,0,0,0
22.146,0.545,1.2,0.000,0.000,-0.012,0.000,0.000,0.000,0.000,0.000,0.119,0.484,-0.062,0.008,0,4,0,0,0,0,0,-4,0,0,0,0,-2
22.169,0.538,1.2,0.000,0.000,-0.012,0.000,0.000,0.000,0.000,0.000,0.120,0.143,-0.204,0.008,0,4,0,0,0,0,0,-2,0,0,0,0,-1
22.189,0.538,1.2,0.000,0.000,-0.012,0.000,0.000,0.000,0.000,0.000,0.120,0.143,-0.204,0.008,0,4,0,0,0,0,0,3,0,0,0,0,2
22.215,0.529,1.2,0.000,0.000,-0.020,0.000,0.000,0.000,0.000,0.000,0.200,-0.252,0.009,0.008,0,4,0,0,0,0,0,2,0,0,0,0,1
22.232,0.529,1.2,0.000,0.000,-0.020,0.000,0.000,0.000,0.000,0.000,0.200,-0.252,0.009,0.008,0,4,0,0,0,0,0,-3,0,0,0,0,-1
22.249,0.529,1.2,0.000,0.000,-0.020,0.000,0.000,0.000,0.000,0.000,0.200,-0.252,0.009,0.008,0,4,0,0,0,0,0,-4,0,0,0,0,-2
22.269,0.522,1.2,0.000,0.000,-0.013,0.000,0.000,0.000,0.000,0.000,0.127,-0.524,0.156,0.008,0,4,0,0,0,0,0,1,0,0,0,0,1
22.293,0.522,1.2,0.000,0.000,-0.013,0.000,0.000,0.000,0.000,0.000,0.127,-0.524,0.156,0.008,0,4,0,0,0,0,0,4,0,0,0,0,2
22.309,0.515,1.2,0.000,0.000,-0.018,0.000,0.000,0.000,0.000,0.000,0.175,-0.179,-0.006,0.008,0,4,0,0,0,0,0,1,0,0,0,0,0
22.340,0.515,1.2,0.000,0.000,-0.018,0.000,0.000,0.000,0.000,0.000,0.175,-0.179,-0.006,0.008,0,4,0,0,0,0,0,-4,0,0,0,0,-2
22.360,0.506,1.1,0.000,0.000,-0.018,0.000,0.000,0.000,0.000,0.000,0.181,0.220,0.001,0.008,0,4,0,0,0,0,0,1,0,0,0,0,1
22.378,0.506,1.1,0.000,0.000,-0.018,0.000,0.000,0.000,0.000,0.000,0.181,0.220,0.001,0.008,0,4,0,0,0,0,0,4,0,0,0,0,2
22.394,0.506,1.1,0.000,0.000,-0.018,0.000,0.000,0.000,0.000,0.000,0.181,0.220,0.001,0.008,0,4,0,0,0,0,0,2,0,0,0,0,1
22.418,0.499,1.1,0.000,0.000,-0.012,0.000,0.000,0.000,0.000,0.000,0.120,0.495,0.148,0.008,0,4,0,0,0,0,0,-3,0,0,0,0,-2
22.440,0.499,1.1,0.000,0.000,-0.012,0.000,0.000,0.000,0.000,0.000,0.120,0.495,0.148,0.008,0,4,0,0,0,0,0,-2,0,0,0,0,-1
22.466,0.492,1.1,0.000,0.000,-0.015,0.000,0.000,0.000,0.000,0.000,0.147,0.153,-0.013,0.007,0,4,0,0,0,0,0,4,0,0,0,0,2
22.496,0.492,1.1,0.000,0.000,-0.015,0.000,0.000,0.000,0.000,0.000,0.147,0.153,-0.013,0.007,0,4,0,0,0,0,0,-1,0,0,0,0,0
22.518,0.482,1.1,0.000,0.000,-0.018,0.000,0.000,0.000,0.000,0.000,0.179,-0.249,-0.203,0.007,0,4,0,0,0,0,0,-4,0,0,0,0,-2
22.544,0.482,1.1,0.000,0.000,-0.018,0.000,0.000,0.000,0.000,0.000,0.179,-0.249,-0.203,0.007,0,4,0,0,0,0,0,1,0,0,0,0,1
22.560,0.482,1.1,0.000,0.000,-0.018,0.000,0.000,0.000,0.000,0.000,0.179,-0.249,-0.203,0.007,0,4,0,0,0,0,0,4,0,0,0,0,2
22.590,0.475,1.1,0.000,0.000,-0.010,0.000,0.000,0.000,0.000,0.000,0.096,0.070,-0.037,0.007,0,4,0,0,0,0,0,-1,0,0,0,0,-1
22.611,0.475,1.1,0.000,0.000,-0.010,0.000,0.000,0.000,0.000,0.000,0.096,0.070,-0.037,0.007,0,4,0,0,0,0,0,-3,0,0,0,0,-2
22.628,0.469,1.0,0.000,0.000,-0.019,0.000,0.000,0.000,0.000,0.000,0.183,-0.226,0.111,0.007,0,4,0,0,0,0,0,0,0,0,0,0,0
22.645,0.469,1.0,0.000,0.000,-0.019,0.000,0.000,0.000,0.000,0.000,0.183,-0.226,0.111,0.007,0,4,0,0,0,0,0,3,0,0,0,0,2
22.668,0.469,1.0,0.000,0.000,-0.019,0.000,0.000,0.000,0.000,0.000,0.183,-0.226,0.111,0.007,0,4,0,0,0,0,0,2,0,0,0,0,1
22.689,0.459,1.0,0.000,0.000,-0.016,0.000,0.000,0.000,0.000,0.000,0.153,0.185,0.092,0.007,0,4,0,0,0,0,0,-3,0,0,0,0,-1
22.715,0.459,1.0,0.000,0.000,-0.016,0.000,0.000,0.000,0.000,0.000,0.153,0.185,0.092,0.007,0,4,0,0,0,0,0,-1,0,0,0,0,-1
22.731,0.452,1.0,0.000,0.000,-0.017,0.000,0.000,0.000,0.000,0.000,0.164,0.463,-0.065,0.007,0,4,0,0,0,0,0,2,0,0,0,0,1
22.749,0.452,1.0,0.000,0.000,-0.017,0.000,0.000,0.000,0.000,0.000,0.164,0.463,-0.065,0.007,0,4,0,0,0,0,0,3,0,0,0,0,2
22.769,0.452,1.0,0.000,0.000,-0.017,0.000,0.000,0.000,0.000,0.000,0.164,0.463,-0.065,0.007,0,4,0,0,0,0,0,-1,0,0,0,0,0
22.793,0.445,1.0,0.000,0.000,-0.012,0.000,0.000,0.000,0.000,0.000,0.113,0.124,-0.206,0.007,0,4,0,0,0,0,0,-3,0,0,0,0,-2
22.809,0.445,1.0,0.000,0.000,-0.012,0.000,0.000,0.000,0.000,0.000,0.113,0.124,-0.206,0.007,0,4,0,0,0,0,0,0,0,0,0,0,0
22.827,0.436,1.0,0.000,0.000,-0.028,0.000,0.000,0.000,0.000,0.000,0.270,-0.268,0.007,0.007,0,4,0,0,0,0,0,3,0,0,0,0,2
22.847,0.436,1.0,0.000,0.000,-0.028,0.000,0.000,0.000,0.000,0.000,0.270,-0.268,0.007,0.007,0,4,0,0,0,0,0,2,0,0,0,0,1
22.871,0.436,1.0,0.000,0.000,-0.028,0.000,0.000,0.000,0.000,0.000,0.270,-0.268,0.007,0.007,0,4,0,0,0,0,0,-3,0,0,0,0,-2
22.889,0.429,1.0,0.000,0.000,-0.011,0.000,0.000,0.000,0.000,0.000,0.112,-0.538,0.154,0.007,0,4,0,0,0,0,0,-3,0,0,0,0,-1
22.918,0.429,1.0,0.000,0.000,-0.011,0.000,0.000,0.000,0.000,0.000,0.112,-0.538,0.154,0.007,0,4,0,0,0,0,0,3,0,0,0,0,1
22.939,0.422,0.9,0.000,0.000,-0.014,0.000,0.000,0.000,0.000,0.000,0.139,-0.193,0.287,0.006,0,4,0,0,0,0,0,2,0,0,0,0,1
22.965,0.422,0.9,0.000,0.000,-0.014,0.000,0.000,0.000,0.000,0.000,0.139,-0.193,0.287,0.006,0,4,0,0,0,0,0,-3,0,0,0,0,-1
22.996,0.413,0.9,0.000,0.000,-0.016,0.000,0.000,0.000,0.000,0.000,0.160,0.208,0.064,0.006,0,4,0,0,0,0,0,1,0,0,0,0,0
23.018,0.413,0.9,0.000,0.000,-0.016,0.000,0.000,0.000,0.000,0.000,0.160,0.208,0.064,0.006,0,4,0,0,0,0,0,3,0,0,0,0,2
23.043,0.406,0.9,0.000,0.000,-0.015,0.000,0.000,0.000,0.000,0.000,0.148,0.484,-0.090,0.006,0,4,0,0,0,0,0,-1,0,0,0,0,0
23.060,0.406,0.9,0.000,0.000,-0.015,0.000,0.000,0.000,0.000,0.000,0.148,0.484,-0.090,0.006,0,4,0,0,0,0,0,-3,0,0,0,0,-1
23.090,0.399,0.9,0.000,0.000,-0.015,0.000,0.000,0.000,0.000,0.000,0.148,0.143,-0.229,0.006,0,4,0,0,0,0,0,1,0,0,0,0,1
23.112,0.399,0.9,0.000,0.000,-0.015,0.000,0.000,0.000,0.000,0.000,0.148,0.143,-0.229,0.006,0,4,0,0,0,0,0,3,0,0,0,0,1
23.129,0.399,0.9,0.000,0.000,-0.015,0.000,0.000,0.000,0.000,0.000,0.148,0.143,-0.229,0.006,0,4,0,0,0,0,0,0,0,0,0,0,0
23.146,0.390,0.9,0.000,0.000,-0.017,0.000,0.000,0.000,0.000,0.000,0.168,-0.258,-0.195,0.006,0,4,0,0,0,0,0,-3,0,0,0,0,-1
23.169,0.390,0.9,0.000,0.000,-0.017,0.000,0.000,0.000,0.000,0.000,0.168,-0.258,-0.195,0.006,0,4,0,0,0,0,0,-1,0,0,0,0,-1
23.190,0.390,0.9,0.000,0.000,-0.017,0.000,0.000,0.000,0.000,0.000,0.168,-0.258,-0.195,0.006,0,4,0,0,0,0,0,3,0,0,0,0,1
23.206,0.383,0.9,0.000,0.000,-0.012,0.000,0.000,0.000,0.000,0.000,0.115,-0.529,-0.029,0.006,0,4,0,0,0,0,0,2,0,0,0,0,1
23.224,0.383,0.9,0.000,0.000,-0.012,0.000,0.000,0.000,0.000,0.000,0.115,-0.529,-0.029,0.006,0,4,0,0,0,0,0,-1,0,0,0,0,0
23.246,0.376,0.8,0.000,0.000,-0.017,0.000,0.000,0.000,0.000,0.000,0.170,-0.191,0.118,0.006,0,4,0,0,0,0,0,-3,0,0,0,0,-1
23.266,0.376,0.8,0.000,0.000,-0.017,0.000,0.000,0.000,0.000,0.000,0.170,-0.191,0.118,0.006,0,4,0,0,0,0,0,0,0,0,0,0,0
23.293,0.376,0.8,0.000,0.000,-0.017,0.000,0.000,0.000,0.000,0.000,0.170,-0.191,0.118,0.006,0,4,0,0,0,0,0,3,0,0,0,0,1
23.310,0.367,0.8,0.000,0.000,-0.015,0.000,0.000,0.000,0.000,0.000,0.147,0.216,0.296,0.006,0,4,0,0,0,0,0,0,0,0,0,0,0
23.326,0.367,0.8,0.000,0.000,-0.015,0.000,0.000,0.000,0.000,0.000,0.147,0.216,0.296,0.006,0,4,0,0,0,0,0,-2,0,0,0,0,-1
23.347,0.360,0.8,0.000,0.000,-0.019,0.000,0.000,0.000,0.000,0.000,0.187,0.491,0.120,0.005,0,4,0,0,0,0,0,-2,0,0,0,0,-1
23.371,0.360,0.8,0.000,0.000,-0.019,0.000,0.000,0.000,0.000,0.000,0.187,0.491,0.120,0.005,0,4,0,0,0,0,0,2,0,0,0,0,1
23.388,0.360,0.8,0.000,0.000,-0.019,0.000,0.000,0.000,0.000,0.000,0.187,0.491,0.120,0.005,0,4,0,0,0,0,0,2,0,0,0,0,1
23.406,0.353,0.8,0.000,0.000,-0.012,0.000,0.000,0.000,0.000,0.000,0.118,0.149,-0.039,0.005,0,4,0,0,0,0,0,-1,0,0,0,0,0
23.426,0.353,0.8,0.000,0.000,-0.012,0.000,0.000,0.000,0.000,0.000,0.118,0.149,-0.039,0.005,0,4,0,0,0,0,0,-3,0,0,0,0,-1
23.443,0.353,0.8,0.000,0.000,-0.012,0.000,0.000,0.000,0.000,0.000,0.118,0.149,-0.039,0.005,0,4,0,0,0,0,0,-1,0,0,0,0,0
23.460,0.344,0.8,0.000,0.000,-0.017,0.000,0.000,0.000,0.000,0.000,0.170,-0.246,-0.223,0.005,0,4,0,0,0,0,0,2,0,0,0,0,1
23.477,0.344,0.8,0.000,0.000,-0.017,0.000,0.000,0.000,0.000,0.000,0.170,-0.246,-0.223,0.005,0,4,0,0,0,0,0,2,0,0,0,0,1
23.498,0.344,0.8,0.000,0.000,-0.017,0.000,0.000,0.000,0.000,0.000,0.170,-0.246,-0.223,0.005,0,4,0,0,0,0,0,-1,0,0,0,0,0
23.515,0.337,0.8,0.000,0.000,-0.013,0.000,0.000,0.000,0.000,0.000,0.127,-0.518,-0.350,0.005,0,4,0,0,0,0,0,-2,0,0,0,0,-1
23.531,0.337,0.8,0.000,0.000,-0.013,0.000,0.000,0.000,0.000,0.000,0.127,-0.518,-0.350,0.005,0,4,0,0,0,0,0,-1,0,0,0,0,-1
23.549,0.337,0.8,0.000,0.000,-0.013,0.000,0.000,0.000,0.000,0.000,0.127,-0.518,-0.350,0.005,0,4,0,0,0,0,0,2,0,0,0,0,1
23.570,0.330,0.7,0.000,0.000,-0.013,0.000,0.000,0.000,0.000,0.000,0.126,-0.174,-0.169,0.005,0,4,0,0,0,0,0,2,0,0,0,0,1
23.590,0.330,0.7,0.000,0.000,-0.013,0.000,0.000,0.000,0.000,0.000,0.126,-0.174,-0.169,0.005,0,4,0,0,0,0,0,-1,0,0,0,0,0
23.622,0.320,0.7,0.000,0.000,-0.018,0.000,0.000,0.000,0.000,0.000,0.178,0.224,0.040,0.005,0,4,0,0,0,0,0,-1,0,0,0,0,-1
23.642,0.320,0.7,0.000,0.000,-0.018,0.000,0.000,0.000,0.000,0.000,0.178,0.224,0.040,0.005,0,4,0,0,0,0,0,2,0,0,0,0,1
23.668,0.314,0.7,0.000,0.000,-0.015,0.000,0.000,0.000,0.000,0.000,0.150,0.498,0.184,0.005,0,4,0,0,0,0,0,1,0,0,0,0,1
23.685,0.314,0.7,0.000,0.000,-0.015,0.000,0.000,0.000,0.000,0.000,0.150,0.498,0.184,0.005,0,4,0,0,0,0,0,-2,0,0,0,0,-1
23.715,0.307,0.7,0.000,0.000,-0.015,0.000,0.000,0.000,0.000,0.000,0.148,0.747,0.314,0.005,0,4,0,0,0,0,0,-1,0,0,0,0,0
23.737,0.307,0.7,0.000,0.000,-0.015,0.000,0.000,0.000,0.000,0.000,0.148,0.747,0.314,0.005,0,4,0,0,0,0,0,2,0,0,0,0,1
23.754,0.307,0.7,0.000,0.000,-0.015,0.000,0.000,0.000,0.000,0.000,0.148,0.747,0.314,0.005,0,4,0,0,0,0,0,2,0,0,0,0,1
23.772,0.297,0.7,0.000,0.000,-0.017,0.000,0.000,0.000,0.000,0.000,0.165,0.272,0.270,0.005,0,4,0,0,0,0,0,-1,0,0,0,0,0
23.794,0.297,0.7,0.000,0.000,-0.017,0.000,0.000,0.000,0.000,0.000,0.165,0.272,0.270,0.005,0,4,0,0,0,0,0,-2,0,0,0,0,-1
23.814,0.297,0.7,0.000,0.000,-0.017,0.000,0.000,0.000,0.000,0.000,0.165,0.272,0.270,0.005,0,4,0,0,0,0,0,0,0,0,0,0,0
23.840,0.290,0.6,0.000,0.000,-0.010,0.000,0.000,0.000,0.000,0.000,0.101,-0.048,0.097,0.004,0,4,0,0,0,0,0,2,0,0,0,0,1
23.872,0.284,0.6,0.000,0.000,-0.022,0.000,0.000,0.000,0.000,0.000,0.212,-0.333,-0.057,0.004,0,4,0,0,0,0,0,-2,0,0,0,0,-1
23.893,0.284,0.6,0.000,0.000,-0.022,0.000,0.000,0.000,0.000,0.000,0.212,-0.333,-0.057,0.004,0,4,0,0,0,0,0,-1,0,0,0,0,-1
23.918,0.284,0.6,0.000,0.000,-0.022,0.000,0.000,0.000,0.000,0.000,0.212,-0.333,-0.057,0.004,0,4,0,0,0,0,0,2,0,0,0,0,1
23.935,0.274,0.6,0.000,0.000,-0.015,0.000,0.000,0.000,0.000,0.000,0.148,-0.676,-0.241,0.004,0,4,0,0,0,0,0,2,0,0,0,0,1
23.965,0.274,0.6,0.000,0.000,-0.015,0.000,0.000,0.000,0.000,0.000,0.148,-0.676,-0.241,0.004,0,4,0,0,0,0,0,-2,0,0,0,0,-1
23.986,0.267,0.6,0.000,0.000,-0.014,0.000,0.000,0.000,0.000,0.000,0.137,-0.908,-0.366,0.004,0,4,0,0,0,0,0,-1,0,0,0,0,0
24.003,0.267,0.6,0.000,0.000,-0.014,0.000,0.000,0.000,0.000,0.000,0.137,-0.908,-0.366,0.004,0,4,0,0,0,0,0,1,0,0,0,0,1
24.020,0.267,0.6,0.000,0.000,-0.014,0.000,0.000,0.000,0.000,0.000,0.137,-0.908,-0.366,0.004,0,4,0,0,0,0,0,2,0,0,0,0,1
24.044,0.260,0.6,0.000,0.000,-0.012,0.000,0.000,0.000,0.000,0.000,0.121,-0.527,-0.184,0.004,0,4,0,0,0,0,0,-1,0,0,0,0,0
24.064,0.260,0.6,0.000,0.000,-0.012,0.000,0.000,0.000,0.000,0.000,0.121,-0.527,-0.184,0.004,0,4,0,0,0,0,0,-2,0,0,0,0,-1
24.090,0.251,0.6,0.000,0.000,-0.020,0.000,0.000,0.000,0.000,0.000,0.198,-0.086,0.027,0.004,0,4,0,0,0,0,0,1,0,0,0,0,0
24.107,0.251,0.6,0.000,0.000,-0.020,0.000,0.000,0.000,0.000,0.000,0.198,-0.086,0.027,0.004,0,4,0,0,0,0,0,2,0,0,0,0,1
24.124,0.251,0.6,0.000,0.000,-0.020,0.000,0.000,0.000,0.000,0.000,0.198,-0.086,0.027,0.004,0,4,0,0,0,0,0,1,0,0,0,0,0
24.146,0.244,0.5,0.000,0.000,-0.013,0.000,0.000,0.000,0.000,0.000,0.125,0.217,0.172,0.004,0,4,0,0,0,0,0,-2,0,0,0,0,-1
24.169,0.244,0.5,0.000,0.000,-0.013,0.000,0.000,0.000,0.000,0.000,0.125,0.217,0.172,0.004,0,4,0,0,0,0,0,-1,0,0,0,0,0
24.186,0.237,0.5,0.000,0.000,-0.018,0.000,0.000,0.000,0.000,0.000,0.172,0.492,0.303,0.004,0,4,0,0,0,0,0,1,0,0,0,0,1
24.215,0.237,0.5,0.000,0.000,-0.018,0.000,0.000,0.000,0.000,0.000,0.172,0.492,0.303,0.004,0,4,0,0,0,0,0,1,0,0,0,0,0
24.236,0.228,0.5,0.000,0.000,-0.019,0.000,0.000,0.000,0.000,0.000,0.185,0.811,0.078,0.003,0,4,0,0,0,0,0,-2,0,0,0,0,-1
24.253,0.228,0.5,0.000,0.000,-0.019,0.000,0.000,0.000,0.000,0.000,0.185,0.811,0.078,0.003,0,4,0,0,0,0,0,-1,0,0,0,0,-1
24.269,0.228,0.5,0.000,0.000,-0.019,0.000,0.000,0.000,0.000,0.000,0.185,0.811,0.078,0.003,0,4,0,0,0,0,0,0,0,0,0,0,0
24.294,0.221,0.5,0.000,0.000,-0.012,0.000,0.000,0.000,0.000,0.000,0.121,0.439,-0.077,0.003,0,4,0,0,0,0,0,1,0,0,0,0,1
24.314,0.221,0.5,0.000,0.000,-0.012,0.000,0.000,0.000,0.000,0.000,0.121,0.439,-0.077,0.003,0,4,0,0,0,0,0,0,0,0,0,0,0
24.340,0.214,0.5,0.000,0.000,-0.015,0.000,0.000,0.000,0.000,0.000,0.149,0.103,-0.217,0.003,0,4,0,0,0,0,0,-1,0,0,0,0,-1
24.372,0.214,0.5,0.000,0.000,-0.015,0.000,0.000,0.000,0.000,0.000,0.149,0.103,-0.217,0.003,0,4,0,0,0,0,0,1,0,0,0,0,1
24.392,0.205,0.5,0.000,0.000,-0.018,0.000,0.000,0.000,0.000,0.000,0.179,-0.293,0.001,0.003,0,4,0,0,0,0,0,1,0,0,0,0,1
24.409,0.205,0.5,0.000,0.000,-0.018,0.000,0.000,0.000,0.000,0.000,0.179,-0.293,0.001,0.003,0,4,0,0,0,0,0,-1,0,0,0,0,0
24.427,0.205,0.5,0.000,0.000,-0.018,0.000,0.000,0.000,0.000,0.000,0.179,-0.293,0.001,0.003,0,4,0,0,0,0,0,-2,0,0,0,0,-1
24.444,0.198,0.4,0.000,0.000,-0.014,0.000,0.000,0.000,0.000,0.000,0.135,-0.561,0.148,0.003,0,4,0,0,0,0,0,0,0,0,0,0,0
24.464,0.198,0.4,0.000,0.000,-0.014,0.000,0.000,0.000,0.000,0.000,0.135,-0.561,0.148,0.003,0,4,0,0,0,0,0,1,0,0,0,0,1
24.496,0.191,0.4,0.000,0.000,-0.013,0.000,0.000,0.000,0.000,0.000,0.130,-0.220,-0.010,0.003,0,4,0,0,0,0,0,0,0,0,0,0,0
24.513,0.191,0.4,0.000,0.000,-0.013,0.000,0.000,0.000,0.000,0.000,0.130,-0.220,-0.010,0.003,0,4,0,0,0,0,0,-1,0,0,0,0,-1
24.543,0.191,0.4,0.000,0.000,-0.013,0.000,0.000,0.000,0.000,0.000,0.130,-0.220,-0.010,0.003,0,4,0,0,0,0,0,0,0,0,0,0,0
24.565,0.182,0.4,0.000,0.000,-0.014,0.000,0.000,0.000,0.000,0.000,0.137,0.190,-0.002,0.003,0,4,0,0,0,0,0,1,0,0,0,0,1
24.591,0.182,0.4,0.000,0.000,-0.014,0.000,0.000,0.000,0.000,0.000,0.137,0.190,-0.002,0.003,0,4,0,0,0,0,0,-1,0,0,0,0,0
24.622,0.175,0.4,0.000,0.000,-0.012,0.000,0.000,0.000,0.000,0.000,0.121,0.467,0.145,0.003,0,4,0,0,0,0,0,-1,0,0,0,0,0
24.643,0.175,0.4,0.000,0.000,-0.012,0.000,0.000,0.000,0.000,0.000,0.121,0.467,0.145,0.003,0,4,0,0,0,0,0,1,0,0,0,0,1
24.669,0.168,0.4,0.000,0.000,-0.015,0.000,0.000,0.000,0.000,0.000,0.150,0.128,-0.016,0.003,0,4,0,0,0,0,0,1,0,0,0,0,0
24.686,0.168,0.4,0.000,0.000,-0.015,0.000,0.000,0.000,0.000,0.000,0.150,0.128,-0.016,0.003,0,4,0,0,0,0,0,-1,0,0,0,0,0
24.715,0.158,0.4,0.000,0.000,-0.020,0.000,0.000,0.000,0.000,0.000,0.200,-0.265,-0.203,0.002,0,4,0,0,0,0,0,0,0,0,0,0,0
24.735,0.158,0.4,0.000,0.000,-0.020,0.000,0.000,0.000,0.000,0.000,0.200,-0.265,-0.203,0.002,0,4,0,0,0,0,0,1,0,0,0,0,1
24.753,0.158,0.4,0.000,0.000,-0.020,0.000,0.000,0.000,0.000,0.000,0.200,-0.265,-0.203,0.002,0,4,0,0,0,0,0,1,0,0,0,0,1
24.770,0.152,0.3,0.000,0.000,-0.013,0.000,0.000,0.000,0.000,0.000,0.127,-0.535,-0.036,0.002,0,4,0,0,0,0,0,0,0,0,0,0,0
24.793,0.152,0.3,0.000,0.000,-0.013,0.000,0.000,0.000,0.000,0.000,0.127,-0.535,-0.036,0.002,0,4,0,0,0,0,0,-1,0,0,0,0,0
24.814,0.145,0.3,0.000,0.000,-0.016,0.000,0.000,0.000,0.000,0.000,0.158,-0.190,0.115,0.002,0,4,0,0,0,0,0,0,0,0,0,0,0
24.840,0.145,0.3,0.000,0.000,-0.016,0.000,0.000,0.000,0.000,0.000,0.158,-0.190,0.115,0.002,0,4,0,0,0,0,0,1,0,0,0,0,1
24.857,0.145,0.3,0.000,0.000,-0.016,0.000,0.000,0.000,0.000,0.000,0.158,-0.190,0.115,0.002,0,4,0,0,0,0,0,0,0,0,0,0,0
24.874,0.135,0.3,0.000,0.000,-0.016,0.000,0.000,0.000,0.000,0.000,0.153,0.211,0.095,0.002,0,4,0,0,0,0,0,-1,0,0,0,0,0
24.895,0.135,0.3,0.000,0.000,-0.016,0.000,0.000,0.000,0.000,0.000,0.153,0.211,0.095,0.002,0,4,0,0,0,0,0,0,0,0,0,0,0
24.919,0.128,0.3,0.000,0.000,-0.016,0.000,0.000,0.000,0.000,0.000,0.155,0.486,-0.061,0.002,0,4,0,0,0,0,0,1,0,0,0,0,0
24.936,0.128,0.3,0.000,0.000,-0.016,0.000,0.000,0.000,0.000,0.000,0.155,0.486,-0.061,0.002,0,4,0,0,0,0,0,1,0,0,0,0,0
24.953,0.128,0.3,0.000,0.000,-0.016,0.000,0.000,0.000,0.000,0.000,0.155,0.486,-0.061,0.002,0,4,0,0,0,0,0,0,0,0,0,0,0
24.974,0.121,0.3,0.000,0.000,-0.013,0.000,0.000,0.000,0.000,0.000,0.127,0.736,-0.203,0.002,0,4,0,0,0,0,0,-1,0,0,0,0,0
24.997,0.121,0.3,0.000,0.000,-0.013,0.000,0.000,0.000,0.000,0.000,0.127,0.736,-0.203,0.002,0,4,0,0,0,0,0,0,0,0,0,0,0
25.014,0.112,0.3,0.000,0.000,-0.024,0.000,0.000,0.000,0.000,0.000,0.232,0.263,0.013,0.002,0,4,0,0,0,0,0,1,0,0,0,0,0
25.030,0.112,0.3,0.000,0.000,-0.024,0.000,0.000,0.000,0.000,0.000,0.232,0.263,0.013,0.002,0,4,0,0,0,0,0,0,0,0,0,0,0
25.052,0.112,0.3,0.000,0.000,-0.024,0.000,0.000,0.000,0.000,0.000,0.232,0.263,0.013,0.002,0,4,0,0,0,0,0,-1,0,0,0,0,0
25.069,0.105,0.2,0.000,0.000,-0.013,0.000,0.000,0.000,0.000,0.000,0.127,-0.057,0.160,0.002,0,4,0,0,0,0,0,-1,0,0,0,0,0
25.085,0.105,0.2,0.000,0.000,-0.013,0.000,0.000,0.000,0.000,0.000,0.127,-0.057,0.160,0.002,0,4,0,0,0,0,0,0,0,0,0,0,0
25.102,0.105,0.2,0.000,0.000,-0.013,0.000,0.000,0.000,0.000,0.000,0.127,-0.057,0.160,0.002,0,4,0,0,0,0,0,1,0,0,0,0,0
25.123,0.098,0.2,0.000,0.000,-0.013,0.000,0.000,0.000,0.000,0.000,0.124,-0.341,0.000,0.002,0,4,0,0,0,0,0,0,0,0,0,0,0
25.141,0.098,0.2,0.000,0.000,-0.013,0.000,0.000,0.000,0.000,0.000,0.124,-0.341,0.000,0.002,0,4,0,0,0,0,0,0,0,0,0,0,0
25.169,0.098,0.2,0.000,0.000,-0.013,0.000,0.000,0.000,0.000,0.000,0.124,-0.341,0.000,0.002,0,4,0,0,0,0,0,0,0,0,0,0,0
25.184,0.089,0.2,0.000,0.000,-0.016,0.000,0.000,0.000,0.000,0.000,0.152,-0.683,0.006,0.001,0,4,0,0,0,0,0,0,0,0,0,0,0
25.205,0.089,0.2,0.000,0.000,-0.016,0.000,0.000,0.000,0.000,0.000,0.152,-0.683,0.006,0.001,0,4,0,0,0,0,0,1,0,0,0,0,0
25.222,0.082,0.2,0.000,0.000,-0.019,0.000,0.000,0.000,0.000,0.000,0.186,-0.914,0.154,0.001,0,4,0,0,0,0,0,0,0,0,0,0,0
25.246,0.082,0.2,0.000,0.000,-0.019,0.000,0.000,0.000,0.000,0.000,0.186,-0.914,0.154,0.001,0,4,0,0,0,0,0,-1,0,0,0,0,0
25.264,0.082,0.2,0.000,0.000,-0.019,0.000,0.000,0.000,0.000,0.000,0.186,-0.914,0.154,0.001,0,4,0,0,0,0,0,0,0,0,0,0,0
25.286,0.075,0.2,0.000,0.000,-0.011,0.000,0.000,0.000,0.000,0.000,0.109,-0.533,-0.009,0.001,0,4,0,0,0,0,0,0,0,0,0,0,0
25.303,0.075,0.2,0.000,0.000,-0.011,0.000,0.000,0.000,0.000,0.000,0.109,-0.533,-0.009,0.001,0,4,0,0,0,0,0,0,0,0,0,0,0
25.321,0.075,0.2,0.000,0.000,-0.011,0.000,0.000,0.000,0.000,0.000,0.109,-0.533,-0.009,0.001,0,4,0,0,0,0,0,0,0,0,0,0,0
25.341,0.066,0.1,0.000,0.000,-0.017,0.000,0.000,0.000,0.000,0.000,0.167,-0.091,-0.196,0.001,0,4,0,0,0,0,0,0,0,0,0,0,0
25.361,0.066,0.1,0.000,0.000,-0.017,0.000,0.000,0.000,0.000,0.000,0.167,-0.091,-0.196,0.001,0,4,0,0,0,0,0,0,0,0,0,0,0
25.379,0.059,0.1,0.000,0.000,-0.019,0.000,0.000,0.000,0.000,0.000,0.183,0.213,-0.030,0.001,0,4,0,0,0,0,0,0,0,0,0,0,0
25.396,0.059,0.1,0.000,0.000,-0.019,0.000,0.000,0.000,0.000,0.000,0.183,0.213,-0.030,0.001,0,4,0,0,0,0,0,0,0,0,0,0,0
25.418,0.059,0.1,0.000,0.000,-0.019,0.000,0.000,0.000,0.000,0.000,0.183,0.213,-0.030,0.001,0,4,0,0,0,0,0,0,0,0,0,0,0
25.439,0.052,0.1,0.000,0.000,-0.012,0.000,0.000,0.000,0.000,0.000,0.116,0.488,0.120,0.001,0,4,0,0,0,0,0,0,0,0,0,0,0
25.466,0.052,0.1,0.000,0.000,-0.012,0.000,0.000,0.000,0.000,0.000,0.116,0.488,0.120,0.001,0,4,0,0,0,0,0,0,0,0,0,0,0
25.483,0.043,0.1,0.000,0.000,-0.021,0.000,0.000,0.000,0.000,0.000,0.210,0.807,0.100,0.001,0,4,0,0,0,0,0,0,0,0,0,0,0
25.499,0.043,0.1,0.000,0.000,-0.021,0.000,0.000,0.000,0.000,0.000,0.210,0.807,0.100,0.001,0,4,0,0,0,0,0,0,0,0,0,0,0
25.520,0.043,0.1,0.000,0.000,-0.021,0.000,0.000,0.000,0.000,0.000,0.210,0.807,0.100,0.001,0,4,0,0,0,0,0,0,0,0,0,0,0
25.543,0.036,0.1,0.000,0.000,-0.012,0.000,0.000,0.000,0.000,0.000,0.116,1.026,-0.057,0.001,0,4,0,0,0,0,0,0,0,0,0,0,0
25.560,0.036,0.1,0.000,0.000,-0.012,0.000,0.000,0.000,0.000,0.000,0.116,1.026,-0.057,0.001,0,4,0,0,0,0,0,0,0,0,0,0,0
25.591,0.029,0.1,0.000,0.000,-0.015,0.000,0.000,0.000,0.000,0.000,0.145,0.635,-0.200,0.000,0,4,0,0,0,0,0,0,0,0,0,0,0
25.612,0.029,0.1,0.000,0.000,-0.015,0.000,0.000,0.000,0.000,0.000,0.145,0.635,-0.200,0.000,0,4,0,0,0,0,0,0,0,0,0,0,0
25.629,0.029,0.1,0.000,0.000,-0.015,0.000,0.000,0.000,0.000,0.000,0.145,0.635,-0.200,0.000,0,4,0,0,0,0,0,0,0,0,0,0,0
25.646,0.020,0.0,0.000,0.000,-0.017,0.000,0.000,0.000,0.000,0.000,0.167,0.174,0.016,0.000,0,4,0,0,0,0,0,0,0,0,0,0,0
25.668,0.020,0.0,0.000,0.000,-0.017,0.000,0.000,0.000,0.000,0.000,0.167,0.174,0.016,0.000,0,4,0,0,0,0,0,0,0,0,0,0,0
25.690,0.020,0.0,0.000,0.000,-0.017,0.000,0.000,0.000,0.000,0.000,0.167,0.174,0.016,0.000,0,4,0,0,0,0,0,0,0,0,0,0,0
25.715,0.013,0.0,0.000,0.000,-0.010,0.000,0.000,0.000,0.000,0.000,0.100,-0.138,0.163,0.000,0,4,0,0,0,0,0,0,0,0,0,0,0
25.746,0.006,0.0,0.000,0.000,-0.022,0.000,0.000,0.000,0.000,0.000,0.221,-0.414,0.003,0.000,0,4,0,0,0,0,0,0,0,0,0,0,0
25.767,0.006,0.0,0.000,0.000,-0.022,0.000,0.000,0.000,0.000,0.000,0.221,-0.414,0.003,0.000,0,4,0,0,0,0,0,0,0,0,0,0,0
25.793,0.006,0.0,0.000,0.000,-0.022,0.000,0.000,0.000,0.000,0.000,0.221,-0.414,0.003,0.000,0,4,0,0,0,0,0,0,0,0,0,0,0
25.810,0.004,0.0,0.000,0.000,-0.004,0.000,0.000,0.000,0.000,0.000,0.145,-0.747,0.009,0.000,0,4,0,0,0,0,0,0,0,0,0,0,0
25.840,0.004,0.0,0.000,0.000,-0.004,0.000,0.000,0.000,0.000,0.000,0.145,-0.747,0.009,0.000,0,4,0,0,0,0,0,0,0,0,0,0,0
25.861,0.010,0.0,0.000,0.000,0.013,0.000,0.000,0.000,0.000,0.000,0.136,-0.972,0.156,0.000,0,4,0,0,0,0,0,0,0,0,0,0,0
25.878,0.010,0.0,0.000,0.000,0.013,0.000,0.000,0.000,0.000,0.000,0.136,-0.972,0.156,0.000,0,4,0,0,0,0,0,0,0,0,0,0,0
25.895,0.010,0.0,0.000,0.000,0.013,0.000,0.000,0.000,0.000,0.000,0.136,-0.972,0.156,0.000,0,4,0,0,0,0,0,0,0,0,0,0,0
25.918,0.017,0.0,0.000,0.000,0.012,0.000,0.000,0.000,0.000,0.000,0.122,-0.585,-0.007,0.000,0,4,0,0,0,0,0,0,0,0,0,0,0
25.939,0.017,0.0,0.000,0.000,0.012,0.000,0.000,0.000,0.000,0.000,0.122,-0.585,-0.007,0.000,0,4,0,0,0,0,0,0,0,0,0,0,0
25.965,0.026,0.1,0.000,0.000,0.020,0.000,0.000,0.000,0.000,0.000,0.198,-0.138,-0.195,0.000,0,4,0,0,0,0,0,0,0,0,0,0,0
25.996,0.026,0.1,0.000,0.000,0.020,0.000,0.000,0.000,0.000,0.000,0.198,-0.138,-0.195,0.000,0,4,0,0,0,0,0,0,0,0,0,0,0
26.017,0.033,0.1,0.000,0.000,0.014,0.000,0.000,0.000,0.000,0.000,0.133,0.171,-0.029,0.000,0,4,0,0,0,0,0,0,0,0,0,0,0
26.033,0.033,0.1,0.000,0.000,0.014,0.000,0.000,0.000,0.000,0.000,0.133,0.171,-0.029,0.000,0,4,0,0,0,0,0,0,0,0,0,0,0
26.051,0.033,0.1,0.000,0.000,0.014,0.000,0.000,0.000,0.000,0.000,0.133,0.171,-0.029,0.000,0,4,0,0,0,0,0,0,0,0,0,0,0
26.068,0.040,0.1,0.000,0.000,0.014,0.000,0.000,0.000,0.000,0.000,0.136,0.450,0.122,-0.001,0,4,0,0,0,0,0,0,0,0,0,0,0
26.089,0.040,0.1,0.000,0.000,0.014,0.000,0.000,0.000,0.000,0.000,0.136,0.450,0.122,-0.001,0,4,0,0,0,0,0,0,0,0,0,0,0
26.122,0.050,0.1,0.000,0.000,0.018,0.000,0.000,0.000,0.000,0.000,0.172,0.773,-0.082,-0.001,0,4,0,0,0,0,0,0,0,0,0,0,0
26.138,0.050,0.1,0.000,0.000,0.018,0.000,0.000,0.000,0.000,0.000,0.172,0.773,-0.082,-0.001,0,4,0,0,0,0,0,0,0,0,0,0,0
26.169,0.056,0.1,0.000,0.000,0.015,0.000,0.000,0.000,0.000,0.000,0.148,0.405,0.074,-0.001,0,4,0,0,0,0,0,0,0,0,0,0,0
26.189,0.056,0.1,0.000,0.000,0.015,0.000,0.000,0.000,0.000,0.000,0.148,0.405,0.074,-0.001,0,4,0,0,0,0,0,0,0,0,0,0,0
26.215,0.063,0.1,0.000,0.000,0.015,0.000,0.000,0.000,0.000,0.000,0.149,0.072,-0.081,-0.001,0,4,0,0,0,0,0,0,0,0,0,0,0
26.246,0.063,0.1,0.000,0.000,0.015,0.000,0.000,0.000,0.000,0.000,0.149,0.072,-0.081,-0.001,0,4,0,0,0,0,0,0,0,0,0,0,0
26.267,0.073,0.2,0.000,0.000,0.018,0.000,0.000,0.000,0.000,0.000,0.178,-0.320,-0.077,-0.001,0,4,0,0,0,0,0,0,0,0,0,0,0
26.285,0.073,0.2,0.000,0.000,0.018,0.000,0.000,0.000,0.000,0.000,0.178,-0.320,-0.077,-0.001,0,4,0,0,0,0,0,1,0,0,0,0,0
26.302,0.073,0.2,0.000,0.000,0.018,0.000,0.000,0.000,0.000,0.000,0.178,-0.320,-0.077,-0.001,0,4,0,0,0,0,0,0,0,0,0,0,0
26.320,0.080,0.2,0.000,0.000,0.014,0.000,0.000,0.000,0.000,0.000,0.133,-0.585,0.078,-0.001,0,4,0,0,0,0,0,0,0,0,0,0,0
26.341,0.080,0.2,0.000,0.000,0.014,0.000,0.000,0.000,0.000,0.000,0.133,-0.585,0.078,-0.001,0,4,0,0,0,0,0,0,0,0,0,0,0
26.371,0.087,0.2,0.000,0.000,0.014,0.000,0.000,0.000,0.000,0.000,0.133,-0.242,-0.074,-0.001,0,4,0,0,0,0,0,1,0,0,0,0,0
26.389,0.087,0.2,0.000,0.000,0.014,0.000,0.000,0.000,0.000,0.000,0.133,-0.242,-0.074,-0.001,0,4,0,0,0,0,0,0,0,0,0,0,0
26.418,0.087,0.2,0.000,0.000,0.014,0.000,0.000,0.000,0.000,0.000,0.133,-0.242,-0.074,-0.001,0,4,0,0,0,0,0,-1,0,0,0,0,0
26.439,0.096,0.2,0.000,0.000,0.014,0.000,0.000,0.000,0.000,0.000,0.137,0.171,0.127,-0.001,0,4,0,0,0,0,0,0,0,0,0,0,0
26.465,0.096,0.2,0.000,0.000,0.014,0.000,0.000,0.000,0.000,0.000,0.137,0.171,0.127,-0.001,0,4,0,0,0,0,0,1,0,0,0,0,0
26.481,0.103,0.2,0.000,0.000,0.017,0.000,0.000,0.000,0.000,0.000,0.166,0.450,-0.033,-0.002,0,4,0,0,0,0,0,1,0,0,0,0,0
26.498,0.103,0.2,0.000,0.000,0.017,0.000,0.000,0.000,0.000,0.000,0.166,0.450,-0.033,-0.002,0,4,0,0,0,0,0,0,0,0,0,0,0
26.519,0.103,0.2,0.000,0.000,0.017,0.000,0.000,0.000,0.000,0.000,0.166,0.450,-0.033,-0.002,0,4,0,0,0,0,0,-1,0,0,0,0,0
26.544,0.110,0.2,0.000,0.000,0.011,0.000,0.000,0.000,0.000,0.000,0.112,0.112,-0.178,-0.002,0,4,0,0,0,0,0,0,0,0,0,0,0
26.561,0.110,0.2,0.000,0.000,0.011,0.000,0.000,0.000,0.000,0.000,0.112,0.112,-0.178,-0.002,0,4,0,0,0,0,0,1,0,0,0,0,0
26.590,0.119,0.3,0.000,0.000,0.020,0.000,0.000,0.000,0.000,0.000,0.198,-0.279,0.033,-0.002,0,4,0,0,0,0,0,0,0,0,0,0,0
26.610,0.119,0.3,0.000,0.000,0.020,0.000,0.000,0.000,0.000,0.000,0.198,-0.279,0.033,-0.002,0,4,0,0,0,0,0,-1,0,0,0,0,0
26.628,0.119,0.3,0.000,0.000,0.020,0.000,0.000,0.000,0.000,0.000,0.198,-0.279,0.033,-0.002,0,4,0,0,0,0,0,0,0,0,0,0,0
26.645,0.126,0.3,0.000,0.000,0.013,0.000,0.000,0.000,0.000,0.000,0.128,0.043,0.177,-0.002,0,4,0,0,0,0,0,1,0,0,0,0,0
26.662,0.126,0.3,0.000,0.000,0.013,0.000,0.000,0.000,0.000,0.000,0.128,0.043,0.177,-0.002,0,4,0,0,0,0,0,1,0,0,0,0,0
26.682,0.133,0.3,0.000,0.000,0.019,0.000,0.000,0.000,0.000,0.000,0.186,-0.257,0.013,-0.002,0,4,0,0,0,0,0,0,0,0,0,0,0
26.700,0.133,0.3,0.000,0.000,0.019,0.000,0.000,0.000,0.000,0.000,0.186,-0.257,0.013,-0.002,0,4,0,0,0,0,0,-1,0,0,0,0,0
26.717,0.133,0.3,0.000,0.000,0.019,0.000,0.000,0.000,0.000,0.000,0.186,-0.257,0.013,-0.002,0,4,0,0,0,0,0,0,0,0,0,0,0
26.746,0.142,0.3,0.000,0.000,0.015,0.000,0.000,0.000,0.000,0.000,0.144,0.152,0.017,-0.002,0,4,0,0,0,0,0,1,0,0,0,0,1
26.766,0.142,0.3,0.000,0.000,0.015,0.000,0.000,0.000,0.000,0.000,0.144,0.152,0.017,-0.002,0,4,0,0,0,0,0,0,0,0,0,0,0
26.794,0.149,0.3,0.000,0.000,0.015,0.000,0.000,0.000,0.000,0.000,0.145,0.433,0.163,-0.002,0,4,0,0,0,0,0,-1,0,0,0,0,0
26.810,0.149,0.3,0.000,0.000,0.015,0.000,0.000,0.000,0.000,0.000,0.145,0.433,0.163,-0.002,0,4,0,0,0,0,0,0,0,0,0,0,0
26.827,0.149,0.3,0.000,0.000,0.015,0.000,0.000,0.000,0.000,0.000,0.145,0.433,0.163,-0.002,0,4,0,0,0,0,0,1,0,0,0,0,1
26.849,0.000,0.0,0.000,-0.492,-0.279,0.000,0.000,0.000,0.000,0.000,2.739,0.097,0.000,0.000,0,4,0,0,0,0,0,0,0,0,0,0,0
26.865,0.000,0.0,0.000,-0.492,-0.279,0.000,0.000,0.000,0.000,0.000,2.739,0.097,0.000,0.000,0,4,0,0,0,0,0,0,0,0,0,0,0
26.882,0.000,0.0,0.000,-0.492,-0.279,0.000,0.000,0.000,0.000,0.000,2.739,0.097,0.000,0.000,0,4,0,0,0,0,0,0,0,0,0,0,0
26.898,0.000,0.0,0.000,-0.974,-0.279,0.000,0.000,0.000,0.000,0.000,2.739,-0.298,-0.191,0.000,0,4,0,0,0,0,0,0,0,0,0,0,0
26.919,0.000,0.0,0.000,-0.974,-0.279,0.000,0.000,0.000,0.000,0.000,2.739,-0.298,-0.191,0.000,0,4,0,0,0,0,0,0,0,0,0,0,0
26.936,0.000,0.0,0.000,-0.974,-0.279,0.000,0.000,0.000,0.000,0.000,2.739,-0.298,-0.191,0.000,0,4,0,0,0,0,0,0,0,0,0,0,0
26.953,0.000,0.0,0.000,-1.000,-0.279,0.000,0.000,0.000,0.000,0.000,2.739,0.000,0.000,0.000,0,4,0,0,0,0,0,0,0,0,0,0,0
26.970,0.000,0.0,0.000,-1.000,-0.279,0.000,0.000,0.000,0.000,0.000,2.739,0.000,0.000,0.000,0,4,0,0,0,0,0,0,0,0,0,0,0
26.991,0.000,0.0,0.000,-1.000,-0.279,0.000,0.000,0.000,0.000,0.000,2.739,0.000,0.000,0.000,0,4,0,0,0,0,0,0,0,0,0,0,0
27.008,0.000,0.0,0.000,-1.000,-0.279,0.000,0.000,0.000,0.000,0.000,2.739,0.000,0.000,0.000,0,4,0,0,0,0,0,0,0,0,0,0,0
27.025,0.000,0.0,0.000,-1.000,-0.279,0.000,0.000,0.000,0.000,0.000,2.739,0.000,0.000,0.000,0,4,0,0,0,0,0,0,0,0,0,0,0
27.043,0.000,0.0,0.000,-1.000,-0.279,0.000,0.000,0.000,0.000,0.000,2.739,0.000,0.000,0.000,0,4,0,0,0,0,0,0,0,0,0,0,0
27.064,0.000,0.0,0.000,-1.000,-0.279,0.000,0.000,0.000,0.000,0.000,2.739,0.000,0.000,0.000,0,4,0,0,0,0,0,0,0,0,0,0,0
27.081,0.000,0.0,0.000,-1.000,-0.279,0.000,0.000,0.000,0.000,0.000,2.739,0.000,0.000,0.000,0,4,0,0,0,0,0,0,0,0,0,0,0
27.098,0.000,0.0,0.000,-1.000,-0.279,0.000,0.000,0.000,0.000,0.000,2.739,0.000,0.000,0.000,0,4,0,0,0,0,0,0,0,0,0,0,0
27.114,0.000,0.0,0.000,-1.000,-0.279,0.000,0.000,0.000,0.000,0.000,2.739,0.000,0.000,0.000,0,4,0,0,0,0,0,0,0,0,0,0,0
27.134,0.000,0.0,0.000,-1.000,-0.279,0.000,0.000,0.000,0.000,0.000,2.739,0.000,0.000,0.000,0,4,0,0,0,0,0,0,0,0,0,0,0
27.151,0.000,0.0,0.000,-1.000,-0.279,0.000,0.000,0.000,0.000,0.000,2.739,0.000,0.000,0.000,0,4,0,0,0,0,0,0,0,0,0,0,0
27.169,0.000,0.0,0.000,-1.000,-0.279,0.000,0.000,0.000,0.000,0.000,2.739,0.000,0.000,0.000,0,4,0,0,0,0,0,0,0,0,0,0,0
27.185,0.000,0.0,0.000,-1.000,-0.279,0.000,0.000,0.000,0.000,0.000,2.739,0.000,0.000,0.000,0,4,0,0,0,0,0,0,0,0,0,0,0
27.206,0.000,0.0,0.000,-1.000,-0.279,0.000,0.000,0.000,0.000,0.000,2.739,0.000,0.000,0.000,0,4,0,0,0,0,0,0,0,0,0,0,0
27.223,0.000,0.0,0.000,-1.000,-0.279,0.000,0.000,0.000,0.000,0.000,2.739,0.000,0.000,0.000,0,4,0,0,0,0,0,0,0,0,0,0,0
27.246,0.000,0.0,0.000,-1.000,-0.279,0.000,0.000,0.000,0.000,0.000,2.739,0.000,0.000,0.000,0,4,0,0,0,0,0,0,0,0,0,0,0
27.263,0.000,0.0,0.000,-1.000,-0.279,0.000,0.000,0.000,0.000,0.000,2.739,0.000,0.000,0.000,0,4,0,0,0,0,0,0,0,0,0,0,0
27.284,0.000,0.0,0.000,-1.000,-0.279,0.000,0.000,0.000,0.000,0.000,2.739,0.000,0.000,0.000,0,4,0,0,0,0,0,0,0,0,0,0,0
27.302,0.000,0.0,0.000,-1.000,-0.279,0.000,0.000,0.000,0.000,0.000,2.739,0.000,0.000,0.000,0,4,0,0,0,0,0,0,0,0,0,0,0
27.319,0.000,0.0,0.000,-1.000,-0.279,0.000,0.000,0.000,0.000,0.000,2.739,0.000,0.000,0.000,0,4,0,0,0,0,0,0,0,0,0,0,0
27.340,0.000,0.0,0.000,-1.000,-0.279,0.000,0.000,0.000,0.000,0.000,2.739,0.000,0.000,0.000,0,4,0,0,0,0,0,0,0,0,0,0,0
27.362,0.000,0.0,0.000,-1.000,-0.279,0.000,0.000,0.000,0.000,0.000,2.739,0.000,0.000,0.000,0,4,0,0,0,0,0,0,0,0,0,0,0
27.379,0.000,0.0,0.000,-1.000,-0.279,0.000,0.000,0.000,0.000,0.000,2.739,0.000,0.000,0.000,0,4,0,0,0,0,0,0,0,0,0,0,0
27.396,0.000,0.0,0.000,-1.000,-0.279,0.000,0.000,0.000,0.000,0.000,2.739,0.000,0.000,0.000,0,4,0,0,0,0,0,0,0,0,0,0,0
27.413,0.000,0.0,0.000,-1.000,-0.279,0.000,0.000,0.000,0.000,0.000,2.739,0.000,0.000,0.000,0,4,0,0,0,0,0,0,0,0,0,0,0
27.433,0.000,0.0,0.000,-1.000,-0.279,0.000,0.000,0.000,0.000,0.000,2.739,0.000,0.000,0.000,0,4,0,0,0,0,0,0,0,0,0,0,0
27.465,0.000,0.0,0.000,-1.000,-0.279,0.000,0.000,0.000,0.000,0.000,2.739,0.000,0.000,0.000,0,4,0,0,0,0,0,0,0,0,0,0,0
27.481,0.000,0.0,0.000,-1.000,-0.279,0.000,0.000,0.000,0.000,0.000,2.739,0.000,0.000,0.000,0,4,0,0,0,0,0,0,0,0,0,0,0
27.499,0.000,0.0,0.000,-1.000,-0.279,0.000,0.000,0.000,0.000,0.000,2.739,0.000,0.000,0.000,0,4,0,0,0,0,0,0,0,0,0,0,0
27.520,0.000,0.0,0.000,-1.000,-0.279,0.000,0.000,0.000,0.000,0.000,2.739,0.000,0.000,0.000,0,4,0,0,0,0,0,0,0,0,0,0,0
27.544,0.000,0.0,0.000,-1.000,-0.279,0.000,0.000,0.000,0.000,0.000,2.739,0.000,0.000,0.000,0,4,0,0,0,0,0,0,0,0,0,0,0
27.562,0.000,0.0,0.000,-1.000,-0.279,0.000,0.000,0.000,0.000,0.000,2.739,0.000,0.000,0.000,0,4,0,0,0,0,0,0,0,0,0,0,0
27.590,0.000,0.0,0.000,-1.000,-0.279,0.000,0.000,0.000,0.000,0.000,2.739,0.000,0.000,0.000,0,4,0,0,0,0,0,0,0,0,0,0,0
27.610,0.000,0.0,0.000,-1.000,-0.279,0.000,0.000,0.000,0.000,0.000,2.739,0.000,0.000,0.000,0,4,0,0,0,0,0,0,0,0,0,0,0
27.627,0.000,0.0,0.000,-1.000,-0.279,0.000,0.000,0.000,0.000,0.000,2.739,0.000,0.000,0.000,0,4,0,0,0,0,0,0,0,0,0,0,0
27.644,0.000,0.0,0.000,-1.000,-0.279,0.000,0.000,0.000,0.000,0.000,2.739,0.000,0.000,0.000,0,4,0,0,0,0,0,0,0,0,0,0,0
27.668,0.000,0.0,0.000,-1.000,-0.279,0.000,0.000,0.000,0.000,0.000,2.739,0.000,0.000,0.000,0,4,0,0,0,0,0,0,0,0,0,0,0
27.689,0.000,0.0,0.000,-1.000,-0.279,0.000,0.000,0.000,0.000,0.000,2.739,0.000,0.000,0.000,0,4,0,0,0,0,0,0,0,0,0,0,0
27.706,0.000,0.0,0.000,-1.000,-0.279,0.000,0.000,0.000,0.000,0.000,2.739,0.000,0.000,0.000,0,4,0,0,0,0,0,0,0,0,0,0,0
27.724,0.000,0.0,0.000,-1.000,-0.279,0.000,0.000,0.000,0.000,0.000,2.739,0.000,0.000,0.000,0,4,0,0,0,0,0,0,0,0,0,0,0
27.746,0.000,0.0,0.000,-1.000,-0.279,0.000,0.000,0.000,0.000,0.000,2.739,0.000,0.000,0.000,0,4,0,0,0,0,0,0,0,0,0,0,0
27.766,0.000,0.0,0.000,-1.000,-0.279,0.000,0.000,0.000,0.000,0.000,2.739,0.000,0.000,0.000,0,4,0,0,0,0,0,0,0,0,0,0,0
27.794,0.000,0.0,0.000,-1.000,-0.279,0.000,0.000,0.000,0.000,0.000,2.739,0.000,0.000,0.000,0,4,0,0,0,0,0,0,0,0,0,0,0
27.811,0.000,0.0,0.000,-1.000,-0.279,0.000,0.000,0.000,0.000,0.000,2.739,0.000,0.000,0.000,0,4,0,0,0,0,0,0,0,0,0,0,0
27.840,0.000,0.0,0.000,-1.000,-0.279,0.000,0.000,0.000,0.000,0.000,2.739,0.000,0.000,0.000,0,4,0,0,0,0,0,0,0,0,0,0,0
27.860,0.000,0.0,0.000,-1.000,-0.279,0.000,0.000,0.000,0.000,0.000,2.739,0.000,0.000,0.000,0,4,0,0,0,0,0,0,0,0,0,0,0
27.877,0.000,0.0,0.000,-1.000,-0.279,0.000,0.000,0.000,0.000,0.000,2.739,0.000,0.000,0.000,0,4,0,0,0,0,0,0,0,0,0,0,0
27.893,0.000,0.0,0.000,-1.000,-0.279,0.000,0.000,0.000,0.000,0.000,2.739,0.000,0.000,0.000,0,4,0,0,0,0,0,0,0,0,0,0,0
27.910,0.000,0.0,0.000,-1.000,-0.279,0.000,0.000,0.000,0.000,0.000,2.739,0.000,0.000,0.000,0,4,0,0,0,0,0,0,0,0,0,0,0
27.930,0.007,0.0,0.000,0.000,-0.279,0.000,0.000,0.000,0.000,0.000,2.739,0.000,0.000,0.000,0,4,0,0,0,0,1024,0,0,0,0,0,27
27.948,0.007,0.0,0.000,0.000,-0.279,0.000,0.000,0.000,0.000,0.000,2.739,0.000,0.000,0.000,0,4,0,0,0,0,1024,0,0,0,0,0,49
27.965,0.007,0.0,0.000,0.000,-0.279,0.000,0.000,0.000,0.000,0.000,2.739,0.000,0.000,0.000,0,4,0,0,0,0,1024,0,0,0,0,0,71
27.981,0.007,0.0,0.000,0.000,-0.279,0.000,0.000,0.000,0.000,0.000,2.739,0.000,0.000,0.000,0,4,0,0,0,0,1024,0,0,0,0,0,92
28.003,0.016,0.0,0.000,0.000,0.013,0.000,0.000,0.000,0.000,0.000,0.128,0.012,-0.006,0.000,0,4,0,0,0,0,0,0,0,0,0,0,65
28.020,0.016,0.0,0.000,0.000,0.013,0.000,0.000,0.000,0.000,0.000,0.128,0.012,-0.006,0.000,0,4,0,0,0,0,0,0,0,0,0,0,42
28.043,0.023,0.1,0.000,0.000,0.017,0.000,0.000,0.000,0.000,0.000,0.172,0.306,-0.153,0.000,0,4,0,0,0,0,0,0,0,0,0,0,12
28.061,0.023,0.1,0.000,0.000,0.017,0.000,0.000,0.000,0.000,0.000,0.172,0.306,-0.153,0.000,0,4,0,0,0,0,0,0,0,0,0,0,0
28.082,0.023,0.1,0.000,0.000,0.017,0.000,0.000,0.000,0.000,0.000,0.172,0.306,-0.153,0.000,0,4,0,0,0,0,0,0,0,0,0,0,0
28.099,0.030,0.1,0.000,0.000,0.013,0.000,0.000,0.000,0.000,0.000,0.124,-0.018,0.009,0.000,0,4,0,0,0,0,0,0,0,0,0,0,0
28.122,0.030,0.1,0.000,0.000,0.013,0.000,0.000,0.000,0.000,0.000,0.124,-0.018,0.009,0.000,0,4,0,0,0,0,0,0,0,0,0,0,0
28.140,0.039,0.1,0.000,0.000,0.024,0.000,0.000,0.000,0.000,0.000,0.231,-0.399,0.199,-0.001,0,4,0,0,0,0,0,0,0,0,0,0,0
28.160,0.039,0.1,0.000,0.000,0.024,0.000,0.000,0.000,0.000,0.000,0.231,-0.399,0.199,-0.001,0,4,0,0,0,0,0,0,0,0,0,0,0
28.178,0.039,0.1,0.000,0.000,0.024,0.000,0.000,0.000,0.000,0.000,0.231,-0.399,0.199,-0.001,0,4,0,0,0,0,0,0,0,0,0,0,0
28.195,0.046,0.1,0.000,0.000,0.013,0.000,0.000,0.000,0.000,0.000,0.127,-0.066,0.033,-0.001,0,4,0,0,0,0,0,0,0,0,0,0,0
28.215,0.046,0.1,0.000,0.000,0.013,0.000,0.000,0.000,0.000,0.000,0.127,-0.066,0.033,-0.001,0,4,0,0,0,0,0,0,0,0,0,0,0
28.235,0.046,0.1,0.000,0.000,0.013,0.000,0.000,0.000,0.000,0.000,0.127,-0.066,0.033,-0.001,0,4,0,0,0,0,0,0,0,0,0,0,0
28.253,0.053,0.1,0.000,0.000,0.012,0.000,0.000,0.000,0.000,0.000,0.118,0.229,-0.115,-0.001,0,4,0,0,0,0,0,0,0,0,0,0,0
28.270,0.053,0.1,0.000,0.000,0.012,0.000,0.000,0.000,0.000,0.000,0.118,0.229,-0.115,-0.001,0,4,0,0,0,0,0,0,0,0,0,0,0
28.294,0.053,0.1,0.000,0.000,0.012,0.000,0.000,0.000,0.000,0.000,0.118,0.229,-0.115,-0.001,0,4,0,0,0,0,0,0,0,0,0,0,0
28.315,0.063,0.1,0.000,0.000,0.015,0.000,0.000,0.000,0.000,0.000,0.150,0.189,-0.094,-0.001,0,4,0,0,0,0,0,0,0,0,0,0,0
28.340,0.063,0.1,0.000,0.000,0.015,0.000,0.000,0.000,0.000,0.000,0.150,0.189,-0.094,-0.001,0,4,0,0,0,0,0,0,0,0,0,0,0
28.356,0.070,0.2,0.000,0.000,0.017,0.000,0.000,0.000,0.000,0.000,0.171,-0.124,0.062,-0.001,0,4,0,0,0,0,0,0,0,0,0,0,0
28.373,0.070,0.2,0.000,0.000,0.017,0.000,0.000,0.000,0.000,0.000,0.171,-0.124,0.062,-0.001,0,4,0,0,0,0,0,0,0,0,0,0,0
28.393,0.070,0.2,0.000,0.000,0.017,0.000,0.000,0.000,0.000,0.000,0.171,-0.124,0.062,-0.001,0,4,0,0,0,0,0,0,0,0,0,0,0
28.418,0.076,0.2,0.000,0.000,0.011,0.000,0.000,0.000,0.000,0.000,0.111,-0.408,0.204,-0.001,0,4,0,0,0,0,0,0,0,0,0,0,0
28.436,0.076,0.2,0.000,0.000,0.011,0.000,0.000,0.000,0.000,0.000,0.111,-0.408,0.204,-0.001,0,4,0,0,0,0,0,0,0,0,0,0,0
28.465,0.086,0.2,0.000,0.000,0.020,0.000,0.000,0.000,0.000,0.000,0.198,0.019,-0.009,-0.001,0,4,0,0,0,0,0,1,0,0,0,0,0
28.485,0.086,0.2,0.000,0.000,0.020,0.000,0.000,0.000,0.000,0.000,0.198,0.019,-0.009,-0.001,0,4,0,0,0,0,0,0,0,0,0,0,0
28.503,0.086,0.2,0.000,0.000,0.020,0.000,0.000,0.000,0.000,0.000,0.198,0.019,-0.009,-0.001,0,4,0,0,0,0,0,0,0,0,0,0,0
28.520,0.093,0.2,0.000,0.000,0.013,0.000,0.000,0.000,0.000,0.000,0.126,0.312,-0.156,-0.001,0,4,0,0,0,0,0,-1,0,0,0,0,0
28.536,0.093,0.2,0.000,0.000,0.013,0.000,0.000,0.000,0.000,0.000,0.126,0.312,-0.156,-0.001,0,4,0,0,0,0,0,0,0,0,0,0,0
28.556,0.100,0.2,0.000,0.000,0.020,0.000,0.000,0.000,0.000,0.000,0.192,0.578,-0.289,-0.002,0,4,0,0,0,0,0,1,0,0,0,0,0
28.573,0.100,0.2,0.000,0.000,0.020,0.000,0.000,0.000,0.000,0.000,0.192,0.578,-0.289,-0.002,0,4,0,0,0,0,0,1,0,0,0,0,0
28.591,0.100,0.2,0.000,0.000,0.020,0.000,0.000,0.000,0.000,0.000,0.192,0.578,-0.289,-0.002,0,4,0,0,0,0,0,0,0,0,0,0,0
28.622,0.109,0.2,0.000,0.000,0.014,0.000,0.000,0.000,0.000,0.000,0.139,0.131,-0.066,-0.002,0,4,0,0,0,0,0,0,0,0,0,0,0
28.643,0.109,0.2,0.000,0.000,0.014,0.000,0.000,0.000,0.000,0.000,0.139,0.131,-0.066,-0.002,0,4,0,0,0,0,0,1,0,0,0,0,0
28.669,0.116,0.3,0.000,0.000,0.015,0.000,0.000,0.000,0.000,0.000,0.149,-0.177,0.088,-0.002,0,4,0,0,0,0,0,0,0,0,0,0,0
28.686,0.116,0.3,0.000,0.000,0.015,0.000,0.000,0.000,0.000,0.000,0.149,-0.177,0.088,-0.002,0,4,0,0,0,0,0,-1,0,0,0,0,0
28.715,0.000,0.0,0.000,-0.492,-0.253,0.000,0.000,0.000,0.000,0.000,2.486,-0.455,0.228,0.000,0,4,0,0,0,0,0,0,0,0,0,0,0
28.736,0.000,0.0,0.000,-0.492,-0.253,0.000,0.000,0.000,0.000,0.000,2.486,-0.455,0.228,0.000,0,4,0,0,0,0,0,0,0,0,0,0,0
28.753,0.000,0.0,0.000,-0.492,-0.253,0.000,0.000,0.000,0.000,0.000,2.486,-0.455,0.228,0.000,0,4,0,0,0,0,0,0,0,0,0,0,0
28.770,0.000,0.0,0.000,-0.974,-0.253,0.000,0.000,0.000,0.000,0.000,2.486,0.000,0.000,0.000,0,4,0,0,0,0,0,0,0,0,0,0,0
28.793,0.000,0.0,0.000,-0.974,-0.253,0.000,0.000,0.000,0.000,0.000,2.486,0.000,0.000,0.000,0,4,0,0,0,0,0,0,0,0,0,0,0
28.814,0.000,0.0,0.000,-0.974,-0.253,0.000,0.000,0.000,0.000,0.000,2.486,0.000,0.000,0.000,0,4,0,0,0,0,0,0,0,0,0,0,0
28.840,0.000,0.0,0.000,-1.000,-0.253,0.000,0.000,0.000,0.000,0.000,2.486,0.000,0.000,0.000,0,4,0,0,0,0,0,0,0,0,0,0,0
28.872,0.000,0.0,0.000,-1.000,-0.253,0.000,0.000,0.000,0.000,0.000,2.486,0.000,0.000,0.000,0,4,0,0,0,0,0,0,0,0,0,0,0
28.893,0.000,0.0,0.000,-1.000,-0.253,0.000,0.000,0.000,0.000,0.000,2.486,0.000,0.000,0.000,0,4,0,0,0,0,0,0,0,0,0,0,0
28.918,0.000,0.0,0.000,-1.000,-0.253,0.000,0.000,0.000,0.000,0.000,2.486,0.000,0.000,0.000,0,4,0,0,0,0,0,0,0,0,0,0,0
28.936,0.000,0.0,0.000,-1.000,-0.253,0.000,0.000,0.000,0.000,0.000,2.486,0.000,0.000,0.000,0,4,0,0,0,0,0,0,0,0,0,0,0
28.966,0.000,0.0,0.000,-1.000,-0.253,0.000,0.000,0.000,0.000,0.000,2.486,0.000,0.000,0.000,0,4,0,0,0,0,0,0,0,0,0,0,0
28.987,0.000,0.0,0.000,-1.000,-0.253,0.000,0.000,0.000,0.000,0.000,2.486,0.000,0.000,0.000,0,4,0,0,0,0,0,0,0,0,0,0,0
29.005,0.000,0.0,0.000,-1.000,-0.253,0.000,0.000,0.000,0.000,0.000,2.486,0.000,0.000,0.000,0,4,0,0,0,0,0,0,0,0,0,0,0
29.022,0.000,0.0,0.000,-1.000,-0.253,0.000,0.000,0.000,0.000,0.000,2.486,0.000,0.000,0.000,0,4,0,0,0,0,0,0,0,0,0,0,0
29.040,0.000,0.0,0.000,-1.000,-0.253,0.000,0.000,0.000,0.000,0.000,2.486,0.000,0.000,0.000,0,4,0,0,0,0,0,0,0,0,0,0,0
29.060,0.000,0.0,0.000,-1.000,-0.253,0.000,0.000,0.000,0.000,0.000,2.486,0.000,0.000,0.000,0,4,0,0,0,0,0,0,0,0,0,0,0
29.090,0.000,0.0,0.000,-1.000,-0.253,0.000,0.000,0.000,0.000,0.000,2.486,0.000,0.000,0.000,0,4,0,0,0,0,0,0,0,0,0,0,0
29.106,0.000,0.0,0.000,-1.000,-0.253,0.000,0.000,0.000,0.000,0.000,2.486,0.000,0.000,0.000,0,4,0,0,0,0,0,0,0,0,0,0,0
29.123,0.000,0.0,0.000,-1.000,-0.253,0.000,0.000,0.000,0.000,0.000,2.486,0.000,0.000,0.000,0,4,0,0,0,0,0,0,0,0,0,0,0
29.144,0.000,0.0,0.000,-1.000,-0.253,0.000,0.000,0.000,0.000,0.000,2.486,0.000,0.000,0.000,0,4,0,0,0,0,0,0,0,0,0,0,0
29.169,0.000,0.0,0.000,-1.000,-0.253,0.000,0.000,0.000,0.000,0.000,2.486,0.000,0.000,0.000,0,4,0,0,0,0,0,0,0,0,0,0,0
29.186,0.000,0.0,0.000,-1.000,-0.253,0.000,0.000,0.000,0.000,0.000,2.486,0.000,0.000,0.000,0,4,0,0,0,0,0,0,0,0,0,0,0
29.215,0.000,0.0,0.000,-1.000,-0.253,0.000,0.000,0.000,0.000,0.000,2.486,0.000,0.000,0.000,0,4,0,0,0,0,0,0,0,0,0,0,0
29.237,0.000,0.0,0.000,-1.000,-0.253,0.000,0.000,0.000,0.000,0.000,2.486,0.000,0.000,0.000,0,4,0,0,0,0,0,0,0,0,0,0,0
29.255,0.000,0.0,0.000,-1.000,-0.253,0.000,0.000,0.000,0.000,0.000,2.486,0.000,0.000,0.000,0,4,0,0,0,0,0,0,0,0,0,0,0
29.272,0.000,0.0,0.000,-1.000,-0.253,0.000,0.000,0.000,0.000,0.000,2.486,0.000,0.000,0.000,0,4,0,0,0,0,0,0,0,0,0,0,0
29.293,0.000,0.0,0.000,-1.000,-0.253,0.000,0.000,0.000,0.000,0.000,2.486,0.000,0.000,0.000,0,4,0,0,0,0,0,0,0,0,0,0,0
29.314,0.000,0.0,0.000,-1.000,-0.253,0.000,0.000,0.000,0.000,0.000,2.486,0.000,0.000,0.000,0,4,0,0,0,0,0,0,0,0,0,0,0
29.340,0.000,0.0,0.000,-1.000,-0.253,0.000,0.000,0.000,0.000,0.000,2.486,0.000,0.000,0.000,0,4,0,0,0,0,0,0,0,0,0,0,0
29.372,0.000,0.0,0.000,-1.000,-0.253,0.000,0.000,0.000,0.000,0.000,2.486,0.000,0.000,0.000,0,4,0,0,0,0,0,0,0,0,0,0,0
29.393,0.000,0.0,0.000,-1.000,-0.253,0.000,0.000,0.000,0.000,0.000,2.486,0.000,0.000,0.000,0,4,0,0,0,0,0,0,0,0,0,0,0
29.410,0.000,0.0,0.000,-1.000,-0.253,0.000,0.000,0.000,0.000,0.000,2.486,0.000,0.000,0.000,0,4,0,0,0,0,0,0,0,0,0,0,0
29.428,0.000,0.0,0.000,-1.000,-0.253,0.000,0.000,0.000,0.000,0.000,2.486,0.000,0.000,0.000,0,4,0,0,0,0,0,0,0,0,0,0,0
29.445,0.000,0.0,0.000,-1.000,-0.253,0.000,0.000,0.000,0.000,0.000,2.486,0.000,0.000,0.000,0,4,0,0,0,0,0,0,0,0,0,0,0
29.465,0.000,0.0,0.000,-1.000,-0.253,0.000,0.000,0.000,0.000,0.000,2.486,0.000,0.000,0.000,0,4,0,0,0,0,0,0,0,0,0,0,0
29.496,0.000,0.0,0.000,-1.000,-0.253,0.000,0.000,0.000,0.000,0.000,2.486,0.000,0.000,0.000,0,4,0,0,0,0,0,0,0,0,0,0,0
29.512,0.000,0.0,0.000,-1.000,-0.253,0.000,0.000,0.000,0.000,0.000,2.486,0.000,0.000,0.000,0,4,0,0,0,0,0,0,0,0,0,0,0
29.543,0.000,0.0,0.000,-1.000,-0.253,0.000,0.000,0.000,0.000,0.000,2.486,0.000,0.000,0.000,0,4,0,0,0,0,0,0,0,0,0,0,0
29.564,0.000,0.0,0.000,-1.000,-0.253,0.000,0.000,0.000,0.000,0.000,2.486,0.000,0.000,0.000,0,4,0,0,0,0,0,0,0,0,0,0,0
29.590,0.000,0.0,0.000,-1.000,-0.253,0.000,0.000,0.000,0.000,0.000,2.486,0.000,0.000,0.000,0,4,0,0,0,0,0,0,0,0,0,0,0
29.622,0.000,0.0,0.000,-1.000,-0.253,0.000,0.000,0.000,0.000,0.000,2.486,0.000,0.000,0.000,0,4,0,0,0,0,0,0,0,0,0,0,0
29.643,0.000,0.0,0.000,-1.000,-0.253,0.000,0.000,0.000,0.000,0.000,2.486,0.000,0.000,0.000,0,4,0,0,0,0,0,0,0,0,0,0,0
29.668,0.000,0.0,0.000,-1.000,-0.253,0.000,0.000,0.000,0.000,0.000,2.486,0.000,0.000,0.000,0,4,0,0,0,0,0,0,0,0,0,0,0
29.686,0.000,0.0,0.000,-1.000,-0.253,0.000,0.000,0.000,0.000,0.000,2.486,0.000,0.000,0.000,0,4,0,0,0,0,0,0,0,0,0,0,0
29.715,0.000,0.0,0.000,-1.000,-0.253,0.000,0.000,0.000,0.000,0.000,2.486,0.000,0.000,0.000,0,4,0,0,0,0,0,0,0,0,0,0,0
29.735,0.000,0.0,0.000,-1.000,-0.253,0.000,0.000,0.000,0.000,0.000,2.486,0.000,0.000,0.000,0,4,0,0,0,0,0,0,0,0,0,0,0
29.753,0.000,0.0,0.000,-1.000,-0.253,0.000,0.000,0.000,0.000,0.000,2.486,0.000,0.000,0.000,0,4,0,0,0,0,0,0,0,0,0,0,0
29.770,0.000,0.0,0.000,-1.000,-0.253,0.000,0.000,0.000,0.000,0.000,2.486,0.000,0.000,0.000,0,4,0,0,0,0,0,0,0,0,0,0,0
29.793,0.000,0.0,0.000,-1.000,-0.253,0.000,0.000,0.000,0.000,0.000,2.486,0.000,0.000,0.000,0,4,0,0,0,0,0,0,0,0,0,0,0
29.814,0.000,0.0,0.000,-1.000,-0.253,0.000,0.000,0.000,0.000,0.000,2.486,0.000,0.000,0.000,0,4,0,0,0,0,0,0,0,0,0,0,0
29.840,0.000,0.0,0.000,-1.000,-0.253,0.000,0.000,0.000,0.000,0.000,2.486,0.000,0.000,0.000,0,4,0,0,0,0,0,0,0,0,0,0,0
29.872,0.000,0.0,0.000,-1.000,-0.253,0.000,0.000,0.000,0.000,0.000,2.486,0.000,0.000,0.000,0,4,0,0,0,0,0,0,0,0,0,0,0
29.892,0.000,0.0,0.000,-1.000,-0.253,0.000,0.000,0.000,0.000,0.000,2.486,0.000,0.000,0.000,0,4,0,0,0,0,0,0,0,0,0,0,0
29.908,0.000,0.0,0.000,-1.000,-0.253,0.000,0.000,0.000,0.000,0.000,2.486,0.000,0.000,0.000,0,4,0,0,0,0,0,0,0,0,0,0,0
29.926,0.000,0.0,0.000,-1.000,-0.253,0.000,0.000,0.000,0.000,0.000,2.486,0.000,0.000,0.000,0,4,0,0,0,0,0,0,0,0,0,0,0
29.943,0.000,0.0,0.000,-1.000,-0.253,0.000,0.000,0.000,0.000,0.000,2.486,0.000,0.000,0.000,0,4,0,0,0,0,0,0,0,0,0,0,0
29.964,0.000,0.0,0.000,-1.000,-0.253,0.000,0.000,0.000,0.000,0.000,2.486,0.000,0.000,0.000,0,4,0,0,0,0,0,0,0,0,0,0,0
29.996,0.000,0.0,0.000,-1.000,-0.253,0.000,0.000,0.000,0.000,0.000,2.486,0.000,0.000,0.000,0,4,0,0,0,0,0,0,0,0,0,0,0
30.013,0.000,0.0,0.000,-1.000,-0.253,0.000,0.000,0.000,0.000,0.000,2.486,0.000,0.000,0.000,0,4,0,0,0,0,0,0,0,0,0,0,0
30.043,0.000,0.0,0.000,-1.000,-0.253,0.000,0.000,0.000,0.000,0.000,2.486,0.000,0.000,0.000,0,4,0,0,0,0,0,0,0,0,0,0,0
30.063,0.000,0.0,0.000,-1.000,-0.253,0.000,0.000,0.000,0.000,0.000,2.486,0.000,0.000,0.000,0,4,0,0,0,0,0,0,0,0,0,0,0
30.090,0.000,0.0,0.000,-1.000,-0.253,0.000,0.000,0.000,0.000,0.000,2.486,0.000,0.000,0.000,0,4,0,0,0,0,0,0,0,0,0,0,0
30.107,0.000,0.0,0.000,-1.000,-0.253,0.000,0.000,0.000,0.000,0.000,2.486,0.000,0.000,0.000,0,4,0,0,0,0,0,0,0,0,0,0,0
30.124,0.000,0.0,0.000,-1.000,-0.253,0.000,0.000,0.000,0.000,0.000,2.486,0.000,0.000,0.000,0,4,0,0,0,0,0,0,0,0,0,0,0
30.145,0.000,0.0,0.000,-1.000,-0.253,0.000,0.000,0.000,0.000,0.000,2.486,0.000,0.000,0.000,0,4,0,0,0,0,0,0,0,0,0,0,0
30.168,0.000,0.0,0.000,-1.000,-0.253,0.000,0.000,0.000,0.000,0.000,2.486,0.000,0.000,0.000,0,4,0,0,0,0,0,0,0,0,0,0,0
30.186,0.000,0.0,0.000,-1.000,-0.253,0.000,0.000,0.000,0.000,0.000,2.486,0.000,0.000,0.000,0,4,0,0,0,0,0,0,0,0,0,0,0
30.216,0.000,0.0,0.000,-1.000,-0.253,0.000,0.000,0.000,0.000,0.000,2.486,0.000,0.000,0.000,0,4,0,0,0,0,0,0,0,0,0,0,0
30.238,0.000,0.0,0.000,-1.000,-0.253,0.000,0.000,0.000,0.000,0.000,2.486,0.000,0.000,0.000,0,4,0,0,0,0,0,0,0,0,0,0,0
30.254,0.000,0.0,0.000,-1.000,-0.253,0.000,0.000,0.000,0.000,0.000,2.486,0.000,0.000,0.000,0,4,0,0,0,0,0,0,0,0,0,0,0
30.272,0.000,0.0,0.000,-1.000,-0.253,0.000,0.000,0.000,0.000,0.000,2.486,0.000,0.000,0.000,0,4,0,0,0,0,0,0,0,0,0,0,0
30.294,0.000,0.0,0.000,-1.000,-0.253,0.000,0.000,0.000,0.000,0.000,2.486,0.000,0.000,0.000,0,4,0,0,0,0,0,0,0,0,0,0,0
30.314,0.000,0.0,0.000,-1.000,-0.253,0.000,0.000,0.000,0.000,0.000,2.486,0.000,0.000,0.000,0,4,0,0,0,0,0,0,0,0,0,0,0
30.340,0.000,0.0,0.000,-1.000,-0.253,0.000,0.000,0.000,0.000,0.000,2.486,0.000,0.000,0.000,0,4,0,0,0,0,0,0,0,0,0,0,0
30.371,0.000,0.0,0.000,-1.000,-0.253,0.000,0.000,0.000,0.000,0.000,2.486,0.000,0.000,0.000,0,4,0,0,0,0,0,0,0,0,0,0,0
30.393,0.000,0.0,0.000,-1.000,-0.253,0.000,0.000,0.000,0.000,0.000,2.486,0.000,0.000,0.000,0,4,0,0,0,0,0,0,0,0,0,0,0
30.410,0.000,0.0,0.000,-1.000,-0.253,0.000,0.000,0.000,0.000,0.000,2.486,0.000,0.000,0.000,0,4,0,0,0,0,0,0,0,0,0,0,0
30.427,0.000,0.0,0.000,-1.000,-0.253,0.000,0.000,0.000,0.000,0.000,2.486,0.000,0.000,0.000,0,4,0,0,0,0,0,0,0,0,0,0,0
30.444,0.000,0.0,0.000,-1.000,-0.253,0.000,0.000,0.000,0.000,0.000,2.486,0.000,0.000,0.000,0,4,0,0,0,0,0,0,0,0,0,0,0
30.465,0.000,0.0,0.000,-1.000,-0.253,0.000,0.000,0.000,0.000,0.000,2.486,0.000,0.000,0.000,0,4,0,0,0,0,0,0,0,0,0,0,0
30.496,0.000,0.0,0.000,-1.000,-0.253,0.000,0.000,0.000,0.000,0.000,2.486,0.000,0.000,0.000,0,4,0,0,0,0,0,0,0,0,0,0,0
30.514,0.000,0.0,0.000,-1.000,-0.253,0.000,0.000,0.000,0.000,0.000,2.486,0.000,0.000,0.000,0,4,0,0,0,0,0,0,0,0,0,0,0
30.543,0.000,0.0,0.000,-1.000,-0.253,0.000,0.000,0.000,0.000,0.000,2.486,0.000,0.000,0.000,0,4,0,0,0,0,0,0,0,0,0,0,0
30.563,0.000,0.0,0.000,-1.000,-0.253,0.000,0.000,0.000,0.000,0.000,2.486,0.000,0.000,0.000,0,4,0,0,0,0,0,0,0,0,0,0,0
30.590,0.000,0.0,0.000,-1.000,-0.253,0.000,0.000,0.000,0.000,0.000,2.486,0.000,0.000,0.000,0,4,0,0,0,0,0,0,0,0,0,0,0
30.621,0.000,0.0,0.000,-1.000,-0.253,0.000,0.000,0.000,0.000,0.000,2.486,0.000,0.000,0.000,0,4,0,0,0,0,0,0,0,0,0,0,0
30.643,0.000,0.0,0.000,-1.000,-0.253,0.000,0.000,0.000,0.000,0.000,2.486,0.000,0.000,0.000,0,4,0,0,0,0,0,0,0,0,0,0,0
30.668,0.000,0.0,0.000,-1.000,-0.253,0.000,0.000,0.000,0.000,0.000,2.486,0.000,0.000,0.000,0,4,0,0,0,0,0,0,0,0,0,0,0
30.686,0.000,0.0,0.000,-1.000,-0.253,0.000,0.000,0.000,0.000,0.000,2.486,0.000,0.000,0.000,0,4,0,0,0,0,0,0,0,0,0,0,0
30.716,0.000,0.0,0.000,-1.000,-0.253,0.000,0.000,0.000,0.000,0.000,2.486,0.000,0.000,0.000,0,4,0,0,0,0,0,0,0,0,0,0,0
30.736,0.000,0.0,0.000,-1.000,-0.253,0.000,0.000,0.000,0.000,0.000,2.486,0.000,0.000,0.000,0,4,0,0,0,0,0,0,0,0,0,0,0
30.754,0.000,0.0,0.000,-1.000,-0.253,0.000,0.000,0.000,0.000,0.000,2.486,0.000,0.000,0.000,0,4,0,0,0,0,0,0,0,0,0,0,0
30.771,0.000,0.0,0.000,-1.000,-0.253,0.000,0.000,0.000,0.000,0.000,2.486,0.000,0.000,0.000,0,4,0,0,0,0,0,0,0,0,0,0,0
30.794,0.000,0.0,0.000,-1.000,-0.253,0.000,0.000,0.000,0.000,0.000,2.486,0.000,0.000,0.000,0,4,0,0,0,0,0,0,0,0,0,0,0
30.816,0.000,0.0,0.000,-1.000,-0.253,0.000,0.000,0.000,0.000,0.000,2.486,0.000,0.000,0.000,0,4,0,0,0,0,0,0,0,0,0,0,0
30.840,0.000,0.0,0.000,-1.000,-0.253,0.000,0.000,0.000,0.000,0.000,2.486,0.000,0.000,0.000,0,4,0,0,0,0,0,0,0,0,0,0,0
30.871,0.000,0.0,0.000,-1.000,-0.253,0.000,0.000,0.000,0.000,0.000,2.486,0.000,0.000,0.000,0,4,0,0,0,0,0,0,0,0,0,0,0
30.892,0.000,0.0,0.000,-1.000,-0.253,0.000,0.000,0.000,0.000,0.000,2.486,0.000,0.000,0.000,0,4,0,0,0,0,0,0,0,0,0,0,0
30.909,0.000,0.0,0.000,-1.000,-0.253,0.000,0.000,0.000,0.000,0.000,2.486,0.000,0.000,0.000,0,4,0,0,0,0,0,0,0,0,0,0,0
30.927,0.000,0.0,0.000,-1.000,-0.253,0.000,0.000,0.000,0.000,0.000,2.486,0.000,0.000,0.000,0,4,0,0,0,0,0,0,0,0,0,0,0
30.944,0.000,0.0,0.000,-1.000,-0.253,0.000,0.000,0.000,0.000,0.000,2.486,0.000,0.000,0.000,0,4,0,0,0,0,0,0,0,0,0,0,0
30.965,0.000,0.0,0.000,-1.000,-0.253,0.000,0.000,0.000,0.000,0.000,2.486,0.000,0.000,0.000,0,4,0,0,0,0,0,0,0,0,0,0,0
30.981,0.000,0.0,0.000,-1.000,-0.253,0.000,0.000,0.000,0.000,0.000,2.486,0.000,0.000,0.000,0,4,0,0,0,0,0,0,0,0,0,0,0
30.998,0.000,0.0,0.000,-1.000,-0.253,0.000,0.000,0.000,0.000,0.000,2.486,0.000,0.000,0.000,0,4,0,0,0,0,0,0,0,0,0,0,0
31.016,0.000,0.0,0.000,-1.000,-0.253,0.000,0.000,0.000,0.000,0.000,2.486,0.000,0.000,0.000,0,4,0,0,0,0,0,0,0,0,0,0,0
31.037,0.000,0.0,0.000,-1.000,-0.253,0.000,0.000,0.000,0.000,0.000,2.486,0.000,0.000,0.000,0,4,0,0,0,0,0,0,0,0,0,0,0
31.054,0.000,0.0,0.000,-1.000,-0.253,0.000,0.000,0.000,0.000,0.000,2.486,0.000,0.000,0.000,0,4,0,0,0,0,0,0,0,0,0,0,0
31.071,0.000,0.0,0.000,-1.000,-0.253,0.000,0.000,0.000,0.000,0.000,2.486,0.000,0.000,0.000,0,4,0,0,0,0,0,0,0,0,0,0,0
31.090,0.000,0.0,0.000,-1.000,-0.253,0.000,0.000,0.000,0.000,0.000,2.486,0.000,0.000,0.000,0,4,0,0,0,0,0,0,0,0,0,0,0
31.111,0.000,0.0,0.000,-1.000,-0.253,0.000,0.000,0.000,0.000,0.000,2.486,0.000,0.000,0.000,0,4,0,0,0,0,0,0,0,0,0,0,0
31.128,0.000,0.0,0.000,-1.000,-0.253,0.000,0.000,0.000,0.000,0.000,2.486,0.000,0.000,0.000,0,4,0,0,0,0,0,0,0,0,0,0,0
31.145,0.000,0.0,0.000,-1.000,-0.253,0.000,0.000,0.000,0.000,0.000,2.486,0.000,0.000,0.000,0,4,0,0,0,0,0,0,0,0,0,0,0
31.168,0.000,0.0,0.000,-1.000,-0.253,0.000,0.000,0.000,0.000,0.000,2.486,0.000,0.000,0.000,0,4,0,0,0,0,0,0,0,0,0,0,0
31.189,0.000,0.0,0.000,-1.000,-0.253,0.000,0.000,0.000,0.000,0.000,2.486,0.000,0.000,0.000,0,4,0,0,0,0,0,0,0,0,0,0,0
31.215,0.000,0.0,0.000,-1.000,-0.253,0.000,0.000,0.000,0.000,0.000,2.486,0.000,0.000,0.000,0,4,0,0,0,0,0,0,0,0,0,0,0
31.246,0.000,0.0,0.000,-1.000,-0.253,0.000,0.000,0.000,0.000,0.000,2.486,0.000,0.000,0.000,0,4,0,0,0,0,0,0,0,0,0,0,0
31.267,0.000,0.0,0.000,-1.000,-0.253,0.000,0.000,0.000,0.000,0.000,2.486,0.000,0.000,0.000,0,4,0,0,0,0,0,0,0,0,0,0,0
31.293,0.000,0.0,0.000,-1.000,-0.253,0.000,0.000,0.000,0.000,0.000,2.486,0.000,0.000,0.000,0,4,0,0,0,0,0,0,0,0,0,0,0
31.311,0.000,0.0,0.000,-1.000,-0.253,0.000,0.000,0.000,0.000,0.000,2.486,0.000,0.000,0.000,0,4,0,0,0,0,0,0,0,0,0,0,0
31.340,0.000,0.0,0.000,-1.000,-0.253,0.000,0.000,0.000,0.000,0.000,2.486,0.000,0.000,0.000,0,4,0,0,0,0,0,0,0,0,0,0,0
31.361,0.000,0.0,0.000,-1.000,-0.253,0.000,0.000,0.000,0.000,0.000,2.486,0.000,0.000,0.000,0,4,0,0,0,0,0,0,0,0,0,0,0
31.378,0.000,0.0,0.000,-1.000,-0.253,0.000,0.000,0.000,0.000,0.000,2.486,0.000,0.000,0.000,0,4,0,0,0,0,0,0,0,0,0,0,0
31.395,0.000,0.0,0.000,-1.000,-0.253,0.000,0.000,0.000,0.000,0.000,2.486,0.000,0.000,0.000,0,4,0,0,0,0,0,0,0,0,0,0,0
31.412,0.000,0.0,0.000,-1.000,-0.253,0.000,0.000,0.000,0.000,0.000,2.486,0.000,0.000,0.000,0,4,0,0,0,0,0,0,0,0,0,0,0
31.434,0.000,0.0,0.000,-1.000,-0.253,0.000,0.000,0.000,0.000,0.000,2.486,0.000,0.000,0.000,0,4,0,0,0,0,0,0,0,0,0,0,0
31.466,0.000,0.0,0.000,-1.000,-0.253,0.000,0.000,0.000,0.000,0.000,2.486,0.000,0.000,0.000,0,4,0,0,0,0,0,0,0,0,0,0,0
31.496,0.000,0.0,0.000,-1.000,-0.253,0.000,0.000,0.000,0.000,0.000,2.486,0.000,0.000,0.000,0,4,0,0,0,0,0,0,0,0,0,0,0
31.517,0.000,0.0,0.000,-1.000,-0.253,0.000,0.000,0.000,0.000,0.000,2.486,0.000,0.000,0.000,0,4,0,0,0,0,0,0,0,0,0,0,0
31.543,0.000,0.0,0.000,-1.000,-0.253,0.000,0.000,0.000,0.000,0.000,2.486,0.000,0.000,0.000,0,4,0,0,0,0,0,0,0,0,0,0,0
31.560,0.000,0.0,0.000,-1.000,-0.253,0.000,0.000,0.000,0.000,0.000,2.486,0.000,0.000,0.000,0,4,0,0,0,0,0,0,0,0,0,0,0
31.576,0.000,0.0,0.000,-1.000,-0.253,0.000,0.000,0.000,0.000,0.000,2.486,0.000,0.000,0.000,0,4,0,0,0,0,0,0,0,0,0,0,0
31.597,0.000,0.0,0.000,-1.000,-0.253,0.000,0.000,0.000,0.000,0.000,2.486,0.000,0.000,0.000,0,4,0,0,0,0,0,0,0,0,0,0,0
31.621,0.000,0.0,0.000,-1.000,-0.253,0.000,0.000,0.000,0.000,0.000,2.486,0.000,0.000,0.000,0,4,0,0,0,0,0,0,0,0,0,0,0
31.638,0.000,0.0,0.000,-1.000,-0.253,0.000,0.000,0.000,0.000,0.000,2.486,0.000,0.000,0.000,0,4,0,0,0,0,0,0,0,0,0,0,0
31.668,0.000,0.0,0.000,-1.000,-0.253,0.000,0.000,0.000,0.000,0.000,2.486,0.000,0.000,0.000,0,4,0,0,0,0,0,0,0,0,0,0,0
31.689,0.000,0.0,0.000,-1.000,-0.253,0.000,0.000,0.000,0.000,0.000,2.486,0.000,0.000,0.000,0,4,0,0,0,0,0,0,0,0,0,0,0
31.716,0.000,0.0,0.000,-1.000,-0.253,0.000,0.000,0.000,0.000,0.000,2.486,0.000,0.000,0.000,0,4,0,0,0,0,0,0,0,0,0,0,0
31.746,0.000,0.0,0.000,-1.000,-0.253,0.000,0.000,0.000,0.000,0.000,2.486,0.000,0.000,0.000,0,4,0,0,0,0,0,0,0,0,0,0,0
31.767,0.000,0.0,0.000,-1.000,-0.253,0.000,0.000,0.000,0.000,0.000,2.486,0.000,0.000,0.000,0,4,0,0,0,0,0,0,0,0,0,0,0
31.784,0.000,0.0,0.000,-1.000,-0.253,0.000,0.000,0.000,0.000,0.000,2.486,0.000,0.000,0.000,0,4,0,0,0,0,0,0,0,0,0,0,0
31.801,0.000,0.0,0.000,-1.000,-0.253,0.000,0.000,0.000,0.000,0.000,2.486,0.000,0.000,0.000,0,4,0,0,0,0,0,0,0,0,0,0,0
31.818,0.000,0.0,0.000,-1.000,-0.253,0.000,0.000,0.000,0.000,0.000,2.486,0.000,0.000,0.000,0,4,0,0,0,0,0,0,0,0,0,0,0
31.840,0.000,0.0,0.000,-1.000,-0.253,0.000,0.000,0.000,0.000,0.000,2.486,0.000,0.000,0.000,0,4,0,0,0,0,0,0,0,0,0,0,0
31.856,0.000,0.0,0.000,-1.000,-0.253,0.000,0.000,0.000,0.000,0.000,2.486,0.000,0.000,0.000,0,4,0,0,0,0,0,0,0,0,0,0,0
31.874,0.000,0.0,0.000,-1.000,-0.253,0.000,0.000,0.000,0.000,0.000,2.486,0.000,0.000,0.000,0,4,0,0,0,0,0,0,0,0,0,0,0
31.891,0.000,0.0,0.000,-1.000,-0.253,0.000,0.000,0.000,0.000,0.000,2.486,0.000,0.000,0.000,0,4,0,0,0,0,0,0,0,0,0,0,0
31.912,0.000,0.0,0.000,-1.000,-0.253,0.000,0.000,0.000,0.000,0.000,2.486,0.000,0.000,0.000,0,4,0,0,0,0,0,0,0,0,0,0,0
31.929,0.000,0.0,0.000,-1.000,-0.253,0.000,0.000,0.000,0.000,0.000,2.486,0.000,0.000,0.000,0,4,0,0,0,0,0,0,0,0,0,0,0
31.945,0.000,0.0,0.000,-1.000,-0.253,0.000,0.000,0.000,0.000,0.000,2.486,0.000,0.000,0.000,0,4,0,0,0,0,0,0,0,0,0,0,0
31.965,0.000,0.0,0.000,-1.000,-0.253,0.000,0.000,0.000,0.000,0.000,2.486,0.000,0.000,0.000,0,4,0,0,0,0,0,0,0,0,0,0,0
31.985,0.000,0.0,0.000,-1.000,-0.253,0.000,0.000,0.000,0.000,0.000,2.486,0.000,0.000,0.000,0,4,0,0,0,0,0,0,0,0,0,0,0
32.003,0.000,0.0,0.000,-1.000,-0.253,0.000,0.000,0.000,0.000,0.000,2.486,0.000,0.000,0.000,0,4,0,0,0,0,0,0,0,0,0,0,0
32.020,0.000,0.0,0.000,-1.000,-0.253,0.000,0.000,0.000,0.000,0.000,2.486,0.000,0.000,0.000,0,4,0,0,0,0,0,0,0,0,0,0,0
32.043,0.000,0.0,0.000,-1.000,-0.253,0.000,0.000,0.000,0.000,0.000,2.486,0.000,0.000,0.000,0,4,0,0,0,0,0,0,0,0,0,0,0
32.063,0.000,0.0,0.000,-1.000,-0.253,0.000,0.000,0.000,0.000,0.000,2.486,0.000,0.000,0.000,0,4,0,0,0,0,0,0,0,0,0,0,0
32.090,0.000,0.0,0.000,-1.000,-0.253,0.000,0.000,0.000,0.000,0.000,2.486,0.000,0.000,0.000,0,4,0,0,0,0,0,0,0,0,0,0,0
32.121,0.000,0.0,0.000,-1.000,-0.253,0.000,0.000,0.000,0.000,0.000,2.486,0.000,0.000,0.000,0,4,0,0,0,0,0,0,0,0,0,0,0
32.143,0.000,0.0,0.000,-1.000,-0.253,0.000,0.000,0.000,0.000,0.000,2.486,0.000,0.000,0.000,0,4,0,0,0,0,0,0,0,0,0,0,0
32.168,0.000,0.0,0.000,-1.000,-0.253,0.000,0.000,0.000,0.000,0.000,2.486,0.000,0.000,0.000,0,4,0,0,0,0,0,0,0,0,0,0,0
32.185,0.000,0.0,0.000,-1.000,-0.253,0.000,0.000,0.000,0.000,0.000,2.486,0.000,0.000,0.000,0,4,0,0,0,0,0,0,0,0,0,0,0
32.215,0.000,0.0,0.000,-1.000,-0.253,0.000,0.000,0.000,0.000,0.000,2.486,0.000,0.000,0.000,0,4,0,0,0,0,0,0,0,0,0,0,0
32.234,0.000,0.0,0.000,-1.000,-0.253,0.000,0.000,0.000,0.000,0.000,2.486,0.000,0.000,0.000,0,4,0,0,0,0,0,0,0,0,0,0,0
32.251,0.000,0.0,0.000,-1.000,-0.253,0.000,0.000,0.000,0.000,0.000,2.486,0.000,0.000,0.000,0,4,0,0,0,0,0,0,0,0,0,0,0
32.269,0.000,0.0,0.000,-1.000,-0.253,0.000,0.000,0.000,0.000,0.000,2.486,0.000,0.000,0.000,0,4,0,0,0,0,0,0,0,0,0,0,0
32.294,0.000,0.0,0.000,-1.000,-0.253,0.000,0.000,0.000,0.000,0.000,2.486,0.000,0.000,0.000,0,4,0,0,0,0,0,0,0,0,0,0,0
32.316,0.000,0.0,0.000,-1.000,-0.253,0.000,0.000,0.000,0.000,0.000,2.486,0.000,0.000,0.000,0,4,0,0,0,0,0,0,0,0,0,0,0
32.340,0.000,0.0,0.000,-1.000,-0.253,0.000,0.000,0.000,0.000,0.000,2.486,0.000,0.000,0.000,0,4,0,0,0,0,0,0,0,0,0,0,0
32.371,0.000,0.0,0.000,-1.000,-0.253,0.000,0.000,0.000,0.000,0.000,2.486,0.000,0.000,0.000,0,4,0,0,0,0,0,0,0,0,0,0,0
32.392,0.000,0.0,0.000,-1.000,-0.253,0.000,0.000,0.000,0.000,0.000,2.486,0.000,0.000,0.000,0,4,0,0,0,0,0,0,0,0,0,0,0
32.419,0.000,0.0,0.000,-1.000,-0.253,0.000,0.000,0.000,0.000,0.000,2.486,0.000,0.000,0.000,0,4,0,0,0,0,0,0,0,0,0,0,0
32.435,0.000,0.0,0.000,-1.000,-0.253,0.000,0.000,0.000,0.000,0.000,2.486,0.000,0.000,0.000,0,4,0,0,0,0,0,0,0,0,0,0,0
32.465,0.000,0.0,0.000,-1.000,-0.253,0.000,0.000,0.000,0.000,0.000,2.486,0.000,0.000,0.000,0,4,0,0,0,0,0,0,0,0,0,0,0
32.486,0.000,0.0,0.000,-1.000,-0.253,0.000,0.000,0.000,0.000,0.000,2.486,0.000,0.000,0.000,0,4,0,0,0,0,0,0,0,0,0,0,0
32.503,0.000,0.0,0.000,-1.000,-0.253,0.000,0.000,0.000,0.000,0.000,2.486,0.000,0.000,0.000,0,4,0,0,0,0,0,0,0,0,0,0,0
32.520,0.000,0.0,0.000,-1.000,-0.253,0.000,0.000,0.000,0.000,0.000,2.486,0.000,0.000,0.000,0,4,0,0,0,0,0,0,0,0,0,0,0
32.537,0.000,0.0,0.000,-1.000,-0.253,0.000,0.000,0.000,0.000,0.000,2.486,0.000,0.000,0.000,0,4,0,0,0,0,0,0,0,0,0,0,0
32.557,0.000,0.0,0.000,-1.000,-0.253,0.000,0.000,0.000,0.000,0.000,2.486,0.000,0.000,0.000,0,4,0,0,0,0,0,0,0,0,0,0,0
32.590,0.000,0.0,0.000,-1.000,-0.253,0.000,0.000,0.000,0.000,0.000,2.486,0.000,0.000,0.000,0,4,0,0,0,0,0,0,0,0,0,0,0
32.622,0.000,0.0,0.000,-1.000,-0.253,0.000,0.000,0.000,0.000,0.000,2.486,0.000,0.000,0.000,0,4,0,0,0,0,0,0,0,0,0,0,0
32.642,0.000,0.0,0.000,-1.000,-0.253,0.000,0.000,0.000,0.000,0.000,2.486,0.000,0.000,0.000,0,4,0,0,0,0,0,0,0,0,0,0,0
32.659,0.000,0.0,0.000,-1.000,-0.253,0.000,0.000,0.000,0.000,0.000,2.486,0.000,0.000,0.000,0,4,0,0,0,0,0,0,0,0,0,0,0
32.677,0.000,0.0,0.000,-1.000,-0.253,0.000,0.000,0.000,0.000,0.000,2.486,0.000,0.000,0.000,0,4,0,0,0,0,0,0,0,0,0,0,0
32.693,0.000,0.0,0.000,-1.000,-0.253,0.000,0.000,0.000,0.000,0.000,2.486,0.000,0.000,0.000,0,4,0,0,0,0,0,0,0,0,0,0,0
32.714,0.000,0.0,0.000,-1.000,-0.253,0.000,0.000,0.000,0.000,0.000,2.486,0.000,0.000,0.000,0,4,0,0,0,0,0,0,0,0,0,0,0
32.746,0.000,0.0,0.000,-1.000,-0.253,0.000,0.000,0.000,0.000,0.000,2.486,0.000,0.000,0.000,0,4,0,0,0,0,0,0,0,0,0,0,0
32.763,0.000,0.0,0.000,-1.000,-0.253,0.000,0.000,0.000,0.000,0.000,2.486,0.000,0.000,0.000,0,4,0,0,0,0,0,0,0,0,0,0,0
32.783,0.000,0.0,0.000,-1.000,-0.253,0.000,0.000,0.000,0.000,0.000,2.486,0.000,0.000,0.000,0,4,0,0,0,0,0,0,0,0,0,0,0
32.800,0.000,0.0,0.000,-1.000,-0.253,0.000,0.000,0.000,0.000,0.000,2.486,0.000,0.000,0.000,0,4,0,0,0,0,0,0,0,0,0,0,0
32.818,0.000,0.0,0.000,-1.000,-0.253,0.000,0.000,0.000,0.000,0.000,2.486,0.000,0.000,0.000,0,4,0,0,0,0,0,0,0,0,0,0,0
32.840,0.000,0.0,0.000,-1.000,-0.253,0.000,0.000,0.000,0.000,0.000,2.486,0.000,0.000,0.000,0,4,0,0,0,0,0,0,0,0,0,0,0
32.860,0.000,0.0,0.000,-1.000,-0.253,0.000,0.000,0.000,0.000,0.000,2.486,0.000,0.000,0.000,0,4,0,0,0,0,0,0,0,0,0,0,0
32.877,0.000,0.0,0.000,-1.000,-0.253,0.000,0.000,0.000,0.000,0.000,2.486,0.000,0.000,0.000,0,4,0,0,0,0,0,0,0,0,0,0,0
32.894,0.000,0.0,0.000,-1.000,-0.253,0.000,0.000,0.000,0.000,0.000,2.486,0.000,0.000,0.000,0,4,0,0,0,0,0,0,0,0,0,0,0
32.919,0.000,0.0,0.000,-1.000,-0.253,0.000,0.000,0.000,0.000,0.000,2.486,0.000,0.000,0.000,0,4,0,0,0,0,0,0,0,0,0,0,0
32.940,0.000,0.0,0.000,-1.000,-0.253,0.000,0.000,0.000,0.000,0.000,2.486,0.000,0.000,0.000,0,4,0,0,0,0,0,0,0,0,0,0,0
32.965,0.000,0.0,0.000,-1.000,-0.253,0.000,0.000,0.000,0.000,0.000,2.486,0.000,0.000,0.000,0,4,0,0,0,0,0,0,0,0,0,0,0
32.996,0.000,0.0,0.000,-1.000,-0.253,0.000,0.000,0.000,0.000,0.000,2.486,0.000,0.000,0.000,0,4,0,0,0,0,0,0,0,0,0,0,0
33.017,0.000,0.0,0.000,-1.000,-0.253,0.000,0.000,0.000,0.000,0.000,2.486,0.000,0.000,0.000,0,4,0,0,0,0,0,0,0,0,0,0,0
33.043,0.000,0.0,0.000,-1.000,-0.253,0.000,0.000,0.000,0.000,0.000,2.486,0.000,0.000,0.000,0,4,0,0,0,0,0,0,0,0,0,0,0
33.060,0.000,0.0,0.000,-1.000,-0.253,0.000,0.000,0.000,0.000,0.000,2.486,0.000,0.000,0.000,0,4,0,0,0,0,0,0,0,0,0,0,0
33.090,0.000,0.0,0.000,-1.000,-0.253,0.000,0.000,0.000,0.000,0.000,2.486,0.000,0.000,0.000,0,4,0,0,0,0,0,0,0,0,0,0,0
33.111,0.000,0.0,0.000,-1.000,-0.253,0.000,0.000,0.000,0.000,0.000,2.486,0.000,0.000,0.000,0,4,0,0,0,0,0,0,0,0,0,0,0
33.129,0.000,0.0,0.000,-1.000,-0.253,0.000,0.000,0.000,0.000,0.000,2.486,0.000,0.000,0.000,0,4,0,0,0,0,0,0,0,0,0,0,0
33.146,0.000,0.0,0.000,-1.000,-0.253,0.000,0.000,0.000,0.000,0.000,2.486,0.000,0.000,0.000,0,4,0,0,0,0,0,0,0,0,0,0,0
33.168,0.000,0.0,0.000,-1.000,-0.253,0.000,0.000,0.000,0.000,0.000,2.486,0.000,0.000,0.000,0,4,0,0,0,0,0,0,0,0,0,0,0
33.189,0.000,0.0,0.000,-1.000,-0.253,0.000,0.000,0.000,0.000,0.000,2.486,0.000,0.000,0.000,0,4,0,0,0,0,0,0,0,0,0,0,0
33.215,0.000,0.0,0.000,-1.000,-0.253,0.000,0.000,0.000,0.000,0.000,2.486,0.000,0.000,0.000,0,4,0,0,0,0,0,0,0,0,0,0,0
33.246,0.000,0.0,0.000,-1.000,-0.253,0.000,0.000,0.000,0.000,0.000,2.486,0.000,0.000,0.000,0,4,0,0,0,0,0,0,0,0,0,0,0
33.267,0.000,0.0,0.000,-1.000,-0.253,0.000,0.000,0.000,0.000,0.000,2.486,0.000,0.000,0.000,0,4,0,0,0,0,0,0,0,0,0,0,0
33.284,0.000,0.0,0.000,-1.000,-0.253,0.000,0.000,0.000,0.000,0.000,2.486,0.000,0.000,0.000,0,4,0,0,0,0,0,0,0,0,0,0,0
33.302,0.000,0.0,0.000,-1.000,-0.253,0.000,0.000,0.000,0.000,0.000,2.486,0.000,0.000,0.000,0,4,0,0,0,0,0,0,0,0,0,0,0
33.319,0.000,0.0,0.000,-1.000,-0.253,0.000,0.000,0.000,0.000,0.000,2.486,0.000,0.000,0.000,0,4,0,0,0,0,0,0,0,0,0,0,0
33.340,0.000,0.0,0.000,-1.000,-0.253,0.000,0.000,0.000,0.000,0.000,2.486,0.000,0.000,0.000,0,4,0,0,0,0,0,0,0,0,0,0,0
33.371,0.000,0.0,0.000,-1.000,-0.253,0.000,0.000,0.000,0.000,0.000,2.486,0.000,0.000,0.000,0,4,0,0,0,0,0,0,0,0,0,0,0
33.389,0.000,0.0,0.000,-1.000,-0.253,0.000,0.000,0.000,0.000,0.000,2.486,0.000,0.000,0.000,0,4,0,0,0,0,0,0,0,0,0,0,0
33.410,0.000,0.0,0.000,-1.000,-0.253,0.000,0.000,0.000,0.000,0.000,2.486,0.000,0.000,0.000,0,4,0,0,0,0,0,0,0,0,0,0,0
33.428,0.000,0.0,0.000,-1.000,-0.253,0.000,0.000,0.000,0.000,0.000,2.486,0.000,0.000,0.000,0,4,0,0,0,0,0,0,0,0,0,0,0
33.445,0.000,0.0,0.000,-1.000,-0.253,0.000,0.000,0.000,0.000,0.000,2.486,0.000,0.000,0.000,0,4,0,0,0,0,0,0,0,0,0,0,0
33.465,0.000,0.0,0.000,-1.000,-0.253,0.000,0.000,0.000,0.000,0.000,2.486,0.000,0.000,0.000,0,4,0,0,0,0,0,0,0,0,0,0,0
33.486,0.000,0.0,0.000,-1.000,-0.253,0.000,0.000,0.000,0.000,0.000,2.486,0.000,0.000,0.000,0,4,0,0,0,0,0,0,0,0,0,0,0
33.504,0.000,0.0,0.000,-1.000,-0.253,0.000,0.000,0.000,0.000,0.000,2.486,0.000,0.000,0.000,0,4,0,0,0,0,0,0,0,0,0,0,0
33.521,0.000,0.0,0.000,-1.000,-0.253,0.000,0.000,0.000,0.000,0.000,2.486,0.000,0.000,0.000,0,4,0,0,0,0,0,0,0,0,0,0,0
33.544,0.000,0.0,0.000,-1.000,-0.253,0.000,0.000,0.000,0.000,0.000,2.486,0.000,0.000,0.000,0,4,0,0,0,0,0,0,0,0,0,0,0
33.564,0.000,0.0,0.000,-1.000,-0.253,0.000,0.000,0.000,0.000,0.000,2.486,0.000,0.000,0.000,0,4,0,0,0,0,0,0,0,0,0,0,0
33.590,0.000,0.0,0.000,-1.000,-0.253,0.000,0.000,0.000,0.000,0.000,2.486,0.000,0.000,0.000,0,4,0,0,0,0,0,0,0,0,0,0,0
33.622,0.000,0.0,0.000,-1.000,-0.253,0.000,0.000,0.000,0.000,0.000,2.486,0.000,0.000,0.000,0,4,0,0,0,0,0,0,0,0,0,0,0
33.642,0.000,0.0,0.000,-1.000,-0.253,0.000,0.000,0.000,0.000,0.000,2.486,0.000,0.000,0.000,0,4,0,0,0,0,0,0,0,0,0,0,0
33.659,0.000,0.0,0.000,-1.000,-0.253,0.000,0.000,0.000,0.000,0.000,2.486,0.000,0.000,0.000,0,4,0,0,0,0,0,0,0,0,0,0,0
33.676,0.000,0.0,0.000,-1.000,-0.253,0.000,0.000,0.000,0.000,0.000,2.486,0.000,0.000,0.000,0,4,0,0,0,0,0,0,0,0,0,0,0
33.693,0.000,0.0,0.000,-1.000,-0.253,0.000,0.000,0.000,0.000,0.000,2.486,0.000,0.000,0.000,0,4,0,0,0,0,0,0,0,0,0,0,0
33.713,0.000,0.0,0.000,-1.000,-0.253,0.000,0.000,0.000,0.000,0.000,2.486,0.000,0.000,0.000,0,4,0,0,0,0,0,0,0,0,0,0,0
33.730,0.000,0.0,0.000,-1.000,-0.253,0.000,0.000,0.000,0.000,0.000,2.486,0.000,0.000,0.000,0,4,0,0,0,0,0,0,0,0,0,0,0
33.748,0.000,0.0,0.000,-1.000,-0.253,0.000,0.000,0.000,0.000,0.000,2.486,0.000,0.000,0.000,0,4,0,0,0,0,0,0,0,0,0,0,0
33.765,0.000,0.0,0.000,-1.000,-0.253,0.000,0.000,0.000,0.000,0.000,2.486,0.000,0.000,0.000,0,4,0,0,0,0,0,0,0,0,0,0,0
33.786,0.000,0.0,0.000,-1.000,-0.253,0.000,0.000,0.000,0.000,0.000,2.486,0.000,0.000,0.000,0,4,0,0,0,0,0,0,0,0,0,0,0
33.804,0.000,0.0,0.000,-1.000,-0.253,0.000,0.000,0.000,0.000,0.000,2.486,0.000,0.000,0.000,0,4,0,0,0,0,0,0,0,0,0,0,0
33.820,0.000,0.0,0.000,-1.000,-0.253,0.000,0.000,0.000,0.000,0.000,2.486,0.000,0.000,0.000,0,4,0,0,0,0,0,0,0,0,0,0,0
33.837,0.000,0.0,0.000,-1.000,-0.253,0.000,0.000,0.000,0.000,0.000,2.486,0.000,0.000,0.000,0,4,0,0,0,0,0,0,0,0,0,0,0
33.858,0.000,0.0,0.000,-1.000,-0.253,0.000,0.000,0.000,0.000,0.000,2.486,0.000,0.000,0.000,0,4,0,0,0,0,0,0,0,0,0,0,0
33.875,0.000,0.0,0.000,-1.000,-0.253,0.000,0.000,0.000,0.000,0.000,2.486,0.000,0.000,0.000,0,4,0,0,0,0,0,0,0,0,0,0,0
33.892,0.000,0.0,0.000,-1.000,-0.253,0.000,0.000,0.000,0.000,0.000,2.486,0.000,0.000,0.000,0,4,0,0,0,0,0,0,0,0,0,0,0
33.918,0.000,0.0,0.000,-1.000,-0.253,0.000,0.000,0.000,0.000,0.000,2.486,0.000,0.000,0.000,0,4,0,0,0,0,0,0,0,0,0,0,0
33.939,0.000,0.0,0.000,-1.000,-0.253,0.000,0.000,0.000,0.000,0.000,2.486,0.000,0.000,0.000,0,4,0,0,0,0,0,0,0,0,0,0,0
33.966,0.000,0.0,0.000,-1.000,-0.253,0.000,0.000,0.000,0.000,0.000,2.486,0.000,0.000,0.000,0,4,0,0,0,0,0,0,0,0,0,0,0
33.997,0.000,0.0,0.000,-1.000,-0.253,0.000,0.000,0.000,0.000,0.000,2.486,0.000,0.000,0.000,0,4,0,0,0,0,0,0,0,0,0,0,0
34.018,0.000,0.0,0.000,-1.000,-0.253,0.000,0.000,0.000,0.000,0.000,2.486,0.000,0.000,0.000,0,4,0,0,0,0,0,0,0,0,0,0,0
34.043,0.000,0.0,0.000,-1.000,-0.253,0.000,0.000,0.000,0.000,0.000,2.486,0.000,0.000,0.000,0,4,0,0,0,0,0,0,0,0,0,0,0
34.059,0.000,0.0,0.000,-1.000,-0.253,0.000,0.000,0.000,0.000,0.000,2.486,0.000,0.000,0.000,0,4,0,0,0,0,0,0,0,0,0,0,0
34.090,0.000,0.0,0.000,-1.000,-0.253,0.000,0.000,0.000,0.000,0.000,2.486,0.000,0.000,0.000,0,4,0,0,0,0,0,0,0,0,0,0,0
34.111,0.000,0.0,0.000,-1.000,-0.253,0.000,0.000,0.000,0.000,0.000,2.486,0.000,0.000,0.000,0,4,0,0,0,0,0,0,0,0,0,0,0
34.128,0.000,0.0,0.000,-1.000,-0.253,0.000,0.000,0.000,0.000,0.000,2.486,0.000,0.000,0.000,0,4,0,0,0,0,0,0,0,0,0,0,0
34.145,0.000,0.0,0.000,-1.000,-0.253,0.000,0.000,0.000,0.000,0.000,2.486,0.000,0.000,0.000,0,4,0,0,0,0,0,0,0,0,0,0,0
34.169,0.000,0.0,0.000,-1.000,-0.253,0.000,0.000,0.000,0.000,0.000,2.486,0.000,0.000,0.000,0,4,0,0,0,0,0,0,0,0,0,0,0
34.190,0.000,0.0,0.000,-1.000,-0.253,0.000,0.000,0.000,0.000,0.000,2.486,0.000,0.000,0.000,0,4,0,0,0,0,0,0,0,0,0,0,0
34.207,0.000,0.0,0.000,-1.000,-0.253,0.000,0.000,0.000,0.000,0.000,2.486,0.000,0.000,0.000,0,4,0,0,0,0,0,0,0,0,0,0,0
34.225,0.000,0.0,0.000,-1.000,-0.253,0.000,0.000,0.000,0.000,0.000,2.486,0.000,0.000,0.000,0,4,0,0,0,0,0,0,0,0,0,0,0
34.246,0.000,0.0,0.000,-1.000,-0.253,0.000,0.000,0.000,0.000,0.000,2.486,0.000,0.000,0.000,0,4,0,0,0,0,0,0,0,0,0,0,0
34.267,0.000,0.0,0.000,-1.000,-0.253,0.000,0.000,0.000,0.000,0.000,2.486,0.000,0.000,0.000,0,4,0,0,0,0,0,0,0,0,0,0,0
34.294,0.000,0.0,0.000,-1.000,-0.253,0.000,0.000,0.000,0.000,0.000,2.486,0.000,0.000,0.000,0,4,0,0,0,0,0,0,0,0,0,0,0
34.311,0.000,0.0,0.000,-1.000,-0.253,0.000,0.000,0.000,0.000,0.000,2.486,0.000,0.000,0.000,0,4,0,0,0,0,0,0,0,0,0,0,0
34.340,0.000,0.0,0.000,-1.000,-0.253,0.000,0.000,0.000,0.000,0.000,2.486,0.000,0.000,0.000,0,4,0,0,0,0,0,0,0,0,0,0,0
34.360,0.000,0.0,0.000,-1.000,-0.253,0.000,0.000,0.000,0.000,0.000,2.486,0.000,0.000,0.000,0,4,0,0,0,0,0,0,0,0,0,0,0
34.378,0.000,0.0,0.000,-1.000,-0.253,0.000,0.000,0.000,0.000,0.000,2.486,0.000,0.000,0.000,0,4,0,0,0,0,0,0,0,0,0,0,0
34.395,0.000,0.0,0.000,-1.000,-0.253,0.000,0.000,0.000,0.000,0.000,2.486,0.000,0.000,0.000,0,4,0,0,0,0,0,0,0,0,0,0,0
34.412,0.000,0.0,0.000,-1.000,-0.253,0.000,0.000,0.000,0.000,0.000,2.486,0.000,0.000,0.000,0,4,0,0,0,0,0,0,0,0,0,0,0
34.433,0.000,0.0,0.000,-1.000,-0.253,0.000,0.000,0.000,0.000,0.000,2.486,0.000,0.000,0.000,0,4,0,0,0,0,0,0,0,0,0,0,0
34.465,0.000,0.0,0.000,-1.000,-0.253,0.000,0.000,0.000,0.000,0.000,2.486,0.000,0.000,0.000,0,4,0,0,0,0,0,0,0,0,0,0,0
34.497,0.000,0.0,0.000,-1.000,-0.253,0.000,0.000,0.000,0.000,0.000,2.486,0.000,0.000,0.000,0,4,0,0,0,0,0,0,0,0,0,0,0
34.518,0.000,0.0,0.000,-1.000,-0.253,0.000,0.000,0.000,0.000,0.000,2.486,0.000,0.000,0.000,0,4,0,0,0,0,0,0,0,0,0,0,0
34.543,0.000,0.0,0.000,-1.000,-0.253,0.000,0.000,0.000,0.000,0.000,2.486,0.000,0.000,0.000,0,4,0,0,0,0,0,0,0,0,0,0,0
34.561,0.000,0.0,0.000,-1.000,-0.253,0.000,0.000,0.000,0.000,0.000,2.486,0.000,0.000,0.000,0,4,0,0,0,0,0,0,0,0,0,0,0
34.590,0.000,0.0,0.000,-1.000,-0.253,0.000,0.000,0.000,0.000,0.000,2.486,0.000,0.000,0.000,0,4,0,0,0,0,0,0,0,0,0,0,0
34.611,0.007,0.0,0.000,0.000,-0.253,0.000,0.000,0.000,0.000,0.000,2.486,0.000,0.000,0.000,0,4,0,0,0,0,929,0,0,0,0,0,28
34.629,0.007,0.0,0.000,0.000,-0.253,0.000,0.000,0.000,0.000,0.000,2.486,0.000,0.000,0.000,0,4,0,0,0,0,929,0,0,0,0,0,50
34.646,0.007,0.0,0.000,0.000,-0.253,0.000,0.000,0.000,0.000,0.000,2.486,0.000,0.000,0.000,0,4,0,0,0,0,929,0,0,0,0,0,73
34.669,0.014,0.0,0.000,0.000,0.012,0.000,0.000,0.000,0.000,0.000,0.122,-0.295,0.148,0.000,0,4,0,0,0,0,0,0,0,0,0,0,44
34.689,0.014,0.0,0.000,0.000,0.012,0.000,0.000,0.000,0.000,0.000,0.122,-0.295,0.148,0.000,0,4,0,0,0,0,0,0,0,0,0,0,17
34.716,0.023,0.1,0.000,0.000,0.020,0.000,0.000,0.000,0.000,0.000,0.196,0.118,-0.059,0.000,0,4,0,0,0,0,0,0,0,0,0,0,0
34.746,0.023,0.1,0.000,0.000,0.020,0.000,0.000,0.000,0.000,0.000,0.196,0.118,-0.059,0.000,0,4,0,0,0,0,0,0,0,0,0,0,0
34.767,0.030,0.1,0.000,0.000,0.014,0.000,0.000,0.000,0.000,0.000,0.137,0.402,-0.201,0.000,0,4,0,0,0,0,0,0,0,0,0,0,0
34.794,0.030,0.1,0.000,0.000,0.014,0.000,0.000,0.000,0.000,0.000,0.137,0.402,-0.201,0.000,0,4,0,0,0,0,0,0,0,0,0,0,0
34.811,0.037,0.1,0.000,0.000,0.016,0.000,0.000,0.000,0.000,0.000,0.158,0.069,-0.034,-0.001,0,4,0,0,0,0,0,0,0,0,0,0,0
34.840,0.037,0.1,0.000,0.000,0.016,0.000,0.000,0.000,0.000,0.000,0.158,0.069,-0.034,-0.001,0,4,0,0,0,0,0,0,0,0,0,0,0
34.860,0.046,0.1,0.000,0.000,0.019,0.000,0.000,0.000,0.000,0.000,0.185,-0.317,0.158,-0.001,0,4,0,0,0,0,0,0,0,0,0,0,0
34.878,0.046,0.1,0.000,0.000,0.019,0.000,0.000,0.000,0.000,0.000,0.185,-0.317,0.158,-0.001,0,4,0,0,0,0,0,0,0,0,0,0,0
34.895,0.046,0.1,0.000,0.000,0.019,0.000,0.000,0.000,0.000,0.000,0.185,-0.317,0.158,-0.001,0,4,0,0,0,0,0,0,0,0,0,0,0
34.919,0.053,0.1,0.000,0.000,0.012,0.000,0.000,0.000,0.000,0.000,0.120,0.008,-0.004,-0.001,0,4,0,0,0,0,0,0,0,0,0,0,0
34.939,0.053,0.1,0.000,0.000,0.012,0.000,0.000,0.000,0.000,0.000,0.120,0.008,-0.004,-0.001,0,4,0,0,0,0,0,0,0,0,0,0,0
34.965,0.060,0.1,0.000,0.000,0.015,0.000,0.000,0.000,0.000,0.000,0.150,0.303,-0.151,-0.001,0,4,0,0,0,0,0,0,0,0,0,0,0
34.996,0.060,0.1,0.000,0.000,0.015,0.000,0.000,0.000,0.000,0.000,0.150,0.303,-0.151,-0.001,0,4,0,0,0,0,0,0,0,0,0,0,0
35.018,0.069,0.2,0.000,0.000,0.018,0.000,0.000,0.000,0.000,0.000,0.178,-0.118,0.059,-0.001,0,4,0,0,0,0,0,1,0,0,0,0,0
35.044,0.069,0.2,0.000,0.000,0.018,0.000,0.000,0.000,0.000,0.000,0.178,-0.118,0.059,-0.001,0,4,0,0,0,0,0,0,0,0,0,0,0
35.062,0.069,0.2,0.000,0.000,0.018,0.000,0.000,0.000,0.000,0.000,0.178,-0.118,0.059,-0.001,0,4,0,0,0,0,0,-1,0,0,0,0,0
35.078,0.076,0.2,0.000,0.000,0.012,0.000,0.000,0.000,0.000,0.000,0.115,-0.402,0.201,-0.001,0,4,0,0,0,0,0,0,0,0,0,0,0
35.099,0.076,0.2,0.000,0.000,0.012,0.000,0.000,0.000,0.000,0.000,0.115,-0.402,0.201,-0.001,0,4,0,0,0,0,0,0,0,0,0,0,0
35.121,0.083,0.2,0.000,0.000,0.016,0.000,0.000,0.000,0.000,0.000,0.159,-0.076,0.038,-0.001,0,4,0,0,0,0,0,0,0,0,0,0,0
35.138,0.083,0.2,0.000,0.000,0.016,0.000,0.000,0.000,0.000,0.000,0.159,-0.076,0.038,-0.001,0,4,0,0,0,0,0,0,0,0,0,0,0
35.169,0.083,0.2,0.000,0.000,0.016,0.000,0.000,0.000,0.000,0.000,0.159,-0.076,0.038,-0.001,0,4,0,0,0,0,0,0,0,0,0,0,0
35.190,0.093,0.2,0.000,0.000,0.014,0.000,0.000,0.000,0.000,0.000,0.135,0.317,-0.158,-0.001,0,4,0,0,0,0,0,1,0,0,0,0,0
35.207,0.093,0.2,0.000,0.000,0.014,0.000,0.000,0.000,0.000,0.000,0.135,0.317,-0.158,-0.001,0,4,0,0,0,0,0,1,0,0,0,0,0
35.225,0.100,0.2,0.000,0.000,0.021,0.000,0.000,0.000,0.000,0.000,0.204,-0.008,0.004,-0.002,0,4,0,0,0,0,0,0,0,0,0,0,0
35.241,0.100,0.2,0.000,0.000,0.021,0.000,0.000,0.000,0.000,0.000,0.204,-0.008,0.004,-0.002,0,4,0,0,0,0,0,-1,0,0,0,0,0
35.261,0.100,0.2,0.000,0.000,0.021,0.000,0.000,0.000,0.000,0.000,0.204,-0.008,0.004,-0.002,0,4,0,0,0,0,0,0,0,0,0,0,0
35.278,0.107,0.2,0.000,0.000,0.013,0.000,0.000,0.000,0.000,0.000,0.131,-0.303,0.151,-0.002,0,4,0,0,0,0,0,1,0,0,0,0,0
35.294,0.107,0.2,0.000,0.000,0.013,0.000,0.000,0.000,0.000,0.000,0.131,-0.303,0.151,-0.002,0,4,0,0,0,0,0,1,0,0,0,0,0
35.311,0.107,0.2,0.000,0.000,0.013,0.000,0.000,0.000,0.000,0.000,0.131,-0.303,0.151,-0.002,0,4,0,0,0,0,0,0,0,0,0,0,0
35.332,0.116,0.3,0.000,0.000,0.017,0.000,0.000,0.000,0.000,0.000,0.169,0.111,-0.056,-0.002,0,4,0,0,0,0,0,-1,0,0,0,0,0
35.349,0.116,0.3,0.000,0.000,0.017,0.000,0.000,0.000,0.000,0.000,0.169,0.111,-0.056,-0.002,0,4,0,0,0,0,0,0,0,0,0,0,0
35.366,0.116,0.3,0.000,0.000,0.017,0.000,0.000,0.000,0.000,0.000,0.169,0.111,-0.056,-0.002,0,4,0,0,0,0,0,1,0,0,0,0,0
35.383,0.123,0.3,0.000,0.000,0.014,0.000,0.000,0.000,0.000,0.000,0.137,0.396,-0.198,-0.002,0,4,0,0,0,0,0,1,0,0,0,0,0
35.403,0.123,0.3,0.000,0.000,0.014,0.000,0.000,0.000,0.000,0.000,0.137,0.396,-0.198,-0.002,0,4,0,0,0,0,0,0,0,0,0,0,0
35.420,0.123,0.3,0.000,0.000,0.014,0.000,0.000,0.000,0.000,0.000,0.137,0.396,-0.198,-0.002,0,4,0,0,0,0,0,-1,0,0,0,0,0
35.437,0.130,0.3,0.000,0.000,0.013,0.000,0.000,0.000,0.000,0.000,0.128,0.064,-0.032,-0.002,0,4,0,0,0,0,0,-1,0,0,0,0,0
35.454,0.130,0.3,0.000,0.000,0.013,0.000,0.000,0.000,0.000,0.000,0.128,0.064,-0.032,-0.002,0,4,0,0,0,0,0,0,0,0,0,0,0
35.474,0.130,0.3,0.000,0.000,0.013,0.000,0.000,0.000,0.000,0.000,0.128,0.064,-0.032,-0.002,0,4,0,0,0,0,0,1,0,0,0,0,0
35.497,0.139,0.3,0.000,0.000,0.016,0.000,0.000,0.000,0.000,0.000,0.154,-0.322,0.161,-0.002,0,4,0,0,0,0,0,0,0,0,0,0,0
35.514,0.139,0.3,0.000,0.000,0.016,0.000,0.000,0.000,0.000,0.000,0.154,-0.322,0.161,-0.002,0,4,0,0,0,0,0,-1,0,0,0,0,0
35.544,0.146,0.3,0.000,0.000,0.015,0.000,0.000,0.000,0.000,0.000,0.147,0.004,-0.002,-0.002,0,4,0,0,0,0,0,0,0,0,0,0,0
35.565,0.146,0.3,0.000,0.000,0.015,0.000,0.000,0.000,0.000,0.000,0.147,0.004,-0.002,-0.002,0,4,0,0,0,0,0,1,0,0,0,0,1
35.590,0.153,0.3,0.000,0.000,0.016,0.000,0.000,0.000,0.000,0.000,0.153,0.299,-0.149,-0.002,0,4,0,0,0,0,0,0,0,0,0,0,0
35.606,0.153,0.3,0.000,0.000,0.016,0.000,0.000,0.000,0.000,0.000,0.153,0.299,-0.149,-0.002,0,4,0,0,0,0,0,-1,0,0,0,0,0
35.623,0.153,0.3,0.000,0.000,0.016,0.000,0.000,0.000,0.000,0.000,0.153,0.299,-0.149,-0.002,0,4,0,0,0,0,0,0,0,0,0,0,0
35.645,0.162,0.4,0.000,0.000,0.017,0.000,0.000,0.000,0.000,0.000,0.170,-0.121,0.060,-0.002,0,4,0,0,0,0,0,1,0,0,0,0,1
35.669,0.162,0.4,0.000,0.000,0.017,0.000,0.000,0.000,0.000,0.000,0.170,-0.121,0.060,-0.002,0,4,0,0,0,0,0,0,0,0,0,0,0
35.687,0.162,0.4,0.000,0.000,0.017,0.000,0.000,0.000,0.000,0.000,0.170,-0.121,0.060,-0.002,0,4,0,0,0,0,0,-1,0,0,0,0,0
35.715,0.169,0.4,0.000,0.000,0.010,0.000,0.000,0.000,0.000,0.000,0.099,-0.405,0.202,-0.003,0,4,0,0,0,0,0,0,0,0,0,0,0
35.737,0.169,0.4,0.000,0.000,0.010,0.000,0.000,0.000,0.000,0.000,0.099,-0.405,0.202,-0.003,0,4,0,0,0,0,0,1,0,0,0,0,1
35.755,0.176,0.4,0.000,0.000,0.017,0.000,0.000,0.000,0.000,0.000,0.170,-0.078,0.039,-0.003,0,4,0,0,0,0,0,1,0,0,0,0,1
35.772,0.176,0.4,0.000,0.000,0.017,0.000,0.000,0.000,0.000,0.000,0.170,-0.078,0.039,-0.003,0,4,0,0,0,0,0,-1,0,0,0,0,0
35.794,0.176,0.4,0.000,0.000,0.017,0.000,0.000,0.000,0.000,0.000,0.170,-0.078,0.039,-0.003,0,4,0,0,0,0,0,-1,0,0,0,0,-1
35.815,0.185,0.4,0.000,0.000,0.016,0.000,0.000,0.000,0.000,0.000,0.156,0.314,-0.157,-0.003,0,4,0,0,0,0,0,0,0,0,0,0,0
35.831,0.185,0.4,0.000,0.000,0.016,0.000,0.000,0.000,0.000,0.000,0.156,0.314,-0.157,-0.003,0,4,0,0,0,0,0,1,0,0,0,0,1
35.847,0.192,0.4,0.000,0.394,0.022,0.000,0.000,0.000,0.000,0.000,0.213,0.580,-0.290,-0.003,1,4,0,0,0,0,0,1,0,0,0,0,0
35.871,0.192,0.4,0.000,0.394,0.022,0.000,0.000,0.000,0.000,0.000,0.213,0.580,-0.290,-0.003,1,4,0,0,0,0,0,-1,0,0,0,0,-1
35.892,0.192,0.4,0.000,0.394,0.022,0.000,0.000,0.000,0.000,0.000,0.213,0.580,-0.290,-0.003,1,4,0,0,0,0,0,-1,0,0,0,0,0
35.919,0.199,0.4,0.000,0.781,0.010,0.000,0.000,0.000,0.000,0.000,0.097,0.230,-0.115,-0.003,1,4,0,0,0,0,0,1,0,0,0,0,1
35.936,0.199,0.4,0.000,0.781,0.010,0.000,0.000,0.000,0.000,0.000,0.097,0.230,-0.115,-0.003,1,4,0,0,0,0,0,1,0,0,0,0,0
35.953,0.208,0.5,0.000,1.000,0.027,0.000,0.000,0.000,0.000,0.000,0.265,-0.175,0.087,-0.003,1,4,0,0,0,0,0,-1,0,0,0,0,0
35.973,0.208,0.5,0.000,1.000,0.027,0.000,0.000,0.000,0.000,0.000,0.265,-0.175,0.087,-0.003,1,4,0,0,0,0,0,-2,0,0,0,0,-1
35.997,0.208,0.5,0.000,1.000,0.027,0.000,0.000,0.000,0.000,0.000,0.265,-0.175,0.087,-0.003,1,4,0,0,0,0,0,0,0,0,0,0,0
36.014,0.215,0.5,0.000,1.000,0.012,0.000,0.000,0.000,0.000,0.000,0.115,-0.454,0.227,-0.003,1,4,0,0,0,0,0,1,0,0,0,0,1
36.043,0.215,0.5,0.000,1.000,0.012,0.000,0.000,0.000,0.000,0.000,0.115,-0.454,0.227,-0.003,1,4,0,0,0,0,0,0,0,0,0,0,0
36.063,0.222,0.5,0.000,1.000,0.014,0.000,0.000,0.000,0.000,0.000,0.140,-0.706,0.353,-0.003,1,4,0,0,0,0,0,-2,0,0,0,0,-1
36.090,0.222,0.5,0.000,1.000,0.014,0.000,0.000,0.000,0.000,0.000,0.140,-0.706,0.353,-0.003,1,4,0,0,0,0,0,1,0,0,0,0,0
36.121,0.231,0.5,0.000,1.000,0.016,0.000,0.000,0.000,0.000,0.000,0.159,-0.244,0.122,-0.003,1,4,0,0,0,0,0,1,0,0,0,0,0
36.142,0.231,0.5,0.000,1.000,0.016,0.000,0.000,0.000,0.000,0.000,0.159,-0.244,0.122,-0.003,1,4,0,0,0,0,0,-1,0,0,0,0,-1
36.169,0.238,0.5,0.000,1.000,0.015,0.000,0.000,0.000,0.000,0.000,0.147,0.074,-0.037,-0.004,1,4,0,0,0,0,0,-1,0,0,0,0,0
36.186,0.238,0.5,0.000,1.000,0.015,0.000,0.000,0.000,0.000,0.000,0.147,0.074,-0.037,-0.004,1,4,0,0,0,0,0,1,0,0,0,0,1
36.216,0.245,0.5,0.000,1.000,0.015,0.000,0.000,0.000,0.000,0.000,0.148,0.363,-0.181,-0.004,1,4,0,0,0,0,0,1,0,0,0,0,0
36.236,0.245,0.5,0.000,1.000,0.015,0.000,0.000,0.000,0.000,0.000,0.148,0.363,-0.181,-0.004,1,4,0,0,0,0,0,-2,0,0,0,0,-1
36.254,0.245,0.5,0.000,1.000,0.015,0.000,0.000,0.000,0.000,0.000,0.148,0.363,-0.181,-0.004,1,4,0,0,0,0,0,-1,0,0,0,0,-1
36.271,0.255,0.6,0.000,1.000,0.017,0.000,0.000,0.000,0.000,0.000,0.168,0.702,-0.351,-0.004,1,4,0,0,0,0,0,1,0,0,0,0,0
36.293,0.255,0.6,0.000,1.000,0.017,0.000,0.000,0.000,0.000,0.000,0.168,0.702,-0.351,-0.004,1,4,0,0,0,0,0,2,0,0,0,0,1
36.314,0.255,0.6,0.000,1.000,0.017,0.000,0.000,0.000,0.000,0.000,0.168,0.702,-0.351,-0.004,1,4,0,0,0,0,0,0,0,0,0,0,0
36.340,0.262,0.6,0.000,1.000,0.010,0.000,0.000,0.000,0.000,0.000,0.101,0.340,-0.170,-0.004,1,4,0,0,0,0,0,-2,0,0,0,0,-1
36.356,0.262,0.6,0.000,1.000,0.010,0.000,0.000,0.000,0.000,0.000,0.101,0.340,-0.170,-0.004,1,4,0,0,0,0,0,0,0,0,0,0,0
36.374,0.268,0.6,0.000,1.000,0.020,0.000,0.000,0.000,0.000,0.000,0.200,0.020,-0.010,-0.004,1,4,0,0,0,0,0,2,0,0,0,0,1
36.394,0.268,0.6,0.000,1.000,0.020,0.000,0.000,0.000,0.000,0.000,0.200,0.020,-0.010,-0.004,1,4,0,0,0,0,0,1,0,0,0,0,1
36.419,0.268,0.6,0.000,1.000,0.020,0.000,0.000,0.000,0.000,0.000,0.200,0.020,-0.010,-0.004,1,4,0,0,0,0,0,-2,0,0,0,0,-1
36.436,0.278,0.6,0.000,1.000,0.015,0.000,0.000,0.000,0.000,0.000,0.150,-0.366,0.183,-0.004,1,4,0,0,0,0,0,-2,0,0,0,0,-1
36.452,0.278,0.6,0.000,1.000,0.015,0.000,0.000,0.000,0.000,0.000,0.150,-0.366,0.183,-0.004,1,4,0,0,0,0,0,1,0,0,0,0,0
36.473,0.278,0.6,0.000,1.000,0.015,0.000,0.000,0.000,0.000,0.000,0.150,-0.366,0.183,-0.004,1,4,0,0,0,0,0,2,0,0,0,0,1
36.497,0.285,0.6,0.000,1.000,0.012,0.000,0.000,0.000,0.000,0.000,0.114,-0.627,0.313,-0.004,1,4,0,0,0,0,0,-1,0,0,0,0,0
36.513,0.285,0.6,0.000,1.000,0.012,0.000,0.000,0.000,0.000,0.000,0.114,-0.627,0.313,-0.004,1,4,0,0,0,0,0,-2,0,0,0,0,-1
36.529,0.292,0.7,0.000,1.000,0.022,0.000,0.000,0.000,0.000,0.000,0.214,-0.273,0.136,-0.004,1,4,0,0,0,0,0,-1,0,0,0,0,-1
36.550,0.292,0.7,0.000,1.000,0.022,0.000,0.000,0.000,0.000,0.000,0.214,-0.273,0.136,-0.004,1,4,0,0,0,0,0,2,0,0,0,0,1
36.567,0.292,0.7,0.000,1.000,0.022,0.000,0.000,0.000,0.000,0.000,0.214,-0.273,0.136,-0.004,1,4,0,0,0,0,0,2,0,0,0,0,1
36.590,0.301,0.7,0.000,1.000,0.015,0.000,0.000,0.000,0.000,0.000,0.152,0.138,-0.069,-0.005,1,4,0,0,0,0,0,-1,0,0,0,0,0
36.621,0.301,0.7,0.000,1.000,0.015,0.000,0.000,0.000,0.000,0.000,0.152,0.138,-0.069,-0.005,1,4,0,0,0,0,0,-1,0,0,0,0,-1
36.642,0.308,0.7,0.000,1.000,0.014,0.000,0.000,0.000,0.000,0.000,0.133,0.420,-0.210,-0.005,1,4,0,0,0,0,0,2,0,0,0,0,1
36.669,0.308,0.7,0.000,1.000,0.014,0.000,0.000,0.000,0.000,0.000,0.133,0.420,-0.210,-0.005,1,4,0,0,0,0,0,1,0,0,0,0,0
36.685,0.315,0.7,0.000,1.000,0.016,0.000,0.000,0.000,0.000,0.000,0.161,0.676,-0.338,-0.005,1,4,0,0,0,0,0,-2,0,0,0,0,-1
36.715,0.315,0.7,0.000,1.000,0.016,0.000,0.000,0.000,0.000,0.000,0.161,0.676,-0.338,-0.005,1,4,0,0,0,0,0,-1,0,0,0,0,0
36.736,0.324,0.7,0.000,1.000,0.018,0.000,0.000,0.000,0.000,0.000,0.181,0.217,-0.109,-0.005,1,4,0,0,0,0,0,2,0,0,0,0,1
36.753,0.324,0.7,0.000,1.000,0.018,0.000,0.000,0.000,0.000,0.000,0.181,0.217,-0.109,-0.005,1,4,0,0,0,0,0,2,0,0,0,0,1
36.770,0.324,0.7,0.000,1.000,0.018,0.000,0.000,0.000,0.000,0.000,0.181,0.217,-0.109,-0.005,1,4,0,0,0,0,0,-1,0,0,0,0,0
36.793,0.331,0.7,0.000,1.000,0.012,0.000,0.000,0.000,0.000,0.000,0.121,-0.099,0.049,-0.005,1,4,0,0,0,0,0,-2,0,0,0,0,-1
36.813,0.331,0.7,0.000,1.000,0.012,0.000,0.000,0.000,0.000,0.000,0.121,-0.099,0.049,-0.005,1,4,0,0,0,0,0,0,0,0,0,0,0
36.840,0.338,0.8,0.000,1.000,0.015,0.000,0.000,0.000,0.000,0.000,0.149,-0.385,0.192,-0.005,1,4,0,0,0,0,0,2,0,0,0,0,1
36.856,0.338,0.8,0.000,1.000,0.015,0.000,0.000,0.000,0.000,0.000,0.149,-0.385,0.192,-0.005,1,4,0,0,0,0,0,0,0,0,0,0,0
36.873,0.338,0.8,0.000,1.000,0.015,0.000,0.000,0.000,0.000,0.000,0.149,-0.385,0.192,-0.005,1,4,0,0,0,0,0,-2,0,0,0,0,-1
36.895,0.347,0.8,0.000,1.000,0.017,0.000,0.000,0.000,0.000,0.000,0.170,-0.721,0.360,-0.005,1,4,0,0,0,0,0,-1,0,0,0,0,-1
36.918,0.347,0.8,0.000,1.000,0.017,0.000,0.000,0.000,0.000,0.000,0.170,-0.721,0.360,-0.005,1,4,0,0,0,0,0,2,0,0,0,0,1
36.935,0.347,0.8,0.000,1.000,0.017,0.000,0.000,0.000,0.000,0.000,0.170,-0.721,0.360,-0.005,1,4,0,0,0,0,0,2,0,0,0,0,1
36.965,0.354,0.8,0.000,1.000,0.010,0.000,0.000,0.000,0.000,0.000,0.098,-0.358,0.179,-0.005,1,4,0,0,0,0,0,-2,0,0,0,0,-1
36.986,0.354,0.8,0.000,1.000,0.010,0.000,0.000,0.000,0.000,0.000,0.098,-0.358,0.179,-0.005,1,4,0,0,0,0,0,-1,0,0,0,0,-1
37.004,0.361,0.8,0.000,1.000,0.018,0.000,0.000,0.000,0.000,0.000,0.177,-0.036,0.018,-0.005,1,4,0,0,0,0,0,2,0,0,0,0,1
37.021,0.361,0.8,0.000,1.000,0.018,0.000,0.000,0.000,0.000,0.000,0.177,-0.036,0.018,-0.005,1,4,0,0,0,0,0,3,0,0,0,0,1
37.044,0.361,0.8,0.000,1.000,0.018,0.000,0.000,0.000,0.000,0.000,0.177,-0.036,0.018,-0.005,1,4,0,0,0,0,0,-1,0,0,0,0,-1
37.064,0.370,0.8,0.000,1.000,0.016,0.000,0.000,0.000,0.000,0.000,0.154,0.352,-0.176,-0.006,1,4,0,0,0,0,0,-3,0,0,0,0,-1
37.081,0.370,0.8,0.000,1.000,0.016,0.000,0.000,0.000,0.000,0.000,0.154,0.352,-0.176,-0.006,1,4,0,0,0,0,0,-1,0,0,0,0,0
37.097,0.370,0.8,0.000,1.000,0.016,0.000,0.000,0.000,0.000,0.000,0.154,0.352,-0.176,-0.006,1,4,0,0,0,0,0,2,0,0,0,0,1
37.122,0.377,0.8,0.000,1.000,0.012,0.000,0.000,0.000,0.000,0.000,0.121,0.614,-0.307,-0.006,1,4,0,0,0,0,0,1,0,0,0,0,1
37.142,0.377,0.8,0.000,1.000,0.012,0.000,0.000,0.000,0.000,0.000,0.121,0.614,-0.307,-0.006,1,4,0,0,0,0,0,-2,0,0,0,0,-1
37.168,0.384,0.9,0.000,1.000,0.015,0.000,0.000,0.000,0.000,0.000,0.151,0.261,-0.131,-0.006,1,4,0,0,0,0,0,-1,0,0,0,0,-1
37.185,0.384,0.9,0.000,1.000,0.015,0.000,0.000,0.000,0.000,0.000,0.151,0.261,-0.131,-0.006,1,4,0,0,0,0,0,2,0,0,0,0,1
37.216,0.393,0.9,0.000,1.000,0.019,0.000,0.000,0.000,0.000,0.000,0.191,-0.148,0.074,-0.006,1,4,0,0,0,0,0,1,0,0,0,0,0
37.236,0.393,0.9,0.000,1.000,0.019,0.000,0.000,0.000,0.000,0.000,0.191,-0.148,0.074,-0.006,1,4,0,0,0,0,0,-3,0,0,0,0,-1
37.254,0.400,0.9,0.000,1.000,0.019,0.000,0.000,0.000,0.000,0.000,0.183,-0.429,0.215,-0.006,1,4,0,0,0,0,0,-2,0,0,0,0,-1
37.271,0.400,0.9,0.000,1.000,0.019,0.000,0.000,0.000,0.000,0.000,0.183,-0.429,0.215,-0.006,1,4,0,0,0,0,0,1,0,0,0,0,1
37.288,0.400,0.9,0.000,1.000,0.019,0.000,0.000,0.000,0.000,0.000,0.183,-0.429,0.215,-0.006,1,4,0,0,0,0,0,3,0,0,0,0,2
37.309,0.407,0.9,0.000,1.000,0.013,0.000,0.000,0.000,0.000,0.000,0.126,-0.684,0.047,-0.006,1,4,0,0,0,0,0,1,0,0,0,0,0
37.340,0.407,0.9,0.000,1.000,0.013,0.000,0.000,0.000,0.000,0.000,0.126,-0.684,0.047,-0.006,1,4,0,0,0,0,0,-3,0,0,0,0,-1
37.372,0.416,0.9,0.000,1.000,0.015,0.000,0.000,0.000,0.000,0.000,0.146,-0.224,-0.148,-0.006,1,4,0,0,0,0,0,3,0,0,0,0,1
37.393,0.416,0.9,0.000,1.000,0.015,0.000,0.000,0.000,0.000,0.000,0.146,-0.224,-0.148,-0.006,1,4,0,0,0,0,0,2,0,0,0,0,1
37.418,0.423,0.9,0.000,1.000,0.015,0.000,0.000,0.000,0.000,0.000,0.149,0.092,0.014,-0.006,1,4,0,0,0,0,0,-3,0,0,0,0,-1
37.436,0.423,0.9,0.000,1.000,0.015,0.000,0.000,0.000,0.000,0.000,0.149,0.092,0.014,-0.006,1,4,0,0,0,0,0,-2,0,0,0,0,-1
37.452,0.423,0.9,0.000,1.000,0.015,0.000,0.000,0.000,0.000,0.000,0.149,0.092,0.014,-0.006,1,4,0,0,0,0,0,1,0,0,0,0,1
37.473,0.430,1.0,0.000,1.000,0.013,0.000,0.000,0.000,0.000,0.000,0.127,0.379,0.160,-0.006,1,4,0,0,0,0,0,3,0,0,0,0,2
37.497,0.430,1.0,0.000,1.000,0.013,0.000,0.000,0.000,0.000,0.000,0.127,0.379,0.160,-0.006,1,4,0,0,0,0,0,-1,0,0,0,0,0
37.514,0.430,1.0,0.000,1.000,0.013,0.000,0.000,0.000,0.000,0.000,0.127,0.379,0.160,-0.006,1,4,0,0,0,0,0,-3,0,0,0,0,-2
37.530,0.439,1.0,0.000,1.000,0.017,0.000,0.000,0.000,0.000,0.000,0.163,0.716,-0.051,-0.007,1,4,0,0,0,0,0,-2,0,0,0,0,-1
37.560,0.439,1.0,0.000,1.000,0.017,0.000,0.000,0.000,0.000,0.000,0.163,0.716,-0.051,-0.007,1,4,0,0,0,0,0,3,0,0,0,0,2
37.590,0.446,1.0,0.000,1.000,0.012,0.000,0.000,0.000,0.000,0.000,0.116,0.353,-0.194,-0.007,1,4,0,0,0,0,0,-1,0,0,0,0,-1
37.607,0.446,1.0,0.000,1.000,0.012,0.000,0.000,0.000,0.000,0.000,0.116,0.353,-0.194,-0.007,1,4,0,0,0,0,0,-3,0,0,0,0,-2
37.632,0.453,1.0,0.000,1.000,0.016,0.000,0.000,0.000,0.000,0.000,0.160,0.031,-0.031,-0.007,1,4,0,0,0,0,0,1,0,0,0,0,0
37.649,0.453,1.0,0.000,1.000,0.016,0.000,0.000,0.000,0.000,0.000,0.160,0.031,-0.031,-0.007,1,4,0,0,0,0,0,3,0,0,0,0,2
37.666,0.453,1.0,0.000,1.000,0.016,0.000,0.000,0.000,0.000,0.000,0.160,0.031,-0.031,-0.007,1,4,0,0,0,0,0,2,0,0,0,0,1
37.682,0.463,1.0,0.000,1.000,0.019,0.000,0.000,0.000,0.000,0.000,0.186,-0.356,0.164,-0.007,1,4,0,0,0,0,0,-2,0,0,0,0,-1
37.712,0.463,1.0,0.000,1.000,0.019,0.000,0.000,0.000,0.000,0.000,0.186,-0.356,0.164,-0.007,1,4,0,0,0,0,0,-2,0,0,0,0,-1
37.729,0.469,1.1,0.000,1.000,0.015,0.000,0.000,0.000,0.000,0.000,0.148,-0.618,0.001,-0.007,1,4,0,0,0,0,0,2,0,0,0,0,1
37.761,0.469,1.1,0.000,1.000,0.015,0.000,0.000,0.000,0.000,0.000,0.148,-0.618,0.001,-0.007,1,4,0,0,0,0,0,1,0,0,0,0,1
37.783,0.476,1.1,0.000,1.000,0.013,0.000,0.000,0.000,0.000,0.000,0.128,-0.264,-0.147,-0.007,1,4,0,0,0,0,0,-3,0,0,0,0,-2
37.800,0.476,1.1,0.000,1.000,0.013,0.000,0.000,0.000,0.000,0.000,0.128,-0.264,-0.147,-0.007,1,4,0,0,0,0,0,-2,0,0,0,0,-1
37.817,0.476,1.1,0.000,1.000,0.013,0.000,0.000,0.000,0.000,0.000,0.128,-0.264,-0.147,-0.007,1,4,0,0,0,0,0,1,0,0,0,0,1
37.834,0.486,1.1,0.000,1.000,0.019,0.000,0.000,0.000,0.000,0.000,0.183,0.145,0.060,-0.007,1,4,0,0,0,0,0,4,0,0,0,0,2
37.860,0.486,1.1,0.000,1.000,0.019,0.000,0.000,0.000,0.000,0.000,0.183,0.145,0.060,-0.007,1,4,0,0,0,0,0,-1,0,0,0,0,0
37.877,0.486,1.1,0.000,1.000,0.019,0.000,0.000,0.000,0.000,0.000,0.183,0.145,0.060,-0.007,1,4,0,0,0,0,0,-4,0,0,0,0,-2
37.894,0.493,1.1,0.000,1.000,0.012,0.000,0.000,0.000,0.000,0.000,0.116,0.427,0.202,-0.007,1,4,0,0,0,0,0,-2,0,0,0,0,-1
37.911,0.493,1.1,0.000,1.000,0.012,0.000,0.000,0.000,0.000,0.000,0.116,0.427,0.202,-0.007,1,4,0,0,0,0,0,2,0,0,0,0,1
37.933,0.499,1.1,0.000,1.000,0.018,0.000,0.000,0.000,0.000,0.000,0.179,0.682,0.035,-0.008,1,4,0,0,0,0,0,3,0,0,0,0,2
37.965,0.499,1.1,0.000,1.000,0.018,0.000,0.000,0.000,0.000,0.000,0.179,0.682,0.035,-0.008,1,4,0,0,0,0,0,-4,0,0,0,0,-2
37.981,0.499,1.1,0.000,1.000,0.018,0.000,0.000,0.000,0.000,0.000,0.179,0.682,0.035,-0.008,1,4,0,0,0,0,0,-3,0,0,0,0,-1
38.005,0.509,1.1,0.000,1.000,0.013,0.000,0.000,0.000,0.000,0.000,0.127,0.222,-0.158,-0.008,1,4,0,0,0,0,0,3,0,0,0,0,1
38.022,0.509,1.1,0.000,1.000,0.013,0.000,0.000,0.000,0.000,0.000,0.127,0.222,-0.158,-0.008,1,4,0,0,0,0,0,3,0,0,0,0,2
38.039,0.516,1.2,0.000,1.000,0.021,0.000,0.000,0.000,0.000,0.000,0.203,-0.094,-0.291,-0.008,1,4,0,0,0,0,0,0,0,0,0,0,0
38.056,0.516,1.2,0.000,1.000,0.021,0.000,0.000,0.000,0.000,0.000,0.203,-0.094,-0.291,-0.008,1,4,0,0,0,0,0,-4,0,0,0,0,-2
38.077,0.516,1.2,0.000,1.000,0.021,0.000,0.000,0.000,0.000,0.000,0.203,-0.094,-0.291,-0.008,1,4,0,0,0,0,0,-2,0,0,0,0,-1
38.094,0.522,1.2,0.000,1.000,0.013,0.000,0.000,0.000,0.000,0.000,0.125,-0.380,-0.116,-0.008,1,4,0,0,0,0,0,3,0,0,0,0,1
38.122,0.522,1.2,0.000,1.000,0.013,0.000,0.000,0.000,0.000,0.000,0.125,-0.380,-0.116,-0.008,1,4,0,0,0,0,0,2,0,0,0,0,1
38.140,0.532,1.2,0.000,1.000,0.021,0.000,0.000,0.000,0.000,0.000,0.204,-0.717,0.090,-0.008,1,4,0,0,0,0,0,-3,0,0,0,0,-1
38.161,0.532,1.2,0.000,1.000,0.021,0.000,0.000,0.000,0.000,0.000,0.204,-0.717,0.090,-0.008,1,4,0,0,0,0,0,-4,0,0,0,0,-2
38.177,0.532,1.2,0.000,1.000,0.021,0.000,0.000,0.000,0.000,0.000,0.204,-0.717,0.090,-0.008,1,4,0,0,0,0,0,1,0,0,0,0,0
38.195,0.539,1.2,0.000,1.000,0.013,0.000,0.000,0.000,0.000,0.000,0.127,-0.354,0.229,-0.008,1,4,0,0,0,0,0,4,0,0,0,0,2
38.216,0.539,1.2,0.000,1.000,0.013,0.000,0.000,0.000,0.000,0.000,0.127,-0.354,0.229,-0.008,1,4,0,0,0,0,0,1,0,0,0,0,1
38.237,0.539,1.2,0.000,1.000,0.013,0.000,0.000,0.000,0.000,0.000,0.127,-0.354,0.229,-0.008,1,4,0,0,0,0,0,-4,0,0,0,0,-2
38.254,0.546,1.2,0.000,1.000,0.012,0.000,0.000,0.000,0.000,0.000,0.114,-0.033,0.353,-0.008,1,4,0,0,0,0,0,-3,0,0,0,0,-1
38.272,0.546,1.2,0.000,1.000,0.012,0.000,0.000,0.000,0.000,0.000,0.114,-0.033,0.353,-0.008,1,4,0,0,0,0,0,2,0,0,0,0,1
38.293,0.546,1.2,0.000,1.000,0.012,0.000,0.000,0.000,0.000,0.000,0.114,-0.033,0.353,-0.008,1,4,0,0,0,0,0,4,0,0,0,0,2
38.314,0.555,1.2,0.000,1.000,0.016,0.000,0.000,0.000,0.000,0.000,0.158,0.355,0.118,-0.008,1,4,0,0,0,0,0,-1,0,0,0,0,0
38.340,0.555,1.2,0.000,1.000,0.016,0.000,0.000,0.000,0.000,0.000,0.158,0.355,0.118,-0.008,1,4,0,0,0,0,0,-4,0,0,0,0,-2
38.372,0.562,1.3,0.000,1.000,0.012,0.000,0.000,0.000,0.000,0.000,0.120,0.000,0.000,-0.008,1,4,0,0,0,0,0,4,0,0,0,0,2
38.393,0.562,1.3,0.000,1.000,0.012,0.000,0.000,0.000,0.000,0.000,0.120,0.000,0.000,-0.008,1,4,0,0,0,0,0,3,0,0,0,0,1
38.418,0.569,1.3,0.000,1.000,0.015,0.000,0.000,0.000,0.000,0.000,0.148,0.000,0.000,-0.009,1,4,0,0,0,0,0,-4,0,0,0,0,-2
38.436,0.569,1.3,0.000,1.000,0.015,0.000,0.000,0.000,0.000,0.000,0.148,0.000,0.000,-0.009,1,4,0,0,0,0,0,-3,0,0,0,0,-2
38.452,0.578,1.3,0.000,1.000,0.027,0.000,0.000,0.000,0.000,0.000,0.264,0.000,0.000,-0.009,1,4,0,0,0,0,0,2,0,0,0,0,1
38.472,0.578,1.3,0.000,1.000,0.027,0.000,0.000,0.000,0.000,0.000,0.264,0.000,0.000,-0.009,1,4,0,0,0,0,0,5,0,0,0,0,3
38.489,0.578,1.3,0.000,1.000,0.027,0.000,0.000,0.000,0.000,0.000,0.264,0.000,0.000,-0.009,1,4,0,0,0,0,0,2,0,0,0,0,1
38.506,0.584,1.3,0.000,1.000,0.013,0.000,0.000,0.000,0.000,0.000,0.128,0.000,0.000,-0.009,1,4,0,0,0,0,0,-3,0,0,0,0,-2
38.523,0.584,1.3,0.000,1.000,0.013,0.000,0.000,0.000,0.000,0.000,0.128,0.000,0.000,-0.009,1,4,0,0,0,0,0,-4,0,0,0,0,-2
38.544,0.584,1.3,0.000,1.000,0.013,0.000,0.000,0.000,0.000,0.000,0.128,0.000,0.000,-0.009,1,4,0,0,0,0,0,2,0,0,0,0,1
38.562,0.591,1.3,0.000,1.000,0.012,0.000,0.000,0.000,0.000,0.000,0.122,0.000,0.000,-0.009,1,4,0,0,0,0,0,5,0,0,0,0,2
38.579,0.591,1.3,0.000,1.000,0.012,0.000,0.000,0.000,0.000,0.000,0.122,0.000,0.000,-0.009,1,4,0,0,0,0,0,1,0,0,0,0,1
38.597,0.591,1.3,0.000,1.000,0.012,0.000,0.000,0.000,0.000,0.000,0.122,0.000,0.000,-0.009,1,4,0,0,0,0,0,-4,0,0,0,0,-2
38.617,0.600,1.3,0.000,1.000,0.017,0.000,0.000,0.000,0.000,0.000,0.163,0.000,0.000,-0.009,1,4,0,0,0,0,0,-4,0,0,0,0,-2
38.635,0.600,1.3,0.000,1.000,0.017,0.000,0.000,0.000,0.000,0.000,0.163,0.000,0.000,-0.009,1,4,0,0,0,0,0,2,0,0,0,0,1
38.652,0.600,1.3,0.000,1.000,0.017,0.000,0.000,0.000,0.000,0.000,0.163,0.000,0.000,-0.009,1,4,0,0,0,0,0,5,0,0,0,0,2
38.670,0.607,1.4,0.000,1.000,0.013,0.000,0.000,0.000,0.000,0.000,0.131,0.000,0.000,-0.009,1,4,0,0,0,0,0,2,0,0,0,0,1
38.691,0.607,1.4,0.000,1.000,0.013,0.000,0.000,0.000,0.000,0.000,0.131,0.000,0.000,-0.009,1,4,0,0,0,0,0,-4,0,0,0,0,-2
38.716,0.614,1.4,0.000,1.000,0.015,0.000,0.000,0.000,0.000,0.000,0.149,0.000,0.000,-0.009,1,4,0,0,0,0,0,-2,0,0,0,0,-1
38.747,0.614,1.4,0.000,1.000,0.015,0.000,0.000,0.000,0.000,0.000,0.149,0.000,0.000,-0.009,1,4,0,0,0,0,0,5,0,0,0,0,2
38.768,0.623,1.4,0.000,1.000,0.018,0.000,0.000,0.000,0.000,0.000,0.175,0.000,0.000,-0.009,1,4,0,0,0,0,0,-1,0,0,0,0,0
38.793,0.623,1.4,0.000,1.000,0.018,0.000,0.000,0.000,0.000,0.000,0.175,0.000,0.000,-0.009,1,4,0,0,0,0,0,-5,0,0,0,0,-2
38.810,0.623,1.4,0.000,1.000,0.018,0.000,0.000,0.000,0.000,0.000,0.175,0.000,0.000,-0.009,1,4,0,0,0,0,0,0,0,0,0,0,0
38.840,0.630,1.4,0.000,1.000,0.010,0.000,0.000,0.000,0.000,0.000,0.095,0.000,0.000,-0.009,1,4,0,0,0,0,0,4,0,0,0,0,2
38.861,0.630,1.4,0.000,1.000,0.010,0.000,0.000,0.000,0.000,0.000,0.095,0.000,0.000,-0.009,1,4,0,0,0,0,0,-1,0,0,0,0,-1
38.877,0.637,1.4,0.000,1.000,0.019,0.000,0.000,0.000,0.000,0.000,0.182,0.000,0.000,-0.010,1,4,0,0,0,0,0,-5,0,0,0,0,-3
38.895,0.637,1.4,0.000,1.000,0.019,0.000,0.000,0.000,0.000,0.000,0.182,0.000,0.000,-0.010,1,4,0,0,0,0,0,-3,0,0,0,0,-1
38.918,0.637,1.4,0.000,1.000,0.019,0.000,0.000,0.000,0.000,0.000,0.182,0.000,0.000,-0.010,1,4,0,0,0,0,0,5,0,0,0,0,2
38.939,0.646,1.4,0.000,1.000,0.015,0.000,0.000,0.000,0.000,0.000,0.148,0.000,0.000,-0.010,1,4,0,0,0,0,0,3,0,0,0,0,1
38.956,0.646,1.4,0.000,1.000,0.015,0.000,0.000,0.000,0.000,0.000,0.148,0.000,0.000,-0.010,1,4,0,0,0,0,0,-3,0,0,0,0,-1
38.973,0.653,1.5,0.000,1.000,0.021,0.000,0.000,0.000,0.000,0.000,0.205,0.000,0.000,-0.010,1,4,0,0,0,0,0,-5,0,0,0,0,-3
38.989,0.653,1.5,0.000,1.000,0.021,0.000,0.000,0.000,0.000,0.000,0.205,0.000,0.000,-0.010,1,4,0,0,0,0,0,-1,0,0,0,0,-1
39.010,0.653,1.5,0.000,1.000,0.021,0.000,0.000,0.000,0.000,0.000,0.205,0.000,0.000,-0.010,1,4,0,0,0,0,0,5,0,0,0,0,3
39.027,0.660,1.5,0.000,1.000,0.013,0.000,0.000,0.000,0.000,0.000,0.127,0.000,0.000,-0.010,1,4,0,0,0,0,0,4,0,0,0,0,2
39.044,0.660,1.5,0.000,1.000,0.013,0.000,0.000,0.000,0.000,0.000,0.127,0.000,0.000,-0.010,1,4,0,0,0,0,0,-2,0,0,0,0,-1
39.061,0.660,1.5,0.000,1.000,0.013,0.000,0.000,0.000,0.000,0.000,0.127,0.000,0.000,-0.010,1,4,0,0,0,0,0,-5,0,0,0,0,-3
39.082,0.669,1.5,0.000,1.000,0.017,0.000,0.000,0.000,0.000,0.000,0.165,0.000,0.000,-0.010,1,4,0,0,0,0,0,-1,0,0,0,0,0
39.099,0.669,1.5,0.000,1.000,0.017,0.000,0.000,0.000,0.000,0.000,0.165,0.000,0.000,-0.010,1,4,0,0,0,0,0,5,0,0,0,0,2
39.116,0.669,1.5,0.000,1.000,0.017,0.000,0.000,0.000,0.000,0.000,0.165,0.000,0.000,-0.010,1,4,0,0,0,0,0,4,0,0,0,0,2
39.133,0.676,1.5,0.000,1.000,0.014,0.000,0.000,0.000,0.000,0.000,0.133,0.000,0.000,-0.010,1,4,0,0,0,0,0,-1,0,0,0,0,-1
39.154,0.676,1.5,0.000,1.000,0.014,0.000,0.000,0.000,0.000,0.000,0.133,0.000,0.000,-0.010,1,4,0,0,0,0,0,-5,0,0,0,0,-3
39.170,0.676,1.5,0.000,1.000,0.014,0.000,0.000,0.000,0.000,0.000,0.133,0.000,0.000,-0.010,1,4,0,0,0,0,0,-2,0,0,0,0,-1
39.188,0.683,1.5,0.000,1.000,0.013,0.000,0.000,0.000,0.000,0.000,0.126,0.000,0.000,-0.010,1,4,0,0,0,0,0,4,0,0,0,0,2
39.215,0.683,1.5,0.000,1.000,0.013,0.000,0.000,0.000,0.000,0.000,0.126,0.000,0.000,-0.010,1,4,0,0,0,0,0,2,0,0,0,0,1
39.236,0.692,1.5,0.000,1.000,0.019,0.000,0.000,0.000,0.000,0.000,0.187,0.000,0.000,-0.010,1,4,0,0,0,0,0,-5,0,0,0,0,-3
39.254,0.692,1.5,0.000,1.000,0.019,0.000,0.000,0.000,0.000,0.000,0.187,0.000,0.000,-0.010,1,4,0,0,0,0,0,-4,0,0,0,0,-2
39.271,0.692,1.5,0.000,1.000,0.019,0.000,0.000,0.000,0.000,0.000,0.187,0.000,0.000,-0.010,1,4,0,0,0,0,0,2,0,0,0,0,1
39.293,0.698,1.6,0.000,1.000,0.012,0.000,0.000,0.000,0.000,0.000,0.120,0.000,0.000,-0.011,1,4,0,0,0,0,0,5,0,0,0,0,3
39.315,0.698,1.6,0.000,1.000,0.012,0.000,0.000,0.000,0.000,0.000,0.120,0.000,0.000,-0.011,1,4,0,0,0,0,0,-1,0,0,0,0,-1
39.340,0.705,1.6,0.000,1.000,0.015,0.000,0.000,0.000,0.000,0.000,0.148,0.000,0.000,-0.011,1,4,0,0,0,0,0,-5,0,0,0,0,-3
39.372,0.705,1.6,0.000,1.000,0.015,0.000,0.000,0.000,0.000,0.000,0.148,0.000,0.000,-0.011,1,4,0,0,0,0,0,5,0,0,0,0,2
39.393,0.715,1.6,0.000,1.000,0.018,0.000,0.000,0.000,0.000,0.000,0.172,0.000,0.000,-0.011,1,4,0,0,0,0,0,3,0,0,0,0,2
39.418,0.715,1.6,0.000,1.000,0.018,0.000,0.000,0.000,0.000,0.000,0.172,0.000,0.000,-0.011,1,4,0,0,0,0,0,-5,0,0,0,0,-3
39.436,0.715,1.6,0.000,1.000,0.018,0.000,0.000,0.000,0.000,0.000,0.172,0.000,0.000,-0.011,1,4,0,0,0,0,0,-4,0,0,0,0,-2
39.452,0.721,1.6,0.000,1.000,0.012,0.000,0.000,0.000,0.000,0.000,0.117,0.000,0.000,-0.011,1,4,0,0,0,0,0,2,0,0,0,0,1
39.474,0.721,1.6,0.000,1.000,0.012,0.000,0.000,0.000,0.000,0.000,0.117,0.000,0.000,-0.011,1,4,0,0,0,0,0,5,0,0,0,0,3
39.496,0.728,1.6,0.000,1.000,0.016,0.000,0.000,0.000,0.000,0.000,0.153,0.000,0.000,-0.011,1,4,0,0,0,0,0,-1,0,0,0,0,-1
39.513,0.728,1.6,0.000,1.000,0.016,0.000,0.000,0.000,0.000,0.000,0.153,0.000,0.000,-0.011,1,4,0,0,0,0,0,-6,0,0,0,0,-3
39.543,0.728,1.6,0.000,1.000,0.016,0.000,0.000,0.000,0.000,0.000,0.153,0.000,0.000,-0.011,1,4,0,0,0,0,0,2,0,0,0,0,1
39.564,0.737,1.6,0.000,1.000,0.014,0.000,0.000,0.000,0.000,0.000,0.137,0.000,0.000,-0.011,1,4,0,0,0,0,0,6,0,0,0,0,3
39.590,0.737,1.6,0.000,1.000,0.014,0.000,0.000,0.000,0.000,0.000,0.137,0.000,0.000,-0.011,1,4,0,0,0,0,0,-2,0,0,0,0,-1
39.621,0.744,1.7,0.000,1.000,0.012,0.000,0.000,0.000,0.000,0.000,0.119,0.000,0.000,-0.011,1,4,0,0,0,0,0,-3,0,0,0,0,-2
39.642,0.744,1.7,0.000,1.000,0.012,0.000,0.000,0.000,0.000,0.000,0.119,0.000,0.000,-0.011,1,4,0,0,0,0,0,5,0,0,0,0,2
39.668,0.751,1.7,0.000,1.000,0.015,0.000,0.000,0.000,0.000,0.000,0.146,0.000,0.000,-0.011,1,4,0,0,0,0,0,3,0,0,0,0,1
39.685,0.751,1.7,0.000,1.000,0.015,0.000,0.000,0.000,0.000,0.000,0.146,0.000,0.000,-0.011,1,4,0,0,0,0,0,-4,0,0,0,0,-2
39.703,0.760,1.7,0.000,1.000,0.027,0.000,0.000,0.000,0.000,0.000,0.263,0.000,0.000,-0.011,1,4,0,0,0,0,0,-7,0,0,0,0,-3
39.724,0.760,1.7,0.000,1.000,0.027,0.000,0.000,0.000,0.000,0.000,0.263,0.000,0.000,-0.011,1,4,0,0,0,0,0,2,0,0,0,0,1
39.740,0.760,1.7,0.000,1.000,0.027,0.000,0.000,0.000,0.000,0.000,0.263,0.000,0.000,-0.011,1,4,0,0,0,0,0,7,0,0,0,0,3
39.757,0.767,1.7,0.000,1.000,0.013,0.000,0.000,0.000,0.000,0.000,0.126,0.000,0.000,-0.012,1,4,0,0,0,0,0,3,0,0,0,0,2
39.774,0.767,1.7,0.000,1.000,0.013,0.000,0.000,0.000,0.000,0.000,0.126,0.000,0.000,-0.012,1,4,0,0,0,0,0,-3,0,0,0,0,-2
39.795,0.767,1.7,0.000,1.000,0.013,0.000,0.000,0.000,0.000,0.000,0.126,0.000,0.000,-0.012,1,4,0,0,0,0,0,-6,0,0,0,0,-3
39.812,0.774,1.7,0.000,1.000,0.013,0.000,0.000,0.000,0.000,0.000,0.125,0.000,0.000,-0.012,1,4,0,0,0,0,0,0,0,0,0,0,0
39.829,0.774,1.7,0.000,1.000,0.013,0.000,0.000,0.000,0.000,0.000,0.125,0.000,0.000,-0.012,1,4,0,0,0,0,0,6,0,0,0,0,3
39.845,0.774,1.7,0.000,1.000,0.013,0.000,0.000,0.000,0.000,0.000,0.125,0.000,0.000,-0.012,1,4,0,0,0,0,0,4,0,0,0,0,2
39.866,0.783,1.8,0.000,1.000,0.017,0.000,0.000,0.000,0.000,0.000,0.168,0.000,0.000,-0.012,1,4,0,0,0,0,0,-4,0,0,0,0,-2
39.883,0.783,1.8,0.000,1.000,0.017,0.000,0.000,0.000,0.000,0.000,0.168,0.000,0.000,-0.012,1,4,0,0,0,0,0,-6,0,0,0,0,-3
39.900,0.783,1.8,0.000,1.000,0.017,0.000,0.000,0.000,0.000,0.000,0.168,0.000,0.000,-0.012,1,4,0,0,0,0,0,-1,0,0,0,0,0
39.918,0.790,1.8,0.000,1.000,0.014,0.000,0.000,0.000,0.000,0.000,0.134,0.000,0.000,-0.012,1,4,0,0,0,0,0,6,0,0,0,0,3
39.939,0.790,1.8,0.000,1.000,0.014,0.000,0.000,0.000,0.000,0.000,0.134,0.000,0.000,-0.012,1,4,0,0,0,0,0,4,0,0,0,0,2
39.965,0.797,1.8,0.000,1.000,0.015,0.000,0.000,0.000,0.000,0.000,0.147,0.000,0.000,-0.012,1,4,0,0,0,0,0,-6,0,0,0,0,-3
39.982,0.797,1.8,0.000,1.000,0.015,0.000,0.000,0.000,0.000,0.000,0.147,0.000,0.000,-0.012,1,4,0,0,0,0,0,-5,0,0,0,0,-2
39.998,0.797,1.8,0.000,1.000,0.015,0.000,0.000,0.000,0.000,0.000,0.147,0.000,0.000,-0.012,1,4,0,0,0,0,0,2,0,0,0,0,1
40.019,0.806,1.8,0.000,1.000,0.017,0.000,0.000,0.000,0.000,0.000,0.170,0.000,0.000,-0.012,1,4,0,0,0,0,0,7,0,0,0,0,3
40.036,0.806,1.8,0.000,1.000,0.017,0.000,0.000,0.000,0.000,0.000,0.170,0.000,0.000,-0.012,1,4,0,0,0,0,0,1,0,0,0,0,1
40.053,0.806,1.8,0.000,1.000,0.017,0.000,0.000,0.000,0.000,0.000,0.170,0.000,0.000,-0.012,1,4,0,0,0,0,0,-6,0,0,0,0,-3
40.070,0.813,1.8,0.000,1.000,0.014,0.000,0.000,0.000,0.000,0.000,0.134,0.000,0.000,-0.012,1,4,0,0,0,0,0,-5,0,0,0,0,-3
40.091,0.813,1.8,0.000,1.000,0.014,0.000,0.000,0.000,0.000,0.000,0.134,0.000,0.000,-0.012,1,4,0,0,0,0,0,3,0,0,0,0,2
40.121,0.820,1.8,0.000,0.000,0.013,0.000,0.000,0.000,0.000,0.000,0.132,0.000,0.000,-0.012,0,4,0,0,0,0,0,4,0,0,0,0,2
40.137,0.820,1.8,0.000,0.000,0.013,0.000,0.000,0.000,0.000,0.000,0.132,0.000,0.000,-0.012,0,4,0,0,0,0,0,-4,0,0,0,0,-2
40.168,0.820,1.8,0.000,0.000,0.013,0.000,0.000,0.000,0.000,0.000,0.132,0.000,0.000,-0.012,0,4,0,0,0,0,0,-3,0,0,0,0,-1
40.189,0.829,1.9,0.000,0.392,0.014,0.000,0.000,0.000,0.000,0.000,0.136,0.000,0.000,-0.012,1,4,0,0,0,0,0,6,0,0,0,0,3
40.215,0.829,1.9,0.000,0.392,0.014,0.000,0.000,0.000,0.000,0.000,0.136,0.000,0.000,-0.012,1,4,0,0,0,0,0,2,0,0,0,0,1
40.232,0.836,1.9,0.000,0.777,0.016,0.000,0.000,0.000,0.000,0.000,0.159,0.000,0.000,-0.013,1,4,0,0,0,0,0,-5,0,0,0,0,-3
40.249,0.836,1.9,0.000,0.777,0.016,0.000,0.000,0.000,0.000,0.000,0.159,0.000,0.000,-0.013,1,4,0,0,0,0,0,-6,0,0,0,0,-3
40.270,0.836,1.9,0.000,0.777,0.016,0.000,0.000,0.000,0.000,0.000,0.159,0.000,0.000,-0.013,1,4,0,0,0,0,0,2,0,0,0,0,1
40.293,0.843,1.9,0.000,1.000,0.012,0.000,0.000,0.000,0.000,0.000,0.114,0.000,0.000,-0.013,1,4,0,0,0,0,0,6,0,0,0,0,3
40.309,0.843,1.9,0.000,1.000,0.012,0.000,0.000,0.000,0.000,0.000,0.114,0.000,0.000,-0.013,1,4,0,0,0,0,0,1,0,0,0,0,0
40.340,0.852,1.9,0.000,1.000,0.020,0.000,0.000,0.000,0.000,0.000,0.193,0.000,0.000,-0.013,1,4,0,0,0,0,0,-7,0,0,0,0,-3
40.360,0.852,1.9,0.000,1.000,0.020,0.000,0.000,0.000,0.000,0.000,0.193,0.000,0.000,-0.013,1,4,0,0,0,0,0,2,0,0,0,0,1
40.376,0.852,1.9,0.000,1.000,0.020,0.000,0.000,0.000,0.000,0.000,0.193,0.000,0.000,-0.013,1,4,0,0,0,0,0,7,0,0,0,0,4
40.394,0.859,1.9,0.000,1.000,0.013,0.000,0.000,0.000,0.000,0.000,0.128,0.000,0.000,-0.013,1,4,0,0,0,0,0,4,0,0,0,0,2
40.418,0.859,1.9,0.000,1.000,0.013,0.000,0.000,0.000,0.000,0.000,0.128,0.000,0.000,-0.013,1,4,0,0,0,0,0,-6,0,0,0,0,-3
40.440,0.866,1.9,0.000,0.000,0.015,0.000,0.000,0.000,0.000,0.000,0.150,0.000,0.000,-0.013,0,4,0,0,0,0,0,-4,0,0,0,0,-2
40.465,0.866,1.9,0.000,0.000,0.015,0.000,0.000,0.000,0.000,0.000,0.150,0.000,0.000,-0.013,0,4,0,0,0,0,0,7,0,0,0,0,3
40.482,0.866,1.9,0.000,0.000,0.015,0.000,0.000,0.000,0.000,0.000,0.150,0.000,0.000,-0.013,0,4,0,0,0,0,0,5,0,0,0,0,3
40.499,0.875,2.0,0.000,0.000,0.016,0.000,0.000,0.000,0.000,0.000,0.152,0.000,0.000,-0.013,0,4,0,0,0,0,0,-3,0,0,0,0,-2
40.520,0.875,2.0,0.000,0.000,0.016,0.000,0.000,0.000,0.000,0.000,0.152,0.000,0.000,-0.013,0,4,0,0,0,0,0,-7,0,0,0,0,-3
40.543,0.882,2.0,0.000,0.000,0.016,0.000,0.000,0.000,0.000,0.000,0.159,0.000,0.000,-0.013,0,4,0,0,0,0,0,2,0,0,0,0,1
40.560,0.882,2.0,0.000,0.000,0.016,0.000,0.000,0.000,0.000,0.000,0.159,0.000,0.000,-0.013,0,4,0,0,0,0,0,7,0,0,0,0,4
40.577,0.882,2.0,0.000,0.000,0.016,0.000,0.000,0.000,0.000,0.000,0.159,0.000,0.000,-0.013,0,4,0,0,0,0,0,4,0,0,0,0,2
40.598,0.888,2.0,0.000,0.000,0.013,0.000,0.000,0.000,0.000,0.000,0.126,0.000,0.000,-0.013,0,4,0,0,0,0,0,-6,0,0,0,0,-3
40.621,0.888,2.0,0.000,0.000,0.013,0.000,0.000,0.000,0.000,0.000,0.126,0.000,0.000,-0.013,0,4,0,0,0,0,0,-4,0,0,0,0,-2
40.638,0.898,2.0,0.000,0.000,0.023,0.000,0.000,0.000,0.000,0.000,0.227,0.000,0.000,-0.014,0,4,0,0,0,0,0,5,0,0,0,0,2
40.668,0.898,2.0,0.000,0.000,0.023,0.000,0.000,0.000,0.000,0.000,0.227,0.000,0.000,-0.014,0,4,0,0,0,0,0,4,0,0,0,0,2
40.689,0.898,2.0,0.000,0.000,0.023,0.000,0.000,0.000,0.000,0.000,0.227,0.000,0.000,-0.014,0,4,0,0,0,0,0,-7,0,0,0,0,-3
40.715,0.905,2.0,0.000,0.000,0.009,0.000,0.000,0.000,0.000,0.000,0.090,0.000,0.000,-0.014,0,4,0,0,0,0,0,-3,0,0,0,0,-1
40.731,0.905,2.0,0.000,0.000,0.009,0.000,0.000,0.000,0.000,0.000,0.090,0.000,0.000,-0.014,0,4,0,0,0,0,0,5,0,0,0,0,3
40.748,0.911,2.0,0.000,0.000,0.021,0.000,0.000,0.000,0.000,0.000,0.202,0.000,0.000,-0.014,0,4,0,0,0,0,0,8,0,0,0,0,4
40.769,0.911,2.0,0.000,0.000,0.021,0.000,0.000,0.000,0.000,0.000,0.202,0.000,0.000,-0.014,0,4,0,0,0,0,0,-2,0,0,0,0,-1
40.793,0.911,2.0,0.000,0.000,0.021,0.000,0.000,0.000,0.000,0.000,0.202,0.000,0.000,-0.014,0,4,0,0,0,0,0,-8,0,0,0,0,-4
40.810,0.921,2.1,0.000,0.000,0.015,0.000,0.000,0.000,0.000,0.000,0.150,0.000,0.000,-0.014,0,4,0,0,0,0,0,-1,0,0,0,0,0
40.840,0.921,2.1,0.000,0.000,0.015,0.000,0.000,0.000,0.000,0.000,0.150,0.000,0.000,-0.014,0,4,0,0,0,0,0,7,0,0,0,0,4
40.861,0.928,2.1,0.000,0.000,0.014,0.000,0.000,0.000,0.000,0.000,0.135,0.000,0.000,-0.014,0,4,0,0,0,0,0,-2,0,0,0,0,-1
40.878,0.928,2.1,0.000,0.000,0.014,0.000,0.000,0.000,0.000,0.000,0.135,0.000,0.000,-0.014,0,4,0,0,0,0,0,-8,0,0,0,0,-4
40.895,0.928,2.1,0.000,0.000,0.014,0.000,0.000,0.000,0.000,0.000,0.135,0.000,0.000,-0.014,0,4,0,0,0,0,0,-3,0,0,0,0,-2
40.912,0.934,2.1,0.000,0.000,0.014,0.000,0.000,0.000,0.000,0.000,0.136,0.000,0.000,-0.014,0,4,0,0,0,0,0,5,0,0,0,0,3
40.933,0.934,2.1,0.000,0.000,0.014,0.000,0.000,0.000,0.000,0.000,0.136,0.000,0.000,-0.014,0,4,0,0,0,0,0,7,0,0,0,0,3
40.965,0.944,2.1,0.000,0.000,0.017,0.000,0.000,0.000,0.000,0.000,0.170,0.000,0.000,-0.014,0,4,0,0,0,0,0,-8,0,0,0,0,-4
40.997,0.944,2.1,0.000,0.000,0.017,0.000,0.000,0.000,0.000,0.000,0.170,0.000,0.000,-0.014,0,4,0,0,0,0,0,2,0,0,0,0,1
41.018,0.950,2.1,0.000,0.000,0.013,0.000,0.000,0.000,0.000,0.000,0.131,0.000,0.000,-0.014,0,4,0,0,0,0,0,8,0,0,0,0,4
41.043,0.950,2.1,0.000,0.000,0.013,0.000,0.000,0.000,0.000,0.000,0.131,0.000,0.000,-0.014,0,4,0,0,0,0,0,-2,0,0,0,0,-1
41.059,0.944,2.1,0.000,0.000,-0.015,0.000,0.000,0.000,0.000,0.000,0.664,0.000,0.000,0.012,0,4,0,0,0,0,0,-12,0,0,0,0,-6
41.090,0.944,2.1,0.000,0.000,-0.015,0.000,0.000,0.000,0.000,0.000,0.664,0.000,0.000,0.012,0,4,0,0,0,0,0,5,0,0,0,0,3
41.111,0.936,2.1,0.000,0.000,-0.017,0.000,0.000,0.000,0.000,0.000,0.162,0.000,0.000,0.012,0,4,0,0,0,0,0,8,0,0,0,0,4
41.127,0.936,2.1,0.000,0.000,-0.017,0.000,0.000,0.000,0.000,0.000,0.162,0.000,0.000,0.012,0,4,0,0,0,0,0,1,0,0,0,0,1
41.143,0.936,2.1,0.000,0.000,-0.017,0.000,0.000,0.000,0.000,0.000,0.162,0.000,0.000,0.012,0,4,0,0,0,0,0,-6,0,0,0,0,-3
41.168,0.930,2.1,0.000,0.000,-0.011,0.000,0.000,0.000,0.000,0.000,0.108,0.000,0.000,0.012,0,4,0,0,0,0,0,-3,0,0,0,0,-2
41.189,0.930,2.1,0.000,0.000,-0.011,0.000,0.000,0.000,0.000,0.000,0.108,0.000,0.000,0.012,0,4,0,0,0,0,0,6,0,0,0,0,3
41.216,0.924,2.1,0.000,0.000,-0.013,0.000,0.000,0.000,0.000,0.000,0.129,0.000,0.000,0.012,0,4,0,0,0,0,0,2,0,0,0,0,1
41.246,0.924,2.1,0.000,0.000,-0.013,0.000,0.000,0.000,0.000,0.000,0.129,0.000,0.000,0.012,0,4,0,0,0,0,0,-7,0,0,0,0,-4
41.268,0.915,2.0,0.000,0.000,-0.017,0.000,0.000,0.000,0.000,0.000,0.163,0.000,0.000,0.012,0,4,0,0,0,0,0,1,0,0,0,0,1
41.294,0.915,2.0,0.000,0.000,-0.017,0.000,0.000,0.000,0.000,0.000,0.163,0.000,0.000,0.012,0,4,0,0,0,0,0,7,0,0,0,0,4
41.310,0.915,2.0,0.000,0.000,-0.017,0.000,0.000,0.000,0.000,0.000,0.163,0.000,0.000,0.012,0,4,0,0,0,0,0,0,0,0,0,0,0
41.341,0.909,2.0,0.000,0.000,-0.009,0.000,0.000,0.000,0.000,0.000,0.085,0.000,0.000,0.012,0,4,0,0,0,0,0,-6,0,0,0,0,-3
41.361,0.909,2.0,0.000,0.000,-0.009,0.000,0.000,0.000,0.000,0.000,0.085,0.000,0.000,0.012,0,4,0,0,0,0,0,2,0,0,0,0,1
41.379,0.903,2.0,0.000,0.000,-0.016,0.000,0.000,0.000,0.000,0.000,0.161,0.000,0.000,0.012,0,4,0,0,0,0,0,8,0,0,0,0,4
41.396,0.903,2.0,0.000,0.000,-0.016,0.000,0.000,0.000,0.000,0.000,0.161,0.000,0.000,0.012,0,4,0,0,0,0,0,3,0,0,0,0,2
41.413,0.903,2.0,0.000,0.000,-0.016,0.000,0.000,0.000,0.000,0.000,0.161,0.000,0.000,0.012,0,4,0,0,0,0,0,-5,0,0,0,0,-2
41.433,0.894,2.0,0.000,0.000,-0.016,0.000,0.000,0.000,0.000,0.000,0.155,0.000,0.000,0.012,0,4,0,0,0,0,0,-6,0,0,0,0,-3
41.466,0.894,2.0,0.000,0.000,-0.016,0.000,0.000,0.000,0.000,0.000,0.155,0.000,0.000,0.012,0,4,0,0,0,0,0,7,0,0,0,0,4
41.482,0.888,2.0,0.000,0.000,-0.013,0.000,0.000,0.000,0.000,0.000,0.127,0.000,0.000,0.012,0,4,0,0,0,0,0,5,0,0,0,0,3
41.499,0.888,2.0,0.000,0.000,-0.013,0.000,0.000,0.000,0.000,0.000,0.127,0.000,0.000,0.012,0,4,0,0,0,0,0,-3,0,0,0,0,-1
41.520,0.888,2.0,0.000,0.000,-0.013,0.000,0.000,0.000,0.000,0.000,0.127,0.000,0.000,0.012,0,4,0,0,0,0,0,-7,0,0,0,0,-3
41.543,0.882,2.0,0.000,0.000,-0.010,0.000,0.000,0.000,0.000,0.000,0.102,0.000,0.000,0.012,0,4,0,0,0,0,0,2,0,0,0,0,1
41.560,0.882,2.0,0.000,0.000,-0.010,0.000,0.000,0.000,0.000,0.000,0.102,0.000,0.000,0.012,0,4,0,0,0,0,0,7,0,0,0,0,3
41.576,0.874,2.0,0.000,0.000,-0.025,0.000,0.000,0.000,0.000,0.000,0.247,0.000,0.000,0.011,0,4,0,0,0,0,0,4,0,0,0,0,2
41.598,0.874,2.0,0.000,0.000,-0.025,0.000,0.000,0.000,0.000,0.000,0.247,0.000,0.000,0.011,0,4,0,0,0,0,0,-6,0,0,0,0,-3
41.621,0.874,2.0,0.000,0.000,-0.025,0.000,0.000,0.000,0.000,0.000,0.247,0.000,0.000,0.011,0,4,0,0,0,0,0,-4,0,0,0,0,-2
41.638,0.868,1.9,0.000,0.000,-0.010,0.000,0.000,0.000,0.000,0.000,0.100,0.000,0.000,0.011,0,4,0,0,0,0,0,4,0,0,0,0,2
41.669,0.868,1.9,0.000,0.000,-0.010,0.000,0.000,0.000,0.000,0.000,0.100,0.000,0.000,0.011,0,4,0,0,0,0,0,3,0,0,0,0,1
41.690,0.861,1.9,0.000,0.000,-0.012,0.000,0.000,0.000,0.000,0.000,0.121,0.000,0.000,0.011,0,4,0,0,0,0,0,-6,0,0,0,0,-3
41.716,0.861,1.9,0.000,0.000,-0.012,0.000,0.000,0.000,0.000,0.000,0.121,0.000,0.000,0.011,0,4,0,0,0,0,0,-2,0,0,0,0,-1
41.746,0.853,1.9,0.000,0.000,-0.015,0.000,0.000,0.000,0.000,0.000,0.146,0.000,0.000,0.011,0,4,0,0,0,0,0,7,0,0,0,0,3
41.767,0.853,1.9,0.000,0.000,-0.015,0.000,0.000,0.000,0.000,0.000,0.146,0.000,0.000,0.011,0,4,0,0,0,0,0,0,0,0,0,0,0
41.784,0.853,1.9,0.000,0.000,-0.015,0.000,0.000,0.000,0.000,0.000,0.146,0.000,0.000,0.011,0,4,0,0,0,0,0,-7,0,0,0,0,-3
41.801,0.847,1.9,0.000,0.000,-0.011,0.000,0.000,0.000,0.000,0.000,0.113,0.000,0.000,0.011,0,4,0,0,0,0,0,-4,0,0,0,0,-2
41.819,0.847,1.9,0.000,0.000,-0.011,0.000,0.000,0.000,0.000,0.000,0.113,0.000,0.000,0.011,0,4,0,0,0,0,0,3,0,0,0,0,2
41.840,0.841,1.9,0.000,0.000,-0.016,0.000,0.000,0.000,0.000,0.000,0.162,0.000,0.000,0.011,0,4,0,0,0,0,0,6,0,0,0,0,3
41.872,0.841,1.9,0.000,0.000,-0.016,0.000,0.000,0.000,0.000,0.000,0.162,0.000,0.000,0.011,0,4,0,0,0,0,0,-6,0,0,0,0,-3
41.888,0.841,1.9,0.000,0.000,-0.016,0.000,0.000,0.000,0.000,0.000,0.162,0.000,0.000,0.011,0,4,0,0,0,0,0,-6,0,0,0,0,-3
41.918,0.832,1.9,0.000,0.000,-0.011,0.000,0.000,0.000,0.000,0.000,0.106,0.000,0.000,0.011,0,4,0,0,0,0,0,6,0,0,0,0,3
41.939,0.832,1.9,0.000,0.000,-0.011,0.000,0.000,0.000,0.000,0.000,0.106,0.000,0.000,0.011,0,4,0,0,0,0,0,4,0,0,0,0,2
41.966,0.826,1.8,0.000,0.000,-0.013,0.000,0.000,0.000,0.000,0.000,0.130,0.000,0.000,0.011,0,4,0,0,0,0,0,-6,0,0,0,0,-3
41.983,0.826,1.8,0.000,0.000,-0.013,0.000,0.000,0.000,0.000,0.000,0.130,0.000,0.000,0.011,0,4,0,0,0,0,0,-4,0,0,0,0,-2
41.999,0.820,1.8,0.000,0.000,-0.019,0.000,0.000,0.000,0.000,0.000,0.182,0.000,0.000,0.011,0,4,0,0,0,0,0,3,0,0,0,0,2
42.020,0.820,1.8,0.000,0.000,-0.019,0.000,0.000,0.000,0.000,0.000,0.182,0.000,0.000,0.011,0,4,0,0,0,0,0,7,0,0,0,0,3
42.043,0.820,1.8,0.000,0.000,-0.019,0.000,0.000,0.000,0.000,0.000,0.182,0.000,0.000,0.011,0,4,0,0,0,0,0,-2,0,0,0,0,-1
42.060,0.812,1.8,0.000,0.168,-0.014,0.000,0.000,0.000,0.000,0.000,0.137,0.000,0.000,0.011,0,4,0,0,0,0,0,-6,0,0,0,0,-3
42.076,0.812,1.8,0.000,0.168,-0.014,0.000,0.000,0.000,0.000,0.000,0.137,0.000,0.000,0.011,0,4,0,0,0,0,0,-3,0,0,0,0,-2
42.098,0.806,1.8,0.000,0.475,-0.017,0.000,0.000,0.000,0.000,0.000,0.167,0.000,0.000,0.011,0,4,0,0,0,0,0,5,0,0,0,0,3
42.122,0.806,1.8,0.000,0.475,-0.017,0.000,0.000,0.000,0.000,0.000,0.167,0.000,0.000,0.011,0,4,0,0,0,0,0,3,0,0,0,0,2
42.138,0.806,1.8,0.000,0.475,-0.017,0.000,0.000,0.000,0.000,0.000,0.167,0.000,0.000,0.011,0,4,0,0,0,0,0,-4,0,0,0,0,-2
42.169,0.799,1.8,0.000,0.722,-0.009,0.000,0.000,0.000,0.000,0.000,0.086,0.000,0.000,0.011,0,4,0,0,0,0,0,-2,0,0,0,0,-1
42.191,0.799,1.8,0.000,0.722,-0.009,0.000,0.000,0.000,0.000,0.000,0.086,0.000,0.000,0.011,0,4,0,0,0,0,0,5,0,0,0,0,3
42.207,0.791,1.8,0.000,0.868,-0.022,0.000,0.000,0.000,0.000,0.000,0.213,0.000,0.000,0.010,0,4,0,0,0,0,0,5,0,0,0,0,3
42.224,0.791,1.8,0.000,0.868,-0.022,0.000,0.000,0.000,0.000,0.000,0.213,0.000,0.000,0.010,0,4,0,0,0,0,0,-2,0,0,0,0,-1
42.241,0.791,1.8,0.000,0.868,-0.022,0.000,0.000,0.000,0.000,0.000,0.213,0.000,0.000,0.010,0,4,0,0,0,0,0,-7,0,0,0,0,-3
42.262,0.785,1.8,0.000,1.000,-0.012,0.000,0.000,0.000,0.000,0.000,0.114,0.000,0.000,0.010,0,4,0,0,0,0,0,-2,0,0,0,0,-1
42.293,0.785,1.8,0.000,1.000,-0.012,0.000,0.000,0.000,0.000,0.000,0.114,0.000,0.000,0.010,0,4,0,0,0,0,0,6,0,0,0,0,3
42.311,0.779,1.7,0.000,1.000,-0.013,0.000,0.000,0.000,0.000,0.000,0.125,0.000,0.000,0.010,0,4,0,0,0,0,0,0,0,0,0,0,0
42.341,0.779,1.7,0.000,1.000,-0.013,0.000,0.000,0.000,0.000,0.000,0.125,0.000,0.000,0.010,0,4,0,0,0,0,0,-5,0,0,0,0,-3
42.362,0.771,1.7,0.000,1.000,-0.016,0.000,0.000,0.000,0.000,0.000,0.161,0.000,0.000,0.010,0,4,0,0,0,0,0,2,0,0,0,0,1
42.379,0.771,1.7,0.000,1.000,-0.016,0.000,0.000,0.000,0.000,0.000,0.161,0.000,0.000,0.010,0,4,0,0,0,0,0,6,0,0,0,0,3
42.397,0.771,1.7,0.000,1.000,-0.016,0.000,0.000,0.000,0.000,0.000,0.161,0.000,0.000,0.010,0,4,0,0,0,0,0,2,0,0,0,0,1
42.418,0.764,1.7,0.000,1.000,-0.011,0.000,0.000,0.000,0.000,0.000,0.110,0.000,0.000,0.010,0,4,0,0,0,0,0,-5,0,0,0,0,-3
42.439,0.764,1.7,0.000,1.000,-0.011,0.000,0.000,0.000,0.000,0.000,0.110,0.000,0.000,0.010,0,4,0,0,0,0,0,-3,0,0,0,0,-2
42.466,0.758,1.7,0.000,1.000,-0.013,0.000,0.000,0.000,0.000,0.000,0.128,0.000,0.000,0.010,0,4,0,0,0,0,0,6,0,0,0,0,3
42.482,0.758,1.7,0.000,1.000,-0.013,0.000,0.000,0.000,0.000,0.000,0.128,0.000,0.000,0.010,0,4,0,0,0,0,0,4,0,0,0,0,2
42.499,0.758,1.7,0.000,1.000,-0.013,0.000,0.000,0.000,0.000,0.000,0.128,0.000,0.000,0.010,0,4,0,0,0,0,0,-2,0,0,0,0,-1
42.520,0.750,1.7,0.000,1.000,-0.016,0.000,0.000,0.000,0.000,0.000,0.155,0.000,0.000,0.010,0,4,0,0,0,0,0,-6,0,0,0,0,-3
42.543,0.750,1.7,0.000,1.000,-0.016,0.000,0.000,0.000,0.000,0.000,0.155,0.000,0.000,0.010,0,4,0,0,0,0,0,2,0,0,0,0,1
42.560,0.750,1.7,0.000,1.000,-0.016,0.000,0.000,0.000,0.000,0.000,0.155,0.000,0.000,0.010,0,4,0,0,0,0,0,6,0,0,0,0,3
42.576,0.744,1.7,0.000,1.000,-0.011,0.000,0.000,0.000,0.000,0.000,0.108,0.000,0.000,0.010,0,4,0,0,0,0,0,3,0,0,0,0,1
42.597,0.744,1.7,0.000,1.000,-0.011,0.000,0.000,0.000,0.000,0.000,0.108,0.000,0.000,0.010,0,4,0,0,0,0,0,-4,0,0,0,0,-2
42.621,0.738,1.7,0.000,1.000,-0.014,0.000,0.000,0.000,0.000,0.000,0.135,0.000,0.000,0.010,0,4,0,0,0,0,0,-3,0,0,0,0,-2
42.639,0.738,1.7,0.000,1.000,-0.014,0.000,0.000,0.000,0.000,0.000,0.135,0.000,0.000,0.010,0,4,0,0,0,0,0,3,0,0,0,0,2
42.669,0.738,1.7,0.000,1.000,-0.014,0.000,0.000,0.000,0.000,0.000,0.135,0.000,0.000,0.010,0,4,0,0,0,0,0,2,0,0,0,0,1
42.689,0.730,1.6,0.000,1.000,-0.012,0.000,0.000,0.000,0.000,0.000,0.122,0.000,0.000,0.010,0,4,0,0,0,0,0,-5,0,0,0,0,-2
42.715,0.730,1.6,0.000,1.000,-0.012,0.000,0.000,0.000,0.000,0.000,0.122,0.000,0.000,0.010,0,4,0,0,0,0,0,-2,0,0,0,0,-1
42.746,0.723,1.6,0.000,1.000,-0.011,0.000,0.000,0.000,0.000,0.000,0.108,0.000,0.000,0.010,0,4,0,0,0,0,0,5,0,0,0,0,3
42.767,0.723,1.6,0.000,1.000,-0.011,0.000,0.000,0.000,0.000,0.000,0.108,0.000,0.000,0.010,0,4,0,0,0,0,0,0,0,0,0,0,0
42.793,0.717,1.6,0.000,1.000,-0.013,0.000,0.000,0.000,0.000,0.000,0.130,0.000,0.000,0.009,0,4,0,0,0,0,0,-5,0,0,0,0,-3
42.810,0.717,1.6,0.000,1.000,-0.013,0.000,0.000,0.000,0.000,0.000,0.130,0.000,0.000,0.009,0,4,0,0,0,0,0,0,0,0,0,0,0
42.826,0.709,1.6,0.000,1.000,-0.025,0.000,0.000,0.000,0.000,0.000,0.244,0.000,0.000,0.009,0,4,0,0,0,0,0,5,0,0,0,0,3
42.850,0.709,1.6,0.000,1.000,-0.025,0.000,0.000,0.000,0.000,0.000,0.244,0.000,0.000,0.009,0,4,0,0,0,0,0,3,0,0,0,0,1
42.871,0.709,1.6,0.000,1.000,-0.025,0.000,0.000,0.000,0.000,0.000,0.244,0.000,0.000,0.009,0,4,0,0,0,0,0,-5,0,0,0,0,-3
42.888,0.703,1.6,0.000,1.000,-0.010,0.000,0.000,0.000,0.000,0.000,0.099,0.000,0.000,0.009,0,4,0,0,0,0,0,-4,0,0,0,0,-2
42.919,0.703,1.6,0.000,1.000,-0.010,0.000,0.000,0.000,0.000,0.000,0.099,0.000,0.000,0.009,0,4,0,0,0,0,0,5,0,0,0,0,2
42.940,0.697,1.6,0.000,1.000,-0.012,0.000,0.000,0.000,0.000,0.000,0.118,0.000,0.000,0.009,0,4,0,0,0,0,0,3,0,0,0,0,1
42.965,0.697,1.6,0.000,1.000,-0.012,0.000,0.000,0.000,0.000,0.000,0.118,0.000,0.000,0.009,0,4,0,0,0,0,0,-5,0,0,0,0,-2
42.982,0.697,1.6,0.000,1.000,-0.012,0.000,0.000,0.000,0.000,0.000,0.118,0.000,0.000,0.009,0,4,0,0,0,0,0,-4,0,0,0,0,-2
42.998,0.689,1.5,0.000,0.745,-0.014,0.000,0.000,0.000,0.000,0.000,0.141,0.000,0.000,0.009,0,4,0,0,0,0,0,2,0,0,0,0,1
43.019,0.689,1.5,0.000,0.745,-0.014,0.000,0.000,0.000,0.000,0.000,0.141,0.000,0.000,0.009,0,4,0,0,0,0,0,5,0,0,0,0,3
43.044,0.683,1.5,0.000,0.286,-0.014,0.000,0.000,0.000,0.000,0.000,0.133,0.000,0.000,0.009,0,4,0,0,0,0,0,-2,0,0,0,0,-1
43.061,0.683,1.5,0.000,0.286,-0.014,0.000,0.000,0.000,0.000,0.000,0.133,0.000,0.000,0.009,0,4,0,0,0,0,0,-5,0,0,0,0,-3
43.091,0.676,1.5,0.000,0.066,-0.013,0.000,0.000,0.000,0.000,0.000,0.130,0.000,0.000,0.009,0,4,0,0,0,0,0,3,0,0,0,0,1
43.112,0.676,1.5,0.000,0.066,-0.013,0.000,0.000,0.000,0.000,0.000,0.130,0.000,0.000,0.009,0,4,0,0,0,0,0,5,0,0,0,0,2
43.128,0.676,1.5,0.000,0.066,-0.013,0.000,0.000,0.000,0.000,0.000,0.130,0.000,0.000,0.009,0,4,0,0,0,0,0,0,0,0,0,0,0
43.145,0.668,1.5,0.000,0.002,-0.015,0.000,0.000,0.000,0.000,0.000,0.152,0.000,0.000,0.009,0,4,0,0,0,0,0,-5,0,0,0,0,-2
43.168,0.668,1.5,0.000,0.002,-0.015,0.000,0.000,0.000,0.000,0.000,0.152,0.000,0.000,0.009,0,4,0,0,0,0,0,-2,0,0,0,0,-1
43.188,0.668,1.5,0.000,0.002,-0.015,0.000,0.000,0.000,0.000,0.000,0.152,0.000,0.000,0.009,0,4,0,0,0,0,0,4,0,0,0,0,2
43.216,0.662,1.5,0.000,0.000,-0.009,0.000,0.000,0.000,0.000,0.000,0.087,0.000,0.000,0.009,0,4,0,0,0,0,0,1,0,0,0,0,1
43.232,0.662,1.5,0.000,0.000,-0.009,0.000,0.000,0.000,0.000,0.000,0.087,0.000,0.000,0.009,0,4,0,0,0,0,0,-4,0,0,0,0,-2
43.250,0.656,1.5,0.000,0.000,-0.018,0.000,0.000,0.000,0.000,0.000,0.176,0.000,0.000,0.009,0,4,0,0,0,0,0,-5,0,0,0,0,-2
43.270,0.656,1.5,0.000,0.000,-0.018,0.000,0.000,0.000,0.000,0.000,0.176,0.000,0.000,0.009,0,4,0,0,0,0,0,2,0,0,0,0,1
43.293,0.656,1.5,0.000,0.000,-0.018,0.000,0.000,0.000,0.000,0.000,0.176,0.000,0.000,0.009,0,4,0,0,0,0,0,5,0,0,0,0,3
43.311,0.648,1.4,0.000,0.000,-0.014,0.000,0.000,0.000,0.000,0.000,0.135,0.000,0.000,0.009,0,4,0,0,0,0,0,0,0,0,0,0,0
43.340,0.648,1.4,0.000,0.000,-0.014,0.000,0.000,0.000,0.000,0.000,0.135,0.000,0.000,0.009,0,4,0,0,0,0,0,-5,0,0,0,0,-2
43.362,0.642,1.4,0.000,0.000,-0.012,0.000,0.000,0.000,0.000,0.000,0.120,0.000,0.000,0.008,0,4,0,0,0,0,0,2,0,0,0,0,1
43.379,0.642,1.4,0.000,0.000,-0.012,0.000,0.000,0.000,0.000,0.000,0.120,0.000,0.000,0.008,0,4,0,0,0,0,0,5,0,0,0,0,3
43.397,0.642,1.4,0.000,0.000,-0.012,0.000,0.000,0.000,0.000,0.000,0.120,0.000,0.000,0.008,0,4,0,0,0,0,0,2,0,0,0,0,1
43.418,0.636,1.4,0.000,0.000,-0.011,0.000,0.000,0.000,0.000,0.000,0.108,0.000,0.000,0.008,0,4,0,0,0,0,0,-4,0,0,0,0,-2
43.439,0.636,1.4,0.000,0.000,-0.011,0.000,0.000,0.000,0.000,0.000,0.108,0.000,0.000,0.008,0,4,0,0,0,0,0,-3,0,0,0,0,-1
43.465,0.628,1.4,0.000,0.000,-0.018,0.000,0.000,0.000,0.000,0.000,0.174,0.000,0.000,0.008,0,4,0,0,0,0,0,5,0,0,0,0,2
43.481,0.628,1.4,0.000,0.000,-0.018,0.000,0.000,0.000,0.000,0.000,0.174,0.000,0.000,0.008,0,4,0,0,0,0,0,4,0,0,0,0,2
43.499,0.628,1.4,0.000,0.000,-0.018,0.000,0.000,0.000,0.000,0.000,0.174,0.000,0.000,0.008,0,4,0,0,0,0,0,-2,0,0,0,0,-1
43.520,0.621,1.4,0.000,0.000,-0.011,0.000,0.000,0.000,0.000,0.000,0.110,0.000,0.000,0.008,0,4,0,0,0,0,0,-4,0,0,0,0,-2
43.543,0.621,1.4,0.000,0.000,-0.011,0.000,0.000,0.000,0.000,0.000,0.110,0.000,0.000,0.008,0,4,0,0,0,0,0,2,0,0,0,0,1
43.560,0.615,1.4,0.000,0.000,-0.016,0.000,0.000,0.000,0.000,0.000,0.152,0.000,0.000,0.008,0,4,0,0,0,0,0,5,0,0,0,0,2
43.590,0.615,1.4,0.000,0.000,-0.016,0.000,0.000,0.000,0.000,0.000,0.152,0.000,0.000,0.008,0,4,0,0,0,0,0,-2,0,0,0,0,-1
43.612,0.607,1.4,0.000,0.000,-0.016,0.000,0.000,0.000,0.000,0.000,0.156,0.000,0.000,0.008,0,4,0,0,0,0,0,-4,0,0,0,0,-2
43.629,0.607,1.4,0.000,0.000,-0.016,0.000,0.000,0.000,0.000,0.000,0.156,0.000,0.000,0.008,0,4,0,0,0,0,0,0,0,0,0,0,0
43.646,0.607,1.4,0.000,0.000,-0.016,0.000,0.000,0.000,0.000,0.000,0.156,0.000,0.000,0.008,0,4,0,0,0,0,0,4,0,0,0,0,2
43.668,0.601,1.3,0.000,0.000,-0.011,0.000,0.000,0.000,0.000,0.000,0.109,0.000,0.000,0.008,0,4,0,0,0,0,0,2,0,0,0,0,1
43.689,0.601,1.3,0.000,0.000,-0.011,0.000,0.000,0.000,0.000,0.000,0.109,0.000,0.000,0.008,0,4,0,0,0,0,0,-4,0,0,0,0,-2
43.715,0.595,1.3,0.000,0.000,-0.013,0.000,0.000,0.000,0.000,0.000,0.131,0.000,0.000,0.008,0,4,0,0,0,0,0,-2,0,0,0,0,-1
43.732,0.595,1.3,0.000,0.000,-0.013,0.000,0.000,0.000,0.000,0.000,0.131,0.000,0.000,0.008,0,4,0,0,0,0,0,3,0,0,0,0,2
43.749,0.595,1.3,0.000,0.000,-0.013,0.000,0.000,0.000,0.000,0.000,0.131,0.000,0.000,0.008,0,4,0,0,0,0,0,4,0,0,0,0,2
43.770,0.587,1.3,0.000,0.000,-0.015,0.000,0.000,0.000,0.000,0.000,0.148,0.000,0.000,0.008,0,4,0,0,0,0,0,-1,0,0,0,0,-1
43.793,0.587,1.3,0.000,0.000,-0.015,0.000,0.000,0.000,0.000,0.000,0.148,0.000,0.000,0.008,0,4,0,0,0,0,0,-4,0,0,0,0,-2
43.810,0.587,1.3,0.000,0.000,-0.015,0.000,0.000,0.000,0.000,0.000,0.148,0.000,0.000,0.008,0,4,0,0,0,0,0,0,0,0,0,0,0
43.840,0.581,1.3,0.000,0.000,-0.009,0.000,0.000,0.000,0.000,0.000,0.087,0.000,0.000,0.008,0,4,0,0,0,0,0,4,0,0,0,0,2
43.861,0.581,1.3,0.000,0.000,-0.009,0.000,0.000,0.000,0.000,0.000,0.087,0.000,0.000,0.008,0,4,0,0,0,0,0,-1,0,0,0,0,-1
43.879,0.575,1.3,0.000,0.000,-0.016,0.000,0.000,0.000,0.000,0.000,0.155,0.000,0.000,0.008,0,4,0,0,0,0,0,-4,0,0,0,0,-2
43.896,0.575,1.3,0.000,0.000,-0.016,0.000,0.000,0.000,0.000,0.000,0.155,0.000,0.000,0.008,0,4,0,0,0,0,0,-2,0,0,0,0,-1
43.912,0.575,1.3,0.000,0.000,-0.016,0.000,0.000,0.000,0.000,0.000,0.155,0.000,0.000,0.008,0,4,0,0,0,0,0,3,0,0,0,0,2
43.933,0.567,1.3,0.000,0.000,-0.015,0.000,0.000,0.000,0.000,0.000,0.151,0.000,0.000,0.007,0,4,0,0,0,0,0,4,0,0,0,0,2
43.965,0.567,1.3,0.000,0.000,-0.015,0.000,0.000,0.000,0.000,0.000,0.151,0.000,0.000,0.007,0,4,0,0,0,0,0,-4,0,0,0,0,-2
43.982,0.560,1.3,0.000,0.000,-0.013,0.000,0.000,0.000,0.000,0.000,0.124,0.000,0.000,0.007,0,4,0,0,0,0,0,-3,0,0,0,0,-1
44.000,0.560,1.3,0.000,0.000,-0.013,0.000,0.000,0.000,0.000,0.000,0.124,0.000,0.000,0.007,0,4,0,0,0,0,0,2,0,0,0,0,1
44.020,0.560,1.3,0.000,0.000,-0.013,0.000,0.000,0.000,0.000,0.000,0.124,0.000,0.000,0.007,0,4,0,0,0,0,0,4,0,0,0,0,2
44.043,0.554,1.2,0.000,0.000,-0.010,0.000,0.000,0.000,0.000,0.000,0.099,0.000,0.000,0.007,0,4,0,0,0,0,0,-1,0,0,0,0,-1
44.061,0.554,1.2,0.000,0.000,-0.010,0.000,0.000,0.000,0.000,0.000,0.099,0.000,0.000,0.007,0,4,0,0,0,0,0,-4,0,0,0,0,-2
44.090,0.546,1.2,0.000,0.000,-0.018,0.000,0.000,0.000,0.000,0.000,0.173,0.000,0.000,0.007,0,4,0,0,0,0,0,2,0,0,0,0,1
44.112,0.546,1.2,0.000,0.000,-0.018,0.000,0.000,0.000,0.000,0.000,0.173,0.000,0.000,0.007,0,4,0,0,0,0,0,4,0,0,0,0,2
44.129,0.540,1.2,0.000,0.000,-0.016,0.000,0.000,0.000,0.000,0.000,0.158,0.000,0.000,0.007,0,4,0,0,0,0,0,0,0,0,0,0,0
44.146,0.540,1.2,0.000,0.000,-0.016,0.000,0.000,0.000,0.000,0.000,0.158,0.000,0.000,0.007,0,4,0,0,0,0,0,-4,0,0,0,0,-2
44.169,0.540,1.2,0.000,0.000,-0.016,0.000,0.000,0.000,0.000,0.000,0.158,0.000,0.000,0.007,0,4,0,0,0,0,0,-2,0,0,0,0,-1
44.189,0.534,1.2,0.000,0.000,-0.010,0.000,0.000,0.000,0.000,0.000,0.101,0.000,0.000,0.007,0,4,0,0,0,0,0,3,0,0,0,0,2
44.215,0.534,1.2,0.000,0.000,-0.010,0.000,0.000,0.000,0.000,0.000,0.101,0.000,0.000,0.007,0,4,0,0,0,0,0,2,0,0,0,0,1
44.246,0.526,1.2,0.000,0.000,-0.014,0.000,0.000,0.000,0.000,0.000,0.141,0.000,0.000,0.007,0,4,0,0,0,0,0,-4,0,0,0,0,-2
44.266,0.526,1.2,0.000,0.000,-0.014,0.000,0.000,0.000,0.000,0.000,0.141,0.000,0.000,0.007,0,4,0,0,0,0,0,0,0,0,0,0,0
44.283,0.526,1.2,0.000,0.000,-0.014,0.000,0.000,0.000,0.000,0.000,0.141,0.000,0.000,0.007,0,4,0,0,0,0,0,4,0,0,0,0,2
44.300,0.520,1.2,0.000,0.000,-0.011,0.000,0.000,0.000,0.000,0.000,0.113,0.000,0.000,0.007,0,4,0,0,0,0,0,3,0,0,0,0,1
44.318,0.520,1.2,0.000,0.000,-0.011,0.000,0.000,0.000,0.000,0.000,0.113,0.000,0.000,0.007,0,4,0,0,0,0,0,-2,0,0,0,0,-1
44.338,0.514,1.1,0.000,0.000,-0.016,0.000,0.000,0.000,0.000,0.000,0.159,0.000,0.000,0.007,0,4,0,0,0,0,0,-4,0,0,0,0,-2
44.370,0.514,1.1,0.000,0.000,-0.016,0.000,0.000,0.000,0.000,0.000,0.159,0.000,0.000,0.007,0,4,0,0,0,0,0,3,0,0,0,0,2
44.388,0.514,1.1,0.000,0.000,-0.016,0.000,0.000,0.000,0.000,0.000,0.159,0.000,0.000,0.007,0,4,0,0,0,0,0,3,0,0,0,0,2
44.408,0.506,1.1,0.000,0.000,-0.012,0.000,0.000,0.000,0.000,0.000,0.117,0.000,0.000,0.007,0,4,0,0,0,0,0,-2,0,0,0,0,-1
44.425,0.506,1.1,0.000,0.000,-0.012,0.000,0.000,0.000,0.000,0.000,0.117,0.000,0.000,0.007,0,4,0,0,0,0,0,-4,0,0,0,0,-2
44.441,0.500,1.1,0.000,0.000,-0.019,0.000,0.000,0.000,0.000,0.000,0.183,0.000,0.000,0.007,0,4,0,0,0,0,0,-2,0,0,0,0,-1
44.466,0.500,1.1,0.000,0.000,-0.019,0.000,0.000,0.000,0.000,0.000,0.183,0.000,0.000,0.007,0,4,0,0,0,0,0,4,0,0,0,0,2
44.488,0.500,1.1,0.000,0.000,-0.019,0.000,0.000,0.000,0.000,0.000,0.183,0.000,0.000,0.007,0,4,0,0,0,0,0,1,0,0,0,0,1
44.504,0.494,1.1,0.000,0.002,-0.010,0.000,0.000,0.000,0.000,0.000,0.095,0.000,0.000,0.006,0,4,0,0,0,0,0,-3,0,0,0,0,-1
44.522,0.494,1.1,0.000,0.002,-0.010,0.000,0.000,0.000,0.000,0.000,0.095,0.000,0.000,0.006,0,4,0,0,0,0,0,-3,0,0,0,0,-2
44.538,0.494,1.1,0.000,0.002,-0.010,0.000,0.000,0.000,0.000,0.000,0.095,0.000,0.000,0.006,0,4,0,0,0,0,0,0,0,0,0,0,0
44.560,0.486,1.1,0.000,0.024,-0.015,0.000,0.000,0.000,0.000,0.000,0.148,0.000,0.000,0.006,0,4,0,0,0,0,0,4,0,0,0,0,2
44.590,0.486,1.1,0.000,0.024,-0.015,0.000,0.000,0.000,0.000,0.000,0.148,0.000,0.000,0.006,0,4,0,0,0,0,0,-2,0,0,0,0,-1
44.621,0.479,1.1,0.000,0.070,-0.010,0.000,0.000,0.000,0.000,0.000,0.098,0.000,0.000,0.006,0,4,0,0,0,0,0,-2,0,0,0,0,-1
44.642,0.479,1.1,0.000,0.070,-0.010,0.000,0.000,0.000,0.000,0.000,0.098,0.000,0.000,0.006,0,4,0,0,0,0,0,3,0,0,0,0,1
44.659,0.473,1.1,0.000,0.644,-0.016,0.000,0.000,0.000,0.000,0.000,0.160,0.000,0.000,0.006,0,4,0,0,0,0,0,3,0,0,0,0,2
44.677,0.473,1.1,0.000,0.644,-0.016,0.000,0.000,0.000,0.000,0.000,0.160,0.000,0.000,0.006,0,4,0,0,0,0,0,-1,0,0,0,0,0
44.694,0.473,1.1,0.000,0.644,-0.016,0.000,0.000,0.000,0.000,0.000,0.160,0.000,0.000,0.006,0,4,0,0,0,0,0,-4,0,0,0,0,-2
44.715,0.465,1.0,0.000,1.000,-0.015,0.000,0.000,0.000,0.000,0.000,0.145,0.000,0.000,0.006,0,4,0,0,0,0,0,-1,0,0,0,0,-1
44.746,0.465,1.0,0.000,1.000,-0.015,0.000,0.000,0.000,0.000,0.000,0.145,0.000,0.000,0.006,0,4,0,0,0,0,0,3,0,0,0,0,2
44.762,0.459,1.0,0.000,1.000,-0.013,0.000,0.000,0.000,0.000,0.000,0.129,0.000,0.000,0.006,0,4,0,0,0,0,0,1,0,0,0,0,0
44.778,0.459,1.0,0.000,1.000,-0.013,0.000,0.000,0.000,0.000,0.000,0.129,0.000,0.000,0.006,0,4,0,0,0,0,0,-3,0,0,0,0,-1
44.798,0.459,1.0,0.000,1.000,-0.013,0.000,0.000,0.000,0.000,0.000,0.129,0.000,0.000,0.006,0,4,0,0,0,0,0,-3,0,0,0,0,-1
44.815,0.453,1.0,0.000,1.000,-0.012,0.000,0.000,0.000,0.000,0.000,0.114,0.000,0.000,0.006,0,4,0,0,0,0,0,1,0,0,0,0,1
44.840,0.453,1.0,0.000,1.000,-0.012,0.000,0.000,0.000,0.000,0.000,0.114,0.000,0.000,0.006,0,4,0,0,0,0,0,3,0,0,0,0,2
44.857,0.453,1.0,0.000,1.000,-0.012,0.000,0.000,0.000,0.000,0.000,0.114,0.000,0.000,0.006,0,4,0,0,0,0,0,0,0,0,0,0,0
44.878,0.445,1.0,0.000,1.000,-0.013,0.000,0.000,0.000,0.000,0.000,0.129,0.000,0.000,0.006,0,4,0,0,0,0,0,-3,0,0,0,0,-2
44.895,0.445,1.0,0.000,1.000,-0.013,0.000,0.000,0.000,0.000,0.000,0.129,0.000,0.000,0.006,0,4,0,0,0,0,0,-2,0,0,0,0,-1
44.918,0.439,1.0,0.000,1.000,-0.015,0.000,0.000,0.000,0.000,0.000,0.151,0.000,0.000,0.006,0,4,0,0,0,0,0,3,0,0,0,0,2
44.935,0.439,1.0,0.000,1.000,-0.015,0.000,0.000,0.000,0.000,0.000,0.151,0.000,0.000,0.006,0,4,0,0,0,0,0,3,0,0,0,0,1
44.956,0.439,1.0,0.000,1.000,-0.015,0.000,0.000,0.000,0.000,0.000,0.151,0.000,0.000,0.006,0,4,0,0,0,0,0,-2,0,0,0,0,-1
44.973,0.433,1.0,0.000,1.000,-0.011,0.000,0.000,0.000,0.000,0.000,0.112,0.000,0.000,0.006,0,4,0,0,0,0,0,-3,0,0,0,0,-1
44.997,0.433,1.0,0.000,1.000,-0.011,0.000,0.000,0.000,0.000,0.000,0.112,0.000,0.000,0.006,0,4,0,0,0,0,0,1,0,0,0,0,0
45.013,0.433,1.0,0.000,1.000,-0.011,0.000,0.000,0.000,0.000,0.000,0.112,0.000,0.000,0.006,0,4,0,0,0,0,0,3,0,0,0,0,2
45.034,0.425,1.0,0.000,1.000,-0.014,0.000,0.000,0.000,0.000,0.000,0.133,0.000,0.000,0.006,0,4,0,0,0,0,0,1,0,0,0,0,1
45.051,0.425,1.0,0.000,1.000,-0.014,0.000,0.000,0.000,0.000,0.000,0.133,0.000,0.000,0.006,0,4,0,0,0,0,0,-2,0,0,0,0,-1
45.068,0.419,0.9,0.000,1.000,-0.018,0.000,0.000,0.000,0.000,0.000,0.177,0.000,0.000,0.006,0,4,0,0,0,0,0,-3,0,0,0,0,-1
45.091,0.419,0.9,0.000,1.000,-0.018,0.000,0.000,0.000,0.000,0.000,0.177,0.000,0.000,0.006,0,4,0,0,0,0,0,1,0,0,0,0,1
45.111,0.419,0.9,0.000,1.000,-0.018,0.000,0.000,0.000,0.000,0.000,0.177,0.000,0.000,0.006,0,4,0,0,0,0,0,3,0,0,0,0,2
45.128,0.413,0.9,0.000,1.000,-0.010,0.000,0.000,0.000,0.000,0.000,0.100,0.000,0.000,0.005,0,4,0,0,0,0,0,0,0,0,0,0,0
45.145,0.413,0.9,0.000,1.000,-0.010,0.000,0.000,0.000,0.000,0.000,0.100,0.000,0.000,0.005,0,4,0,0,0,0,0,-3,0,0,0,0,-1
45.168,0.413,0.9,0.000,1.000,-0.010,0.000,0.000,0.000,0.000,0.000,0.100,0.000,0.000,0.005,0,4,0,0,0,0,0,-1,0,0,0,0,-1
45.190,0.405,0.9,0.000,1.000,-0.013,0.000,0.000,0.000,0.000,0.000,0.132,0.000,0.000,0.005,0,4,0,0,0,0,0,3,0,0,0,0,1
45.206,0.405,0.9,0.000,1.000,-0.013,0.000,0.000,0.000,0.000,0.000,0.132,0.000,0.000,0.005,0,4,0,0,0,0,0,2,0,0,0,0,1
45.223,0.399,0.9,0.000,1.000,-0.019,0.000,0.000,0.000,0.000,0.000,0.182,0.000,0.000,0.005,0,4,0,0,0,0,0,-1,0,0,0,0,0
45.240,0.399,0.9,0.000,1.000,-0.019,0.000,0.000,0.000,0.000,0.000,0.182,0.000,0.000,0.005,0,4,0,0,0,0,0,-3,0,0,0,0,-1
45.260,0.399,0.9,0.000,1.000,-0.019,0.000,0.000,0.000,0.000,0.000,0.182,0.000,0.000,0.005,0,4,0,0,0,0,0,-1,0,0,0,0,-1
45.277,0.393,0.9,0.000,1.000,-0.011,0.000,0.000,0.000,0.000,0.000,0.111,0.000,0.000,0.005,0,4,0,0,0,0,0,2,0,0,0,0,1
45.294,0.393,0.9,0.000,1.000,-0.011,0.000,0.000,0.000,0.000,0.000,0.111,0.000,0.000,0.005,0,4,0,0,0,0,0,3,0,0,0,0,1
45.312,0.393,0.9,0.000,1.000,-0.011,0.000,0.000,0.000,0.000,0.000,0.111,0.000,0.000,0.005,0,4,0,0,0,0,0,0,0,0,0,0,0
45.333,0.385,0.9,0.000,1.000,-0.015,0.000,0.000,0.000,0.000,0.000,0.143,0.000,0.000,0.005,0,4,0,0,0,0,0,-3,0,0,0,0,-1
45.351,0.385,0.9,0.000,1.000,-0.015,0.000,0.000,0.000,0.000,0.000,0.143,0.000,0.000,0.005,0,4,0,0,0,0,0,-1,0,0,0,0,-1
45.367,0.385,0.9,0.000,1.000,-0.015,0.000,0.000,0.000,0.000,0.000,0.143,0.000,0.000,0.005,0,4,0,0,0,0,0,2,0,0,0,0,1
45.385,0.378,0.8,0.000,1.000,-0.012,0.000,0.000,0.000,0.000,0.000,0.118,0.000,0.000,0.005,0,4,0,0,0,0,0,3,0,0,0,0,1
45.405,0.378,0.8,0.000,1.000,-0.012,0.000,0.000,0.000,0.000,0.000,0.118,0.000,0.000,0.005,0,4,0,0,0,0,0,-1,0,0,0,0,0
45.422,0.378,0.8,0.000,1.000,-0.012,0.000,0.000,0.000,0.000,0.000,0.118,0.000,0.000,0.005,0,4,0,0,0,0,0,-3,0,0,0,0,-1
45.439,0.372,0.8,0.000,1.000,-0.011,0.000,0.000,0.000,0.000,0.000,0.112,0.000,0.000,0.005,0,4,0,0,0,0,0,-2,0,0,0,0,-1
45.465,0.372,0.8,0.000,1.000,-0.011,0.000,0.000,0.000,0.000,0.000,0.112,0.000,0.000,0.005,0,4,0,0,0,0,0,2,0,0,0,0,1
45.487,0.364,0.8,0.000,0.742,-0.017,0.000,0.000,0.000,0.000,0.000,0.167,0.000,0.000,0.005,0,4,0,0,0,0,0,1,0,0,0,0,1
45.504,0.364,0.8,0.000,0.742,-0.017,0.000,0.000,0.000,0.000,0.000,0.167,0.000,0.000,0.005,0,4,0,0,0,0,0,-2,0,0,0,0,-1
45.521,0.364,0.8,0.000,0.742,-0.017,0.000,0.000,0.000,0.000,0.000,0.167,0.000,0.000,0.005,0,4,0,0,0,0,0,-3,0,0,0,0,-1
45.544,0.358,0.8,0.000,0.209,-0.011,0.000,0.000,0.000,0.000,0.000,0.106,0.000,0.000,0.005,0,4,0,0,0,0,0,1,0,0,0,0,1
45.565,0.358,0.8,0.000,0.209,-0.011,0.000,0.000,0.000,0.000,0.000,0.106,0.000,0.000,0.005,0,4,0,0,0,0,0,2,0,0,0,0,1
45.590,0.352,0.8,0.000,0.026,-0.013,0.000,0.000,0.000,0.000,0.000,0.131,0.000,0.000,0.005,0,4,0,0,0,0,0,-1,0,0,0,0,0
45.621,0.352,0.8,0.000,0.026,-0.013,0.000,0.000,0.000,0.000,0.000,0.131,0.000,0.000,0.005,0,4,0,0,0,0,0,-1,0,0,0,0,-1
45.642,0.344,0.8,0.000,0.000,-0.016,0.000,0.000,0.000,0.000,0.000,0.157,0.000,0.000,0.005,0,4,0,0,0,0,0,2,0,0,0,0,1
45.669,0.344,0.8,0.000,0.000,-0.016,0.000,0.000,0.000,0.000,0.000,0.157,0.000,0.000,0.005,0,4,0,0,0,0,0,1,0,0,0,0,1
45.686,0.344,0.8,0.000,0.000,-0.016,0.000,0.000,0.000,0.000,0.000,0.157,0.000,0.000,0.005,0,4,0,0,0,0,0,-2,0,0,0,0,-1
45.715,0.338,0.8,0.000,0.000,-0.009,0.000,0.000,0.000,0.000,0.000,0.084,0.000,0.000,0.004,0,4,0,0,0,0,0,-1,0,0,0,0,0
45.735,0.338,0.8,0.000,0.000,-0.009,0.000,0.000,0.000,0.000,0.000,0.084,0.000,0.000,0.004,0,4,0,0,0,0,0,2,0,0,0,0,1
45.752,0.332,0.7,0.000,0.000,-0.016,0.000,0.000,0.000,0.000,0.000,0.158,0.000,0.000,0.004,0,4,0,0,0,0,0,2,0,0,0,0,1
45.769,0.332,0.7,0.000,0.000,-0.016,0.000,0.000,0.000,0.000,0.000,0.158,0.000,0.000,0.004,0,4,0,0,0,0,0,-1,0,0,0,0,0
45.793,0.332,0.7,0.000,0.000,-0.016,0.000,0.000,0.000,0.000,0.000,0.158,0.000,0.000,0.004,0,4,0,0,0,0,0,-2,0,0,0,0,-1
45.814,0.324,0.7,0.000,0.000,-0.013,0.000,0.000,0.000,0.000,0.000,0.131,0.000,0.000,0.004,0,4,0,0,0,0,0,1,0,0,0,0,0
45.840,0.324,0.7,0.000,0.000,-0.013,0.000,0.000,0.000,0.000,0.000,0.131,0.000,0.000,0.004,0,4,0,0,0,0,0,2,0,0,0,0,1
45.856,0.318,0.7,0.000,0.073,-0.015,0.000,0.000,0.000,0.000,0.000,0.145,0.000,0.000,0.004,0,4,0,0,0,0,0,0,0,0,0,0,0
45.873,0.318,0.7,0.000,0.073,-0.015,0.000,0.000,0.000,0.000,0.000,0.145,0.000,0.000,0.004,0,4,0,0,0,0,0,-2,0,0,0,0,-1
45.894,0.318,0.7,0.000,0.073,-0.015,0.000,0.000,0.000,0.000,0.000,0.145,0.000,0.000,0.004,0,4,0,0,0,0,0,-1,0,0,0,0,-1
45.918,0.312,0.7,0.000,0.586,-0.010,0.000,0.000,0.000,0.000,0.000,0.099,0.000,0.000,0.004,0,4,0,0,0,0,0,2,0,0,0,0,1
45.935,0.312,0.7,0.000,0.586,-0.010,0.000,0.000,0.000,0.000,0.000,0.099,0.000,0.000,0.004,0,4,0,0,0,0,0,2,0,0,0,0,1
45.951,0.304,0.7,0.000,0.961,-0.024,0.000,0.000,0.000,0.000,0.000,0.239,0.000,0.000,0.004,0,4,0,0,0,0,0,-1,0,0,0,0,0
45.971,0.304,0.7,0.000,0.961,-0.024,0.000,0.000,0.000,0.000,0.000,0.239,0.000,0.000,0.004,0,4,0,0,0,0,0,-2,0,0,0,0,-1
45.997,0.304,0.7,0.000,0.961,-0.024,0.000,0.000,0.000,0.000,0.000,0.239,0.000,0.000,0.004,0,4,0,0,0,0,0,1,0,0,0,0,0
46.014,0.298,0.7,0.000,1.000,-0.010,0.000,0.000,0.000,0.000,0.000,0.097,0.000,0.000,0.004,0,4,0,0,0,0,0,2,0,0,0,0,1
46.043,0.298,0.7,0.000,1.000,-0.010,0.000,0.000,0.000,0.000,0.000,0.097,0.000,0.000,0.004,0,4,0,0,0,0,0,-1,0,0,0,0,0
46.063,0.292,0.7,0.000,1.000,-0.013,0.000,0.000,0.000,0.000,0.000,0.124,0.000,0.000,0.004,0,4,0,0,0,0,0,-2,0,0,0,0,-1
46.090,0.292,0.7,0.000,1.000,-0.013,0.000,0.000,0.000,0.000,0.000,0.124,0.000,0.000,0.004,0,4,0,0,0,0,0,1,0,0,0,0,0
46.121,0.284,0.6,0.000,1.000,-0.014,0.000,0.000,0.000,0.000,0.000,0.137,0.000,0.000,0.004,0,4,0,0,0,0,0,1,0,0,0,0,1
46.143,0.284,0.6,0.000,1.000,-0.014,0.000,0.000,0.000,0.000,0.000,0.137,0.000,0.000,0.004,0,4,0,0,0,0,0,-2,0,0,0,0,-1
46.168,0.278,0.6,0.000,0.586,-0.013,0.000,0.000,0.000,0.000,0.000,0.131,0.000,0.000,0.004,0,4,0,0,0,0,0,-1,0,0,0,0,0
46.184,0.278,0.6,0.000,0.586,-0.013,0.000,0.000,0.000,0.000,0.000,0.131,0.000,0.000,0.004,0,4,0,0,0,0,0,1,0,0,0,0,1
46.215,0.272,0.6,0.000,0.096,-0.013,0.000,0.000,0.000,0.000,0.000,0.129,0.000,0.000,0.004,0,4,0,0,0,0,0,1,0,0,0,0,0
46.236,0.272,0.6,0.000,0.096,-0.013,0.000,0.000,0.000,0.000,0.000,0.129,0.000,0.000,0.004,0,4,0,0,0,0,0,-2,0,0,0,0,-1
46.254,0.272,0.6,0.000,0.096,-0.013,0.000,0.000,0.000,0.000,0.000,0.129,0.000,0.000,0.004,0,4,0,0,0,0,0,-1,0,0,0,0,-1
46.271,0.263,0.6,0.000,0.000,-0.015,0.000,0.000,0.000,0.000,0.000,0.144,0.000,0.000,0.003,0,4,0,0,0,0,0,1,0,0,0,0,0
46.294,0.263,0.6,0.000,0.000,-0.015,0.000,0.000,0.000,0.000,0.000,0.144,0.000,0.000,0.003,0,4,0,0,0,0,0,2,0,0,0,0,1
46.314,0.263,0.6,0.000,0.000,-0.015,0.000,0.000,0.000,0.000,0.000,0.144,0.000,0.000,0.003,0,4,0,0,0,0,0,0,0,0,0,0,0
46.332,0.257,0.6,0.000,0.000,-0.010,0.000,0.000,0.000,0.000,0.000,0.100,0.000,0.000,0.003,0,4,0,0,0,0,0,-2,0,0,0,0,-1
46.349,0.257,0.6,0.000,0.000,-0.010,0.000,0.000,0.000,0.000,0.000,0.100,0.000,0.000,0.003,0,4,0,0,0,0,0,-1,0,0,0,0,0
46.365,0.257,0.6,0.000,0.000,-0.010,0.000,0.000,0.000,0.000,0.000,0.100,0.000,0.000,0.003,0,4,0,0,0,0,0,1,0,0,0,0,1
46.386,0.251,0.6,0.000,0.000,-0.011,0.000,0.000,0.000,0.000,0.000,0.110,0.000,0.000,0.003,0,4,0,0,0,0,0,2,0,0,0,0,1
46.418,0.251,0.6,0.000,0.000,-0.011,0.000,0.000,0.000,0.000,0.000,0.110,0.000,0.000,0.003,0,4,0,0,0,0,0,-2,0,0,0,0,-1
46.435,0.243,0.5,0.000,0.000,-0.017,0.000,0.000,0.000,0.000,0.000,0.167,0.000,0.000,0.003,0,4,0,0,0,0,0,-1,0,0,0,0,-1
46.451,0.243,0.5,0.000,0.000,-0.017,0.000,0.000,0.000,0.000,0.000,0.167,0.000,0.000,0.003,0,4,0,0,0,0,0,0,0,0,0,0,0
46.471,0.243,0.5,0.000,0.000,-0.017,0.000,0.000,0.000,0.000,0.000,0.167,0.000,0.000,0.003,0,4,0,0,0,0,0,2,0,0,0,0,1
46.497,0.237,0.5,0.000,0.000,-0.010,0.000,0.000,0.000,0.000,0.000,0.098,0.000,0.000,0.003,0,4,0,0,0,0,0,0,0,0,0,0,0
46.514,0.237,0.5,0.000,0.000,-0.010,0.000,0.000,0.000,0.000,0.000,0.098,0.000,0.000,0.003,0,4,0,0,0,0,0,-2,0,0,0,0,-1
46.531,0.231,0.5,0.000,0.000,-0.018,0.000,0.000,0.000,0.000,0.000,0.178,0.000,0.000,0.003,0,4,0,0,0,0,0,-1,0,0,0,0,0
46.552,0.231,0.5,0.000,0.000,-0.018,0.000,0.000,0.000,0.000,0.000,0.178,0.000,0.000,0.003,0,4,0,0,0,0,0,1,0,0,0,0,1
46.569,0.231,0.5,0.000,0.000,-0.018,0.000,0.000,0.000,0.000,0.000,0.178,0.000,0.000,0.003,0,4,0,0,0,0,0,2,0,0,0,0,1
46.590,0.223,0.5,0.000,0.000,-0.014,0.000,0.000,0.000,0.000,0.000,0.134,0.000,0.000,0.003,0,4,0,0,0,0,0,-1,0,0,0,0,0
46.622,0.223,0.5,0.000,0.000,-0.014,0.000,0.000,0.000,0.000,0.000,0.134,0.000,0.000,0.003,0,4,0,0,0,0,0,-1,0,0,0,0,0
46.643,0.217,0.5,0.000,0.000,-0.012,0.000,0.000,0.000,0.000,0.000,0.115,0.000,0.000,0.003,0,4,0,0,0,0,0,1,0,0,0,0,1
46.668,0.217,0.5,0.000,0.000,-0.012,0.000,0.000,0.000,0.000,0.000,0.115,0.000,0.000,0.003,0,4,0,0,0,0,0,1,0,0,0,0,0
46.685,0.211,0.5,0.000,0.000,-0.015,0.000,0.000,0.000,0.000,0.000,0.143,0.000,0.000,0.003,0,4,0,0,0,0,0,-1,0,0,0,0,0
46.716,0.211,0.5,0.000,0.000,-0.015,0.000,0.000,0.000,0.000,0.000,0.143,0.000,0.000,0.003,0,4,0,0,0,0,0,0,0,0,0,0,0
46.738,0.203,0.5,0.000,0.000,-0.016,0.000,0.000,0.000,0.000,0.000,0.153,0.000,0.000,0.003,0,4,0,0,0,0,0,1,0,0,0,0,1
46.754,0.203,0.5,0.000,0.000,-0.016,0.000,0.000,0.000,0.000,0.000,0.153,0.000,0.000,0.003,0,4,0,0,0,0,0,1,0,0,0,0,1
46.771,0.203,0.5,0.000,0.000,-0.016,0.000,0.000,0.000,0.000,0.000,0.153,0.000,0.000,0.003,0,4,0,0,0,0,0,-1,0,0,0,0,0
46.793,0.197,0.4,0.000,0.000,-0.011,0.000,0.000,0.000,0.000,0.000,0.110,0.000,0.000,0.003,0,4,0,0,0,0,0,-1,0,0,0,0,-1
46.814,0.197,0.4,0.000,0.000,-0.011,0.000,0.000,0.000,0.000,0.000,0.110,0.000,0.000,0.003,0,4,0,0,0,0,0,0,0,0,0,0,0
46.840,0.191,0.4,0.000,0.000,-0.013,0.000,0.000,0.000,0.000,0.000,0.129,0.000,0.000,0.003,0,4,0,0,0,0,0,1,0,0,0,0,0
46.872,0.191,0.4,0.000,0.000,-0.013,0.000,0.000,0.000,0.000,0.000,0.129,0.000,0.000,0.003,0,4,0,0,0,0,0,-1,0,0,0,0,-1
46.893,0.183,0.4,0.003,0.000,-0.016,0.000,0.000,0.000,0.000,0.000,0.152,0.000,0.000,0.002,0,4,0,-4,0,0,0,-1,0,0,0,0,-3
46.910,0.183,0.4,0.003,0.000,-0.016,0.000,0.000,0.000,0.000,0.000,0.152,0.000,0.000,0.002,0,4,0,-4,0,0,0,1,0,0,0,0,-2
46.926,0.183,0.4,0.003,0.000,-0.016,0.000,0.000,0.000,0.000,0.000,0.152,0.000,0.000,0.002,0,4,0,-4,0,0,0,1,0,0,0,0,-1
46.943,0.177,0.4,0.011,0.000,-0.012,0.000,0.000,0.000,0.000,0.000,0.122,0.000,0.000,0.002,0,4,0,-17,0,0,0,0,0,0,0,0,-9
46.964,0.177,0.4,0.011,0.000,-0.012,0.000,0.000,0.000,0.000,0.000,0.122,0.000,0.000,0.002,0,4,0,-17,0,0,0,-1,0,0,0,0,-9
46.996,0.171,0.4,0.032,0.000,-0.011,0.000,0.001,0.000,0.000,0.000,0.111,0.000,0.000,0.002,0,4,0,-49,0,0,0,0,0,0,0,0,-24
47.013,0.171,0.4,0.032,0.000,-0.011,0.000,0.001,0.000,0.000,0.000,0.111,0.000,0.000,0.002,0,4,0,-49,0,0,0,1,0,0,0,0,-24
47.033,0.171,0.4,0.032,0.000,-0.011,0.000,0.001,0.000,0.000,0.000,0.111,0.000,0.000,0.002,0,4,0,-49,0,0,0,0,0,0,0,0,-24
47.050,0.163,0.4,0.071,0.000,-0.015,0.000,0.002,0.000,0.000,0.000,0.151,0.000,0.000,0.002,0,4,0,-108,0,0,0,-1,0,0,0,0,-47
47.068,0.163,0.4,0.071,0.000,-0.015,0.000,0.002,0.000,0.000,0.000,0.151,0.000,0.000,0.002,0,4,0,-108,0,0,0,-1,0,0,0,0,-55
47.090,0.163,0.4,0.071,0.000,-0.015,0.000,0.002,0.000,0.000,0.000,0.151,0.000,0.000,0.002,0,4,0,-108,0,0,0,0,0,0,0,0,-54
47.112,0.157,0.4,0.128,0.000,-0.010,0.000,0.004,0.000,0.000,0.000,0.098,0.000,0.000,0.002,0,4,0,-195,0,0,0,1,0,0,0,0,-82
47.128,0.157,0.4,0.128,0.000,-0.010,0.000,0.004,0.000,0.000,0.000,0.098,0.000,0.000,0.002,0,4,0,-195,0,0,0,0,0,0,0,0,-98
47.146,0.157,0.4,0.128,0.000,-0.010,0.000,0.004,0.000,0.000,0.000,0.098,0.000,0.000,0.002,0,4,0,-195,0,0,0,-1,0,0,0,0,-98
47.169,0.150,0.3,0.195,0.000,-0.011,0.000,0.006,0.000,0.000,0.000,0.107,0.000,0.000,0.002,0,4,0,-296,0,0,0,0,0,0,0,0,-128
47.190,0.150,0.3,0.195,0.000,-0.011,0.000,0.006,0.000,0.000,0.000,0.107,0.000,0.000,0.002,0,4,0,-296,0,0,0,1,0,0,0,0,-148
47.215,0.143,0.3,0.248,0.000,-0.017,0.000,0.007,0.000,0.000,0.000,0.172,0.000,0.000,0.002,0,4,0,-375,0,0,0,0,0,0,0,0,-1063
47.232,0.143,0.3,0.248,0.000,-0.017,0.000,0.007,0.000,0.000,0.000,0.172,0.000,0.000,0.002,0,4,0,-375,0,0,0,-1,0,0,0,0,-1070
47.249,0.143,0.3,0.248,0.000,-0.017,0.000,0.007,0.000,0.000,0.000,0.172,0.000,0.000,0.002,0,4,0,-375,0,0,0,-1,0,0,0,0,-1070
47.270,0.136,0.3,0.286,0.000,-0.011,0.000,0.008,0.000,0.000,0.000,0.110,0.000,0.000,0.002,0,4,0,-433,0,0,0,0,0,0,0,0,-1095
47.294,0.136,0.3,0.286,0.000,-0.011,0.000,0.008,0.000,0.000,0.000,0.110,0.000,0.000,0.002,0,4,0,-433,0,0,0,1,0,0,0,0,-1096
47.311,0.130,0.3,0.310,0.000,-0.015,0.000,0.008,0.000,0.000,0.000,0.148,0.000,0.000,0.002,0,4,0,-468,0,0,0,0,0,0,0,0,-1112
47.328,0.130,0.3,0.310,0.000,-0.015,0.000,0.008,0.000,0.000,0.000,0.148,0.000,0.000,0.002,0,4,0,-468,0,0,0,-1,0,0,0,0,-1113
47.351,0.130,0.3,0.310,0.000,-0.015,0.000,0.008,0.000,0.000,0.000,0.148,0.000,0.000,0.002,0,4,0,-468,0,0,0,0,0,0,0,0,-1112
47.371,0.122,0.3,0.329,0.000,-0.014,0.000,0.008,0.000,0.000,0.000,0.133,0.000,0.000,0.002,0,4,0,-495,0,0,0,1,0,0,0,0,-1124
47.388,0.122,0.3,0.329,0.000,-0.014,0.000,0.008,0.000,0.000,0.000,0.133,0.000,0.000,0.002,0,4,0,-495,0,0,0,1,0,0,0,0,-1124
47.418,0.116,0.3,0.353,0.000,-0.013,0.000,0.008,0.000,0.000,0.000,0.130,0.000,0.000,0.002,0,4,0,-531,0,0,0,-1,0,0,0,0,-1141
47.439,0.116,0.3,0.353,0.000,-0.013,0.000,0.008,0.000,0.000,0.000,0.130,0.000,0.000,0.002,0,4,0,-531,0,0,0,0,0,0,0,0,-1141
47.456,0.116,0.3,0.353,0.000,-0.013,0.000,0.008,0.000,0.000,0.000,0.130,0.000,0.000,0.002,0,4,0,-531,0,0,0,0,0,0,0,0,-1140
47.474,0.110,0.2,0.389,0.000,-0.011,0.000,0.009,0.000,0.000,0.000,0.108,0.000,0.000,0.001,0,4,0,-585,0,0,0,1,0,0,0,0,-1161
47.496,0.110,0.2,0.389,0.000,-0.011,0.000,0.009,0.000,0.000,0.000,0.108,0.000,0.000,0.001,0,4,0,-585,0,0,0,0,0,0,0,0,-1164
47.518,0.102,0.2,0.448,0.000,-0.019,0.000,0.009,0.000,0.000,0.000,0.185,0.000,0.000,0.001,0,4,0,-671,0,0,0,-1,0,0,0,0,-1190
47.543,0.102,0.2,0.448,0.000,-0.019,0.000,0.009,0.000,0.000,0.000,0.185,0.000,0.000,0.001,0,4,0,-671,0,0,0,0,0,0,0,0,-1203
47.559,0.102,0.2,0.448,0.000,-0.019,0.000,0.009,0.000,0.000,0.000,0.185,0.000,0.000,0.001,0,4,0,-671,0,0,0,1,0,0,0,0,-1203
47.591,0.096,0.2,0.526,0.000,-0.008,0.000,0.010,0.000,0.000,0.000,0.083,0.000,0.000,0.001,0,4,0,-788,0,0,0,0,0,0,0,0,-1240
47.612,0.096,0.2,0.526,0.000,-0.008,0.000,0.010,0.000,0.000,0.000,0.083,0.000,0.000,0.001,0,4,0,-788,0,0,0,-1,0,0,0,0,-1257
47.628,0.090,0.2,0.612,0.000,-0.016,0.000,0.011,0.000,0.000,0.000,0.157,0.000,0.000,0.001,0,4,0,-915,0,0,0,0,0,0,0,0,-1276
47.646,0.090,0.2,0.612,0.000,-0.016,0.000,0.011,0.000,0.000,0.000,0.157,0.000,0.000,0.001,0,4,0,-915,0,0,0,1,0,0,0,0,-1297
47.662,0.090,0.2,0.612,0.000,-0.016,0.000,0.011,0.000,0.000,0.000,0.157,0.000,0.000,0.001,0,4,0,-915,0,0,0,0,0,0,0,0,-1314
47.684,0.082,0.2,0.709,0.000,-0.015,0.000,0.012,0.000,0.000,0.000,0.145,0.000,0.000,0.001,0,4,0,-1057,0,0,0,0,0,0,0,0,-1340
47.715,0.082,0.2,0.709,0.000,-0.015,0.000,0.012,0.000,0.000,0.000,0.145,0.000,0.000,0.001,0,4,0,-1057,0,0,0,0,0,0,0,0,-1376
47.747,0.076,0.2,0.800,0.000,-0.010,0.000,0.012,0.000,0.000,0.000,0.096,0.000,0.000,0.001,0,4,0,-1190,0,0,0,0,0,0,0,0,-1413
47.768,0.076,0.2,0.800,0.000,-0.010,0.000,0.012,0.000,0.000,0.000,0.096,0.000,0.000,0.001,0,4,0,-1190,0,0,0,0,0,0,0,0,-1439
47.793,0.070,0.2,0.865,0.000,-0.013,0.000,0.012,0.000,0.000,0.000,0.131,0.000,0.000,0.001,0,4,0,-1285,0,0,0,0,0,0,0,0,-1468
47.810,0.070,0.2,0.865,0.000,-0.013,0.000,0.012,0.000,0.000,0.000,0.131,0.000,0.000,0.001,0,4,0,-1285,0,0,0,0,0,0,0,0,-1482
47.840,0.062,0.1,0.880,0.000,-0.017,0.000,0.011,0.000,0.000,0.000,0.167,0.000,0.000,0.001,0,4,0,-1304,0,0,0,0,0,0,0,0,-1490
47.862,0.062,0.1,0.880,0.000,-0.017,0.000,0.011,0.000,0.000,0.000,0.167,0.000,0.000,0.001,0,4,0,-1304,0,0,0,0,0,0,0,0,-1490
47.879,0.056,0.1,0.842,0.000,-0.016,0.000,0.010,0.000,0.000,0.000,0.156,0.000,0.000,0.001,0,4,0,-1246,0,0,0,0,0,0,0,0,-1470
47.895,0.056,0.1,0.842,0.000,-0.016,0.000,0.010,0.000,0.000,0.000,0.156,0.000,0.000,0.001,0,4,0,-1246,0,0,0,0,0,0,0,0,-1464
47.912,0.056,0.1,0.842,0.000,-0.016,0.000,0.010,0.000,0.000,0.000,0.156,0.000,0.000,0.001,0,4,0,-1246,0,0,0,0,0,0,0,0,-1464
47.933,0.050,0.1,0.728,0.000,-0.011,0.000,0.008,0.000,0.000,0.000,0.112,0.000,0.000,0.001,0,4,0,-1075,0,0,0,0,0,0,0,0,-1440
47.964,0.050,0.1,0.728,0.000,-0.011,0.000,0.008,0.000,0.000,0.000,0.112,0.000,0.000,0.001,0,4,0,-1075,0,0,0,0,0,0,0,0,-1403
47.997,0.042,0.1,0.573,0.000,-0.012,0.000,0.005,0.000,0.000,0.000,0.122,0.000,0.000,0.001,0,4,0,-844,0,0,0,0,0,0,0,0,-1363
48.018,0.042,0.1,0.573,0.000,-0.012,0.000,0.005,0.000,0.000,0.000,0.122,0.000,0.000,0.001,0,4,0,-844,0,0,0,0,0,0,0,0,-1339
48.044,0.036,0.1,0.408,0.000,-0.013,0.000,0.003,0.000,0.000,0.000,0.129,0.000,0.000,0.000,0,4,0,-600,0,0,0,0,0,0,0,0,-1309
48.060,0.036,0.1,0.408,0.000,-0.013,0.000,0.003,0.000,0.000,0.000,0.129,0.000,0.000,0.000,0,4,0,-600,0,0,0,0,0,0,0,0,-1289
48.077,0.036,0.1,0.408,0.000,-0.013,0.000,0.003,0.000,0.000,0.000,0.129,0.000,0.000,0.000,0,4,0,-600,0,0,0,0,0,0,0,0,-1269
48.099,0.030,0.1,0.267,0.000,-0.011,0.000,0.002,0.000,0.000,0.000,0.109,0.000,0.000,0.000,0,4,0,-392,0,0,0,0,0,0,0,0,-1244
48.121,0.030,0.1,0.267,0.000,-0.011,0.000,0.002,0.000,0.000,0.000,0.109,0.000,0.000,0.000,0,4,0,-392,0,0,0,0,0,0,0,0,-1218
48.139,0.022,0.0,0.155,0.000,-0.021,0.000,0.001,0.000,0.000,0.000,0.201,0.000,0.000,0.000,0,4,0,-227,0,0,0,0,0,0,0,0,-1197
48.168,0.022,0.0,0.155,0.000,-0.021,0.000,0.001,0.000,0.000,0.000,0.201,0.000,0.000,0.000,0,4,0,-227,0,0,0,0,0,0,0,0,-1163
48.189,0.022,0.0,0.155,0.000,-0.021,0.000,0.001,0.000,0.000,0.000,0.201,0.000,0.000,0.000,0,4,0,-227,0,0,0,0,0,0,0,0,-1138
48.205,0.016,0.0,0.067,0.000,-0.009,0.000,0.000,0.000,0.000,0.000,0.090,0.000,0.000,0.000,0,4,0,-97,0,0,0,0,0,0,0,0,-1119
48.223,0.016,0.0,0.067,0.000,-0.009,0.000,0.000,0.000,0.000,0.000,0.090,0.000,0.000,0.000,0,4,0,-97,0,0,0,0,0,0,0,0,-1098
48.239,0.016,0.0,0.067,0.000,-0.009,0.000,0.000,0.000,0.000,0.000,0.090,0.000,0.000,0.000,0,4,0,-97,0,0,0,0,0,0,0,0,-1078
48.261,0.010,0.0,0.014,0.000,-0.011,0.000,0.000,0.000,0.000,0.000,0.105,0.000,0.000,0.000,0,4,0,-21,0,0,0,0,0,0,0,0,-1053
48.294,0.010,0.0,0.014,0.000,-0.011,0.000,0.000,0.000,0.000,0.000,0.105,0.000,0.000,0.000,0,4,0,-21,0,0,0,0,0,0,0,0,-127
48.310,0.002,0.0,-0.001,0.000,-0.017,0.000,0.000,0.000,0.000,0.000,0.165,0.000,0.000,0.000,0,4,0,1,0,0,0,0,0,0,0,0,-105
48.331,0.002,0.0,-0.001,0.000,-0.017,0.000,0.000,0.000,0.000,0.000,0.165,0.000,0.000,0.000,0,4,0,1,0,0,0,0,0,0,0,0,-78
48.348,0.004,0.0,-0.027,0.000,0.003,0.000,0.000,0.000,0.000,0.000,0.158,0.000,0.000,0.000,0,4,0,40,0,0,0,0,0,0,0,0,-56
48.365,0.004,0.0,-0.027,0.000,0.003,0.000,0.000,0.000,0.000,0.000,0.158,0.000,0.000,0.000,0,4,0,40,0,0,0,0,0,0,0,0,-34
48.382,0.004,0.0,-0.027,0.000,0.003,0.000,0.000,0.000,0.000,0.000,0.158,0.000,0.000,0.000,0,4,0,40,0,0,0,0,0,0,0,0,-11
48.403,0.010,0.0,-0.080,0.000,0.011,0.000,0.000,0.000,0.000,0.000,0.109,0.000,0.000,0.000,0,4,0,116,0,0,0,0,0,0,0,0,16
48.421,0.010,0.0,-0.080,0.000,0.011,0.000,0.000,0.000,0.000,0.000,0.109,0.000,0.000,0.000,0,4,0,116,0,0,0,0,0,0,0,0,39
48.438,0.010,0.0,-0.080,0.000,0.011,0.000,0.000,0.000,0.000,0.000,0.109,0.000,0.000,0.000,0,4,0,116,0,0,0,0,0,0,0,0,58
48.465,0.018,0.0,-0.145,0.000,0.013,0.000,0.000,0.000,0.000,0.000,0.129,0.000,0.000,0.000,0,4,0,212,0,0,0,0,0,0,0,0,93
48.486,0.018,0.0,-0.145,0.000,0.013,0.000,0.000,0.000,0.000,0.000,0.129,0.000,0.000,0.000,0,4,0,212,0,0,0,0,0,0,0,0,106
48.503,0.018,0.0,-0.145,0.000,0.013,0.000,0.000,0.000,0.000,0.000,0.129,0.000,0.000,0.000,0,4,0,212,0,0,0,0,0,0,0,0,106
48.520,0.024,0.1,-0.209,0.000,0.011,0.000,0.001,0.000,0.000,0.000,0.109,0.000,0.000,0.000,0,4,0,307,0,0,0,0,0,0,0,0,128
48.536,0.024,0.1,-0.209,0.000,0.011,0.000,0.001,0.000,0.000,0.000,0.109,0.000,0.000,0.000,0,4,0,307,0,0,0,0,0,0,0,0,149
48.557,0.030,0.1,-0.267,0.000,0.016,0.000,0.001,0.000,0.000,0.000,0.161,0.000,0.000,0.000,0,4,0,392,0,0,0,0,0,0,0,0,1059
48.574,0.030,0.1,-0.267,0.000,0.016,0.000,0.001,0.000,0.000,0.000,0.161,0.000,0.000,0.000,0,4,0,392,0,0,0,0,0,0,0,0,1077
48.590,0.030,0.1,-0.267,0.000,0.016,0.000,0.001,0.000,0.000,0.000,0.161,0.000,0.000,0.000,0,4,0,392,0,0,0,0,0,0,0,0,1077
48.607,0.037,0.1,-0.311,0.000,0.016,0.000,0.002,0.000,0.000,0.000,0.158,0.000,0.000,0.000,0,4,0,458,0,0,0,0,0,0,0,0,1097
48.629,0.037,0.1,-0.311,0.000,0.016,0.000,0.002,0.000,0.000,0.000,0.158,0.000,0.000,0.000,0,4,0,458,0,0,0,0,0,0,0,0,1107
48.646,0.037,0.1,-0.311,0.000,0.016,0.000,0.002,0.000,0.000,0.000,0.158,0.000,0.000,0.000,0,4,0,458,0,0,0,0,0,0,0,0,1107
48.662,0.043,0.1,-0.343,0.000,0.011,0.000,0.002,0.000,0.000,0.000,0.109,0.000,0.000,-0.001,0,4,0,506,0,0,0,0,0,0,0,0,1126
48.679,0.043,0.1,-0.343,0.000,0.011,0.000,0.002,0.000,0.000,0.000,0.109,0.000,0.000,-0.001,0,4,0,506,0,0,0,0,0,0,0,0,1129
48.700,0.043,0.1,-0.343,0.000,0.011,0.000,0.002,0.000,0.000,0.000,0.109,0.000,0.000,-0.001,0,4,0,506,0,0,0,0,0,0,0,0,1129
48.717,0.049,0.1,-0.370,0.000,0.011,0.000,0.003,0.000,0.000,0.000,0.110,0.000,0.000,-0.001,0,4,0,546,0,0,0,0,0,0,0,0,1147
48.734,0.049,0.1,-0.370,0.000,0.011,0.000,0.003,0.000,0.000,0.000,0.110,0.000,0.000,-0.001,0,4,0,546,0,0,0,0,0,0,0,0,1147
48.751,0.049,0.1,-0.370,0.000,0.011,0.000,0.003,0.000,0.000,0.000,0.110,0.000,0.000,-0.001,0,4,0,546,0,0,0,0,0,0,0,0,1147
48.772,0.057,0.1,-0.392,0.000,0.015,0.000,0.004,0.000,0.000,0.000,0.144,0.000,0.000,-0.001,0,4,0,580,0,0,0,0,0,0,0,0,1163
48.793,0.057,0.1,-0.392,0.000,0.015,0.000,0.004,0.000,0.000,0.000,0.144,0.000,0.000,-0.001,0,4,0,580,0,0,0,0,0,0,0,0,1163
48.809,0.057,0.1,-0.392,0.000,0.015,0.000,0.004,0.000,0.000,0.000,0.144,0.000,0.000,-0.001,0,4,0,580,0,0,0,0,0,0,0,0,1163
48.840,0.063,0.1,-0.397,0.000,0.009,0.000,0.004,0.000,0.000,0.000,0.089,0.000,0.000,-0.001,0,4,0,589,0,0,0,0,0,0,0,0,1167
48.860,0.063,0.1,-0.397,0.000,0.009,0.000,0.004,0.000,0.000,0.000,0.089,0.000,0.000,-0.001,0,4,0,589,0,0,0,0,0,0,0,0,1166
48.877,0.069,0.2,-0.396,0.000,0.016,0.000,0.005,0.000,0.000,0.000,0.159,0.000,0.000,-0.001,0,4,0,587,0,0,0,0,0,0,0,0,1165
48.894,0.069,0.2,-0.396,0.000,0.016,0.000,0.005,0.000,0.000,0.000,0.159,0.000,0.000,-0.001,0,4,0,587,0,0,0,0,0,0,0,0,1166
48.910,0.069,0.2,-0.396,0.000,0.016,0.000,0.005,0.000,0.000,0.000,0.159,0.000,0.000,-0.001,0,4,0,587,0,0,0,0,0,0,0,0,1166
48.927,0.077,0.2,-0.395,0.000,0.016,0.000,0.005,0.000,0.000,0.000,0.159,0.000,0.000,-0.001,0,4,0,588,0,0,0,1,0,0,0,0,1166
48.949,0.077,0.2,-0.395,0.000,0.016,0.000,0.005,0.000,0.000,0.000,0.159,0.000,0.000,-0.001,0,4,0,588,0,0,0,0,0,0,0,0,1166
48.965,0.077,0.2,-0.395,0.000,0.016,0.000,0.005,0.000,0.000,0.000,0.159,0.000,0.000,-0.001,0,4,0,588,0,0,0,-1,0,0,0,0,1166
48.981,0.083,0.2,-0.391,0.000,0.011,0.000,0.006,0.000,0.000,0.000,0.112,0.000,0.000,-0.001,0,4,0,583,0,0,0,0,0,0,0,0,1163
48.997,0.083,0.2,-0.391,0.000,0.011,0.000,0.006,0.000,0.000,0.000,0.112,0.000,0.000,-0.001,0,4,0,583,0,0,0,0,0,0,0,0,1163
49.018,0.083,0.2,-0.391,0.000,0.011,0.000,0.006,0.000,0.000,0.000,0.112,0.000,0.000,-0.001,0,4,0,583,0,0,0,1,0,0,0,0,1164
49.043,0.089,0.2,-0.377,0.000,0.010,0.000,0.006,0.000,0.000,0.000,0.096,0.000,0.000,-0.001,0,4,0,563,0,0,0,0,0,0,0,0,1154
49.061,0.089,0.2,-0.377,0.000,0.010,0.000,0.006,0.000,0.000,0.000,0.096,0.000,0.000,-0.001,0,4,0,563,0,0,0,-1,0,0,0,0,1154
49.077,0.097,0.2,-0.340,0.000,0.024,0.000,0.006,0.000,0.000,0.000,0.236,0.000,0.000,-0.001,0,4,0,509,0,0,0,0,0,0,0,0,1135
49.099,0.097,0.2,-0.340,0.000,0.024,0.000,0.006,0.000,0.000,0.000,0.236,0.000,0.000,-0.001,0,4,0,509,0,0,0,1,0,0,0,0,1131
49.115,0.097,0.2,-0.340,0.000,0.024,0.000,0.006,0.000,0.000,0.000,0.236,0.000,0.000,-0.001,0,4,0,509,0,0,0,1,0,0,0,0,1131
49.132,0.103,0.2,-0.280,0.000,0.011,0.000,0.005,0.000,0.000,0.000,0.108,0.000,0.000,-0.001,0,4,0,420,0,0,0,0,0,0,0,0,1110
49.150,0.103,0.2,-0.280,0.000,0.011,0.000,0.005,0.000,0.000,0.000,0.108,0.000,0.000,-0.001,0,4,0,420,0,0,0,-1,0,0,0,0,1090
49.170,0.103,0.2,-0.280,0.000,0.011,0.000,0.005,0.000,0.000,0.000,0.108,0.000,0.000,-0.001,0,4,0,420,0,0,0,0,0,0,0,0,1090
49.188,0.109,0.2,-0.200,0.000,0.011,0.000,0.004,0.000,0.000,0.000,0.108,0.000,0.000,-0.001,0,4,0,300,0,0,0,1,0,0,0,0,1069
49.215,0.109,0.2,-0.200,0.000,0.011,0.000,0.004,0.000,0.000,0.000,0.108,0.000,0.000,-0.001,0,4,0,300,0,0,0,0,0,0,0,0,1038
49.246,0.117,0.3,-0.126,0.000,0.014,0.000,0.003,0.000,0.000,0.000,0.135,0.000,0.000,-0.002,0,4,0,190,0,0,0,-1,0,0,0,0,111
49.268,0.117,0.3,-0.126,0.000,0.014,0.000,0.003,0.000,0.000,0.000,0.135,0.000,0.000,-0.002,0,4,0,190,0,0,0,0,0,0,0,0,95
49.293,0.123,0.3,-0.070,0.000,0.013,0.000,0.002,0.000,0.000,0.000,0.127,0.000,0.000,-0.002,0,4,0,106,0,0,0,1,0,0,0,0,62
49.310,0.123,0.3,-0.070,0.000,0.013,0.000,0.002,0.000,0.000,0.000,0.127,0.000,0.000,-0.002,0,4,0,106,0,0,0,0,0,0,0,0,53
49.327,0.123,0.3,-0.070,0.000,0.013,0.000,0.002,0.000,0.000,0.000,0.127,0.000,0.000,-0.002,0,4,0,106,0,0,0,-1,0,0,0,0,53
49.349,0.129,0.3,-0.033,0.000,0.011,0.000,0.001,0.000,0.000,0.000,0.108,0.000,0.000,-0.002,0,4,0,51,0,0,0,0,0,0,0,0,25
49.365,0.129,0.3,-0.033,0.000,0.011,0.000,0.001,0.000,0.000,0.000,0.108,0.000,0.000,-0.002,0,4,0,51,0,0,0,0,0,0,0,0,26
49.383,0.129,0.3,-0.033,0.000,0.011,0.000,0.001,0.000,0.000,0.000,0.108,0.000,0.000,-0.002,0,4,0,51,0,0,0,1,0,0,0,0,26
49.399,0.137,0.3,-0.014,0.000,0.016,0.000,0.000,0.000,0.000,0.000,0.158,0.000,0.000,-0.002,0,4,0,21,0,0,0,0,0,0,0,0,11
49.420,0.137,0.3,-0.014,0.000,0.016,0.000,0.000,0.000,0.000,0.000,0.158,0.000,0.000,-0.002,0,4,0,21,0,0,0,-1,0,0,0,0,10
49.438,0.137,0.3,-0.014,0.000,0.016,0.000,0.000,0.000,0.000,0.000,0.158,0.000,0.000,-0.002,0,4,0,21,0,0,0,-1,0,0,0,0,10
49.465,0.143,0.3,-0.004,0.000,0.009,0.000,0.000,0.000,0.000,0.000,0.091,0.000,0.000,-0.002,0,4,0,6,0,0,0,1,0,0,0,0,4
49.481,0.143,0.3,-0.004,0.000,0.009,0.000,0.000,0.000,0.000,0.000,0.091,0.000,0.000,-0.002,0,4,0,6,0,0,0,1,0,0,0,0,3
49.503,0.149,0.3,0.000,0.000,0.015,0.000,0.000,0.000,0.000,0.000,0.152,0.000,0.000,-0.002,0,4,0,0,0,0,0,-1,0,0,0,0,0
49.521,0.149,0.3,0.000,0.000,0.015,0.000,0.000,0.000,0.000,0.000,0.152,0.000,0.000,-0.002,0,4,0,0,0,0,0,-1,0,0,0,0,0
49.543,0.149,0.3,0.000,0.000,0.015,0.000,0.000,0.000,0.000,0.000,0.152,0.000,0.000,-0.002,0,4,0,0,0,0,0,0,0,0,0,0,0
49.561,0.157,0.4,0.000,0.000,0.014,0.000,0.000,0.000,0.000,0.000,0.139,0.000,0.000,-0.002,0,4,0,0,0,0,0,1,0,0,0,0,0
49.582,0.157,0.4,0.000,0.000,0.014,0.000,0.000,0.000,0.000,0.000,0.139,0.000,0.000,-0.002,0,4,0,0,0,0,0,0,0,0,0,0,0
49.599,0.163,0.4,0.002,0.000,0.016,0.000,0.000,0.000,0.000,0.000,0.155,0.000,0.000,-0.002,0,4,0,-2,0,0,0,-1,0,0,0,0,-2
49.621,0.163,0.4,0.002,0.000,0.016,0.000,0.000,0.000,0.000,0.000,0.155,0.000,0.000,-0.002,0,4,0,-2,0,0,0,-1,0,0,0,0,-2
49.638,0.163,0.4,0.002,0.000,0.016,0.000,0.000,0.000,0.000,0.000,0.155,0.000,0.000,-0.002,0,4,0,-2,0,0,0,1,0,0,0,0,-1
49.660,0.169,0.4,0.002,0.000,0.010,0.000,0.000,0.000,0.000,0.000,0.099,0.000,0.000,-0.002,0,4,0,-4,0,0,0,1,0,0,0,0,-1
49.676,0.169,0.4,0.002,0.000,0.010,0.000,0.000,0.000,0.000,0.000,0.099,0.000,0.000,-0.002,0,4,0,-4,0,0,0,0,0,0,0,0,-2
49.694,0.169,0.4,0.002,0.000,0.010,0.000,0.000,0.000,0.000,0.000,0.099,0.000,0.000,-0.002,0,4,0,-4,0,0,0,-1,0,0,0,0,-2
49.710,0.177,0.4,0.003,0.000,0.016,0.000,0.000,0.000,0.000,0.000,0.155,0.000,0.000,-0.002,0,4,0,-4,0,0,0,-1,0,0,0,0,-3
49.731,0.177,0.4,0.003,0.000,0.016,0.000,0.000,0.000,0.000,0.000,0.155,0.000,0.000,-0.002,0,4,0,-4,0,0,0,1,0,0,0,0,-2
49.748,0.177,0.4,0.003,0.000,0.016,0.000,0.000,0.000,0.000,0.000,0.155,0.000,0.000,-0.002,0,4,0,-4,0,0,0,1,0,0,0,0,-2
49.765,0.183,0.4,0.003,0.000,0.011,0.000,0.000,0.000,0.000,0.000,0.109,0.000,0.000,-0.002,0,4,0,-5,0,0,0,0,0,0,0,0,-2
49.793,0.183,0.4,0.003,0.000,0.011,0.000,0.000,0.000,0.000,0.000,0.109,0.000,0.000,-0.002,0,4,0,-5,0,0,0,-1,0,0,0,0,-3
49.814,0.189,0.4,0.003,0.000,0.012,0.000,0.000,0.000,0.000,0.000,0.122,0.000,0.000,-0.002,0,4,0,-5,0,0,0,0,0,0,0,0,-2
49.840,0.189,0.4,0.003,0.000,0.012,0.000,0.000,0.000,0.000,0.000,0.122,0.000,0.000,-0.002,0,4,0,-5,0,0,0,1,0,0,0,0,-2
49.858,0.196,0.4,0.003,0.000,0.018,0.000,0.000,0.000,0.000,0.000,0.180,0.000,0.000,-0.003,0,4,0,-5,0,0,0,0,0,0,0,0,-2
49.875,0.196,0.4,0.003,0.000,0.018,0.000,0.000,0.000,0.000,0.000,0.180,0.000,0.000,-0.003,0,4,0,-5,0,0,0,-1,0,0,0,0,-3
49.897,0.196,0.4,0.003,0.000,0.018,0.000,0.000,0.000,0.000,0.000,0.180,0.000,0.000,-0.003,0,4,0,-5,0,0,0,-1,0,0,0,0,-3
49.918,0.202,0.5,0.003,0.024,0.010,0.000,0.000,0.000,0.000,0.000,0.099,0.000,0.000,-0.003,0,4,0,-5,0,0,0,1,0,0,0,0,-2
49.935,0.202,0.5,0.003,0.024,0.010,0.000,0.000,0.000,0.000,0.000,0.099,0.000,0.000,-0.003,0,4,0,-5,0,0,0,1,0,0,0,0,-2
49.952,0.202,0.5,0.003,0.024,0.010,0.000,0.000,0.000,0.000,0.000,0.099,0.000,0.000,-0.003,0,4,0,-5,0,0,0,0,0,0,0,0,-3
49.974,0.208,0.5,0.003,0.015,0.011,0.000,0.000,0.000,0.000,0.000,0.108,0.000,0.000,-0.003,0,4,0,-5,0,0,0,-1,0,0,0,0,-3
49.996,0.208,0.5,0.003,0.015,0.011,0.000,0.000,0.000,0.000,0.000,0.108,0.000,0.000,-0.003,0,4,0,-5,0,0,0,0,0,0,0,0,-2
50.013,0.208,0.5,0.003,0.015,0.011,0.000,0.000,0.000,0.000,0.000,0.108,0.000,0.000,-0.003,0,4,0,-5,0,0,0,1,0,0,0,0,-2
50.043,0.216,0.5,0.003,0.044,0.012,0.000,0.000,0.000,0.000,0.000,0.115,0.000,0.000,-0.003,0,4,0,-5,0,0,0,0,0,0,0,0,-3
50.065,0.216,0.5,0.003,0.044,0.012,0.000,0.000,0.000,0.000,0.000,0.115,0.000,0.000,-0.003,0,4,0,-5,0,0,0,-1,0,0,0,0,-3
50.090,0.222,0.5,0.003,0.601,0.013,0.000,0.000,0.000,0.000,0.000,0.127,0.000,0.000,-0.003,0,4,0,-5,0,0,0,1,0,0,0,0,-2
50.121,0.228,0.5,0.003,0.961,0.020,0.000,0.000,0.000,0.000,0.000,0.192,0.000,0.000,-0.003,0,4,0,-5,0,0,0,1,0,0,0,0,-2
50.142,0.228,0.5,0.003,0.961,0.020,0.000,0.000,0.000,0.000,0.000,0.192,0.000,0.000,-0.003,0,4,0,-5,0,0,0,-1,0,0,0,0,-3
50.168,0.228,0.5,0.003,0.961,0.020,0.000,0.000,0.000,0.000,0.000,0.192,0.000,0.000,-0.003,0,4,0,-5,0,0,0,-1,0,0,0,0,-3
50.186,0.236,0.5,0.003,1.000,0.013,0.000,0.000,0.000,0.000,0.000,0.123,0.000,0.000,-0.003,0,4,0,-5,0,0,0,1,0,0,0,0,-2
50.215,0.236,0.5,0.003,1.000,0.013,0.000,0.000,0.000,0.000,0.000,0.123,0.000,0.000,-0.003,0,4,0,-5,0,0,0,1,0,0,0,0,-2
50.237,0.242,0.5,0.003,1.000,0.012,0.000,0.000,0.000,0.000,0.000,0.117,0.000,0.000,-0.003,0,4,0,-5,0,0,0,-2,0,0,0,0,-3
50.254,0.242,0.5,0.003,1.000,0.012,0.000,0.000,0.000,0.000,0.000,0.117,0.000,0.000,-0.003,0,4,0,-5,0,0,0,-1,0,0,0,0,-3
50.271,0.242,0.5,0.003,1.000,0.012,0.000,0.000,0.000,0.000,0.000,0.117,0.000,0.000,-0.003,0,4,0,-5,0,0,0,1,0,0,0,0,-2
50.293,0.248,0.6,0.003,1.000,0.011,0.000,0.000,0.000,0.000,0.000,0.107,0.000,0.000,-0.003,0,4,0,-5,0,0,0,2,0,0,0,0,-2
50.314,0.248,0.6,0.003,1.000,0.011,0.000,0.000,0.000,0.000,0.000,0.107,0.000,0.000,-0.003,0,4,0,-5,0,0,0,0,0,0,0,0,-3
50.340,0.256,0.6,0.003,1.000,0.017,0.000,0.000,0.000,0.000,0.000,0.168,0.000,0.000,-0.003,0,4,0,-5,0,0,0,-2,0,0,0,0,-3
50.356,0.256,0.6,0.003,1.000,0.017,0.000,0.000,0.000,0.000,0.000,0.168,0.000,0.000,-0.003,0,4,0,-5,0,0,0,0,0,0,0,0,-2
50.373,0.256,0.6,0.003,1.000,0.017,0.000,0.000,0.000,0.000,0.000,0.168,0.000,0.000,-0.003,0,4,0,-5,0,0,0,2,0,0,0,0,-2
50.394,0.262,0.6,0.003,1.000,0.011,0.000,0.000,0.000,0.000,0.000,0.110,0.000,0.000,-0.003,0,4,0,-5,0,0,0,1,0,0,0,0,-2
50.418,0.262,0.6,0.003,1.000,0.011,0.000,0.000,0.000,0.000,0.000,0.110,0.000,0.000,-0.003,0,4,0,-5,0,0,0,-2,0,0,0,0,-3
50.436,0.268,0.6,0.003,1.000,0.015,0.000,0.000,0.000,0.000,0.000,0.144,0.000,0.000,-0.003,0,4,0,-5,0,0,0,-1,0,0,0,0,-3
50.466,0.268,0.6,0.003,1.000,0.015,0.000,0.000,0.000,0.000,0.000,0.144,0.000,0.000,-0.003,0,4,0,-5,0,0,0,2,0,0,0,0,-2
50.487,0.276,0.6,0.003,1.000,0.016,0.000,0.000,0.000,0.000,0.000,0.155,0.000,0.000,-0.004,0,4,0,-5,0,0,0,1,0,0,0,0,-2
50.504,0.276,0.6,0.003,1.000,0.016,0.000,0.000,0.000,0.000,0.000,0.155,0.000,0.000,-0.004,0,4,0,-5,0,0,0,-1,0,0,0,0,-3
50.522,0.276,0.6,0.003,1.000,0.016,0.000,0.000,0.000,0.000,0.000,0.155,0.000,0.000,-0.004,0,4,0,-5,0,0,0,-2,0,0,0,0,-3
50.538,0.282,0.6,0.003,1.000,0.012,0.000,0.000,0.000,0.000,0.000,0.117,0.000,0.000,-0.004,0,4,0,-5,0,0,0,0,0,0,0,0,-2
50.558,0.282,0.6,0.003,1.000,0.012,0.000,0.000,0.000,0.000,0.000,0.117,0.000,0.000,-0.004,0,4,0,-5,0,0,0,2,0,0,0,0,-1
50.590,0.288,0.6,0.003,1.000,0.012,0.000,0.000,0.000,0.000,0.000,0.115,0.000,0.000,-0.004,0,4,0,-5,0,0,0,-1,0,0,0,0,-3
50.622,0.288,0.6,0.003,1.000,0.012,0.000,0.000,0.000,0.000,0.000,0.115,0.000,0.000,-0.004,0,4,0,-5,0,0,0,-1,0,0,0,0,-3
50.643,0.296,0.7,0.004,1.000,0.015,0.000,0.000,0.000,0.000,0.000,0.150,0.000,0.000,-0.004,0,4,0,-6,0,0,0,2,0,0,0,0,-2
50.668,0.296,0.7,0.004,1.000,0.015,0.000,0.000,0.000,0.000,0.000,0.150,0.000,0.000,-0.004,0,4,0,-6,0,0,0,1,0,0,0,0,-2
50.685,0.296,0.7,0.004,1.000,0.015,0.000,0.000,0.000,0.000,0.000,0.150,0.000,0.000,-0.004,0,4,0,-6,0,0,0,-1,0,0,0,0,-4
50.715,0.302,0.7,0.004,1.000,0.008,0.000,0.000,0.000,0.000,0.000,0.083,0.000,0.000,-0.004,0,4,0,-7,0,0,0,-1,0,0,0,0,-4
50.736,0.302,0.7,0.004,1.000,0.008,0.000,0.000,0.000,0.000,0.000,0.083,0.000,0.000,-0.004,0,4,0,-7,0,0,0,2,0,0,0,0,-2
50.754,0.308,0.7,0.005,1.000,0.015,0.000,0.000,0.000,0.000,0.000,0.152,0.000,0.000,-0.004,0,4,0,-8,0,0,0,2,0,0,0,0,-3
50.771,0.308,0.7,0.005,1.000,0.015,0.000,0.000,0.000,0.000,0.000,0.152,0.000,0.000,-0.004,0,4,0,-8,0,0,0,-1,0,0,0,0,-4
50.793,0.308,0.7,0.005,1.000,0.015,0.000,0.000,0.000,0.000,0.000,0.152,0.000,0.000,-0.004,0,4,0,-8,0,0,0,-2,0,0,0,0,-5
50.814,0.316,0.7,0.006,1.000,0.013,0.000,0.000,0.000,0.000,0.000,0.130,0.000,0.000,-0.004,0,4,0,-9,0,0,0,1,0,0,0,0,-4
50.831,0.316,0.7,0.006,1.000,0.013,0.000,0.000,0.000,0.000,0.000,0.130,0.000,0.000,-0.004,0,4,0,-9,0,0,0,2,0,0,0,0,-3
50.849,0.322,0.7,0.006,1.000,0.018,0.000,0.000,0.000,0.000,0.000,0.177,0.000,0.000,-0.004,0,4,0,-10,0,0,0,1,0,0,0,0,-4
50.865,0.322,0.7,0.006,1.000,0.018,0.000,0.000,0.000,0.000,0.000,0.177,0.000,0.000,-0.004,0,4,0,-10,0,0,0,-1,0,0,0,0,-6
50.886,0.322,0.7,0.006,1.000,0.018,0.000,0.000,0.000,0.000,0.000,0.177,0.000,0.000,-0.004,0,4,0,-10,0,0,0,-2,0,0,0,0,-6
50.902,0.328,0.7,0.007,1.000,0.011,0.000,0.000,0.000,0.000,0.000,0.111,0.000,0.000,-0.004,0,4,0,-11,0,0,0,0,0,0,0,0,-5
50.919,0.328,0.7,0.007,1.000,0.011,0.000,0.000,0.000,0.000,0.000,0.111,0.000,0.000,-0.004,0,4,0,-11,0,0,0,2,0,0,0,0,-4
50.936,0.328,0.7,0.007,1.000,0.011,0.000,0.000,0.000,0.000,0.000,0.111,0.000,0.000,-0.004,0,4,0,-11,0,0,0,2,0,0,0,0,-4
50.957,0.335,0.8,0.007,1.000,0.015,0.000,0.000,0.000,0.000,0.000,0.144,0.000,0.000,-0.004,0,4,0,-11,0,0,0,-2,0,0,0,0,-6
50.975,0.335,0.8,0.007,1.000,0.015,0.000,0.000,0.000,0.000,0.000,0.144,0.000,0.000,-0.004,0,4,0,-11,0,0,0,-2,0,0,0,0,-7
50.992,0.335,0.8,0.007,1.000,0.015,0.000,0.000,0.000,0.000,0.000,0.144,0.000,0.000,-0.004,0,4,0,-11,0,0,0,0,0,0,0,0,-6
51.009,0.341,0.8,0.007,1.000,0.012,0.000,0.000,0.000,0.000,0.000,0.115,0.000,0.000,-0.004,0,4,0,-12,0,0,0,2,0,0,0,0,-5
51.030,0.341,0.8,0.007,1.000,0.012,0.000,0.000,0.000,0.000,0.000,0.115,0.000,0.000,-0.004,0,4,0,-12,0,0,0,1,0,0,0,0,-5
51.047,0.341,0.8,0.007,1.000,0.012,0.000,0.000,0.000,0.000,0.000,0.115,0.000,0.000,-0.004,0,4,0,-12,0,0,0,-1,0,0,0,0,-7
51.064,0.347,0.8,0.007,1.000,0.011,0.000,0.000,0.000,0.000,0.000,0.109,0.000,0.000,-0.005,0,4,0,-12,0,0,0,-2,0,0,0,0,-7
51.080,0.347,0.8,0.007,1.000,0.011,0.000,0.000,0.000,0.000,0.000,0.109,0.000,0.000,-0.005,0,4,0,-12,0,0,0,-1,0,0,0,0,-6
51.101,0.347,0.8,0.007,1.000,0.011,0.000,0.000,0.000,0.000,0.000,0.109,0.000,0.000,-0.005,0,4,0,-12,0,0,0,2,0,0,0,0,-5
51.122,0.355,0.8,0.007,1.000,0.014,0.000,0.000,0.000,0.000,0.000,0.136,0.000,0.000,-0.005,0,4,0,-12,0,0,0,1,0,0,0,0,-5
51.138,0.355,0.8,0.007,1.000,0.014,0.000,0.000,0.000,0.000,0.000,0.136,0.000,0.000,-0.005,0,4,0,-12,0,0,0,-1,0,0,0,0,-7
51.169,0.361,0.8,0.007,1.000,0.013,0.000,0.000,0.000,0.000,0.000,0.127,0.000,0.000,-0.005,0,4,0,-12,0,0,0,-1,0,0,0,0,-7
51.191,0.361,0.8,0.007,1.000,0.013,0.000,0.000,0.000,0.000,0.000,0.127,0.000,0.000,-0.005,0,4,0,-12,0,0,0,2,0,0,0,0,-5
51.215,0.367,0.8,0.007,1.000,0.013,0.000,-0.001,0.000,0.000,0.000,0.130,0.000,0.000,-0.005,0,4,0,-12,0,0,0,1,0,0,0,0,-6
51.246,0.367,0.8,0.007,1.000,0.013,0.000,-0.001,0.000,0.000,0.000,0.130,0.000,0.000,-0.005,0,4,0,-12,0,0,0,-3,0,0,0,0,-7
51.267,0.375,0.8,0.008,1.000,0.016,0.000,-0.001,0.000,0.000,0.000,0.153,0.000,0.000,-0.005,0,4,0,-12,0,0,0,0,0,0,0,0,-6
51.293,0.375,0.8,0.008,1.000,0.016,0.000,-0.001,0.000,0.000,0.000,0.153,0.000,0.000,-0.005,0,4,0,-12,0,0,0,3,0,0,0,0,-5
51.310,0.375,0.8,0.008,1.000,0.016,0.000,-0.001,0.000,0.000,0.000,0.153,0.000,0.000,-0.005,0,4,0,-12,0,0,0,0,0,0,0,0,-6
51.340,0.381,0.9,0.008,1.000,0.008,0.000,-0.001,0.000,0.000,0.000,0.082,0.000,0.000,-0.005,0,4,0,-12,0,0,0,-2,0,0,0,0,-7
51.360,0.381,0.9,0.008,1.000,0.008,0.000,-0.001,0.000,0.000,0.000,0.082,0.000,0.000,-0.005,0,4,0,-12,0,0,0,1,0,0,0,0,-6
51.377,0.387,0.9,0.008,1.000,0.016,0.000,-0.001,0.000,0.000,0.000,0.156,0.000,0.000,-0.005,0,4,0,-13,0,0,0,3,0,0,0,0,-5
51.394,0.387,0.9,0.008,1.000,0.016,0.000,-0.001,0.000,0.000,0.000,0.156,0.000,0.000,-0.005,0,4,0,-13,0,0,0,2,0,0,0,0,-6
51.411,0.387,0.9,0.008,1.000,0.016,0.000,-0.001,0.000,0.000,0.000,0.156,0.000,0.000,-0.005,0,4,0,-13,0,0,0,-2,0,0,0,0,-7
51.432,0.395,0.9,0.008,1.000,0.015,0.000,-0.001,0.000,0.000,0.000,0.145,0.000,0.000,-0.005,0,4,0,-14,0,0,0,-3,0,0,0,0,-8
51.449,0.395,0.9,0.008,1.000,0.015,0.000,-0.001,0.000,0.000,0.000,0.145,0.000,0.000,-0.005,0,4,0,-14,0,0,0,0,0,0,0,0,-7
51.467,0.395,0.9,0.008,1.000,0.015,0.000,-0.001,0.000,0.000,0.000,0.145,0.000,0.000,-0.005,0,4,0,-14,0,0,0,3,0,0,0,0,-5
51.496,0.401,0.9,0.011,1.000,0.010,0.000,-0.001,0.000,0.000,0.000,0.094,0.000,0.000,-0.005,0,4,0,-17,0,0,0,-1,0,0,0,0,-9
51.517,0.401,0.9,0.011,1.000,0.010,0.000,-0.001,0.000,0.000,0.000,0.094,0.000,0.000,-0.005,0,4,0,-17,0,0,0,-3,0,0,0,0,-10
51.543,0.407,0.9,0.016,1.000,0.013,0.000,-0.001,0.000,0.000,0.000,0.125,0.000,0.000,-0.005,0,4,0,-26,0,0,0,1,0,0,0,0,-13
51.560,0.407,0.9,0.016,1.000,0.013,0.000,-0.001,0.000,0.000,0.000,0.125,0.000,0.000,-0.005,0,4,0,-26,0,0,0,3,0,0,0,0,-12
51.577,0.415,0.9,0.026,1.000,0.024,0.000,-0.002,0.000,0.000,0.000,0.232,0.000,0.000,-0.005,0,4,0,-42,0,0,0,2,0,0,0,0,-20
51.599,0.415,0.9,0.026,1.000,0.024,0.000,-0.002,0.000,0.000,0.000,0.232,0.000,0.000,-0.005,0,4,0,-42,0,0,0,-3,0,0,0,0,-22
51.621,0.415,0.9,0.026,1.000,0.024,0.000,-0.002,0.000,0.000,0.000,0.232,0.000,0.000,-0.005,0,4,0,-42,0,0,0,-2,0,0,0,0,-22
51.638,0.421,0.9,0.038,1.000,0.010,0.000,-0.003,0.000,0.000,0.000,0.098,0.000,0.000,-0.005,0,4,0,-62,0,0,0,2,0,0,0,0,-30
51.668,0.421,0.9,0.038,1.000,0.010,0.000,-0.003,0.000,0.000,0.000,0.098,0.000,0.000,-0.005,0,4,0,-62,0,0,0,1,0,0,0,0,-30
51.689,0.427,1.0,0.051,1.000,0.012,0.000,-0.004,0.000,0.000,0.000,0.117,0.000,0.000,-0.006,0,4,0,-83,0,0,0,-3,0,0,0,0,-43
51.705,0.427,1.0,0.051,1.000,0.012,0.000,-0.004,0.000,0.000,0.000,0.117,0.000,0.000,-0.006,0,4,0,-83,0,0,0,-3,0,0,0,0,-43
51.723,0.427,1.0,0.051,1.000,0.012,0.000,-0.004,0.000,0.000,0.000,0.117,0.000,0.000,-0.006,0,4,0,-83,0,0,0,1,0,0,0,0,-41
51.739,0.434,1.0,0.059,1.000,0.016,0.000,-0.005,0.000,0.000,0.000,0.157,0.000,0.000,-0.006,0,4,0,-96,0,0,0,3,0,0,0,0,-46
51.761,0.434,1.0,0.059,1.000,0.016,0.000,-0.005,0.000,0.000,0.000,0.157,0.000,0.000,-0.006,0,4,0,-96,0,0,0,1,0,0,0,0,-47
51.793,0.440,1.0,0.061,1.000,0.011,0.000,-0.005,0.000,0.000,0.000,0.110,0.000,0.000,-0.006,0,4,0,-100,0,0,0,-3,0,0,0,0,-51
51.811,0.440,1.0,0.061,1.000,0.011,0.000,-0.005,0.000,0.000,0.000,0.110,0.000,0.000,-0.006,0,4,0,-100,0,0,0,0,0,0,0,0,-50
51.833,0.440,1.0,0.061,1.000,0.011,0.000,-0.005,0.000,0.000,0.000,0.110,0.000,0.000,-0.006,0,4,0,-100,0,0,0,3,0,0,0,0,-48
51.849,0.446,1.0,0.060,1.000,0.011,0.000,-0.005,0.000,0.000,0.000,0.107,0.000,0.000,-0.006,0,4,0,-99,0,0,0,2,0,0,0,0,-48
51.872,0.446,1.0,0.060,1.000,0.011,0.000,-0.005,0.000,0.000,0.000,0.107,0.000,0.000,-0.006,0,4,0,-99,0,0,0,-3,0,0,0,0,-51
51.889,0.454,1.0,0.059,1.000,0.021,0.000,-0.005,0.000,0.000,0.000,0.202,0.000,0.000,-0.006,0,4,0,-97,0,0,0,-3,0,0,0,0,-50
51.910,0.454,1.0,0.059,1.000,0.021,0.000,-0.005,0.000,0.000,0.000,0.202,0.000,0.000,-0.006,0,4,0,-97,0,0,0,2,0,0,0,0,-48
51.927,0.454,1.0,0.059,1.000,0.021,0.000,-0.005,0.000,0.000,0.000,0.202,0.000,0.000,-0.006,0,4,0,-97,0,0,0,4,0,0,0,0,-47
51.943,0.460,1.0,0.059,1.000,0.011,0.000,-0.005,0.000,0.000,0.000,0.111,0.000,0.000,-0.006,0,4,0,-97,0,0,0,1,0,0,0,0,-48
51.959,0.460,1.0,0.059,1.000,0.011,0.000,-0.005,0.000,0.000,0.000,0.111,0.000,0.000,-0.006,0,4,0,-97,0,0,0,-2,0,0,0,0,-50
51.980,0.460,1.0,0.059,1.000,0.011,0.000,-0.005,0.000,0.000,0.000,0.111,0.000,0.000,-0.006,0,4,0,-97,0,0,0,-3,0,0,0,0,-50
51.997,0.466,1.0,0.059,1.000,0.011,0.000,-0.005,0.000,0.000,0.000,0.107,0.000,0.000,-0.006,0,4,0,-97,0,0,0,1,0,0,0,0,-48
52.014,0.466,1.0,0.059,1.000,0.011,0.000,-0.005,0.000,0.000,0.000,0.107,0.000,0.000,-0.006,0,4,0,-97,0,0,0,3,0,0,0,0,-47
52.031,0.466,1.0,0.059,1.000,0.011,0.000,-0.005,0.000,0.000,0.000,0.107,0.000,0.000,-0.006,0,4,0,-97,0,0,0,2,0,0,0,0,-48
52.051,0.474,1.1,0.059,1.000,0.015,0.000,-0.005,0.000,0.000,0.000,0.148,0.000,0.000,-0.006,0,4,0,-97,0,0,0,-3,0,0,0,0,-50
52.069,0.474,1.1,0.059,1.000,0.015,0.000,-0.005,0.000,0.000,0.000,0.148,0.000,0.000,-0.006,0,4,0,-97,0,0,0,-3,0,0,0,0,-50
52.090,0.474,1.1,0.059,1.000,0.015,0.000,-0.005,0.000,0.000,0.000,0.148,0.000,0.000,-0.006,0,4,0,-97,0,0,0,1,0,0,0,0,-48
52.107,0.480,1.1,0.059,1.000,0.011,0.000,-0.005,0.000,0.000,0.000,0.107,0.000,0.000,-0.006,0,4,0,-98,0,0,0,3,0,0,0,0,-47
52.127,0.480,1.1,0.059,1.000,0.011,0.000,-0.005,0.000,0.000,0.000,0.107,0.000,0.000,-0.006,0,4,0,-98,0,0,0,0,0,0,0,0,-48
52.145,0.480,1.1,0.059,1.000,0.011,0.000,-0.005,0.000,0.000,0.000,0.107,0.000,0.000,-0.006,0,4,0,-98,0,0,0,-3,0,0,0,0,-50
52.169,0.486,1.1,0.059,1.000,0.010,0.000,-0.005,0.000,0.000,0.000,0.096,0.000,0.000,-0.006,0,4,0,-98,0,0,0,-1,0,0,0,0,-49
52.186,0.486,1.1,0.059,1.000,0.010,0.000,-0.005,0.000,0.000,0.000,0.096,0.000,0.000,-0.006,0,4,0,-98,0,0,0,2,0,0,0,0,-47
52.207,0.494,1.1,0.059,1.000,0.021,0.000,-0.005,0.000,0.000,0.000,0.208,0.000,0.000,-0.006,0,4,0,-98,0,0,0,3,0,0,0,0,-47
52.223,0.494,1.1,0.059,1.000,0.021,0.000,-0.005,0.000,0.000,0.000,0.208,0.000,0.000,-0.006,0,4,0,-98,0,0,0,-1,0,0,0,0,-49
52.247,0.494,1.1,0.059,1.000,0.021,0.000,-0.005,0.000,0.000,0.000,0.208,0.000,0.000,-0.006,0,4,0,-98,0,0,0,-4,0,0,0,0,-51
52.264,0.500,1.1,0.059,1.000,0.011,0.000,-0.005,0.000,0.000,0.000,0.105,0.000,0.000,-0.007,0,4,0,-98,0,0,0,0,0,0,0,0,-49
52.286,0.500,1.1,0.059,1.000,0.011,0.000,-0.005,0.000,0.000,0.000,0.105,0.000,0.000,-0.007,0,4,0,-98,0,0,0,4,0,0,0,0,-47
52.303,0.500,1.1,0.059,1.000,0.011,0.000,-0.005,0.000,0.000,0.000,0.105,0.000,0.000,-0.007,0,4,0,-98,0,0,0,2,0,0,0,0,-48
52.320,0.506,1.1,0.059,1.000,0.011,0.000,-0.006,0.005,0.000,0.000,0.106,0.000,0.000,-0.007,0,4,0,-98,0,0,0,-2,0,0,0,0,-50
52.340,0.506,1.1,0.059,1.000,0.011,0.000,-0.006,0.005,0.000,0.000,0.106,0.000,0.000,-0.007,0,4,0,-98,0,0,0,-3,0,0,0,0,-51
52.361,0.514,1.1,0.059,1.000,0.020,0.000,-0.006,0.005,0.000,0.000,0.196,0.000,0.000,-0.007,0,4,0,-98,0,0,0,1,0,0,0,0,-48
52.378,0.514,1.1,0.059,1.000,0.020,0.000,-0.006,0.005,0.000,0.000,0.196,0.000,0.000,-0.007,0,4,0,-98,0,0,0,4,0,0,0,0,-47
52.395,0.514,1.1,0.059,1.000,0.020,0.000,-0.006,0.005,0.000,0.000,0.196,0.000,0.000,-0.007,0,4,0,-98,0,0,0,2,0,0,0,0,-48
52.419,0.520,1.2,0.059,0.942,0.010,0.000,-0.006,0.005,0.000,0.000,0.103,0.000,0.000,-0.007,0,4,0,-98,0,0,0,-3,0,0,0,0,-51
52.441,0.520,1.2,0.059,0.942,0.010,0.000,-0.006,0.005,0.000,0.000,0.103,0.000,0.000,-0.007,0,4,0,-98,0,0,0,-2,0,0,0,0,-50
52.465,0.526,1.2,0.059,0.699,0.013,0.000,-0.006,0.005,0.000,0.000,0.130,0.000,0.000,-0.007,0,4,0,-99,0,0,0,4,0,0,0,0,-47
52.481,0.526,1.2,0.059,0.699,0.013,0.000,-0.006,0.005,0.000,0.000,0.130,0.000,0.000,-0.007,0,4,0,-99,0,0,0,3,0,0,0,0,-48
52.498,0.526,1.2,0.059,0.699,0.013,0.000,-0.006,0.005,0.000,0.000,0.130,0.000,0.000,-0.007,0,4,0,-99,0,0,0,-1,0,0,0,0,-50
52.519,0.534,1.2,0.059,0.531,0.015,0.000,-0.006,0.005,0.000,0.000,0.148,0.000,0.000,-0.007,0,4,0,-99,0,0,0,-4,0,0,0,0,-51
52.536,0.534,1.2,0.059,0.531,0.015,0.000,-0.006,0.005,0.000,0.000,0.148,0.000,0.000,-0.007,0,4,0,-99,0,0,0,-1,0,0,0,0,-50
52.553,0.534,1.2,0.059,0.531,0.015,0.000,-0.006,0.005,0.000,0.000,0.148,0.000,0.000,-0.007,0,4,0,-99,0,0,0,4,0,0,0,0,-47
52.570,0.540,1.2,0.059,0.413,0.012,0.000,-0.006,0.005,0.000,0.000,0.117,0.000,0.000,-0.007,0,4,0,-99,0,0,0,3,0,0,0,0,-48
52.592,0.540,1.2,0.059,0.413,0.012,0.000,-0.006,0.005,0.000,0.000,0.117,0.000,0.000,-0.007,0,4,0,-99,0,0,0,-2,0,0,0,0,-50
52.621,0.546,1.2,0.059,0.336,0.012,0.000,-0.006,0.005,0.000,0.000,0.115,0.000,0.000,-0.007,0,4,0,-99,0,0,0,-2,0,0,0,0,-50
52.639,0.546,1.2,0.059,0.336,0.012,0.000,-0.006,0.005,0.000,0.000,0.115,0.000,0.000,-0.007,0,4,0,-99,0,0,0,2,0,0,0,0,-48
52.669,0.546,1.2,0.059,0.336,0.012,0.000,-0.006,0.005,0.000,0.000,0.115,0.000,0.000,-0.007,0,4,0,-99,0,0,0,2,0,0,0,0,-49
52.691,0.067,0.1,0.059,0.288,-0.699,0.000,-0.003,0.000,0.000,0.000,6.855,0.000,0.000,-0.001,0,4,0,-87,0,0,-2200,-4,0,0,0,0,-80
52.715,0.067,0.1,0.059,0.288,-0.699,0.000,-0.003,0.000,0.000,0.000,6.855,0.000,0.000,-0.001,0,4,0,-87,0,0,-2200,-2,0,0,0,0,-110
52.731,0.181,0.4,0.059,0.216,0.290,0.000,-0.001,0.000,0.000,0.000,6.166,0.000,0.000,0.002,0,4,0,-90,0,0,0,8,0,0,0,0,-84
52.748,0.181,0.4,0.059,0.216,0.290,0.000,-0.001,0.000,0.000,0.000,6.166,0.000,0.000,0.002,0,4,0,-90,0,0,0,10,0,0,0,0,-61
52.768,0.181,0.4,0.059,0.216,0.290,0.000,-0.001,0.000,0.000,0.000,6.166,0.000,0.000,0.002,0,4,0,-90,0,0,0,-2,0,0,0,0,-46
52.793,0.337,0.8,0.059,0.135,0.256,0.000,0.002,0.000,0.000,0.000,2.515,0.000,0.000,0.004,0,4,0,-94,0,0,0,-9,0,0,0,0,-52
52.811,0.337,0.8,0.059,0.135,0.256,0.000,0.002,0.000,0.000,0.000,2.515,0.000,0.000,0.004,0,4,0,-94,0,0,0,0,0,0,0,0,-47
52.827,0.435,1.0,0.059,0.064,0.298,0.000,0.004,0.000,0.000,0.000,2.925,0.000,0.000,0.006,0,4,0,-96,0,0,0,12,0,0,0,0,-42
52.850,0.435,1.0,0.059,0.064,0.298,0.000,0.004,0.000,0.000,0.000,2.925,0.000,0.000,0.006,0,4,0,-96,0,0,0,6,0,0,0,0,-45
52.871,0.435,1.0,0.059,0.064,0.298,0.000,0.004,0.000,0.000,0.000,2.925,0.000,0.000,0.006,0,4,0,-96,0,0,0,-12,0,0,0,0,-54
52.888,0.462,1.0,0.059,0.026,0.045,0.000,0.005,0.000,0.000,0.000,0.441,0.000,0.000,0.006,0,4,0,-97,0,0,0,-4,0,0,0,0,-51
52.905,0.462,1.0,0.059,0.026,0.045,0.000,0.005,0.000,0.000,0.000,0.441,0.000,0.000,0.006,0,4,0,-97,0,0,0,1,0,0,0,0,-48
52.926,0.462,1.0,0.059,0.026,0.045,0.000,0.005,0.000,0.000,0.000,0.441,0.000,0.000,0.006,0,4,0,-97,0,0,0,5,0,0,0,0,-46
52.943,0.469,1.0,0.059,0.010,0.013,0.000,0.005,0.000,0.000,0.000,0.129,0.000,0.000,0.006,0,4,0,-97,0,0,0,1,0,0,0,0,-48
52.965,0.469,1.0,0.059,0.010,0.013,0.000,0.005,0.000,0.000,0.000,0.129,0.000,0.000,0.006,0,4,0,-97,0,0,0,-3,0,0,0,0,-50
52.997,0.471,1.1,0.059,0.006,0.003,0.000,0.005,0.000,0.000,0.000,0.034,0.000,0.000,0.006,0,4,0,-97,0,0,0,1,0,0,0,0,-48
53.019,0.471,1.1,0.059,0.006,0.003,0.000,0.005,0.000,0.000,0.000,0.034,0.000,0.000,0.006,0,4,0,-97,0,0,0,3,0,0,0,0,-47
53.043,0.468,1.0,0.059,0.003,-0.005,0.000,0.005,0.000,0.000,0.000,0.054,0.000,0.000,0.006,0,4,0,-97,0,0,0,-1,0,0,0,0,-49
53.061,0.468,1.0,0.059,0.003,-0.005,0.000,0.005,0.000,0.000,0.000,0.054,0.000,0.000,0.006,0,4,0,-97,0,0,0,-3,0,0,0,0,-50
53.090,0.464,1.0,0.059,0.002,-0.009,0.000,0.005,0.000,0.000,0.000,0.087,0.000,0.000,0.006,0,4,0,-97,0,0,0,1,0,0,0,0,-48
53.111,0.464,1.0,0.059,0.002,-0.009,0.000,0.005,0.000,0.000,0.000,0.087,0.000,0.000,0.006,0,4,0,-97,0,0,0,3,0,0,0,0,-47
53.129,0.464,1.0,0.059,0.002,-0.009,0.000,0.005,0.000,0.000,0.000,0.087,0.000,0.000,0.006,0,4,0,-97,0,0,0,0,0,0,0,0,-49
53.145,0.460,1.0,0.059,0.002,-0.008,0.000,0.005,0.000,0.000,0.000,0.080,0.000,0.000,0.006,0,4,0,-97,0,0,0,-3,0,0,0,0,-50
53.169,0.460,1.0,0.059,0.002,-0.008,0.000,0.005,0.000,0.000,0.000,0.080,0.000,0.000,0.006,0,4,0,-97,0,0,0,-1,0,0,0,0,-49
53.190,0.460,1.0,0.059,0.002,-0.008,0.000,0.005,0.000,0.000,0.000,0.080,0.000,0.000,0.006,0,4,0,-97,0,0,0,3,0,0,0,0,-47
53.207,0.475,1.1,0.059,0.017,0.025,0.000,0.005,0.000,0.000,0.000,0.243,0.000,0.000,0.006,0,4,0,-97,0,0,0,3,0,0,0,0,-47
53.224,0.475,1.1,0.059,0.017,0.025,0.000,0.005,0.000,0.000,0.000,0.243,0.000,0.000,0.006,0,4,0,-97,0,0,0,-1,0,0,0,0,-49
53.246,0.558,1.2,0.059,0.072,0.215,0.000,0.005,0.005,0.000,0.000,2.108,0.000,0.000,0.007,0,4,0,-99,0,0,0,-14,0,0,0,0,-57
53.268,0.558,1.2,0.059,0.072,0.215,0.000,0.005,0.005,0.000,0.000,2.108,0.000,0.000,0.007,0,4,0,-99,0,0,0,2,0,0,0,0,-49
53.293,0.558,1.2,0.059,0.072,0.215,0.000,0.005,0.005,0.000,0.000,2.108,0.000,0.000,0.007,0,4,0,-99,0,0,0,13,0,0,0,0,-43
53.310,0.716,1.6,0.059,0.095,0.254,0.001,0.007,0.007,0.000,0.000,2.490,0.000,0.000,0.009,0,4,0,-103,-1,0,0,2,0,0,0,0,-51
53.340,0.716,1.6,0.059,0.095,0.254,0.001,0.007,0.007,0.000,0.000,2.490,0.000,0.000,0.009,0,4,0,-103,-1,0,0,-18,0,0,0,0,-61
53.361,0.840,1.9,0.059,0.098,0.246,0.001,0.008,0.008,0.000,0.000,2.415,0.000,0.000,0.011,0,4,0,-106,-1,0,0,7,0,0,0,0,-50
53.378,0.840,1.9,0.059,0.098,0.246,0.001,0.008,0.008,0.000,0.000,2.415,0.000,0.000,0.011,0,4,0,-106,-1,0,0,23,0,0,0,0,-42
53.395,0.840,1.9,0.059,0.098,0.246,0.001,0.008,0.008,0.000,0.000,2.415,0.000,0.000,0.011,0,4,0,-106,-1,0,0,11,0,0,0,0,-48
53.412,0.970,2.2,0.059,0.100,0.261,0.001,0.009,0.009,0.000,0.000,2.562,0.000,0.000,0.013,0,4,0,-110,-1,0,0,-18,0,0,0,0,-64
53.433,0.970,2.2,0.059,0.100,0.261,0.001,0.009,0.009,0.000,0.000,2.562,0.000,0.000,0.013,0,4,0,-110,-1,0,0,-25,0,0,0,0,-68
53.464,1.180,2.6,0.059,0.128,0.412,0.001,0.012,0.011,0.000,0.000,4.039,0.000,0.000,0.015,0,4,0,-115,-2,0,0,46,0,0,0,0,-35
53.481,1.180,2.6,0.059,0.128,0.412,0.001,0.012,0.011,0.000,0.000,4.039,0.000,0.000,0.015,0,4,0,-115,-2,0,0,38,0,0,0,0,-39
53.498,1.180,2.6,0.059,0.128,0.412,0.001,0.012,0.011,0.000,0.000,4.039,0.000,0.000,0.015,0,4,0,-115,-2,0,0,-16,0,0,0,0,-66
53.519,1.401,3.1,0.059,0.198,0.408,0.002,0.013,0.013,0.000,0.000,3.999,0.000,0.000,0.018,0,4,0,-120,-2,0,0,-58,0,0,0,0,-90
53.543,1.401,3.1,0.059,0.198,0.408,0.002,0.013,0.013,0.000,0.000,3.999,0.000,0.000,0.018,0,4,0,-120,-2,0,0,20,0,0,0,0,-51
53.561,1.719,3.8,0.059,0.319,0.778,0.003,0.016,0.017,0.000,0.000,7.628,0.000,0.000,0.022,0,4,0,-128,-3,0,0,129,0,0,0,0,-1
53.590,1.719,3.8,0.059,0.319,0.778,0.003,0.016,0.017,0.000,0.000,7.628,0.000,0.000,0.022,0,4,0,-128,-3,0,0,-53,0,0,0,0,-92
53.612,2.130,4.8,0.059,0.383,0.824,0.005,0.021,0.020,0.000,0.000,8.083,0.000,0.000,0.028,0,4,0,-138,-6,0,0,-160,0,0,0,0,-1038
53.629,2.130,4.8,0.059,0.383,0.824,0.005,0.021,0.020,0.000,0.000,8.083,0.000,0.000,0.028,0,4,0,-138,-6,0,0,-7,0,0,0,0,-75
53.646,2.130,4.8,0.059,0.383,0.824,0.005,0.021,0.020,0.000,0.000,8.083,0.000,0.000,0.028,0,4,0,-138,-6,0,0,154,0,0,0,0,5
53.668,2.520,5.6,0.059,0.534,0.703,0.006,0.023,0.024,0.000,0.000,6.895,0.000,0.000,0.033,0,4,0,-147,-7,0,0,77,0,0,0,0,-38
53.689,2.520,5.6,0.059,0.534,0.703,0.006,0.023,0.024,0.000,0.000,6.895,0.000,0.000,0.033,0,4,0,-147,-7,0,0,-148,0,0,0,0,-1037
53.706,2.520,5.6,0.059,0.534,0.703,0.006,0.023,0.024,0.000,0.000,6.895,0.000,0.000,0.033,0,4,0,-147,-7,0,0,-148,0,0,0,0,-1037
53.723,2.883,6.4,0.058,0.563,0.671,0.008,0.028,0.027,0.000,0.000,6.587,0.000,0.000,0.037,0,4,0,-155,-10,0,0,41,0,0,0,0,-62
53.746,2.883,6.4,0.058,0.563,0.671,0.008,0.028,0.027,0.000,0.000,6.587,0.000,0.000,0.037,0,4,0,-155,-10,0,0,190,0,0,0,0,13
53.768,3.368,7.5,0.058,0.638,1.103,0.012,0.034,0.032,0.000,0.000,10.817,0.000,0.000,0.043,0,4,0,-165,-14,0,0,-57,0,0,0,0,-118
53.793,3.368,7.5,0.058,0.638,1.103,0.012,0.034,0.032,0.000,0.000,10.817,0.000,0.000,0.043,0,4,0,-165,-14,0,0,-313,0,0,0,0,-1123
53.810,3.368,7.5,0.058,0.638,1.103,0.012,0.034,0.032,0.000,0.000,10.817,0.000,0.000,0.043,0,4,0,-165,-14,0,0,-20,0,0,0,0,-99
53.840,3.720,8.3,0.057,0.670,0.496,0.014,0.036,0.035,0.000,0.000,4.868,0.000,0.000,0.048,0,4,0,-172,-17,0,0,180,0,0,0,0,-4
53.861,3.720,8.3,0.057,0.670,0.496,0.014,0.036,0.035,0.000,0.000,4.868,0.000,0.000,0.048,0,4,0,-172,-17,0,0,-63,0,0,0,0,-126
53.879,4.040,9.0,0.057,0.670,0.847,0.017,0.040,0.038,0.000,0.000,8.315,0.000,0.000,0.052,0,4,0,-180,-20,0,0,-342,0,0,0,0,-1145
53.895,4.040,9.0,0.057,0.670,0.847,0.017,0.040,0.038,0.000,0.000,8.315,0.000,0.000,0.052,0,4,0,-180,-20,0,0,-154,0,0,0,0,-1060
53.918,4.040,9.0,0.057,0.670,0.847,0.017,0.040,0.038,0.000,0.000,8.315,0.000,0.000,0.052,0,4,0,-180,-20,0,0,302,0,0,0,0,51
53.940,4.436,9.9,0.056,0.657,0.667,0.020,0.045,0.041,0.000,0.000,6.551,0.000,0.000,0.057,0,4,0,-186,-25,0,0,164,0,0,0,0,-23
53.965,4.436,9.9,0.056,0.657,0.667,0.020,0.045,0.041,0.000,0.000,6.551,0.000,0.000,0.057,0,4,0,-186,-25,0,0,-291,0,0,0,0,-1127
53.982,4.698,10.5,0.056,0.610,0.628,0.022,0.047,0.043,0.000,0.000,6.170,0.000,0.000,0.060,0,4,0,-192,-27,0,0,-218,0,0,0,0,-1097
53.998,4.698,10.5,0.056,0.610,0.628,0.022,0.047,0.043,0.000,0.000,6.170,0.000,0.000,0.060,0,4,0,-192,-27,0,0,112,0,0,0,0,-53
54.019,4.698,10.5,0.056,0.610,0.628,0.022,0.047,0.043,0.000,0.000,6.170,0.000,0.000,0.060,0,4,0,-192,-27,0,0,305,0,0,0,0,43
54.043,4.954,11.1,0.055,0.607,0.425,0.025,0.049,0.045,0.000,0.000,4.721,0.000,0.000,-0.076,0,4,0,-194,-30,0,0,-92,0,0,0,0,-1043
54.060,4.954,11.1,0.055,0.607,0.425,0.025,0.049,0.045,0.000,0.000,4.721,0.000,0.000,-0.076,0,4,0,-194,-30,0,0,-275,0,0,0,0,-1125
54.090,5.273,11.8,0.054,0.607,0.699,0.028,0.052,0.047,0.000,0.000,6.864,0.000,0.000,-0.081,0,4,0,-199,-34,0,0,157,0,0,0,0,-38
54.112,5.273,11.8,0.054,0.607,0.699,0.028,0.052,0.047,0.000,0.000,6.864,0.000,0.000,-0.081,0,4,0,-199,-34,0,0,370,0,0,0,0,69
54.129,5.511,12.3,0.053,0.607,0.614,0.029,0.052,0.047,0.000,0.000,6.029,0.000,0.000,-0.085,0,4,0,-197,-36,0,0,0,0,0,0,0,-117
54.146,5.511,12.3,0.053,0.607,0.614,0.029,0.052,0.047,0.000,0.000,6.029,0.000,0.000,-0.085,0,4,0,-197,-36,0,0,-346,0,0,0,0,-1162
54.162,5.511,12.3,0.053,0.607,0.614,0.029,0.052,0.047,0.000,0.000,6.029,0.000,0.000,-0.085,0,4,0,-197,-36,0,0,-286,0,0,0,0,-1134
54.185,5.710,12.8,0.049,0.528,0.365,0.030,0.051,0.046,0.000,0.000,3.588,0.000,0.000,-0.089,0,4,0,-188,-36,0,0,175,0,0,0,0,-25
54.202,5.710,12.8,0.049,0.528,0.365,0.030,0.051,0.046,0.000,0.000,3.588,0.000,0.000,-0.089,0,4,0,-188,-36,0,0,256,0,0,0,0,16
54.219,5.710,12.8,0.049,0.528,0.365,0.030,0.051,0.046,0.000,0.000,3.588,0.000,0.000,-0.089,0,4,0,-188,-36,0,0,16,0,0,0,0,-104
54.246,5.898,13.2,0.044,0.400,0.313,0.029,0.048,0.042,0.000,0.000,3.083,-0.378,0.189,-0.092,0,4,0,-172,-35,0,0,-246,0,0,0,0,-1105
54.268,5.898,13.2,0.044,0.400,0.313,0.029,0.048,0.042,0.000,0.000,3.083,-0.378,0.189,-0.092,0,4,0,-172,-35,0,0,44,0,0,0,0,-82
54.294,6.001,13.4,0.038,0.288,0.220,0.026,0.042,0.037,0.000,0.000,2.176,-0.047,0.023,-0.093,0,4,0,-151,-31,0,0,196,0,0,0,0,7
54.311,6.001,13.4,0.038,0.288,0.220,0.026,0.042,0.037,0.000,0.000,2.176,-0.047,0.023,-0.093,0,4,0,-151,-31,0,0,5,0,0,0,0,-89
54.327,6.001,13.4,0.038,0.288,0.220,0.026,0.042,0.037,0.000,0.000,2.176,-0.047,0.023,-0.093,0,4,0,-151,-31,0,0,-189,0,0,0,0,-1068
54.351,6.058,13.6,0.032,0.173,0.103,0.022,0.036,0.032,0.000,0.000,1.030,0.253,-0.126,-0.095,0,4,0,-127,-27,0,0,-61,0,0,0,0,-108
54.371,6.058,13.6,0.032,0.173,0.103,0.022,0.036,0.032,0.000,0.000,1.030,0.253,-0.126,-0.095,0,4,0,-127,-27,0,0,129,0,0,0,0,-13
54.388,6.058,13.6,0.032,0.173,0.103,0.022,0.036,0.032,0.000,0.000,1.030,0.253,-0.126,-0.095,0,4,0,-127,-27,0,0,123,0,0,0,0,-16
54.418,6.066,13.6,0.025,0.050,0.012,0.018,0.029,0.025,0.000,0.000,0.190,-0.161,0.081,-0.095,0,4,0,-100,-21,0,0,-95,0,0,0,0,-108
54.439,6.066,13.6,0.025,0.050,0.012,0.018,0.029,0.025,0.000,0.000,0.190,-0.161,0.081,-0.095,0,4,0,-100,-21,0,0,-58,0,0,0,0,-90
54.456,6.035,13.5,0.019,0.001,-0.085,0.013,0.022,0.019,0.000,0.000,8.488,-0.441,0.221,0.225,0,4,0,-76,-16,0,-310,343,0,0,0,0,89
54.472,6.035,13.5,0.019,0.001,-0.085,0.013,0.022,0.019,0.000,0.000,8.488,-0.441,0.221,0.225,0,4,0,-76,-16,0,-310,630,0,0,0,0,1092
54.488,6.035,13.5,0.019,0.001,-0.085,0.013,0.022,0.019,0.000,0.000,8.488,-0.441,0.221,0.225,0,4,0,-76,-16,0,-310,201,0,0,0,0,-24
54.510,6.000,13.4,0.015,0.000,-0.066,0.010,0.017,0.015,0.000,0.000,0.677,-0.690,0.056,0.224,0,4,0,-59,-13,0,-243,-196,0,0,0,0,-1126
54.540,6.000,13.4,0.015,0.000,-0.066,0.010,0.017,0.015,0.000,0.000,0.677,-0.690,0.056,0.224,0,4,0,-59,-13,0,-243,28,0,0,0,0,-144
54.558,5.922,13.2,0.012,0.000,-0.165,0.008,0.014,0.012,0.000,0.000,1.672,-0.222,-0.143,0.220,0,4,0,-49,-10,0,-605,256,0,0,0,0,-53
54.590,5.922,13.2,0.012,0.000,-0.165,0.008,0.014,0.012,0.000,0.000,1.672,-0.222,-0.143,0.220,0,4,0,-49,-10,0,-605,-105,0,0,0,0,-1149
54.612,5.866,13.1,0.010,0.000,-0.105,0.007,0.012,0.010,0.000,0.000,1.039,0.094,-0.277,0.217,0,4,0,-41,-8,0,-386,-211,0,0,0,0,-1192
54.629,5.866,13.1,0.010,0.000,-0.105,0.007,0.012,0.010,0.000,0.000,1.039,0.094,-0.277,0.217,0,4,0,-41,-8,0,-386,0,0,0,0,0,-1097
54.647,5.866,13.1,0.010,0.000,-0.105,0.007,0.012,0.010,0.000,0.000,1.039,0.094,-0.277,0.217,0,4,0,-41,-8,0,-386,211,0,0,0,0,-112
54.664,5.812,13.0,0.008,0.000,-0.105,0.005,0.009,0.008,0.000,0.000,1.030,0.380,-0.399,0.215,0,4,0,-31,-6,0,-385,153,0,0,0,0,-135
54.685,5.812,13.0,0.008,0.000,-0.105,0.005,0.009,0.008,0.000,0.000,1.030,0.380,-0.399,0.215,0,4,0,-31,-6,0,-385,-149,0,0,0,0,-1159
54.716,5.748,12.9,0.006,0.000,-0.125,0.004,0.007,0.006,0.000,0.000,1.232,0.000,0.000,0.213,0,4,0,-24,-5,0,-459,-69,0,0,0,0,-1153
54.746,5.748,12.9,0.006,0.000,-0.125,0.004,0.007,0.006,0.000,0.000,1.232,0.000,0.000,0.213,0,4,0,-24,-5,0,-459,224,0,0,0,0,-132
54.768,5.710,12.8,0.005,0.000,-0.077,0.003,0.005,0.005,0.000,0.000,0.751,0.000,0.000,0.212,0,4,0,-19,-4,0,-281,-24,0,0,0,0,-1106
54.794,5.710,12.8,0.005,0.000,-0.077,0.003,0.005,0.005,0.000,0.000,0.751,0.000,0.000,0.212,0,4,0,-19,-4,0,-281,-188,0,0,0,0,-1150
54.811,5.672,12.7,0.004,0.000,-0.088,0.003,0.004,0.004,0.000,0.000,0.866,0.000,0.000,0.210,0,4,0,-16,-3,0,-324,3,0,0,0,0,-1054
54.840,5.672,12.7,0.004,0.000,-0.088,0.003,0.004,0.004,0.000,0.000,0.866,0.000,0.000,0.210,0,4,0,-16,-3,0,-324,185,0,0,0,0,-79
54.861,5.619,12.6,0.004,0.000,-0.107,0.002,0.004,0.003,0.000,0.000,1.047,0.000,0.000,0.208,0,4,0,-14,-3,0,-391,-67,0,0,0,0,-1110
54.879,5.619,12.6,0.004,0.000,-0.107,0.002,0.004,0.003,0.000,0.000,1.047,0.000,0.000,0.208,0,4,0,-14,-3,0,-391,-211,0,0,0,0,-1180
54.896,5.619,12.6,0.004,0.000,-0.107,0.002,0.004,0.003,0.000,0.000,1.047,0.000,0.000,0.208,0,4,0,-14,-3,0,-391,-89,0,0,0,0,-1125
54.918,5.584,12.5,0.003,0.000,-0.063,0.002,0.004,0.003,0.000,0.000,0.622,0.000,0.000,0.207,0,4,0,-13,-3,0,-232,170,0,0,0,0,-90
54.940,5.584,12.5,0.003,0.000,-0.063,0.002,0.004,0.003,0.000,0.000,0.622,0.000,0.000,0.207,0,4,0,-13,-3,0,-232,98,0,0,0,0,-98
54.956,5.584,12.5,0.003,0.000,-0.063,0.002,0.004,0.003,0.000,0.000,0.622,0.000,0.000,0.207,0,4,0,-13,-3,0,-232,-107,0,0,0,0,-1062
54.973,5.549,12.4,0.003,0.000,-0.065,0.002,0.004,0.003,0.000,0.000,0.634,0.000,0.000,0.206,0,4,0,-13,-3,0,-237,-183,0,0,0,0,-1097
54.996,5.549,12.4,0.003,0.000,-0.065,0.002,0.004,0.003,0.000,0.000,0.634,0.000,0.000,0.206,0,4,0,-13,-3,0,-237,44,0,0,0,0,-104
55.018,5.501,12.3,0.003,0.000,-0.110,0.002,0.004,0.003,0.000,0.000,1.080,0.000,0.000,0.204,0,4,0,-13,-2,0,-404,205,0,0,0,0,-51
55.043,5.501,12.3,0.003,0.000,-0.110,0.002,0.004,0.003,0.000,0.000,1.080,0.000,0.000,0.204,0,4,0,-13,-2,0,-404,-68,0,0,0,0,-1100
55.061,5.501,12.3,0.003,0.000,-0.110,0.002,0.004,0.003,0.000,0.000,1.080,0.000,0.000,0.204,0,4,0,-13,-2,0,-404,-206,0,0,0,0,-1182
55.090,5.468,12.2,0.003,0.000,-0.047,0.002,0.004,0.003,0.000,0.000,0.459,0.000,0.000,0.203,0,4,0,-13,-2,0,0,70,0,0,0,0,-137
55.111,5.468,12.2,0.003,0.000,-0.047,0.002,0.004,0.003,0.000,0.000,0.459,0.000,0.000,0.203,0,4,0,-13,-2,0,0,167,0,0,0,0,-61
55.128,5.436,12.2,0.003,0.000,-0.086,0.002,0.004,0.003,0.000,0.000,0.840,0.000,0.000,0.201,0,4,0,-13,-2,0,-314,13,0,0,0,0,-1043
55.146,5.436,12.2,0.003,0.000,-0.086,0.002,0.004,0.003,0.000,0.000,0.840,0.000,0.000,0.201,0,4,0,-13,-2,0,-314,-173,0,0,0,0,-1127
55.169,5.436,12.2,0.003,0.000,-0.086,0.002,0.004,0.003,0.000,0.000,0.840,0.000,0.000,0.201,0,4,0,-13,-2,0,-314,-76,0,0,0,0,-1084
55.191,5.391,12.1,0.003,0.000,-0.074,0.002,0.003,0.003,0.000,0.000,0.724,0.000,0.000,0.200,0,4,0,-13,-2,0,-271,162,0,0,0,0,-62
55.215,5.391,12.1,0.003,0.000,-0.074,0.002,0.003,0.003,0.000,0.000,0.724,0.000,0.000,0.200,0,4,0,-13,-2,0,-271,67,0,0,0,0,-109
55.246,5.358,12.0,0.003,0.000,-0.060,0.002,0.003,0.003,0.000,0.000,0.588,0.000,0.000,0.199,0,4,0,-13,-2,0,-220,-171,0,0,0,0,-1084
55.268,5.358,12.0,0.003,0.000,-0.060,0.002,0.003,0.003,0.000,0.000,0.588,0.000,0.000,0.199,0,4,0,-13,-2,0,-220,21,0,0,0,0,-107
55.293,5.326,11.9,0.003,0.000,-0.070,0.002,0.003,0.003,0.000,0.000,0.691,0.000,0.000,0.197,0,4,0,-12,-2,0,-258,169,0,0,0,0,-52
55.310,5.326,11.9,0.003,0.000,-0.070,0.002,0.003,0.003,0.000,0.000,0.691,0.000,0.000,0.197,0,4,0,-12,-2,0,-258,17,0,0,0,0,-128
55.341,5.282,11.8,0.003,0.000,-0.093,0.002,0.003,0.003,0.000,0.000,0.911,0.000,0.000,0.196,0,4,0,-13,-2,0,-340,-164,0,0,0,0,-1134
55.362,5.282,11.8,0.003,0.000,-0.093,0.002,0.003,0.003,0.000,0.000,0.911,0.000,0.000,0.196,0,4,0,-13,-2,0,-340,69,0,0,0,0,-143
55.379,5.250,11.7,0.003,0.000,-0.087,0.002,0.003,0.003,0.000,0.000,0.854,0.000,0.000,0.194,0,4,0,-12,-2,0,-319,181,0,0,0,0,-77
55.396,5.250,11.7,0.003,0.000,-0.087,0.002,0.003,0.003,0.000,0.000,0.854,0.000,0.000,0.194,0,4,0,-12,-2,0,-319,70,0,0,0,0,-132
55.418,5.250,11.7,0.003,0.000,-0.087,0.002,0.003,0.003,0.000,0.000,0.854,0.000,0.000,0.194,0,4,0,-12,-2,0,-319,-163,0,0,0,0,-1125
55.440,5.217,11.7,0.003,0.000,-0.055,0.002,0.003,0.003,0.000,0.000,0.536,0.000,0.000,0.193,0,4,0,-13,-2,0,-200,-87,0,0,0,0,-1066
55.465,5.217,11.7,0.003,0.000,-0.055,0.002,0.003,0.003,0.000,0.000,0.536,0.000,0.000,0.193,0,4,0,-13,-2,0,-200,155,0,0,0,0,-30
55.496,5.206,11.6,0.003,0.000,-0.020,0.002,0.003,0.003,0.000,0.000,4.830,0.000,0.000,-0.082,0,4,0,-12,-2,0,0,-70,0,0,0,0,-102
55.518,5.206,11.6,0.003,0.000,-0.020,0.002,0.003,0.003,0.000,0.000,4.830,0.000,0.000,-0.082,0,4,0,-12,-2,0,0,-294,0,0,0,0,-1068
55.543,5.198,11.6,0.003,0.000,-0.016,0.002,0.003,0.003,0.000,0.000,0.163,0.000,0.000,-0.082,0,4,0,-12,-2,0,0,25,0,0,0,0,5
55.560,5.198,11.6,0.003,0.000,-0.016,0.002,0.003,0.003,0.000,0.000,0.163,0.000,0.000,-0.082,0,4,0,-12,-2,0,0,83,0,0,0,0,34
55.576,5.198,11.6,0.003,0.000,-0.016,0.002,0.003,0.003,0.000,0.000,0.163,0.000,0.000,-0.082,0,4,0,-12,-2,0,0,41,0,0,0,0,13
55.598,5.179,11.6,0.004,0.000,-0.037,0.002,0.003,0.003,0.000,0.000,2.675,0.000,0.000,0.064,0,4,0,-13,-2,0,0,-154,0,0,0,0,-84
55.621,5.179,11.6,0.004,0.000,-0.037,0.002,0.003,0.003,0.000,0.000,2.675,0.000,0.000,0.064,0,4,0,-13,-2,0,0,-98,0,0,0,0,-57
55.639,5.152,11.5,0.004,0.000,-0.067,0.002,0.004,0.003,0.000,0.000,0.658,0.000,0.000,0.064,0,4,0,-14,-2,0,-245,58,0,0,0,0,-1
55.655,5.152,11.5,0.004,0.000,-0.067,0.002,0.004,0.003,0.000,0.000,0.658,0.000,0.000,0.064,0,4,0,-14,-2,0,-245,93,0,0,0,0,-5
55.676,5.152,11.5,0.004,0.000,-0.067,0.002,0.004,0.003,0.000,0.000,0.658,0.000,0.000,0.064,0,4,0,-14,-2,0,-245,-7,0,0,0,0,-82
55.693,5.132,11.5,0.005,0.000,-0.038,0.002,0.004,0.004,0.000,0.000,0.370,0.000,0.000,0.063,0,4,0,-16,-3,0,0,-78,0,0,0,0,-94
55.711,5.132,11.5,0.005,0.000,-0.038,0.002,0.004,0.004,0.000,0.000,0.370,0.000,0.000,0.063,0,4,0,-16,-3,0,0,-48,0,0,0,0,-57
55.727,5.132,11.5,0.005,0.000,-0.038,0.002,0.004,0.004,0.000,0.000,0.370,0.000,0.000,0.063,0,4,0,-16,-3,0,0,36,0,0,0,0,6
55.748,5.112,11.4,0.006,0.000,-0.037,0.003,0.006,0.005,0.000,0.000,0.364,0.000,0.000,0.063,0,4,0,-21,-4,0,0,75,0,0,0,0,25
55.765,5.112,11.4,0.006,0.000,-0.037,0.003,0.006,0.005,0.000,0.000,0.364,0.000,0.000,0.063,0,4,0,-21,-4,0,0,2,0,0,0,0,-11
55.793,5.112,11.4,0.006,0.000,-0.037,0.003,0.006,0.005,0.000,0.000,0.364,0.000,0.000,0.063,0,4,0,-21,-4,0,0,-76,0,0,0,0,-50
55.810,5.084,11.4,0.007,0.000,-0.046,0.004,0.007,0.006,0.000,0.000,0.455,0.000,0.000,0.063,0,4,0,-26,-4,0,0,-4,0,0,0,0,-18
55.831,5.084,11.4,0.007,0.000,-0.046,0.004,0.007,0.006,0.000,0.000,0.455,0.000,0.000,0.063,0,4,0,-26,-4,0,0,83,0,0,0,0,26
55.848,5.063,11.3,0.009,0.000,-0.056,0.004,0.008,0.007,0.000,0.000,0.548,0.000,0.000,0.062,0,4,0,-31,-5,0,-204,47,0,0,0,0,-14
55.865,5.063,11.3,0.009,0.000,-0.056,0.004,0.008,0.007,0.000,0.000,0.548,0.000,0.000,0.062,0,4,0,-31,-5,0,-204,-48,0,0,0,0,-83
55.882,5.063,11.3,0.009,0.000,-0.056,0.004,0.008,0.007,0.000,0.000,0.548,0.000,0.000,0.062,0,4,0,-31,-5,0,-204,-86,0,0,0,0,-124
55.904,5.042,11.3,0.012,0.000,-0.038,0.006,0.011,0.009,0.000,0.000,0.380,0.000,0.000,0.062,0,4,0,-41,-7,0,0,9,0,0,0,0,-49
55.921,5.042,11.3,0.012,0.000,-0.038,0.006,0.011,0.009,0.000,0.000,0.380,0.000,0.000,0.062,0,4,0,-41,-7,0,0,77,0,0,0,0,8
55.937,5.042,11.3,0.012,0.000,-0.038,0.006,0.011,0.009,0.000,0.000,0.380,0.000,0.000,0.062,0,4,0,-41,-7,0,0,51,0,0,0,0,2
55.965,5.014,11.2,0.016,0.000,-0.047,0.008,0.015,0.013,0.000,0.000,0.469,0.000,0.000,0.062,0,4,0,-56,-9,0,0,-77,0,0,0,0,-71
55.986,5.014,11.2,0.016,0.000,-0.047,0.008,0.015,0.013,0.000,0.000,0.469,0.000,0.000,0.062,0,4,0,-56,-9,0,0,-38,0,0,0,0,-52
56.002,5.014,11.2,0.016,0.000,-0.047,0.008,0.015,0.013,0.000,0.000,0.469,0.000,0.000,0.062,0,4,0,-56,-9,0,0,50,0,0,0,0,-8
56.019,4.993,11.2,0.019,0.000,-0.039,0.009,0.018,0.015,0.000,0.000,0.391,0.000,0.000,0.061,0,4,0,-66,-11,0,0,77,0,0,0,0,0
56.035,4.993,11.2,0.019,0.000,-0.039,0.009,0.018,0.015,0.000,0.000,0.391,0.000,0.000,0.061,0,4,0,-66,-11,0,0,19,0,0,0,0,-29
56.051,4.993,11.2,0.019,0.000,-0.039,0.009,0.018,0.015,0.000,0.000,0.391,0.000,0.000,0.061,0,4,0,-66,-11,0,0,-62,0,0,0,0,-69
56.073,4.972,11.1,0.022,0.000,-0.039,0.010,0.020,0.018,0.000,0.000,0.389,0.000,0.000,0.061,0,4,0,-77,-13,0,0,-53,0,0,0,0,-71
56.090,4.972,11.1,0.022,0.000,-0.039,0.010,0.020,0.018,0.000,0.000,0.389,0.000,0.000,0.061,0,4,0,-77,-13,0,0,32,0,0,0,0,-29
56.121,4.945,11.1,0.023,0.000,-0.058,0.011,0.021,0.018,0.000,0.000,0.587,0.000,0.000,0.061,0,4,0,-79,-13,0,-214,47,0,0,0,0,-61
56.137,4.945,11.1,0.023,0.000,-0.058,0.011,0.021,0.018,0.000,0.000,0.587,0.000,0.000,0.061,0,4,0,-79,-13,0,-214,-43,0,0,0,0,-127
56.158,4.945,11.1,0.023,0.000,-0.058,0.011,0.021,0.018,0.000,0.000,0.587,0.000,0.000,0.061,0,4,0,-79,-13,0,-214,-80,0,0,0,0,-1056
56.175,4.925,11.0,0.022,0.000,-0.038,0.010,0.021,0.018,0.000,0.000,0.382,0.000,0.000,0.060,0,4,0,-78,-13,0,0,1,0,0,0,0,-109
56.192,4.925,11.0,0.022,0.000,-0.038,0.010,0.021,0.018,0.000,0.000,0.382,0.000,0.000,0.060,0,4,0,-78,-13,0,0,72,0,0,0,0,-51
56.215,4.905,11.0,0.021,0.000,-0.051,0.010,0.020,0.017,0.000,0.000,0.515,0.000,0.000,0.060,0,4,0,-75,-12,0,-188,29,0,0,0,0,-102
56.237,4.905,11.0,0.021,0.000,-0.051,0.010,0.020,0.017,0.000,0.000,0.515,0.000,0.000,0.060,0,4,0,-75,-12,0,-188,-76,0,0,0,0,-1058
56.254,4.905,11.0,0.021,0.000,-0.051,0.010,0.020,0.017,0.000,0.000,0.515,0.000,0.000,0.060,0,4,0,-75,-12,0,-188,-58,0,0,0,0,-1050
56.272,4.878,10.9,0.021,0.000,-0.048,0.010,0.019,0.017,0.000,0.000,0.485,0.000,0.000,0.060,0,4,0,-73,-12,0,0,34,0,0,0,0,-98
56.288,4.878,10.9,0.021,0.000,-0.048,0.010,0.019,0.017,0.000,0.000,0.485,0.000,0.000,0.060,0,4,0,-73,-12,0,0,80,0,0,0,0,-53
56.309,4.878,10.9,0.021,0.000,-0.048,0.010,0.019,0.017,0.000,0.000,0.485,0.000,0.000,0.060,0,4,0,-73,-12,0,0,10,0,0,0,0,-61
56.341,4.858,10.9,0.021,0.000,-0.029,0.009,0.019,0.016,0.000,0.000,0.295,0.000,0.000,0.059,0,4,0,-72,-11,0,0,-63,0,0,0,0,-73
56.371,4.839,10.8,0.021,0.000,-0.066,0.009,0.019,0.016,0.000,0.000,0.662,0.000,0.000,0.059,0,4,0,-72,-11,0,-242,73,0,0,0,0,-44
56.392,4.839,10.8,0.021,0.000,-0.066,0.009,0.019,0.016,0.000,0.000,0.662,0.000,0.000,0.059,0,4,0,-72,-11,0,-242,56,0,0,0,0,-80
56.418,4.839,10.8,0.021,0.000,-0.066,0.009,0.019,0.016,0.000,0.000,0.662,0.000,0.000,0.059,0,4,0,-72,-11,0,-242,-77,0,0,0,0,-1063
56.435,4.812,10.8,0.021,0.000,-0.042,0.009,0.019,0.016,0.000,0.000,0.425,0.000,0.000,0.059,0,4,0,-72,-11,0,0,-58,0,0,0,0,-149
56.452,4.812,10.8,0.021,0.000,-0.042,0.009,0.019,0.016,0.000,0.000,0.425,0.000,0.000,0.059,0,4,0,-72,-11,0,0,25,0,0,0,0,-84
56.473,4.792,10.7,0.021,0.000,-0.053,0.009,0.019,0.016,0.000,0.000,0.535,0.000,0.000,0.058,0,4,0,-72,-11,0,-195,79,0,0,0,0,-84
56.496,4.792,10.7,0.021,0.000,-0.053,0.009,0.019,0.016,0.000,0.000,0.535,0.000,0.000,0.058,0,4,0,-72,-11,0,-195,-17,0,0,0,0,-147
56.513,4.792,10.7,0.021,0.000,-0.053,0.009,0.019,0.016,0.000,0.000,0.535,0.000,0.000,0.058,0,4,0,-72,-11,0,-195,-79,0,0,0,0,-1061
56.544,4.773,10.7,0.021,0.000,-0.028,0.009,0.019,0.016,0.000,0.000,0.281,0.000,0.000,0.058,0,4,0,-72,-11,0,0,25,0,0,0,0,-86
56.564,4.773,10.7,0.021,0.000,-0.028,0.009,0.019,0.016,0.000,0.000,0.281,0.000,0.000,0.058,0,4,0,-72,-11,0,0,67,0,0,0,0,-39
56.581,4.747,10.6,0.021,0.000,-0.071,0.009,0.019,0.016,0.000,0.000,0.717,0.000,0.000,0.058,0,4,0,-71,-11,0,-262,17,0,0,0,0,-86
56.599,4.747,10.6,0.021,0.000,-0.071,0.009,0.019,0.016,0.000,0.000,0.717,0.000,0.000,0.058,0,4,0,-71,-11,0,-262,-73,0,0,0,0,-1039
56.615,4.747,10.6,0.021,0.000,-0.071,0.009,0.019,0.016,0.000,0.000,0.717,0.000,0.000,0.058,0,4,0,-71,-11,0,-262,-71,0,0,0,0,-1058
56.637,4.727,10.6,0.021,0.000,-0.036,0.009,0.019,0.016,0.000,0.000,0.356,0.000,0.000,0.057,0,4,0,-71,-11,0,0,36,0,0,0,0,-93
56.668,4.727,10.6,0.021,0.000,-0.036,0.009,0.019,0.016,0.000,0.000,0.356,0.000,0.000,0.057,0,4,0,-71,-11,0,0,30,0,0,0,0,-55
56.685,4.708,10.5,0.021,0.000,-0.042,0.009,0.018,0.016,0.000,0.000,0.417,0.000,0.000,0.057,0,4,0,-71,-11,0,0,-47,0,0,0,0,-72
56.701,4.708,10.5,0.021,0.000,-0.042,0.009,0.018,0.016,0.000,0.000,0.417,0.000,0.000,0.057,0,4,0,-71,-11,0,0,-70,0,0,0,0,-76
56.722,4.708,10.5,0.021,0.000,-0.042,0.009,0.018,0.016,0.000,0.000,0.417,0.000,0.000,0.057,0,4,0,-71,-11,0,0,9,0,0,0,0,-36
56.746,4.682,10.5,0.021,0.000,-0.043,0.009,0.018,0.016,0.000,0.000,0.435,0.000,0.000,0.057,0,4,0,-71,-11,0,0,72,0,0,0,0,-5
56.763,4.682,10.5,0.021,0.000,-0.043,0.009,0.018,0.016,0.000,0.000,0.435,0.000,0.000,0.057,0,4,0,-71,-11,0,0,12,0,0,0,0,-35
56.793,4.662,10.4,0.021,0.000,-0.043,0.009,0.018,0.016,0.000,0.000,0.427,0.000,0.000,0.056,0,4,0,-71,-11,0,0,-69,0,0,0,0,-75
56.814,4.662,10.4,0.021,0.000,-0.043,0.009,0.018,0.016,0.000,0.000,0.427,0.000,0.000,0.056,0,4,0,-71,-11,0,0,15,0,0,0,0,-33
56.831,4.662,10.4,0.021,0.000,-0.043,0.009,0.018,0.016,0.000,0.000,0.427,0.000,0.000,0.056,0,4,0,-71,-11,0,0,71,0,0,0,0,-5
56.847,4.635,10.4,0.021,-0.015,-0.050,0.009,0.018,0.016,0.000,0.000,0.501,0.000,0.000,0.056,0,4,0,-70,-10,0,-185,46,0,0,0,0,-38
56.863,4.635,10.4,0.021,-0.015,-0.050,0.009,0.018,0.016,0.000,0.000,0.501,0.000,0.000,0.056,0,4,0,-70,-10,0,-185,-34,0,0,0,0,-100
56.884,4.635,10.4,0.021,-0.015,-0.050,0.009,0.018,0.016,0.000,0.000,0.501,0.000,0.000,0.056,0,4,0,-70,-10,0,-185,-70,0,0,0,0,-145
56.901,4.545,10.2,0.021,-0.116,-0.169,0.008,0.018,0.015,0.000,0.000,2.140,0.000,0.000,-0.018,0,4,0,-70,-10,0,-620,-5,0,0,0,0,-135
56.918,4.545,10.2,0.021,-0.116,-0.169,0.008,0.018,0.015,0.000,0.000,2.140,0.000,0.000,-0.018,0,4,0,-70,-10,0,-620,107,0,0,0,0,-100
56.935,4.545,10.2,0.021,-0.116,-0.169,0.008,0.018,0.015,0.000,0.000,2.140,0.000,0.000,-0.018,0,4,0,-70,-10,0,-620,94,0,0,0,0,-128
56.956,4.407,9.9,0.021,-0.264,-0.260,0.008,0.018,0.015,0.000,0.000,2.550,0.000,0.000,-0.018,0,4,0,-68,-10,0,-953,-70,0,0,0,0,-1115
56.973,4.407,9.9,0.021,-0.264,-0.260,0.008,0.018,0.015,0.000,0.000,2.550,0.000,0.000,-0.018,0,4,0,-68,-10,0,-953,-130,0,0,0,0,-1163
56.991,4.407,9.9,0.021,-0.264,-0.260,0.008,0.018,0.015,0.000,0.000,2.550,0.000,0.000,-0.018,0,4,0,-68,-10,0,-953,-23,0,0,0,0,-1135
57.008,4.207,9.4,0.020,-0.401,-0.388,0.007,0.017,0.014,0.000,0.000,3.806,0.000,0.000,-0.017,0,4,0,-66,-9,0,-1422,148,0,0,0,0,-1078
57.029,4.207,9.4,0.020,-0.401,-0.388,0.007,0.017,0.014,0.000,0.000,3.806,0.000,0.000,-0.017,0,4,0,-66,-9,0,-1422,107,0,0,0,0,-1121
57.047,3.916,8.8,0.020,-0.429,-0.772,0.006,0.015,0.012,0.000,0.000,7.570,0.000,0.000,-0.016,0,4,0,-60,-7,0,-2200,-153,0,0,0,0,-1259
57.063,3.916,8.8,0.020,-0.429,-0.772,0.006,0.015,0.012,0.000,0.000,7.570,0.000,0.000,-0.016,0,4,0,-60,-7,0,-2200,-286,0,0,0,0,-1340
57.080,3.916,8.8,0.020,-0.429,-0.772,0.006,0.015,0.012,0.000,0.000,7.570,0.000,0.000,-0.016,0,4,0,-60,-7,0,-2200,-78,0,0,0,0,-1265
57.101,3.699,8.3,0.018,-0.426,-0.403,0.005,0.014,0.011,0.000,0.000,3.956,0.000,0.000,-0.015,0,4,0,-55,-6,0,-1478,145,0,0,0,0,-1189
57.118,3.699,8.3,0.018,-0.426,-0.403,0.005,0.014,0.011,0.000,0.000,3.956,0.000,0.000,-0.015,0,4,0,-55,-6,0,-1478,110,0,0,0,0,-1225
57.135,3.699,8.3,0.018,-0.426,-0.403,0.005,0.014,0.011,0.000,0.000,3.956,0.000,0.000,-0.015,0,4,0,-55,-6,0,-1478,-54,0,0,0,0,-1318
57.151,3.482,7.8,0.018,-0.426,-0.445,0.004,0.012,0.010,0.000,0.000,4.365,0.000,0.000,-0.014,0,4,0,-51,-5,0,-1631,-158,0,0,0,0,-1385
57.172,3.482,7.8,0.018,-0.426,-0.445,0.004,0.012,0.010,0.000,0.000,4.365,0.000,0.000,-0.014,0,4,0,-51,-5,0,-1631,-27,0,0,0,0,-1351
57.189,3.482,7.8,0.018,-0.426,-0.445,0.004,0.012,0.010,0.000,0.000,4.365,0.000,0.000,-0.014,0,4,0,-51,-5,0,-1631,133,0,0,0,0,-1298
57.215,3.181,7.1,0.016,-0.426,-0.476,0.003,0.010,0.008,0.000,0.000,4.743,0.000,0.000,0.038,0,4,0,-46,-4,0,-1746,53,0,0,0,0,-1365
57.232,3.181,7.1,0.016,-0.426,-0.476,0.003,0.010,0.008,0.000,0.000,4.743,0.000,0.000,0.038,0,4,0,-46,-4,0,-1746,-119,0,0,0,0,-1462
57.253,3.181,7.1,0.016,-0.426,-0.476,0.003,0.010,0.008,0.000,0.000,4.743,0.000,0.000,0.038,0,4,0,-46,-4,0,-1746,-129,0,0,0,0,-1491
57.269,2.954,6.6,0.015,-0.426,-0.432,0.003,0.009,0.007,0.000,0.000,4.236,0.000,0.000,0.035,0,4,0,-40,-3,0,-1583,30,0,0,0,0,-1439
57.285,2.954,6.6,0.015,-0.426,-0.432,0.003,0.009,0.007,0.000,0.000,4.236,0.000,0.000,0.035,0,4,0,-40,-3,0,-1583,135,0,0,0,0,-1411
57.302,2.954,6.6,0.015,-0.426,-0.432,0.003,0.009,0.007,0.000,0.000,4.236,0.000,0.000,0.035,0,4,0,-40,-3,0,-1583,82,0,0,0,0,-1454
57.324,2.728,6.1,0.014,-0.426,-0.419,0.002,0.008,0.006,0.000,0.000,4.113,0.000,0.000,0.033,0,4,0,-35,-3,0,-1537,-96,0,0,0,0,-1560
57.342,2.728,6.1,0.014,-0.426,-0.419,0.002,0.008,0.006,0.000,0.000,4.113,0.000,0.000,0.033,0,4,0,-35,-3,0,-1537,-107,0,0,0,0,-1586
57.371,2.428,5.4,0.013,-0.426,-0.643,0.002,0.006,0.005,0.000,0.000,6.307,0.000,0.000,0.029,0,4,0,-31,-2,0,-2200,134,0,0,0,0,-1512
57.388,2.428,5.4,0.013,-0.426,-0.643,0.002,0.006,0.005,0.000,0.000,6.307,0.000,0.000,0.029,0,4,0,-31,-2,0,-2200,130,0,0,0,0,-1534
57.409,2.428,5.4,0.013,-0.426,-0.643,0.002,0.006,0.005,0.000,0.000,6.307,0.000,0.000,0.029,0,4,0,-31,-2,0,-2200,-69,0,0,0,0,-1648
57.426,2.201,4.9,0.012,-0.429,-0.425,0.001,0.006,0.004,0.000,0.000,4.167,0.000,0.000,0.026,0,4,0,-29,-2,0,-1557,-99,0,0,0,0,-1664
57.442,2.201,4.9,0.012,-0.429,-0.425,0.001,0.006,0.004,0.000,0.000,4.167,0.000,0.000,0.026,0,4,0,-29,-2,0,-1557,-34,0,0,0,0,-1634
57.466,1.975,4.4,0.012,-0.429,-0.576,0.001,0.005,0.004,0.000,0.000,5.653,0.000,0.000,0.024,0,4,0,-28,-1,0,-2113,110,0,0,0,0,-1597
57.486,1.975,4.4,0.012,-0.429,-0.576,0.001,0.005,0.004,0.000,0.000,5.653,0.000,0.000,0.024,0,4,0,-28,-1,0,-2113,51,0,0,0,0,-1647
57.504,1.975,4.4,0.012,-0.429,-0.576,0.001,0.005,0.004,0.000,0.000,5.653,0.000,0.000,0.024,0,4,0,-28,-1,0,-2113,-79,0,0,0,0,-1727
57.521,1.671,3.7,0.012,-0.429,-0.558,0.001,0.004,0.003,0.000,0.000,5.472,0.000,0.000,0.020,0,4,0,-26,-1,0,-2045,-86,0,0,0,0,-1751
57.538,1.671,3.7,0.012,-0.429,-0.558,0.001,0.004,0.003,0.000,0.000,5.472,0.000,0.000,0.020,0,4,0,-26,-1,0,-2045,-3,0,0,0,0,-1733
57.558,1.671,3.7,0.012,-0.429,-0.558,0.001,0.004,0.003,0.000,0.000,5.472,0.000,0.000,0.020,0,4,0,-26,-1,0,-2045,91,0,0,0,0,-1714
57.591,1.445,3.2,0.012,-0.429,-0.332,0.001,0.004,0.003,0.000,0.000,3.252,0.000,0.000,0.017,0,4,0,-25,-1,0,-1216,-25,0,0,0,0,-1727
57.622,1.224,2.7,0.012,-0.429,-0.719,0.000,0.003,0.002,0.000,0.000,7.057,0.000,0.000,0.015,0,4,0,-24,0,0,-2200,-40,0,0,0,0,-1771
57.643,1.224,2.7,0.012,-0.429,-0.719,0.000,0.003,0.002,0.000,0.000,7.057,0.000,0.000,0.015,0,4,0,-24,0,0,-2200,70,0,0,0,0,-1746
57.669,1.224,2.7,0.012,-0.429,-0.719,0.000,0.003,0.002,0.000,0.000,7.057,0.000,0.000,0.015,0,4,0,-24,0,0,-2200,36,0,0,0,0,-1791
57.685,0.000,0.0,0.012,-0.429,-2.006,0.000,0.002,0.000,0.000,0.000,19.674,0.000,0.000,0.000,0,4,0,-18,0,0,-2200,0,0,0,0,0,-1826
57.716,0.000,0.0,0.012,-0.429,-2.006,0.000,0.002,0.000,0.000,0.000,19.674,0.000,0.000,0.000,0,4,0,-18,0,0,-2200,0,0,0,0,0,-1863
57.738,0.000,0.0,0.012,-0.429,-2.006,0.000,0.000,0.000,0.000,0.000,19.674,0.000,0.000,0.000,0,4,0,-18,0,0,-2200,0,0,0,0,0,-1889
57.755,0.000,0.0,0.012,-0.429,-2.006,0.000,0.000,0.000,0.000,0.000,19.674,0.000,0.000,0.000,0,4,0,-18,0,0,-2200,0,0,0,0,0,-1904
57.772,0.000,0.0,0.012,-0.429,-2.006,0.000,0.000,0.000,0.000,0.000,19.674,0.000,0.000,0.000,0,4,0,-18,0,0,-2200,0,0,0,0,0,-1904
57.793,0.000,0.0,0.012,-0.429,-2.006,0.000,0.000,0.000,0.000,0.000,19.674,0.000,0.000,0.000,0,4,0,-17,0,0,-2200,0,0,0,0,0,-1904
57.814,0.000,0.0,0.012,-0.429,-2.006,0.000,0.000,0.000,0.000,0.000,19.674,0.000,0.000,0.000,0,4,0,-17,0,0,-2200,0,0,0,0,0,-1904
57.831,0.000,0.0,0.012,-0.429,-2.006,0.000,0.000,0.000,0.000,0.000,19.674,0.000,0.000,0.000,0,4,0,-17,0,0,-2200,0,0,0,0,0,-1904
57.848,0.000,0.0,0.012,-0.429,-2.006,0.000,0.000,0.000,0.000,0.000,19.674,0.000,0.000,0.000,0,4,0,-17,0,0,-2200,0,0,0,0,0,-1904
57.865,0.000,0.0,0.012,-0.429,-2.006,0.000,0.000,0.000,0.000,0.000,19.674,0.000,0.000,0.000,0,4,0,-17,0,0,-2200,0,0,0,0,0,-1904
57.886,0.000,0.0,0.012,-0.429,-2.006,0.000,0.000,0.000,0.000,0.000,19.674,0.000,0.000,0.000,0,4,0,-17,0,0,-2200,0,0,0,0,0,-1904
57.903,0.000,0.0,0.012,-0.429,-2.006,0.000,0.000,0.000,0.000,0.000,19.674,0.000,0.000,0.000,0,4,0,-17,0,0,-2200,0,0,0,0,0,-1904
57.920,0.000,0.0,0.012,-0.429,-2.006,0.000,0.000,0.000,0.000,0.000,19.674,0.000,0.000,0.000,0,4,0,-17,0,0,-2200,0,0,0,0,0,-1904
57.936,0.000,0.0,0.012,-0.429,-2.006,0.000,0.000,0.000,0.000,0.000,19.674,0.000,0.000,0.000,0,4,0,-17,0,0,-2200,0,0,0,0,0,-1904
57.956,0.000,0.0,0.012,-0.429,-2.006,0.000,0.000,0.000,0.000,0.000,19.674,0.000,0.000,0.000,0,4,0,-17,0,0,-2200,0,0,0,0,0,-1904
57.973,0.000,0.0,0.012,-0.429,-2.006,0.000,0.000,0.000,0.000,0.000,19.674,0.000,0.000,0.000,0,4,0,-17,0,0,-2200,0,0,0,0,0,-1904
57.989,0.000,0.0,0.012,-0.429,-2.006,0.000,0.000,0.000,0.000,0.000,19.674,0.000,0.000,0.000,0,4,0,-17,0,0,-2200,0,0,0,0,0,-1904
58.006,0.000,0.0,0.012,-0.429,-2.006,0.000,0.000,0.000,0.000,0.000,19.674,0.000,0.000,0.000,0,4,0,-17,0,0,-2200,0,0,0,0,0,-1904
58.027,0.000,0.0,0.012,-0.429,-2.006,0.000,0.000,0.000,0.000,0.000,19.674,0.000,0.000,0.000,0,4,0,-17,0,0,-2200,0,0,0,0,0,-1904
58.043,0.000,0.0,0.012,-0.429,-2.006,0.000,0.000,0.000,0.000,0.000,19.674,0.000,0.000,0.000,0,4,0,-17,0,0,-2200,0,0,0,0,0,-1904
58.059,0.000,0.0,0.012,-0.429,-2.006,0.000,0.000,0.000,0.000,0.000,19.674,0.000,0.000,0.000,0,4,0,-17,0,0,-2200,0,0,0,0,0,-1904
58.075,0.000,0.0,0.012,-0.429,-2.006,0.000,0.000,0.000,0.000,0.000,19.674,0.000,0.000,0.000,0,4,0,-17,0,0,-2200,0,0,0,0,0,-1904
58.093,0.000,0.0,0.012,-0.429,-2.006,0.000,0.000,0.000,0.000,0.000,19.674,0.000,0.000,0.000,0,4,0,-17,0,0,-2200,0,0,0,0,0,-1904
58.114,0.000,0.0,0.012,-0.429,-2.006,0.000,0.000,0.000,0.000,0.000,19.674,0.000,0.000,0.000,0,4,0,-17,0,0,-2200,0,0,0,0,0,-1904
58.131,0.000,0.0,0.012,-0.429,-2.006,0.000,0.000,0.000,0.000,0.000,19.674,0.000,0.000,0.000,0,4,0,-17,0,0,-2200,0,0,0,0,0,-1904
58.149,0.000,0.0,0.012,-0.429,-2.006,0.000,0.000,0.000,0.000,0.000,19.674,0.000,0.000,0.000,0,4,0,-17,0,0,-2200,0,0,0,0,0,-1904
58.169,0.000,0.0,0.012,-0.429,-2.006,0.000,0.000,0.000,0.000,0.000,19.674,0.000,0.000,0.000,0,4,0,-17,0,0,-2200,0,0,0,0,0,-1904
58.189,0.000,0.0,0.012,-0.429,-2.006,0.000,0.000,0.000,0.000,0.000,19.674,0.000,0.000,0.000,0,4,0,-17,0,0,-2200,0,0,0,0,0,0
58.215,0.000,0.0,0.012,-0.429,-2.006,0.000,0.000,0.000,0.000,0.000,19.674,0.000,0.000,0.000,0,4,0,-17,0,0,-2200,0,0,0,0,0,0
58.232,0.000,0.0,0.012,-0.429,-2.006,0.000,0.000,0.000,0.000,0.000,19.674,0.000,0.000,0.000,0,4,0,-17,0,0,-2200,0,0,0,0,0,0
58.248,0.000,0.0,0.012,-0.426,-2.006,0.000,0.000,0.000,0.000,0.000,19.674,0.000,0.000,0.000,0,4,0,-18,0,0,-2200,0,0,0,0,0,0
58.269,0.000,0.0,0.012,-0.426,-2.006,0.000,0.000,0.000,0.000,0.000,19.674,0.000,0.000,0.000,0,4,0,-18,0,0,-2200,0,0,0,0,0,0
58.293,0.000,0.0,0.012,-0.426,-2.006,0.000,0.000,0.000,0.000,0.000,19.674,0.000,0.000,0.000,0,4,0,-18,0,0,-2200,0,0,0,0,0,0
58.309,0.000,0.0,0.013,-0.416,-2.006,0.000,0.000,0.000,0.000,0.000,19.674,0.000,0.000,0.000,0,4,0,-19,0,0,-2200,0,0,0,0,0,0
58.340,0.000,0.0,0.013,-0.416,-2.006,0.000,0.000,0.000,0.000,0.000,19.674,0.000,0.000,0.000,0,4,0,-19,0,0,-2200,0,0,0,0,0,0
58.362,0.000,0.0,0.013,-0.299,-2.006,0.000,0.000,0.000,0.000,0.000,19.674,0.000,0.000,0.000,0,4,0,-20,0,0,-2200,0,0,0,0,0,0
58.379,0.000,0.0,0.013,-0.299,-2.006,0.000,0.000,0.000,0.000,0.000,19.674,0.000,0.000,0.000,0,4,0,-20,0,0,-2200,0,0,0,0,0,0
58.395,0.000,0.0,0.013,-0.299,-2.006,0.000,0.000,0.000,0.000,0.000,19.674,0.000,0.000,0.000,0,4,0,-20,0,0,-2200,0,0,0,0,0,0
58.418,0.000,0.0,0.013,-0.017,-2.006,0.000,0.000,0.000,0.000,0.000,19.674,0.000,0.000,0.000,0,4,0,-20,0,0,-2200,0,0,0,0,0,0
58.440,0.000,0.0,0.013,-0.017,-2.006,0.000,0.000,0.000,0.000,0.000,19.674,0.000,0.000,0.000,0,4,0,-20,0,0,-2200,0,0,0,0,0,0
58.466,0.007,0.0,0.013,0.000,0.001,0.000,0.000,0.000,0.000,0.000,0.009,0.000,0.000,0.000,0,4,0,-20,0,0,0,0,0,0,0,0,-1874
58.497,0.007,0.0,0.013,0.000,0.001,0.000,0.000,0.000,0.000,0.000,0.009,0.000,0.000,0.000,0,4,0,-20,0,0,0,0,0,0,0,0,-1838
58.518,0.013,0.0,0.013,0.000,0.011,0.000,0.000,0.000,0.000,0.000,0.105,0.000,0.000,0.000,0,4,0,-19,0,0,0,0,0,0,0,0,-1813
58.543,0.013,0.0,0.013,0.000,0.011,0.000,0.000,0.000,0.000,0.000,0.105,0.000,0.000,0.000,0,4,0,-19,0,0,0,0,0,0,0,0,-1784
58.559,0.018,0.0,0.012,0.000,0.013,0.000,0.000,0.000,0.000,0.000,0.132,0.000,0.000,0.000,0,4,0,-17,0,0,0,0,0,0,0,0,-1765
58.576,0.018,0.0,0.012,0.000,0.013,0.000,0.000,0.000,0.000,0.000,0.132,0.000,0.000,0.000,0,4,0,-17,0,0,0,0,0,0,0,0,-1745
58.598,0.018,0.0,0.012,0.000,0.013,0.000,0.000,0.000,0.000,0.000,0.132,0.000,0.000,0.000,0,4,0,-17,0,0,0,0,0,0,0,0,-1719
58.622,0.025,0.1,0.011,0.000,0.012,0.000,0.000,0.000,0.000,0.000,0.115,0.000,0.000,0.000,0,4,0,-16,0,0,0,0,0,0,0,0,-1690
58.639,0.025,0.1,0.011,0.000,0.012,0.000,0.000,0.000,0.000,0.000,0.115,0.000,0.000,0.000,0,4,0,-16,0,0,0,0,0,0,0,0,-1670
58.655,0.025,0.1,0.011,0.000,0.012,0.000,0.000,0.000,0.000,0.000,0.115,0.000,0.000,0.000,0,4,0,-16,0,0,0,0,0,0,0,0,-1651
58.676,0.031,0.1,0.009,0.000,0.010,0.000,0.000,0.000,0.000,0.000,0.102,0.000,0.000,0.000,0,4,0,-13,0,0,0,0,0,0,0,0,-1627
58.694,0.031,0.1,0.009,0.000,0.010,0.000,0.000,0.000,0.000,0.000,0.102,0.000,0.000,0.000,0,4,0,-13,0,0,0,0,0,0,0,0,-1606
58.710,0.031,0.1,0.009,0.000,0.010,0.000,0.000,0.000,0.000,0.000,0.102,0.000,0.000,0.000,0,4,0,-13,0,0,0,0,0,0,0,0,-1586
58.726,0.036,0.1,0.007,0.000,0.011,0.000,0.000,0.000,0.000,0.000,0.110,0.000,0.000,0.000,0,4,0,-11,0,0,0,0,0,0,0,0,-1568
58.748,0.036,0.1,0.007,0.000,0.011,0.000,0.000,0.000,0.000,0.000,0.110,0.000,0.000,0.000,0,4,0,-11,0,0,0,0,0,0,0,0,-1543
58.765,0.044,0.1,0.006,0.000,0.019,0.000,0.000,0.000,0.000,0.000,0.188,0.000,0.000,-0.001,0,4,0,-9,0,0,0,0,0,0,0,0,-1522
58.782,0.044,0.1,0.006,0.000,0.019,0.000,0.000,0.000,0.000,0.000,0.188,0.000,0.000,-0.001,0,4,0,-9,0,0,0,0,0,0,0,0,-1503
58.799,0.044,0.1,0.006,0.000,0.019,0.000,0.000,0.000,0.000,0.000,0.188,0.000,0.000,-0.001,0,4,0,-9,0,0,0,0,0,0,0,0,-1482
58.821,0.049,0.1,0.005,0.000,0.010,0.000,0.000,0.000,0.000,0.000,0.099,0.000,0.000,-0.001,0,4,0,-7,0,0,0,0,0,0,0,0,-1457
58.840,0.049,0.1,0.005,0.000,0.010,0.000,0.000,0.000,0.000,0.000,0.099,0.000,0.000,-0.001,0,4,0,-7,0,0,0,0,0,0,0,0,-1433
58.872,0.055,0.1,0.004,0.000,0.011,0.000,0.000,0.000,0.000,0.000,0.105,0.000,0.000,-0.001,0,4,0,-6,0,0,0,0,0,0,0,0,-1396
58.893,0.055,0.1,0.004,0.000,0.011,0.000,0.000,0.000,0.000,0.000,0.105,0.000,0.000,-0.001,0,4,0,-6,0,0,0,0,0,0,0,0,-1372
58.909,0.055,0.1,0.004,0.000,0.011,0.000,0.000,0.000,0.000,0.000,0.105,0.000,0.000,-0.001,0,4,0,-6,0,0,0,0,0,0,0,0,-1352
58.927,0.062,0.1,0.003,0.000,0.014,0.000,0.000,0.000,0.000,0.000,0.133,0.000,0.000,-0.001,0,4,0,-5,0,0,0,0,0,0,0,0,-1331
58.945,0.062,0.1,0.003,0.000,0.014,0.000,0.000,0.000,0.000,0.000,0.133,0.000,0.000,-0.001,0,4,0,-5,0,0,0,0,0,0,0,0,-1311
58.966,0.062,0.1,0.003,0.000,0.014,0.000,0.000,0.000,0.000,0.000,0.133,0.000,0.000,-0.001,0,4,0,-5,0,0,0,0,0,0,0,0,-1286
58.982,0.067,0.2,0.003,0.000,0.010,0.000,0.000,0.000,0.000,0.000,0.099,0.000,0.000,-0.001,0,4,0,-4,0,0,0,0,0,0,0,0,-1267
58.999,0.067,0.2,0.003,0.000,0.010,0.000,0.000,0.000,0.000,0.000,0.099,0.000,0.000,-0.001,0,4,0,-4,0,0,0,0,0,0,0,0,-1247
59.016,0.067,0.2,0.003,0.000,0.010,0.000,0.000,0.000,0.000,0.000,0.099,0.000,0.000,-0.001,0,4,0,-4,0,0,0,0,0,0,0,0,-1226
59.038,0.073,0.2,0.003,0.000,0.010,0.000,0.000,0.000,0.000,0.000,0.099,0.000,0.000,-0.001,0,4,0,-4,0,0,0,0,0,0,0,0,-1201
59.055,0.073,0.2,0.003,0.000,0.010,0.000,0.000,0.000,0.000,0.000,0.099,0.000,0.000,-0.001,0,4,0,-4,0,0,0,0,0,0,0,0,-1181
59.072,0.073,0.2,0.003,0.000,0.010,0.000,0.000,0.000,0.000,0.000,0.099,0.000,0.000,-0.001,0,4,0,-4,0,0,0,0,0,0,0,0,-1161
59.090,0.080,0.2,0.003,0.000,0.014,0.000,0.000,0.000,0.000,0.000,0.137,0.000,0.000,-0.001,0,4,0,-4,0,0,0,0,0,0,0,0,-1139
59.112,0.080,0.2,0.003,0.000,0.014,0.000,0.000,0.000,0.000,0.000,0.137,0.000,0.000,-0.001,0,4,0,-4,0,0,0,1,0,0,0,0,-1114
59.129,0.086,0.2,0.003,0.000,0.014,0.000,0.000,0.000,0.000,0.000,0.142,0.000,0.000,-0.001,0,4,0,-4,0,0,0,0,0,0,0,0,-1094
59.147,0.086,0.2,0.003,0.000,0.014,0.000,0.000,0.000,0.000,0.000,0.142,0.000,0.000,-0.001,0,4,0,-4,0,0,0,-1,0,0,0,0,-1073
59.168,0.086,0.2,0.003,0.000,0.014,0.000,0.000,0.000,0.000,0.000,0.142,0.000,0.000,-0.001,0,4,0,-4,0,0,0,0,0,0,0,0,-1048
59.189,0.091,0.2,0.003,0.000,0.009,0.000,0.000,0.000,0.000,0.000,0.091,0.000,0.000,-0.001,0,4,0,-4,0,0,0,0,0,0,0,0,-136
59.216,0.091,0.2,0.003,0.000,0.009,0.000,0.000,0.000,0.000,0.000,0.091,0.000,0.000,-0.001,0,4,0,-4,0,0,0,0,0,0,0,0,-101
59.247,0.098,0.2,0.003,0.000,0.013,0.000,0.000,0.000,0.000,0.000,0.125,0.000,0.000,-0.001,0,4,0,-4,0,0,0,-1,0,0,0,0,-61
59.267,0.098,0.2,0.003,0.000,0.013,0.000,0.000,0.000,0.000,0.000,0.125,0.000,0.000,-0.001,0,4,0,-4,0,0,0,0,0,0,0,0,-35
59.294,0.104,0.2,0.003,0.000,0.012,0.000,0.000,0.000,0.000,0.000,0.117,0.000,0.000,-0.001,0,4,0,-4,0,0,0,1,0,0,0,0,-2
59.310,0.104,0.2,0.003,0.000,0.012,0.000,0.000,0.000,0.000,0.000,0.117,0.000,0.000,-0.001,0,4,0,-4,0,0,0,0,0,0,0,0,-2
59.327,0.104,0.2,0.003,0.000,0.012,0.000,0.000,0.000,0.000,0.000,0.117,0.000,0.000,-0.001,0,4,0,-4,0,0,0,-1,0,0,0,0,-2
59.348,0.109,0.2,0.003,0.000,0.010,0.000,0.000,0.000,0.000,0.000,0.101,0.000,0.000,-0.001,0,4,0,-4,0,0,0,0,0,0,0,0,-2
59.372,0.109,0.2,0.003,0.000,0.010,0.000,0.000,0.000,0.000,0.000,0.101,0.000,0.000,-0.001,0,4,0,-4,0,0,0,1,0,0,0,0,-2
59.389,0.116,0.3,0.003,0.000,0.018,0.000,0.000,0.000,0.000,0.000,0.177,0.000,0.000,-0.001,0,4,0,-4,0,0,0,1,0,0,0,0,-2
59.419,0.116,0.3,0.003,0.000,0.018,0.000,0.000,0.000,0.000,0.000,0.177,0.000,0.000,-0.001,0,4,0,-4,0,0,0,-1,0,0,0,0,-3
59.439,0.116,0.3,0.003,0.000,0.018,0.000,0.000,0.000,0.000,0.000,0.177,0.000,0.000,-0.001,0,4,0,-4,0,0,0,0,0,0,0,0,-2
59.466,0.122,0.3,0.003,0.000,0.007,0.000,0.000,0.000,0.000,0.000,0.072,0.000,0.000,-0.001,0,4,0,-4,0,0,0,1,0,0,0,0,-2
59.482,0.122,0.3,0.003,0.000,0.007,0.000,0.000,0.000,0.000,0.000,0.072,0.000,0.000,-0.001,0,4,0,-4,0,0,0,1,0,0,0,0,-2
59.498,0.127,0.3,0.003,0.000,0.017,0.000,0.000,0.000,0.000,0.000,0.165,0.000,0.000,-0.002,0,4,0,-4,0,0,0,0,0,0,0,0,-2
59.519,0.127,0.3,0.003,0.000,0.017,0.000,0.000,0.000,0.000,0.000,0.165,0.000,0.000,-0.002,0,4,0,-4,0,0,0,-1,0,0,0,0,-3
59.544,0.127,0.3,0.003,0.000,0.017,0.000,0.000,0.000,0.000,0.000,0.165,0.000,0.000,-0.002,0,4,0,-4,0,0,0,0,0,0,0,0,-2
59.561,0.135,0.3,0.003,0.000,0.012,0.000,0.000,0.000,0.000,0.000,0.116,0.000,0.000,-0.002,0,4,0,-4,0,0,0,1,0,0,0,0,-2
59.590,0.135,0.3,0.003,0.000,0.012,0.000,0.000,0.000,0.000,0.000,0.116,0.000,0.000,-0.002,0,4,0,-4,0,0,0,0,0,0,0,0,-2
59.611,0.140,0.3,0.003,0.000,0.011,0.000,0.000,0.000,0.000,0.000,0.110,0.000,0.000,-0.002,0,4,0,-4,0,0,0,-1,0,0,0,0,-3
59.629,0.140,0.3,0.003,0.000,0.011,0.000,0.000,0.000,0.000,0.000,0.110,0.000,0.000,-0.002,0,4,0,-4,0,0,0,0,0,0,0,0,-2
59.646,0.140,0.3,0.003,0.000,0.011,0.000,0.000,0.000,0.000,0.000,0.110,0.000,0.000,-0.002,0,4,0,-4,0,0,0,1,0,0,0,0,-2
59.669,0.146,0.3,0.003,0.000,0.010,0.000,0.000,0.000,0.000,0.000,0.095,0.000,0.000,-0.002,0,4,0,-4,0,0,0,0,0,0,0,0,-2
59.689,0.146,0.3,0.003,0.000,0.010,0.000,0.000,0.000,0.000,0.000,0.095,0.000,0.000,-0.002,0,4,0,-4,0,0,0,-1,0,0,0,0,-3
59.706,0.153,0.3,0.003,0.000,0.019,0.000,0.000,0.000,0.000,0.000,0.191,0.000,0.000,-0.002,0,4,0,-4,0,0,0,-1,0,0,0,0,-3
59.722,0.153,0.3,0.003,0.000,0.019,0.000,0.000,0.000,0.000,0.000,0.191,0.000,0.000,-0.002,0,4,0,-4,0,0,0,0,0,0,0,0,-2
59.747,0.153,0.3,0.003,0.000,0.019,0.000,0.000,0.000,0.000,0.000,0.191,0.000,0.000,-0.002,0,4,0,-4,0,0,0,1,0,0,0,0,-2
59.767,0.158,0.4,0.003,0.000,0.009,0.000,0.000,0.000,0.000,0.000,0.089,0.000,0.000,-0.002,0,4,0,-4,0,0,0,0,0,0,0,0,-2
59.794,0.158,0.4,0.003,0.000,0.009,0.000,0.000,0.000,0.000,0.000,0.089,0.000,0.000,-0.002,0,4,0,-4,0,0,0,-1,0,0,0,0,-3
59.810,0.164,0.4,0.003,0.000,0.013,0.000,0.000,0.000,0.000,0.000,0.129,0.000,0.000,-0.002,0,4,0,-4,0,0,0,0,0,0,0,0,-2
59.841,0.164,0.4,0.003,0.000,0.013,0.000,0.000,0.000,0.000,0.000,0.129,0.000,0.000,-0.002,0,4,0,-4,0,0,0,1,0,0,0,0,-2
59.861,0.171,0.4,0.003,0.000,0.014,0.000,0.000,0.000,0.000,0.000,0.139,0.000,0.000,-0.002,0,4,0,-4,0,0,0,0,0,0,0,0,-2
59.879,0.171,0.4,0.003,0.000,0.014,0.000,0.000,0.000,0.000,0.000,0.139,0.000,0.000,-0.002,0,4,0,-4,0,0,0,-1,0,0,0,0,-3
59.896,0.171,0.4,0.003,0.000,0.014,0.000,0.000,0.000,0.000,0.000,0.139,0.000,0.000,-0.002,0,4,0,-4,0,0,0,-1,0,0,0,0,-2
59.919,0.176,0.4,0.003,0.000,0.010,0.000,0.000,0.000,0.000,0.000,0.095,0.000,0.000,-0.002,0,4,0,-4,0,0,0,1,0,0,0,0,-2
59.939,0.176,0.4,0.003,0.000,0.010,0.000,0.000,0.000,0.000,0.000,0.095,0.000,0.000,-0.002,0,4,0,-4,0,0,0,1,0,0,0,0,-2
59.965,0.182,0.4,0.003,0.000,0.012,0.000,0.000,0.000,0.000,0.000,0.117,0.000,0.000,-0.002,0,4,0,-4,0,0,0,-1,0,0,0,0,-3
59.996,0.182,0.4,0.003,0.000,0.012,0.000,0.000,0.000,0.000,0.000,0.117,0.000,0.000,-0.002,0,4,0,-4,0,0,0,0,0,0,0,0,-2
60.018,0.189,0.4,0.003,0.000,0.014,0.000,0.000,0.000,0.000,0.000,0.139,0.000,0.000,-0.002,0,4,0,-4,0,0,0,1,0,0,0,0,-2
60.044,0.189,0.4,0.003,0.000,0.014,0.000,0.000,0.000,0.000,0.000,0.139,0.000,0.000,-0.002,0,4,0,-4,0,0,0,0,0,0,0,0,-2
60.061,0.189,0.4,0.003,0.000,0.014,0.000,0.000,0.000,0.000,0.000,0.139,0.000,0.000,-0.002,0,4,0,-4,0,0,0,-1,0,0,0,0,-3
60.090,0.194,0.4,0.003,0.000,0.008,0.000,0.000,0.000,0.000,0.000,0.076,0.000,0.000,-0.002,0,4,0,-4,0,0,0,0,0,0,0,0,-2
60.111,0.194,0.4,0.003,0.000,0.008,0.000,0.000,0.000,0.000,0.000,0.076,0.000,0.000,-0.002,0,4,0,-4,0,0,0,1,0,0,0,0,-2
60.128,0.200,0.4,0.003,0.000,0.014,0.000,0.000,0.000,0.000,0.000,0.139,0.000,0.000,-0.002,0,4,0,-4,0,0,0,0,0,0,0,0,-2
60.145,0.200,0.4,0.003,0.000,0.014,0.000,0.000,0.000,0.000,0.000,0.139,0.000,0.000,-0.002,0,4,0,-4,0,0,0,-1,0,0,0,0,-3
60.169,0.200,0.4,0.003,0.000,0.014,0.000,0.000,0.000,0.000,0.000,0.139,0.000,0.000,-0.002,0,4,0,-4,0,0,0,-1,0,0,0,0,-2
60.190,0.207,0.5,0.003,0.000,0.012,0.000,0.000,0.000,0.000,0.000,0.118,0.000,0.000,-0.002,0,4,0,-4,0,0,0,1,0,0,0,0,-2
60.215,0.207,0.5,0.003,0.000,0.012,0.000,0.000,0.000,0.000,0.000,0.118,0.000,0.000,-0.002,0,4,0,-4,0,0,0,1,0,0,0,0,-2
60.246,0.213,0.5,0.003,0.000,0.010,0.000,0.000,0.000,0.000,0.000,0.097,0.000,0.000,-0.003,0,4,0,-4,0,0,0,-1,0,0,0,0,-3
60.267,0.213,0.5,0.003,0.000,0.010,0.000,0.000,0.000,0.000,0.000,0.097,0.000,0.000,-0.003,0,4,0,-4,0,0,0,0,0,0,0,0,-2
60.294,0.218,0.5,0.003,0.000,0.012,0.000,0.000,0.000,0.000,0.000,0.114,0.000,0.000,-0.003,0,4,0,-4,0,0,0,1,0,0,0,0,-2
60.311,0.218,0.5,0.003,0.000,0.012,0.000,0.000,0.000,0.000,0.000,0.114,0.000,0.000,-0.003,0,4,0,-4,0,0,0,0,0,0,0,0,-2
60.327,0.225,0.5,0.003,0.000,0.022,0.000,0.000,0.000,0.000,0.000,0.220,0.000,0.000,-0.003,0,4,0,-4,0,0,0,-2,0,0,0,0,-3
60.347,0.225,0.5,0.003,0.000,0.022,0.000,0.000,0.000,0.000,0.000,0.220,0.000,0.000,-0.003,0,4,0,-4,0,0,0,-1,0,0,0,0,-3
60.372,0.225,0.5,0.003,0.000,0.022,0.000,0.000,0.000,0.000,0.000,0.220,0.000,0.000,-0.003,0,4,0,-4,0,0,0,2,0,0,0,0,-1
60.388,0.231,0.5,0.003,0.000,0.009,0.000,0.000,0.000,0.000,0.000,0.089,0.000,0.000,-0.003,0,4,0,-4,0,0,0,1,0,0,0,0,-2
60.405,0.231,0.5,0.003,0.000,0.009,0.000,0.000,0.000,0.000,0.000,0.089,0.000,0.000,-0.003,0,4,0,-4,0,0,0,0,0,0,0,0,-2
60.425,0.231,0.5,0.003,0.000,0.009,0.000,0.000,0.000,0.000,0.000,0.089,0.000,0.000,-0.003,0,4,0,-4,0,0,0,-2,0,0,0,0,-3
60.442,0.236,0.5,0.003,0.000,0.010,0.000,0.000,0.000,0.000,0.000,0.101,0.000,0.000,-0.003,0,4,0,-4,0,0,0,-1,0,0,0,0,-3
60.465,0.236,0.5,0.003,0.000,0.010,0.000,0.000,0.000,0.000,0.000,0.101,0.000,0.000,-0.003,0,4,0,-4,0,0,0,1,0,0,0,0,-1
60.497,0.243,0.5,0.003,0.000,0.013,0.000,0.000,0.000,0.000,0.000,0.130,0.000,0.000,-0.003,0,4,0,-4,0,0,0,0,0,0,0,0,-2
60.519,0.243,0.5,0.003,0.000,0.013,0.000,0.000,0.000,0.000,0.000,0.130,0.000,0.000,-0.003,0,4,0,-4,0,0,0,-2,0,0,0,0,-3
60.544,0.249,0.6,0.003,0.000,0.012,0.000,0.000,0.000,0.000,0.000,0.116,0.000,0.000,-0.003,0,4,0,-4,0,0,0,1,0,0,0,0,-2
60.561,0.249,0.6,0.003,0.000,0.012,0.000,0.000,0.000,0.000,0.000,0.116,0.000,0.000,-0.003,0,4,0,-4,0,0,0,2,0,0,0,0,-1
60.590,0.254,0.6,0.003,0.000,0.012,0.000,0.000,0.000,0.000,0.000,0.119,0.000,0.000,-0.003,0,4,0,-4,0,0,0,-1,0,0,0,0,-3
60.610,0.254,0.6,0.003,0.000,0.012,0.000,0.000,0.000,0.000,0.000,0.119,0.000,0.000,-0.003,0,4,0,-4,0,0,0,-2,0,0,0,0,-3
60.627,0.254,0.6,0.003,0.000,0.012,0.000,0.000,0.000,0.000,0.000,0.119,0.000,0.000,-0.003,0,4,0,-4,0,0,0,0,0,0,0,0,-2
60.645,0.261,0.6,0.003,0.000,0.013,0.000,0.000,0.000,0.000,0.000,0.132,0.000,0.000,-0.003,0,4,0,-4,0,0,0,2,0,0,0,0,-1
60.668,0.261,0.6,0.003,0.000,0.013,0.000,0.000,0.000,0.000,0.000,0.132,0.000,0.000,-0.003,0,4,0,-4,0,0,0,1,0,0,0,0,-2
60.689,0.261,0.6,0.003,0.000,0.013,0.000,0.000,0.000,0.000,0.000,0.132,0.000,0.000,-0.003,0,4,0,-4,0,0,0,-2,0,0,0,0,-3
60.715,0.267,0.6,0.003,0.000,0.008,0.000,0.000,0.000,0.000,0.000,0.077,0.000,0.000,-0.003,0,4,0,-4,0,0,0,-1,0,0,0,0,-3
60.732,0.267,0.6,0.003,0.000,0.008,0.000,0.000,0.000,0.000,0.000,0.077,0.000,0.000,-0.003,0,4,0,-4,0,0,0,1,0,0,0,0,-2
60.750,0.272,0.6,0.003,0.000,0.016,0.000,0.000,0.000,0.000,0.000,0.155,0.000,0.000,-0.003,0,4,0,-4,0,0,0,2,0,0,0,0,-1
60.770,0.272,0.6,0.003,0.000,0.016,0.000,0.000,0.000,0.000,0.000,0.155,0.000,0.000,-0.003,0,4,0,-4,0,0,0,-1,0,0,0,0,-3
60.794,0.272,0.6,0.003,0.000,0.016,0.000,0.000,0.000,0.000,0.000,0.155,0.000,0.000,-0.003,0,4,0,-4,0,0,0,-2,0,0,0,0,-3
60.810,0.279,0.6,0.003,0.000,0.012,0.000,0.000,0.000,0.000,0.000,0.120,0.000,0.000,-0.003,0,4,0,-4,0,0,0,0,0,0,0,0,-2
60.840,0.279,0.6,0.003,0.000,0.012,0.000,0.000,0.000,0.000,0.000,0.120,0.000,0.000,-0.003,0,4,0,-4,0,0,0,2,0,0,0,0,-1
60.860,0.285,0.6,0.003,0.000,0.011,0.000,0.000,0.000,0.000,0.000,0.109,0.000,0.000,-0.003,0,4,0,-4,0,0,0,0,0,0,0,0,-2
60.878,0.285,0.6,0.003,0.000,0.011,0.000,0.000,0.000,0.000,0.000,0.109,0.000,0.000,-0.003,0,4,0,-4,0,0,0,-2,0,0,0,0,-3
60.895,0.285,0.6,0.003,0.000,0.011,0.000,0.000,0.000,0.000,0.000,0.109,0.000,0.000,-0.003,0,4,0,-4,0,0,0,-1,0,0,0,0,-3
60.918,0.290,0.6,0.003,0.000,0.010,0.000,0.000,0.000,0.000,0.000,0.095,0.000,0.000,-0.003,0,4,0,-4,0,0,0,2,0,0,0,0,-1
60.939,0.290,0.6,0.003,0.000,0.010,0.000,0.000,0.000,0.000,0.000,0.095,0.000,0.000,-0.003,0,4,0,-4,0,0,0,1,0,0,0,0,-2
60.955,0.297,0.7,0.003,0.000,0.020,0.000,0.000,0.000,0.000,0.000,0.193,0.000,0.000,-0.004,0,4,0,-5,0,0,0,-1,0,0,0,0,-3
60.971,0.297,0.7,0.003,0.000,0.020,0.000,0.000,0.000,0.000,0.000,0.193,0.000,0.000,-0.004,0,4,0,-5,0,0,0,-2,0,0,0,0,-3
60.997,0.297,0.7,0.003,0.000,0.020,0.000,0.000,0.000,0.000,0.000,0.193,0.000,0.000,-0.004,0,4,0,-5,0,0,0,1,0,0,0,0,-2
61.018,0.303,0.7,0.003,0.000,0.009,0.000,0.000,0.000,0.000,0.000,0.086,0.000,0.000,-0.004,0,4,0,-5,0,0,0,2,0,0,0,0,-1
61.043,0.303,0.7,0.003,0.000,0.009,0.000,0.000,0.000,0.000,0.000,0.086,0.000,0.000,-0.004,0,4,0,-5,0,0,0,-1,0,0,0,0,-3
61.059,0.308,0.7,0.003,0.000,0.013,0.000,0.000,0.000,0.000,0.000,0.131,0.000,0.000,-0.004,0,4,0,-5,0,0,0,-2,0,0,0,0,-3
61.077,0.308,0.7,0.003,0.000,0.013,0.000,0.000,0.000,0.000,0.000,0.131,0.000,0.000,-0.004,0,4,0,-5,0,0,0,-1,0,0,0,0,-3
61.098,0.308,0.7,0.003,0.000,0.013,0.000,0.000,0.000,0.000,0.000,0.131,0.000,0.000,-0.004,0,4,0,-5,0,0,0,2,0,0,0,0,-1
61.122,0.315,0.7,0.003,0.000,0.012,0.000,0.000,0.000,0.000,0.000,0.113,0.000,0.000,-0.004,0,4,0,-5,0,0,0,1,0,0,0,0,-2
61.139,0.315,0.7,0.003,0.000,0.012,0.000,0.000,0.000,0.000,0.000,0.113,0.000,0.000,-0.004,0,4,0,-5,0,0,0,-1,0,0,0,0,-3
61.169,0.321,0.7,0.003,0.000,0.012,0.000,0.000,0.000,0.000,0.000,0.117,0.000,0.000,-0.004,0,4,0,-5,0,0,0,-1,0,0,0,0,-3
61.189,0.321,0.7,0.003,0.000,0.012,0.000,0.000,0.000,0.000,0.000,0.117,0.000,0.000,-0.004,0,4,0,-5,0,0,0,2,0,0,0,0,-1
61.215,0.326,0.7,0.003,0.000,0.012,0.000,0.000,0.000,0.000,0.000,0.117,0.000,0.000,-0.004,0,4,0,-5,0,0,0,1,0,0,0,0,-2
61.246,0.326,0.7,0.003,0.000,0.012,0.000,0.000,0.000,0.000,0.000,0.117,0.000,0.000,-0.004,0,4,0,-5,0,0,0,-2,0,0,0,0,-3
61.268,0.333,0.7,0.003,0.000,0.014,0.000,0.000,0.000,0.000,0.000,0.137,0.000,0.000,-0.004,0,4,0,-5,0,0,0,0,0,0,0,0,-2
61.294,0.333,0.7,0.003,0.000,0.014,0.000,0.000,0.000,0.000,0.000,0.137,0.000,0.000,-0.004,0,4,0,-5,0,0,0,2,0,0,0,0,-1
61.310,0.333,0.7,0.003,0.000,0.014,0.000,0.000,0.000,0.000,0.000,0.137,0.000,0.000,-0.004,0,4,0,-5,0,0,0,0,0,0,0,0,-2
61.327,0.339,0.8,0.003,0.000,0.009,0.000,0.000,0.000,0.000,0.000,0.091,0.000,0.000,-0.004,0,4,0,-5,0,0,0,-2,0,0,0,0,-3
61.348,0.339,0.8,0.003,0.000,0.009,0.000,0.000,0.000,0.000,0.000,0.091,0.000,0.000,-0.004,0,4,0,-5,0,0,0,-1,0,0,0,0,-3
61.371,0.344,0.8,0.003,0.000,0.012,0.000,0.000,0.000,0.000,0.000,0.121,0.000,0.000,-0.004,0,4,0,-5,0,0,0,2,0,0,0,0,-1
61.389,0.344,0.8,0.003,0.000,0.012,0.000,0.000,0.000,0.000,0.000,0.121,0.000,0.000,-0.004,0,4,0,-5,0,0,0,2,0,0,0,0,-1
61.405,0.344,0.8,0.003,0.000,0.012,0.000,0.000,0.000,0.000,0.000,0.121,0.000,0.000,-0.004,0,4,0,-5,0,0,0,-1,0,0,0,0,-3
61.426,0.351,0.8,0.003,0.000,0.013,0.000,0.000,0.000,0.000,0.000,0.132,0.000,0.000,-0.004,0,4,0,-5,0,0,0,-3,0,0,0,0,-4
61.443,0.351,0.8,0.003,0.000,0.013,0.000,0.000,0.000,0.000,0.000,0.132,0.000,0.000,-0.004,0,4,0,-5,0,0,0,-1,0,0,0,0,-3
61.465,0.351,0.8,0.003,0.000,0.013,0.000,0.000,0.000,0.000,0.000,0.132,0.000,0.000,-0.004,0,4,0,-5,0,0,0,2,0,0,0,0,-1
61.496,0.357,0.8,0.003,0.000,0.008,0.000,0.000,0.000,0.000,0.000,0.077,0.000,0.000,-0.004,0,4,0,-5,0,0,0,-1,0,0,0,0,-3
61.517,0.357,0.8,0.003,0.000,0.008,0.000,0.000,0.000,0.000,0.000,0.077,0.000,0.000,-0.004,0,4,0,-5,0,0,0,-2,0,0,0,0,-3
61.544,0.362,0.8,0.003,0.000,0.012,0.000,0.000,0.000,0.000,0.000,0.113,0.000,0.000,-0.004,0,4,0,-5,0,0,0,1,0,0,0,0,-2
61.561,0.362,0.8,0.003,0.000,0.012,0.000,0.000,0.000,0.000,0.000,0.113,0.000,0.000,-0.004,0,4,0,-5,0,0,0,3,0,0,0,0,-1
61.591,0.369,0.8,0.003,0.000,0.016,0.000,0.000,0.000,0.000,0.000,0.153,0.000,0.000,-0.004,0,4,0,-5,0,0,0,-1,0,0,0,0,-3
61.611,0.369,0.8,0.003,0.000,0.016,0.000,0.000,0.000,0.000,0.000,0.153,0.000,0.000,-0.004,0,4,0,-5,0,0,0,-3,0,0,0,0,-4
61.629,0.375,0.8,0.003,0.000,0.015,0.000,0.000,0.000,0.000,0.000,0.143,0.000,0.000,-0.004,0,4,0,-5,0,0,0,0,0,0,0,0,-2
61.646,0.375,0.8,0.003,0.000,0.015,0.000,0.000,0.000,0.000,0.000,0.143,0.000,0.000,-0.004,0,4,0,-5,0,0,0,3,0,0,0,0,-1
61.663,0.375,0.8,0.003,0.000,0.015,0.000,0.000,0.000,0.000,0.000,0.143,0.000,0.000,-0.004,0,4,0,-5,0,0,0,2,0,0,0,0,-1
61.684,0.380,0.9,0.003,0.000,0.010,0.000,0.000,0.000,0.000,0.000,0.098,0.000,0.000,-0.005,0,4,0,-5,0,0,0,-2,0,0,0,0,-3
61.701,0.380,0.9,0.003,0.000,0.010,0.000,0.000,0.000,0.000,0.000,0.098,0.000,0.000,-0.005,0,4,0,-5,0,0,0,-3,0,0,0,0,-4
61.717,0.380,0.9,0.003,0.000,0.010,0.000,0.000,0.000,0.000,0.000,0.098,0.000,0.000,-0.005,0,4,0,-5,0,0,0,-1,0,0,0,0,-3
61.746,0.387,0.9,0.003,0.000,0.012,0.000,0.000,0.000,0.000,0.000,0.114,0.000,0.000,-0.005,0,4,0,-5,0,0,0,3,0,0,0,0,-1
61.766,0.387,0.9,0.003,0.000,0.012,0.000,0.000,0.000,0.000,0.000,0.114,0.000,0.000,-0.005,0,4,0,-5,0,0,0,0,0,0,0,0,-2
61.794,0.393,0.9,0.003,0.000,0.012,0.000,0.000,0.000,0.000,0.000,0.114,0.000,0.000,-0.005,0,4,0,-5,0,0,0,-3,0,0,0,0,-4
61.810,0.393,0.9,0.003,0.000,0.012,0.000,0.000,0.000,0.000,0.000,0.114,0.000,0.000,-0.005,0,4,0,-5,0,0,0,0,0,0,0,0,-2
61.827,0.393,0.9,0.003,0.000,0.012,0.000,0.000,0.000,0.000,0.000,0.114,0.000,0.000,-0.005,0,4,0,-5,0,0,0,2,0,0,0,0,-1
61.849,0.398,0.9,0.003,0.000,0.010,0.000,0.000,0.000,0.000,0.000,0.098,0.000,0.000,-0.005,0,4,0,-5,0,0,0,1,0,0,0,0,-2
61.871,0.398,0.9,0.003,0.000,0.010,0.000,0.000,0.000,0.000,0.000,0.098,0.000,0.000,-0.005,0,4,0,-5,0,0,0,-2,0,0,0,0,-3
61.888,0.398,0.9,0.003,0.000,0.010,0.000,0.000,0.000,0.000,0.000,0.098,0.000,0.000,-0.005,0,4,0,-5,0,0,0,-2,0,0,0,0,-3
61.905,0.405,0.9,0.003,0.000,0.013,0.000,0.000,0.000,0.000,0.000,0.129,0.000,0.000,-0.005,0,4,0,-5,0,0,0,1,0,0,0,0,-2
61.925,0.405,0.9,0.003,0.000,0.013,0.000,0.000,0.000,0.000,0.000,0.129,0.000,0.000,-0.005,0,4,0,-5,0,0,0,3,0,0,0,0,-1
61.943,0.411,0.9,0.003,0.000,0.015,0.000,0.000,0.000,0.000,0.000,0.142,0.000,0.000,-0.005,0,4,0,-5,0,0,0,1,0,0,0,0,-2
61.959,0.411,0.9,0.003,0.000,0.015,0.000,0.000,0.000,0.000,0.000,0.142,0.000,0.000,-0.005,0,4,0,-5,0,0,0,-2,0,0,0,0,-3
61.976,0.411,0.9,0.003,0.000,0.015,0.000,0.000,0.000,0.000,0.000,0.142,0.000,0.000,-0.005,0,4,0,-5,0,0,0,-3,0,0,0,0,-4
61.998,0.416,0.9,0.003,0.000,0.010,0.000,0.000,0.000,0.000,0.000,0.096,0.000,0.000,-0.005,0,4,0,-5,0,0,0,1,0,0,0,0,-2
62.016,0.416,0.9,0.003,0.000,0.010,0.000,0.000,0.000,0.000,0.000,0.096,0.000,0.000,-0.005,0,4,0,-5,0,0,0,3,0,0,0,0,-1
62.043,0.416,0.9,0.003,0.000,0.010,0.000,0.000,0.000,0.000,0.000,0.096,0.000,0.000,-0.005,0,4,0,-5,0,0,0,-1,0,0,0,0,-3
62.061,0.423,0.9,0.003,0.000,0.012,0.000,0.000,0.000,0.000,0.000,0.115,0.000,0.000,-0.005,0,4,0,-5,0,0,0,-3,0,0,0,0,-4
62.081,0.423,0.9,0.003,0.000,0.012,0.000,0.000,0.000,0.000,0.000,0.115,0.000,0.000,-0.005,0,4,0,-5,0,0,0,-1,0,0,0,0,-3
62.098,0.429,1.0,0.003,0.000,0.015,0.000,0.000,0.000,0.000,0.000,0.144,0.000,0.000,-0.005,0,4,0,-5,0,0,0,3,0,0,0,0,-1
62.121,0.429,1.0,0.003,0.000,0.015,0.000,0.000,0.000,0.000,0.000,0.144,0.000,0.000,-0.005,0,4,0,-5,0,0,0,2,0,0,0,0,-1
62.139,0.429,1.0,0.003,0.000,0.015,0.000,0.000,0.000,0.000,0.000,0.144,0.000,0.000,-0.005,0,4,0,-5,0,0,0,-2,0,0,0,0,-3
62.159,0.434,1.0,0.003,0.000,0.009,0.000,0.000,0.000,0.000,0.000,0.089,0.000,0.000,-0.005,0,4,0,-5,0,0,0,-3,0,0,0,0,-4
62.176,0.434,1.0,0.003,0.000,0.009,0.000,0.000,0.000,0.000,0.000,0.089,0.000,0.000,-0.005,0,4,0,-5,0,0,0,0,0,0,0,0,-2
62.193,0.434,1.0,0.003,0.000,0.009,0.000,0.000,0.000,0.000,0.000,0.089,0.000,0.000,-0.005,0,4,0,-5,0,0,0,3,0,0,0,0,-1
62.215,0.441,1.0,0.003,0.000,0.013,0.000,0.000,0.000,0.000,0.000,0.127,0.000,0.000,-0.005,0,4,0,-5,0,0,0,1,0,0,0,0,-2
62.236,0.441,1.0,0.003,0.000,0.013,0.000,0.000,0.000,0.000,0.000,0.127,0.000,0.000,-0.005,0,4,0,-5,0,0,0,-3,0,0,0,0,-4
62.253,0.447,1.0,0.003,0.000,0.014,0.000,0.000,0.000,0.000,0.000,0.140,0.000,0.000,-0.005,0,4,0,-5,0,0,0,-3,0,0,0,0,-4
62.270,0.447,1.0,0.003,0.000,0.014,0.000,0.000,0.000,0.000,0.000,0.140,0.000,0.000,-0.005,0,4,0,-5,0,0,0,1,0,0,0,0,-2
62.293,0.447,1.0,0.003,0.000,0.014,0.000,0.000,0.000,0.000,0.000,0.140,0.000,0.000,-0.005,0,4,0,-5,0,0,0,3,0,0,0,0,-1
62.314,0.452,1.0,0.003,0.000,0.009,0.000,0.000,0.000,0.000,0.000,0.089,0.000,0.000,-0.005,0,4,0,-5,0,0,0,-1,0,0,0,0,-3
62.340,0.452,1.0,0.003,0.000,0.009,0.000,0.000,0.000,0.000,0.000,0.089,0.000,0.000,-0.005,0,4,0,-5,0,0,0,-3,0,0,0,0,-4
62.372,0.459,1.0,0.003,0.000,0.012,0.000,0.000,0.000,0.000,0.000,0.122,0.000,0.000,-0.005,0,4,0,-5,0,0,0,3,0,0,0,0,-1
62.393,0.459,1.0,0.003,0.000,0.012,0.000,0.000,0.000,0.000,0.000,0.122,0.000,0.000,-0.005,0,4,0,-5,0,0,0,2,0,0,0,0,-1
62.418,0.464,1.0,0.003,0.000,0.012,0.000,0.000,0.000,0.000,0.000,0.117,0.000,0.000,-0.006,0,4,0,-5,0,0,0,-3,0,0,0,0,-4
62.434,0.464,1.0,0.003,0.000,0.012,0.000,0.000,0.000,0.000,0.000,0.117,0.000,0.000,-0.006,0,4,0,-5,0,0,0,-3,0,0,0,0,-4
62.451,0.464,1.0,0.003,0.000,0.012,0.000,0.000,0.000,0.000,0.000,0.117,0.000,0.000,-0.006,0,4,0,-5,0,0,0,1,0,0,0,0,-2
62.472,0.470,1.1,0.003,0.000,0.010,0.000,0.000,0.000,0.000,0.000,0.100,0.000,0.000,-0.006,0,4,0,-5,0,0,0,3,0,0,0,0,-1
62.496,0.470,1.1,0.003,0.000,0.010,0.000,0.000,0.000,0.000,0.000,0.100,0.000,0.000,-0.006,0,4,0,-5,0,0,0,-1,0,0,0,0,-3
62.514,0.477,1.1,0.003,0.000,0.017,0.000,0.000,0.000,0.000,0.000,0.171,0.000,0.000,-0.006,0,4,0,-5,0,0,0,-4,0,0,0,0,-4
62.530,0.477,1.1,0.003,0.000,0.017,0.000,0.000,0.000,0.000,0.000,0.171,0.000,0.000,-0.006,0,4,0,-5,0,0,0,-2,0,0,0,0,-3
62.551,0.477,1.1,0.003,0.000,0.017,0.000,0.000,0.000,0.000,0.000,0.171,0.000,0.000,-0.006,0,4,0,-5,0,0,0,3,0,0,0,0,-1
62.568,0.482,1.1,0.003,0.000,0.010,0.000,0.000,0.000,0.000,0.000,0.100,0.000,0.000,-0.006,0,4,0,-5,0,0,0,3,0,0,0,0,-1
62.584,0.482,1.1,0.003,0.000,0.010,0.000,0.000,0.000,0.000,0.000,0.100,0.000,0.000,-0.006,0,4,0,-5,0,0,0,0,0,0,0,0,-2
62.602,0.482,1.1,0.003,0.000,0.010,0.000,0.000,0.000,0.000,0.000,0.100,0.000,0.000,-0.006,0,4,0,-5,0,0,0,-3,0,0,0,0,-4
62.623,0.488,1.1,0.003,0.000,0.010,0.000,0.000,0.000,0.000,0.000,0.096,0.000,0.000,-0.006,0,4,0,-5,0,0,0,-2,0,0,0,0,-3
62.640,0.488,1.1,0.003,0.000,0.010,0.000,0.000,0.000,0.000,0.000,0.096,0.000,0.000,-0.006,0,4,0,-5,0,0,0,2,0,0,0,0,-1
62.668,0.488,1.1,0.003,0.000,0.010,0.000,0.000,0.000,0.000,0.000,0.096,0.000,0.000,-0.006,0,4,0,-5,0,0,0,1,0,0,0,0,-2
62.684,0.495,1.1,0.003,0.000,0.012,0.000,0.000,0.000,0.000,0.000,0.117,0.000,0.000,-0.006,0,4,0,-5,0,0,0,-2,0,0,0,0,-3
62.705,0.495,1.1,0.003,0.000,0.012,0.000,0.000,0.000,0.000,0.000,0.117,0.000,0.000,-0.006,0,4,0,-5,0,0,0,-3,0,0,0,0,-4
62.721,0.495,1.1,0.003,0.000,0.012,0.000,0.000,0.000,0.000,0.000,0.117,0.000,0.000,-0.006,0,4,0,-5,0,0,0,0,0,0,0,0,-2
62.746,0.500,1.1,0.003,0.000,0.009,0.000,0.000,0.000,0.000,0.000,0.087,0.000,0.000,-0.006,0,4,0,-5,0,0,0,3,0,0,0,0,-1
62.763,0.500,1.1,0.003,0.000,0.009,0.000,0.000,0.000,0.000,0.000,0.087,0.000,0.000,-0.006,0,4,0,-5,0,0,0,1,0,0,0,0,-2
62.784,0.506,1.1,0.003,0.000,0.015,0.000,0.000,0.000,0.000,0.000,0.145,0.000,0.000,-0.006,0,4,0,-5,0,0,0,-4,0,0,0,0,-4
62.801,0.506,1.1,0.003,0.000,0.015,0.000,0.000,0.000,0.000,0.000,0.145,0.000,0.000,-0.006,0,4,0,-5,0,0,0,-3,0,0,0,0,-4
62.818,0.506,1.1,0.003,0.000,0.015,0.000,0.000,0.000,0.000,0.000,0.145,0.000,0.000,-0.006,0,4,0,-5,0,0,0,2,0,0,0,0,-1
62.841,0.513,1.1,0.003,0.000,0.013,0.000,0.000,0.000,0.000,0.000,0.124,0.000,0.000,-0.006,0,4,0,-5,0,0,0,3,0,0,0,0,-1
62.861,0.513,1.1,0.003,0.000,0.013,0.000,0.000,0.000,0.000,0.000,0.124,0.000,0.000,-0.006,0,4,0,-5,0,0,0,-1,0,0,0,0,-3
62.879,0.518,1.2,0.003,0.000,0.014,0.000,0.000,0.000,0.000,0.000,0.142,0.000,0.000,-0.006,0,4,0,-5,0,0,0,-4,0,0,0,0,-4
62.895,0.518,1.2,0.003,0.000,0.014,0.000,0.000,0.000,0.000,0.000,0.142,0.000,0.000,-0.006,0,4,0,-5,0,0,0,-2,0,0,0,0,-3
62.918,0.518,1.2,0.003,0.000,0.014,0.000,0.000,0.000,0.000,0.000,0.142,0.000,0.000,-0.006,0,4,0,-5,0,0,0,4,0,0,0,0,-1
62.940,0.524,1.2,0.003,0.000,0.009,0.000,0.000,0.000,0.000,0.000,0.088,0.000,0.000,-0.006,0,4,0,-5,0,0,0,2,0,0,0,0,-1
62.966,0.524,1.2,0.003,0.000,0.009,0.000,0.000,0.000,0.000,0.000,0.088,0.000,0.000,-0.006,0,4,0,-5,0,0,0,-4,0,0,0,0,-4
62.997,0.531,1.2,0.003,0.000,0.013,0.000,0.000,0.000,0.000,0.000,0.123,0.000,0.000,-0.006,0,4,0,-5,0,0,0,1,0,0,0,0,-2
63.018,0.531,1.2,0.003,0.000,0.013,0.000,0.000,0.000,0.000,0.000,0.123,0.000,0.000,-0.006,0,4,0,-5,0,0,0,4,0,0,0,0,0
63.035,0.536,1.2,0.003,0.000,0.015,0.000,0.000,0.000,0.000,0.000,0.144,0.000,0.000,-0.006,0,4,0,-5,0,0,0,1,0,0,0,0,-2
63.051,0.536,1.2,0.003,0.000,0.015,0.000,0.000,0.000,0.000,0.000,0.144,0.000,0.000,-0.006,0,4,0,-5,0,0,0,-3,0,0,0,0,-4
63.069,0.536,1.2,0.003,0.000,0.015,0.000,0.000,0.000,0.000,0.000,0.144,0.000,0.000,-0.006,0,4,0,-5,0,0,0,-4,0,0,0,0,-4
63.090,0.541,1.2,0.003,0.000,0.010,0.000,0.000,0.000,0.000,0.000,0.098,0.000,0.000,-0.006,0,4,0,-5,0,0,0,1,0,0,0,0,-2
63.107,0.541,1.2,0.003,0.000,0.010,0.000,0.000,0.000,0.000,0.000,0.098,0.000,0.000,-0.006,0,4,0,-5,0,0,0,4,0,0,0,0,0
63.124,0.541,1.2,0.003,0.000,0.010,0.000,0.000,0.000,0.000,0.000,0.098,0.000,0.000,-0.006,0,4,0,-5,0,0,0,2,0,0,0,0,-2
63.141,0.539,1.2,0.003,0.000,-0.005,0.000,0.000,0.000,0.000,0.000,0.175,0.000,0.000,0.002,0,4,0,-5,0,0,0,-3,0,0,0,0,-4
63.162,0.539,1.2,0.003,0.000,-0.005,0.000,0.000,0.000,0.000,0.000,0.175,0.000,0.000,0.002,0,4,0,-5,0,0,0,-3,0,0,0,0,-4
63.179,0.539,1.2,0.003,0.000,-0.005,0.000,0.000,0.000,0.000,0.000,0.175,0.000,0.000,0.002,0,4,0,-5,0,0,0,1,0,0,0,0,-2
63.196,0.537,1.2,0.003,0.000,-0.003,0.000,0.000,0.000,0.000,0.000,0.034,0.000,0.000,0.002,0,4,0,-5,0,0,0,3,0,0,0,0,-1
63.215,0.537,1.2,0.003,0.000,-0.003,0.000,0.000,0.000,0.000,0.000,0.034,0.000,0.000,0.002,0,4,0,-5,0,0,0,1,0,0,0,0,-2
63.236,0.537,1.2,0.003,0.000,-0.003,0.000,0.000,0.000,0.000,0.000,0.034,0.000,0.000,0.002,0,4,0,-5,0,0,0,-3,0,0,0,0,-4
63.254,0.535,1.2,0.003,0.000,-0.003,0.000,0.000,0.000,0.000,0.000,0.032,0.000,0.000,0.002,0,4,0,-5,0,0,0,-2,0,0,0,0,-4
63.271,0.535,1.2,0.003,0.000,-0.003,0.000,0.000,0.000,0.000,0.000,0.032,0.000,0.000,0.002,0,4,0,-5,0,0,0,1,0,0,0,0,-2
63.288,0.535,1.2,0.003,0.000,-0.003,0.000,0.000,0.000,0.000,0.000,0.032,0.000,0.000,0.002,0,4,0,-5,0,0,0,3,0,0,0,0,-1
63.309,0.533,1.2,0.003,0.000,-0.005,0.000,0.000,0.000,0.000,0.000,0.045,0.000,0.000,0.002,0,4,0,-5,0,0,0,0,0,0,0,0,-2
63.326,0.533,1.2,0.003,0.000,-0.005,0.000,0.000,0.000,0.000,0.000,0.045,0.000,0.000,0.002,0,4,0,-5,0,0,0,-3,0,0,0,0,-4
63.343,0.533,1.2,0.003,0.000,-0.005,0.000,0.000,0.000,0.000,0.000,0.045,0.000,0.000,0.002,0,4,0,-5,0,0,0,-3,0,0,0,0,-4
63.372,0.531,1.2,0.003,0.000,-0.003,0.000,0.000,0.000,0.000,0.000,0.030,0.000,0.000,0.002,0,4,0,-5,0,0,0,3,0,0,0,0,-1
63.393,0.531,1.2,0.003,0.000,-0.003,0.000,0.000,0.000,0.000,0.000,0.030,0.000,0.000,0.002,0,4,0,-5,0,0,0,2,0,0,0,0,-1
63.409,0.529,1.2,0.003,0.000,-0.005,0.000,0.000,0.000,0.000,0.000,0.051,0.000,0.000,0.002,0,4,0,-5,0,0,0,-2,0,0,0,0,-3
63.426,0.529,1.2,0.003,0.000,-0.005,0.000,0.000,0.000,0.000,0.000,0.051,0.000,0.000,0.002,0,4,0,-5,0,0,0,-3,0,0,0,0,-4
63.442,0.529,1.2,0.003,0.000,-0.005,0.000,0.000,0.000,0.000,0.000,0.051,0.000,0.000,0.002,0,4,0,-5,0,0,0,-1,0,0,0,0,-3
63.463,0.526,1.2,0.003,0.000,-0.005,0.000,0.000,0.000,0.000,0.000,0.046,0.000,0.000,0.002,0,4,0,-5,0,0,0,3,0,0,0,0,-1
63.480,0.526,1.2,0.003,0.000,-0.005,0.000,0.000,0.000,0.000,0.000,0.046,0.000,0.000,0.002,0,4,0,-5,0,0,0,3,0,0,0,0,-1
63.498,0.526,1.2,0.003,0.000,-0.005,0.000,0.000,0.000,0.000,0.000,0.046,0.000,0.000,0.002,0,4,0,-5,0,0,0,-1,0,0,0,0,-3
63.515,0.525,1.2,0.003,0.000,-0.004,0.000,0.000,0.000,0.000,0.000,0.037,0.000,0.000,0.002,0,4,0,-5,0,0,0,-3,0,0,0,0,-4
63.536,0.525,1.2,0.003,0.000,-0.004,0.000,0.000,0.000,0.000,0.000,0.037,0.000,0.000,0.002,0,4,0,-5,0,0,0,-1,0,0,0,0,-3
63.554,0.525,1.2,0.003,0.000,-0.004,0.000,0.000,0.000,0.000,0.000,0.037,0.000,0.000,0.002,0,4,0,-5,0,0,0,3,0,0,0,0,-1
63.571,0.523,1.2,0.003,0.000,-0.003,0.000,0.000,0.000,0.000,0.000,0.033,0.000,0.000,0.002,0,4,0,-5,0,0,0,2,0,0,0,0,-1
63.590,0.523,1.2,0.003,0.000,-0.003,0.000,0.000,0.000,0.000,0.000,0.033,0.000,0.000,0.002,0,4,0,-5,0,0,0,-1,0,0,0,0,-3
63.611,0.520,1.2,0.003,0.000,-0.006,0.000,0.000,0.000,0.000,0.000,0.062,0.000,0.000,0.002,0,4,0,-5,0,0,0,-3,0,0,0,0,-4
63.629,0.520,1.2,0.003,0.000,-0.006,0.000,0.000,0.000,0.000,0.000,0.062,0.000,0.000,0.002,0,4,0,-5,0,0,0,0,0,0,0,0,-2
63.646,0.520,1.2,0.003,0.000,-0.006,0.000,0.000,0.000,0.000,0.000,0.062,0.000,0.000,0.002,0,4,0,-5,0,0,0,3,0,0,0,0,-1
63.668,0.518,1.2,0.003,0.000,-0.003,0.000,0.000,0.000,0.000,0.000,0.033,0.000,0.000,0.002,0,4,0,-5,0,0,0,1,0,0,0,0,-2
63.689,0.518,1.2,0.003,0.000,-0.003,0.000,0.000,0.000,0.000,0.000,0.033,0.000,0.000,0.002,0,4,0,-5,0,0,0,-3,0,0,0,0,-4
63.715,0.516,1.2,0.003,0.000,-0.004,0.000,0.000,0.000,0.000,0.000,0.041,0.000,0.000,0.002,0,4,0,-5,0,0,0,-1,0,0,0,0,-3
63.746,0.516,1.2,0.003,0.000,-0.004,0.000,0.000,0.000,0.000,0.000,0.041,0.000,0.000,0.002,0,4,0,-5,0,0,0,3,0,0,0,0,-1
63.771,0.514,1.1,0.003,0.000,-0.005,0.000,0.000,0.000,0.000,0.000,0.045,0.000,0.000,0.002,0,4,0,-5,0,0,0,-1,0,0,0,0,-3
63.794,0.514,1.1,0.003,0.000,-0.005,0.000,0.000,0.000,0.000,0.000,0.045,0.000,0.000,0.002,0,4,0,-5,0,0,0,-3,0,0,0,0,-4
63.810,0.514,1.1,0.003,0.000,-0.005,0.000,0.000,0.000,0.000,0.000,0.045,0.000,0.000,0.002,0,4,0,-5,0,0,0,0,0,0,0,0,-2
63.827,0.512,1.1,0.003,0.000,-0.003,0.000,0.000,0.000,0.000,0.000,0.033,0.000,0.000,0.002,0,4,0,-5,0,0,0,3,0,0,0,0,-1
63.847,0.512,1.1,0.003,0.000,-0.003,0.000,0.000,0.000,0.000,0.000,0.033,0.000,0.000,0.002,0,4,0,-5,0,0,0,2,0,0,0,0,-1
63.864,0.512,1.1,0.003,0.000,-0.003,0.000,0.000,0.000,0.000,0.000,0.033,0.000,0.000,0.002,0,4,0,-5,0,0,0,-2,0,0,0,0,-3
63.881,0.510,1.1,0.003,0.000,-0.003,0.000,0.000,0.000,0.000,0.000,0.034,0.000,0.000,0.002,0,4,0,-5,0,0,0,-3,0,0,0,0,-4
63.898,0.510,1.1,0.003,0.000,-0.003,0.000,0.000,0.000,0.000,0.000,0.034,0.000,0.000,0.002,0,4,0,-5,0,0,0,-1,0,0,0,0,-3
63.919,0.510,1.1,0.003,0.000,-0.003,0.000,0.000,0.000,0.000,0.000,0.034,0.000,0.000,0.002,0,4,0,-5,0,0,0,3,0,0,0,0,-1
63.937,0.508,1.1,0.003,0.000,-0.005,0.000,0.000,0.000,0.000,0.000,0.045,0.000,0.000,0.002,0,4,0,-5,0,0,0,2,0,0,0,0,-1
63.965,0.508,1.1,0.003,0.000,-0.005,0.000,0.000,0.000,0.000,0.000,0.045,0.000,0.000,0.002,0,4,0,-5,0,0,0,-3,0,0,0,0,-4
63.997,0.506,1.1,0.003,0.000,-0.003,0.000,0.000,0.000,0.000,0.000,0.031,0.000,0.000,0.002,0,4,0,-5,0,0,0,1,0,0,0,0,-2
64.019,0.506,1.1,0.003,0.000,-0.003,0.000,0.000,0.000,0.000,0.000,0.031,0.000,0.000,0.002,0,4,0,-5,0,0,0,3,0,0,0,0,-1
64.043,0.504,1.1,0.003,0.000,-0.004,0.000,0.000,0.000,0.000,0.000,0.041,0.000,0.000,0.002,0,4,0,-5,0,0,0,-1,0,0,0,0,-3
64.060,0.504,1.1,0.003,0.000,-0.004,0.000,0.000,0.000,0.000,0.000,0.041,0.000,0.000,0.002,0,4,0,-5,0,0,0,-3,0,0,0,0,-4
64.090,0.501,1.1,0.003,0.000,-0.005,0.000,0.000,0.000,0.000,0.000,0.053,0.000,0.000,0.002,0,4,0,-5,0,0,0,1,0,0,0,0,-2
64.111,0.501,1.1,0.003,0.000,-0.005,0.000,0.000,0.000,0.000,0.000,0.053,0.000,0.000,0.002,0,4,0,-5,0,0,0,3,0,0,0,0,-1
64.128,0.501,1.1,0.003,0.000,-0.005,0.000,0.000,0.000,0.000,0.000,0.053,0.000,0.000,0.002,0,4,0,-5,0,0,0,0,0,0,0,0,-2
64.144,0.500,1.1,0.003,0.000,-0.004,0.000,0.000,0.000,0.000,0.000,0.034,0.000,0.000,0.002,0,4,0,-5,0,0,0,-3,0,0,0,0,-4
64.168,0.500,1.1,0.003,0.000,-0.004,0.000,0.000,0.000,0.000,0.000,0.034,0.000,0.000,0.002,0,4,0,-5,0,0,0,-1,0,0,0,0,-3
64.190,0.498,1.1,0.003,0.000,-0.004,0.000,0.000,0.000,0.000,0.000,0.041,0.000,0.000,0.002,0,4,0,-5,0,0,0,3,0,0,0,0,-1
64.216,0.498,1.1,0.003,0.000,-0.004,0.000,0.000,0.000,0.000,0.000,0.041,0.000,0.000,0.002,0,4,0,-5,0,0,0,1,0,0,0,0,-2
64.246,0.495,1.1,0.003,0.000,-0.004,0.000,0.000,0.000,0.000,0.000,0.044,0.000,0.000,0.002,0,4,0,-5,0,0,0,-3,0,0,0,0,-4
64.266,0.495,1.1,0.003,0.000,-0.004,0.000,0.000,0.000,0.000,0.000,0.044,0.000,0.000,0.002,0,4,0,-5,0,0,0,0,0,0,0,0,-2
64.293,0.493,1.1,0.003,0.000,-0.004,0.000,0.000,0.000,0.000,0.000,0.041,0.000,0.000,0.002,0,4,0,-5,0,0,0,3,0,0,0,0,-1
64.310,0.493,1.1,0.003,0.000,-0.004,0.000,0.000,0.000,0.000,0.000,0.041,0.000,0.000,0.002,0,4,0,-5,0,0,0,0,0,0,0,0,-2
64.327,0.493,1.1,0.003,0.000,-0.004,0.000,0.000,0.000,0.000,0.000,0.041,0.000,0.000,0.002,0,4,0,-5,0,0,0,-3,0,0,0,0,-4
64.348,0.491,1.1,0.003,0.000,-0.003,0.000,0.000,0.000,0.000,0.000,0.034,0.000,0.000,0.002,0,4,0,-5,0,0,0,-2,0,0,0,0,-3
64.372,0.491,1.1,0.003,0.000,-0.003,0.000,0.000,0.000,0.000,0.000,0.034,0.000,0.000,0.002,0,4,0,-5,0,0,0,3,0,0,0,0,-1
64.389,0.489,1.1,0.003,0.000,-0.006,0.000,0.000,0.000,0.000,0.000,0.061,0.000,0.000,0.002,0,4,0,-5,0,0,0,2,0,0,0,0,-1
64.406,0.489,1.1,0.003,0.000,-0.006,0.000,0.000,0.000,0.000,0.000,0.061,0.000,0.000,0.002,0,4,0,-5,0,0,0,-1,0,0,0,0,-3
64.427,0.489,1.1,0.003,0.000,-0.006,0.000,0.000,0.000,0.000,0.000,0.061,0.000,0.000,0.002,0,4,0,-5,0,0,0,-3,0,0,0,0,-4
64.444,0.487,1.1,0.003,0.000,-0.004,0.000,0.000,0.000,0.000,0.000,0.034,0.000,0.000,0.002,0,4,0,-5,0,0,0,-1,0,0,0,0,-3
64.465,0.487,1.1,0.003,0.000,-0.004,0.000,0.000,0.000,0.000,0.000,0.034,0.000,0.000,0.002,0,4,0,-5,0,0,0,3,0,0,0,0,-1
64.497,0.485,1.1,0.003,0.000,-0.004,0.000,0.000,0.000,0.000,0.000,0.035,0.000,0.000,0.002,0,4,0,-5,0,0,0,-1,0,0,0,0,-3
64.517,0.485,1.1,0.003,0.000,-0.004,0.000,0.000,0.000,0.000,0.000,0.035,0.000,0.000,0.002,0,4,0,-5,0,0,0,-3,0,0,0,0,-4
64.543,0.485,1.1,0.003,0.000,-0.004,0.000,0.000,0.000,0.000,0.000,0.035,0.000,0.000,0.002,0,4,0,-5,0,0,0,1,0,0,0,0,-2
64.559,0.483,1.1,0.003,0.000,-0.004,0.000,0.000,0.000,0.000,0.000,0.040,0.000,0.000,0.002,0,4,0,-5,0,0,0,3,0,0,0,0,-1
64.590,0.483,1.1,0.003,0.000,-0.004,0.000,0.000,0.000,0.000,0.000,0.040,0.000,0.000,0.002,0,4,0,-5,0,0,0,-1,0,0,0,0,-3
64.611,0.481,1.1,0.003,0.000,-0.004,0.000,0.000,0.000,0.000,0.000,0.036,0.000,0.000,0.002,0,4,0,-5,0,0,0,-3,0,0,0,0,-4
64.628,0.481,1.1,0.003,0.000,-0.004,0.000,0.000,0.000,0.000,0.000,0.036,0.000,0.000,0.002,0,4,0,-5,0,0,0,0,0,0,0,0,-3
64.645,0.481,1.1,0.003,0.000,-0.004,0.000,0.000,0.000,0.000,0.000,0.036,0.000,0.000,0.002,0,4,0,-5,0,0,0,3,0,0,0,0,-1
64.669,0.479,1.1,0.003,0.000,-0.003,0.000,0.000,0.000,0.000,0.000,0.033,0.000,0.000,0.002,0,4,0,-5,0,0,0,1,0,0,0,0,-2
64.690,0.479,1.1,0.003,0.000,-0.003,0.000,0.000,0.000,0.000,0.000,0.033,0.000,0.000,0.002,0,4,0,-5,0,0,0,-3,0,0,0,0,-4
64.715,0.476,1.1,0.003,0.000,-0.005,0.000,0.000,0.000,0.000,0.000,0.054,0.000,0.000,0.002,0,4,0,-5,0,0,0,-1,0,0,0,0,-3
64.747,0.476,1.1,0.003,0.000,-0.005,0.000,0.000,0.000,0.000,0.000,0.054,0.000,0.000,0.002,0,4,0,-5,0,0,0,3,0,0,0,0,-1
64.767,0.475,1.1,0.003,0.000,-0.004,0.000,0.000,0.000,0.000,0.000,0.036,0.000,0.000,0.002,0,4,0,-5,0,0,0,0,0,0,0,0,-3
64.793,0.475,1.1,0.003,0.000,-0.004,0.000,0.000,0.000,0.000,0.000,0.036,0.000,0.000,0.002,0,4,0,-5,0,0,0,-3,0,0,0,0,-4
64.810,0.473,1.1,0.003,0.000,-0.005,0.000,0.000,0.000,0.000,0.000,0.044,0.000,0.000,0.002,0,4,0,-5,0,0,0,0,0,0,0,0,-3
64.841,0.473,1.1,0.003,0.000,-0.005,0.000,0.000,0.000,0.000,0.000,0.044,0.000,0.000,0.002,0,4,0,-5,0,0,0,3,0,0,0,0,-1
64.861,0.470,1.1,0.003,0.000,-0.005,0.000,0.000,0.000,0.000,0.000,0.048,0.000,0.000,0.002,0,4,0,-5,0,0,0,-1,0,0,0,0,-3
64.879,0.470,1.1,0.003,0.000,-0.005,0.000,0.000,0.000,0.000,0.000,0.048,0.000,0.000,0.002,0,4,0,-5,0,0,0,-3,0,0,0,0,-4
64.895,0.470,1.1,0.003,0.000,-0.005,0.000,0.000,0.000,0.000,0.000,0.048,0.000,0.000,0.002,0,4,0,-5,0,0,0,-1,0,0,0,0,-3
64.918,0.468,1.0,0.003,0.000,-0.003,0.000,0.000,0.000,0.000,0.000,0.033,0.000,0.000,0.002,0,4,0,-5,0,0,0,3,0,0,0,0,-1
64.939,0.468,1.0,0.003,0.000,-0.003,0.000,0.000,0.000,0.000,0.000,0.033,0.000,0.000,0.002,0,4,0,-5,0,0,0,2,0,0,0,0,-2
64.965,0.466,1.0,0.003,0.000,-0.004,0.000,0.000,0.000,0.000,0.000,0.040,0.000,0.000,0.002,0,4,0,-5,0,0,0,-3,0,0,0,0,-4
64.996,0.466,1.0,0.003,0.000,-0.004,0.000,0.000,0.000,0.000,0.000,0.040,0.000,0.000,0.002,0,4,0,-5,0,0,0,1,0,0,0,0,-2
65.018,0.464,1.0,0.003,0.000,-0.005,0.000,0.000,0.000,0.000,0.000,0.047,0.000,0.000,0.002,0,4,0,-5,0,0,0,3,0,0,0,0,-1
65.035,0.464,1.0,0.003,0.000,-0.005,0.000,0.000,0.000,0.000,0.000,0.047,0.000,0.000,0.002,0,4,0,-5,0,0,0,1,0,0,0,0,-2
65.052,0.464,1.0,0.003,0.000,-0.005,0.000,0.000,0.000,0.000,0.000,0.047,0.000,0.000,0.002,0,4,0,-5,0,0,0,-2,0,0,0,0,-3
65.069,0.462,1.0,0.003,0.000,-0.004,0.000,0.000,0.000,0.000,0.000,0.037,0.000,0.000,0.002,0,4,0,-5,0,0,0,-2,0,0,0,0,-4
65.090,0.462,1.0,0.003,0.000,-0.004,0.000,0.000,0.000,0.000,0.000,0.037,0.000,0.000,0.002,0,4,0,-5,0,0,0,1,0,0,0,0,-2
65.122,0.460,1.0,0.003,0.000,-0.004,0.000,0.000,0.000,0.000,0.000,0.035,0.000,0.000,0.002,0,4,0,-5,0,0,0,1,0,0,0,0,-2
65.139,0.460,1.0,0.003,0.000,-0.004,0.000,0.000,0.000,0.000,0.000,0.035,0.000,0.000,0.002,0,4,0,-5,0,0,0,-2,0,0,0,0,-3
65.160,0.460,1.0,0.003,0.000,-0.004,0.000,0.000,0.000,0.000,0.000,0.035,0.000,0.000,0.002,0,4,0,-5,0,0,0,-2,0,0,0,0,-4
65.177,0.458,1.0,0.003,0.000,-0.005,0.000,0.000,0.000,0.000,0.000,0.046,0.000,0.000,0.002,0,4,0,-5,0,0,0,0,0,0,0,0,-2
65.194,0.458,1.0,0.003,0.000,-0.005,0.000,0.000,0.000,0.000,0.000,0.046,0.000,0.000,0.002,0,4,0,-5,0,0,0,3,0,0,0,0,-1
65.215,0.458,1.0,0.003,0.000,-0.005,0.000,0.000,0.000,0.000,0.000,0.046,0.000,0.000,0.002,0,4,0,-5,0,0,0,1,0,0,0,0,-2
65.237,0.456,1.0,0.003,0.000,-0.003,0.000,0.000,0.000,0.000,0.000,0.031,0.000,0.000,0.002,0,4,0,-5,0,0,0,-3,0,0,0,0,-4
65.254,0.456,1.0,0.003,0.000,-0.003,0.000,0.000,0.000,0.000,0.000,0.031,0.000,0.000,0.002,0,4,0,-5,0,0,0,-2,0,0,0,0,-3
65.271,0.456,1.0,0.003,0.000,-0.003,0.000,0.000,0.000,0.000,0.000,0.031,0.000,0.000,0.002,0,4,0,-5,0,0,0,1,0,0,0,0,-2
65.293,0.454,1.0,0.003,0.000,-0.003,0.000,0.000,0.000,0.000,0.000,0.033,0.000,0.000,0.002,0,4,0,-5,0,0,0,3,0,0,0,0,-1
65.314,0.454,1.0,0.003,0.000,-0.003,0.000,0.000,0.000,0.000,0.000,0.033,0.000,0.000,0.002,0,4,0,-5,0,0,0,-1,0,0,0,0,-3
65.340,0.452,1.0,0.003,0.000,-0.005,0.000,0.000,0.000,0.000,0.000,0.053,0.000,0.000,0.002,0,4,0,-5,0,0,0,-3,0,0,0,0,-4
65.371,0.452,1.0,0.003,0.000,-0.005,0.000,0.000,0.000,0.000,0.000,0.053,0.000,0.000,0.002,0,4,0,-5,0,0,0,2,0,0,0,0,-1
65.392,0.450,1.0,0.003,0.000,-0.004,0.000,0.000,0.000,0.000,0.000,0.036,0.000,0.000,0.002,0,4,0,-5,0,0,0,2,0,0,0,0,-1
65.418,0.450,1.0,0.003,0.000,-0.004,0.000,0.000,0.000,0.000,0.000,0.036,0.000,0.000,0.002,0,4,0,-5,0,0,0,-2,0,0,0,0,-4
65.436,0.448,1.0,0.003,0.000,-0.004,0.000,0.000,0.000,0.000,0.000,0.043,0.000,0.000,0.002,0,4,0,-5,0,0,0,-2,0,0,0,0,-3
65.452,0.448,1.0,0.003,0.000,-0.004,0.000,0.000,0.000,0.000,0.000,0.043,0.000,0.000,0.002,0,4,0,-5,0,0,0,1,0,0,0,0,-2
65.472,0.448,1.0,0.003,0.000,-0.004,0.000,0.000,0.000,0.000,0.000,0.043,0.000,0.000,0.002,0,4,0,-5,0,0,0,3,0,0,0,0,-1
65.497,0.445,1.0,0.003,0.000,-0.004,0.000,0.000,0.000,0.000,0.000,0.041,0.000,0.000,0.002,0,4,0,-5,0,0,0,-1,0,0,0,0,-3
65.514,0.445,1.0,0.003,0.000,-0.004,0.000,0.000,0.000,0.000,0.000,0.041,0.000,0.000,0.002,0,4,0,-5,0,0,0,-3,0,0,0,0,-4
65.543,0.443,1.0,0.003,0.000,-0.004,0.000,0.000,0.000,0.000,0.000,0.041,0.000,0.000,0.002,0,4,0,-5,0,0,0,1,0,0,0,0,-2
65.564,0.443,1.0,0.003,0.000,-0.004,0.000,0.000,0.000,0.000,0.000,0.041,0.000,0.000,0.002,0,4,0,-5,0,0,0,3,0,0,0,0,-1
65.590,0.442,1.0,0.003,0.000,-0.004,0.000,0.000,0.000,0.000,0.000,0.040,0.000,0.000,0.002,0,4,0,-5,0,0,0,-1,0,0,0,0,-3
65.621,0.442,1.0,0.003,0.000,-0.004,0.000,0.000,0.000,0.000,0.000,0.040,0.000,0.000,0.002,0,4,0,-5,0,0,0,-1,0,0,0,0,-3
65.642,0.439,1.0,0.003,0.000,-0.005,0.000,0.000,0.000,0.000,0.000,0.048,0.000,0.000,0.002,0,4,0,-5,0,0,0,2,0,0,0,0,-1
65.668,0.439,1.0,0.003,0.000,-0.005,0.000,0.000,0.000,0.000,0.000,0.048,0.000,0.000,0.002,0,4,0,-5,0,0,0,1,0,0,0,0,-2
65.686,0.439,1.0,0.003,0.000,-0.005,0.000,0.000,0.000,0.000,0.000,0.048,0.000,0.000,0.002,0,4,0,-5,0,0,0,-2,0,0,0,0,-3
65.715,0.437,1.0,0.003,0.000,-0.003,0.000,0.000,0.000,0.000,0.000,0.026,0.000,0.000,0.002,0,4,0,-5,0,0,0,-1,0,0,0,0,-3
65.736,0.437,1.0,0.003,0.000,-0.003,0.000,0.000,0.000,0.000,0.000,0.026,0.000,0.000,0.002,0,4,0,-5,0,0,0,2,0,0,0,0,-1
65.754,0.435,1.0,0.003,0.000,-0.005,0.000,0.000,0.000,0.000,0.000,0.048,0.000,0.000,0.002,0,4,0,-5,0,0,0,2,0,0,0,0,-1
65.771,0.435,1.0,0.003,0.000,-0.005,0.000,0.000,0.000,0.000,0.000,0.048,0.000,0.000,0.002,0,4,0,-5,0,0,0,-1,0,0,0,0,-3
65.793,0.435,1.0,0.003,0.000,-0.005,0.000,0.000,0.000,0.000,0.000,0.048,0.000,0.000,0.002,0,4,0,-5,0,0,0,-3,0,0,0,0,-4
65.814,0.433,1.0,0.003,0.000,-0.004,0.000,0.000,0.000,0.000,0.000,0.042,0.000,0.000,0.002,0,4,0,-5,0,0,0,0,0,0,0,0,-2
65.841,0.433,1.0,0.003,0.000,-0.004,0.000,0.000,0.000,0.000,0.000,0.042,0.000,0.000,0.002,0,4,0,-5,0,0,0,2,0,0,0,0,-1
65.871,0.431,1.0,0.003,0.000,-0.003,0.000,0.000,0.000,0.000,0.000,0.033,0.000,0.000,0.002,0,4,0,-5,0,0,0,-2,0,0,0,0,-3
65.892,0.431,1.0,0.003,0.000,-0.003,0.000,0.000,0.000,0.000,0.000,0.033,0.000,0.000,0.002,0,4,0,-5,0,0,0,-2,0,0,0,0,-3
65.918,0.436,1.0,0.003,0.000,0.012,0.000,0.000,0.000,0.000,0.000,0.191,0.000,0.000,-0.005,0,4,0,-5,0,0,0,3,0,0,0,0,-1
65.935,0.436,1.0,0.003,0.000,0.012,0.000,0.000,0.000,0.000,0.000,0.191,0.000,0.000,-0.005,0,4,0,-5,0,0,0,3,0,0,0,0,-1
65.966,0.444,1.0,0.003,0.000,0.015,0.000,0.000,0.000,0.000,0.000,0.150,0.000,0.000,-0.005,0,4,0,-5,0,0,0,-3,0,0,0,0,-4
65.987,0.444,1.0,0.003,0.000,0.015,0.000,0.000,0.000,0.000,0.000,0.150,0.000,0.000,-0.005,0,4,0,-5,0,0,0,-1,0,0,0,0,-3
66.004,0.449,1.0,0.003,0.000,0.015,0.000,0.000,0.000,0.000,0.000,0.144,0.000,0.000,-0.005,0,4,0,-5,0,0,0,2,0,0,0,0,-1
66.021,0.449,1.0,0.003,0.000,0.015,0.000,0.000,0.000,0.000,0.000,0.144,0.000,0.000,-0.005,0,4,0,-5,0,0,0,3,0,0,0,0,-1
66.043,0.449,1.0,0.003,0.000,0.015,0.000,0.000,0.000,0.000,0.000,0.144,0.000,0.000,-0.005,0,4,0,-5,0,0,0,-1,0,0,0,0,-3
66.063,0.455,1.0,0.003,0.000,0.009,0.000,0.000,0.000,0.000,0.000,0.092,0.000,0.000,-0.005,0,4,0,-5,0,0,0,-3,0,0,0,0,-4
66.090,0.455,1.0,0.003,0.000,0.009,0.000,0.000,0.000,0.000,0.000,0.092,0.000,0.000,-0.005,0,4,0,-5,0,0,0,1,0,0,0,0,-2
66.121,0.462,1.0,0.003,0.000,0.013,0.000,0.000,0.000,0.000,0.000,0.124,0.000,0.000,-0.006,0,4,0,-5,0,0,0,2,0,0,0,0,-1
66.142,0.462,1.0,0.003,0.000,0.013,0.000,0.000,0.000,0.000,0.000,0.124,0.000,0.000,-0.006,0,4,0,-5,0,0,0,-3,0,0,0,0,-4
66.159,0.462,1.0,0.003,0.000,0.013,0.000,0.000,0.000,0.000,0.000,0.124,0.000,0.000,-0.006,0,4,0,-5,0,0,0,-3,0,0,0,0,-4
66.175,0.467,1.0,0.003,0.000,0.010,0.000,0.000,0.000,0.000,0.000,0.101,0.000,0.000,-0.006,0,4,0,-5,0,0,0,0,0,0,0,0,-2
66.193,0.467,1.0,0.003,0.000,0.010,0.000,0.000,0.000,0.000,0.000,0.101,0.000,0.000,-0.006,0,4,0,-5,0,0,0,3,0,0,0,0,-1
66.213,0.473,1.1,0.003,0.000,0.015,0.000,0.000,0.000,0.000,0.000,0.144,0.000,0.000,-0.006,0,4,0,-5,0,0,0,2,0,0,0,0,-2
66.230,0.473,1.1,0.003,0.000,0.015,0.000,0.000,0.000,0.000,0.000,0.144,0.000,0.000,-0.006,0,4,0,-5,0,0,0,-2,0,0,0,0,-3
66.247,0.473,1.1,0.003,0.000,0.015,0.000,0.000,0.000,0.000,0.000,0.144,0.000,0.000,-0.006,0,4,0,-5,0,0,0,-3,0,0,0,0,-4
66.264,0.480,1.1,0.003,0.000,0.015,0.000,0.000,0.000,0.000,0.000,0.145,0.000,0.000,-0.006,0,4,0,-5,0,0,0,0,0,0,0,0,-3
66.285,0.480,1.1,0.003,0.000,0.015,0.000,0.000,0.000,0.000,0.000,0.145,0.000,0.000,-0.006,0,4,0,-5,0,0,0,4,0,0,0,0,-1
66.303,0.480,1.1,0.003,0.000,0.015,0.000,0.000,0.000,0.000,0.000,0.145,0.000,0.000,-0.006,0,4,0,-5,0,0,0,2,0,0,0,0,-1
66.319,0.486,1.1,0.003,0.000,0.010,0.000,0.000,0.000,0.000,0.000,0.100,0.000,0.000,-0.006,0,4,0,-5,0,0,0,-2,0,0,0,0,-3
66.336,0.486,1.1,0.003,0.000,0.010,0.000,0.000,0.000,0.000,0.000,0.100,0.000,0.000,-0.006,0,4,0,-5,0,0,0,-3,0,0,0,0,-4
66.357,0.486,1.1,0.003,0.000,0.010,0.000,0.000,0.000,0.000,0.000,0.100,0.000,0.000,-0.006,0,4,0,-5,0,0,0,0,0,0,0,0,-2
66.374,0.491,1.1,0.003,0.000,0.010,0.000,0.000,0.000,0.000,0.000,0.097,0.000,0.000,-0.006,0,4,0,-5,0,0,0,3,0,0,0,0,-1
66.391,0.491,1.1,0.003,0.000,0.010,0.000,0.000,0.000,0.000,0.000,0.097,0.000,0.000,-0.006,0,4,0,-5,0,0,0,2,0,0,0,0,-1
66.418,0.491,1.1,0.003,0.000,0.010,0.000,0.000,0.000,0.000,0.000,0.097,0.000,0.000,-0.006,0,4,0,-5,0,0,0,-3,0,0,0,0,-4
66.440,0.498,1.1,0.003,0.000,0.011,0.000,0.000,0.000,0.000,0.000,0.112,0.000,0.000,-0.006,0,4,0,-5,0,0,0,-2,0,0,0,0,-3
66.465,0.498,1.1,0.003,0.000,0.011,0.000,0.000,0.000,0.000,0.000,0.112,0.000,0.000,-0.006,0,4,0,-5,0,0,0,3,0,0,0,0,-1
66.497,0.504,1.1,0.003,0.000,0.010,0.000,0.000,0.000,0.000,0.000,0.096,0.000,0.000,-0.006,0,4,0,-5,0,0,0,-1,0,0,0,0,-3
66.518,0.504,1.1,0.003,0.000,0.010,0.000,0.000,0.000,0.000,0.000,0.096,0.000,0.000,-0.006,0,4,0,-5,0,0,0,-4,0,0,0,0,-4
66.543,0.509,1.1,0.003,0.000,0.012,0.000,0.000,0.000,0.000,0.000,0.118,0.000,0.000,-0.006,0,4,0,-5,0,0,0,1,0,0,0,0,-2
66.560,0.509,1.1,0.003,0.000,0.012,0.000,0.000,0.000,0.000,0.000,0.118,0.000,0.000,-0.006,0,4,0,-5,0,0,0,4,0,0,0,0,-1
66.590,0.516,1.2,0.003,0.000,0.016,0.000,0.000,0.000,0.000,0.000,0.154,0.000,0.000,-0.006,0,4,0,-5,0,0,0,-2,0,0,0,0,-3
66.610,0.516,1.2,0.003,0.000,0.016,0.000,0.000,0.000,0.000,0.000,0.154,0.000,0.000,-0.006,0,4,0,-5,0,0,0,-4,0,0,0,0,-4
66.627,0.516,1.2,0.003,0.000,0.016,0.000,0.000,0.000,0.000,0.000,0.154,0.000,0.000,-0.006,0,4,0,-5,0,0,0,-1,0,0,0,0,-3
66.645,0.522,1.2,0.003,0.000,0.010,0.000,0.000,0.000,0.000,0.000,0.101,0.000,0.000,-0.006,0,4,0,-5,0,0,0,3,0,0,0,0,-1
66.668,0.522,1.2,0.003,0.000,0.010,0.000,0.000,0.000,0.000,0.000,0.101,0.000,0.000,-0.006,0,4,0,-5,0,0,0,2,0,0,0,0,-2
66.690,0.527,1.2,0.003,0.000,0.012,0.000,0.000,0.000,0.000,0.000,0.122,0.000,0.000,-0.006,0,4,0,-5,0,0,0,-3,0,0,0,0,-4
66.715,0.527,1.2,0.003,0.000,0.012,0.000,0.000,0.000,0.000,0.000,0.122,0.000,0.000,-0.006,0,4,0,-5,0,0,0,-1,0,0,0,0,-3
66.733,0.535,1.2,0.003,0.000,0.017,0.000,0.000,0.000,0.000,0.000,0.167,0.000,0.000,-0.006,0,4,0,-5,0,0,0,3,0,0,0,0,-1
66.749,0.535,1.2,0.003,0.000,0.017,0.000,0.000,0.000,0.000,0.000,0.167,0.000,0.000,-0.006,0,4,0,-5,0,0,0,4,0,0,0,0,0
66.769,0.535,1.2,0.003,0.000,0.017,0.000,0.000,0.000,0.000,0.000,0.167,0.000,0.000,-0.006,0,4,0,-5,0,0,0,-1,0,0,0,0,-3
66.793,0.540,1.2,0.003,0.000,0.009,0.000,0.000,0.000,0.000,0.000,0.091,0.000,0.000,-0.006,0,4,0,-5,0,0,0,-4,0,0,0,0,-4
66.809,0.540,1.2,0.003,0.000,0.009,0.000,0.000,0.000,0.000,0.000,0.091,0.000,0.000,-0.006,0,4,0,-5,0,0,0,-1,0,0,0,0,-3
66.826,0.540,1.2,0.003,0.000,0.009,0.000,0.000,0.000,0.000,0.000,0.091,0.000,0.000,-0.006,0,4,0,-5,0,0,0,3,0,0,0,0,-1
66.846,0.546,1.2,0.003,0.000,0.010,0.000,0.000,0.000,0.000,0.000,0.102,0.000,0.000,-0.007,0,4,0,-5,0,0,0,3,0,0,0,0,-1
66.872,0.546,1.2,0.003,0.000,0.010,0.000,0.000,0.000,0.000,0.000,0.102,0.000,0.000,-0.007,0,4,0,-5,0,0,0,-3,0,0,0,0,-4
66.888,0.546,1.2,0.003,0.000,0.010,0.000,0.000,0.000,0.000,0.000,0.102,0.000,0.000,-0.007,0,4,0,-5,0,0,0,-3,0,0,0,0,-4
66.918,0.553,1.2,0.003,0.000,0.010,0.000,0.000,0.000,0.000,0.000,0.102,0.000,0.000,-0.007,0,4,0,-5,0,0,0,4,0,0,0,0,-1
66.939,0.553,1.2,0.003,0.000,0.010,0.000,0.000,0.000,0.000,0.000,0.102,0.000,0.000,-0.007,0,4,0,-5,0,0,0,2,0,0,0,0,-1
66.966,0.558,1.2,0.003,0.000,0.012,0.000,0.000,0.000,0.000,0.000,0.115,0.000,0.000,-0.007,0,4,0,-5,0,0,0,-4,0,0,0,0,-4
66.996,0.564,1.3,0.003,0.000,0.018,0.000,0.000,0.000,0.000,0.000,0.176,0.000,0.000,-0.007,0,4,0,-5,0,0,0,1,0,0,0,0,-2
67.017,0.564,1.3,0.003,0.000,0.018,0.000,0.000,0.000,0.000,0.000,0.176,0.000,0.000,-0.007,0,4,0,-5,0,0,0,4,0,0,0,0,0
67.044,0.564,1.3,0.003,0.000,0.018,0.000,0.000,0.000,0.000,0.000,0.176,0.000,0.000,-0.007,0,4,0,-5,0,0,0,-2,0,0,0,0,-3
67.060,0.571,1.3,0.003,0.000,0.012,0.000,0.000,0.000,0.000,0.000,0.115,0.000,0.000,-0.007,0,4,0,-5,0,0,0,-4,0,0,0,0,-5
67.090,0.571,1.3,0.003,0.000,0.012,0.000,0.000,0.000,0.000,0.000,0.115,0.000,0.000,-0.007,0,4,0,-5,0,0,0,2,0,0,0,0,-2
67.111,0.577,1.3,0.003,0.000,0.011,0.000,0.000,0.000,0.000,0.000,0.108,0.000,0.000,-0.007,0,4,0,-5,0,0,0,4,0,0,0,0,0
67.129,0.577,1.3,0.003,0.000,0.011,0.000,0.000,0.000,0.000,0.000,0.108,0.000,0.000,-0.007,0,4,0,-5,0,0,0,0,0,0,0,0,-2
67.146,0.577,1.3,0.003,0.000,0.011,0.000,0.000,0.000,0.000,0.000,0.108,0.000,0.000,-0.007,0,4,0,-5,0,0,0,-4,0,0,0,0,-4
67.168,0.582,1.3,0.003,0.000,0.010,0.000,0.000,0.000,0.000,0.000,0.097,0.000,0.000,-0.007,0,4,0,-5,0,0,0,-2,0,0,0,0,-3
67.189,0.582,1.3,0.003,0.000,0.010,0.000,0.000,0.000,0.000,0.000,0.097,0.000,0.000,-0.007,0,4,0,-5,0,0,0,3,0,0,0,0,-1
67.215,0.589,1.3,0.003,0.000,0.016,0.000,0.000,0.000,0.000,0.000,0.152,0.000,0.000,-0.007,0,4,0,-5,0,0,0,2,0,0,0,0,-2
67.231,0.589,1.3,0.003,0.000,0.016,0.000,0.000,0.000,0.000,0.000,0.152,0.000,0.000,-0.007,0,4,0,-5,0,0,0,-3,0,0,0,0,-4
67.248,0.589,1.3,0.003,0.000,0.016,0.000,0.000,0.000,0.000,0.000,0.152,0.000,0.000,-0.007,0,4,0,-5,0,0,0,-4,0,0,0,0,-5
67.268,0.595,1.3,0.003,0.000,0.011,0.000,0.000,0.000,0.000,0.000,0.104,0.000,0.000,-0.007,0,4,0,-5,0,0,0,1,0,0,0,0,-2
67.293,0.595,1.3,0.003,0.000,0.011,0.000,0.000,0.000,0.000,0.000,0.104,0.000,0.000,-0.007,0,4,0,-5,0,0,0,4,0,0,0,0,0
67.310,0.600,1.3,0.003,0.000,0.013,0.000,0.000,0.000,0.000,0.000,0.129,0.000,0.000,-0.007,0,4,0,-5,0,0,0,0,0,0,0,0,-2
67.327,0.600,1.3,0.003,0.000,0.013,0.000,0.000,0.000,0.000,0.000,0.129,0.000,0.000,-0.007,0,4,0,-5,0,0,0,-4,0,0,0,0,-4
67.348,0.600,1.3,0.003,0.000,0.013,0.000,0.000,0.000,0.000,0.000,0.129,0.000,0.000,-0.007,0,4,0,-5,0,0,0,-3,0,0,0,0,-4
67.372,0.607,1.4,0.003,0.000,0.012,0.000,0.000,0.000,0.000,0.000,0.117,0.000,0.000,-0.007,0,4,0,-5,0,0,0,4,0,0,0,0,0
67.389,0.607,1.4,0.003,0.000,0.012,0.000,0.000,0.000,0.000,0.000,0.117,0.000,0.000,-0.007,0,4,0,-5,0,0,0,4,0,0,0,0,-1
67.418,0.613,1.4,0.003,0.000,0.012,0.000,0.000,0.000,0.000,0.000,0.120,0.000,0.000,-0.007,0,4,0,-5,0,0,0,-4,0,0,0,0,-4
67.439,0.613,1.4,0.003,0.000,0.012,0.000,0.000,0.000,0.000,0.000,0.120,0.000,0.000,-0.007,0,4,0,-5,0,0,0,-3,0,0,0,0,-4
67.465,0.618,1.4,0.003,0.000,0.012,0.000,0.000,0.000,0.000,0.000,0.118,-0.295,0.148,-0.007,0,4,0,-5,0,0,0,4,0,0,0,0,0
67.497,0.618,1.4,0.003,0.000,0.012,0.000,0.000,0.000,0.000,0.000,0.118,-0.295,0.148,-0.007,0,4,0,-5,0,0,0,-1,0,0,0,0,-3
67.518,0.626,1.4,0.003,0.000,0.014,0.000,0.001,0.000,0.000,0.000,0.138,0.124,-0.062,-0.007,0,4,0,-5,0,0,0,-5,0,0,0,0,-5
67.543,0.626,1.4,0.003,0.000,0.014,0.000,0.001,0.000,0.000,0.000,0.138,0.124,-0.062,-0.007,0,4,0,-5,0,0,0,2,0,0,0,0,-2
67.559,0.626,1.4,0.003,0.000,0.014,0.000,0.001,0.000,0.000,0.000,0.138,0.124,-0.062,-0.007,0,4,0,-5,0,0,0,5,0,0,0,0,0
67.590,0.631,1.4,0.003,0.000,0.008,0.000,0.001,0.000,0.000,0.000,0.076,0.408,-0.204,-0.008,0,4,0,-5,0,0,0,-2,0,0,0,0,-3
67.610,0.631,1.4,0.003,0.000,0.008,0.000,0.001,0.000,0.000,0.000,0.076,0.408,-0.204,-0.008,0,4,0,-5,0,0,0,-4,0,0,0,0,-5
67.627,0.637,1.4,0.003,0.000,0.015,0.000,0.006,0.000,0.000,0.000,0.146,0.081,-0.040,-0.008,0,4,0,-5,0,0,0,-1,0,0,0,0,-3
67.645,0.637,1.4,0.003,0.000,0.015,0.000,0.006,0.000,0.000,0.000,0.146,0.081,-0.040,-0.008,0,4,0,-5,0,0,0,4,0,0,0,0,-1
67.668,0.637,1.4,0.003,0.000,0.015,0.000,0.006,0.000,0.000,0.000,0.146,0.081,-0.040,-0.008,0,4,0,-5,0,0,0,2,0,0,0,0,-2
67.691,0.644,1.4,0.000,0.392,0.012,0.000,0.005,0.000,0.000,0.000,0.117,-0.312,0.156,-0.008,1,4,0,0,0,0,0,-4,0,0,0,0,-2
67.715,0.644,1.4,0.000,0.392,0.012,0.000,0.005,0.000,0.000,0.000,0.117,-0.312,0.156,-0.008,1,4,0,0,0,0,0,-2,0,0,0,0,-1
67.747,0.650,1.5,0.000,0.777,0.010,0.000,0.005,0.000,0.000,0.000,0.097,0.012,-0.006,-0.008,1,4,0,0,0,0,0,5,0,0,0,0,2
67.767,0.650,1.5,0.000,0.777,0.010,0.000,0.005,0.000,0.000,0.000,0.097,0.012,-0.006,-0.008,1,4,0,0,0,0,0,-1,0,0,0,0,0
67.793,0.655,1.5,0.000,1.000,0.012,0.000,0.005,0.000,0.000,0.000,0.121,0.307,-0.153,-0.008,1,4,0,0,0,0,0,-5,0,0,0,0,-3
67.810,0.655,1.5,0.000,1.000,0.012,0.000,0.005,0.000,0.000,0.000,0.121,0.307,-0.153,-0.008,1,4,0,0,0,0,0,0,0,0,0,0,0
67.826,0.662,1.5,0.000,1.000,0.022,0.000,0.000,0.000,0.000,0.000,0.218,-0.108,0.054,-0.008,1,4,0,0,0,0,0,5,0,0,0,0,2
67.847,0.662,1.5,0.000,1.000,0.022,0.000,0.000,0.000,0.000,0.000,0.218,-0.108,0.054,-0.008,1,4,0,0,0,0,0,3,0,0,0,0,2
67.871,0.662,1.5,0.000,1.000,0.022,0.000,0.000,0.000,0.000,0.000,0.218,-0.108,0.054,-0.008,1,4,0,0,0,0,0,-5,0,0,0,0,-2
67.888,0.668,1.5,0.000,1.000,0.009,0.000,0.000,0.000,0.000,0.000,0.089,-0.393,0.196,-0.008,1,4,0,0,0,0,0,-4,0,0,0,0,-2
67.906,0.668,1.5,0.000,1.000,0.009,0.000,0.000,0.000,0.000,0.000,0.089,-0.393,0.196,-0.008,1,4,0,0,0,0,0,1,0,0,0,0,1
67.926,0.668,1.5,0.000,1.000,0.009,0.000,0.000,0.000,0.000,0.000,0.089,-0.393,0.196,-0.008,1,4,0,0,0,0,0,5,0,0,0,0,2
67.943,0.673,1.5,0.000,1.000,0.010,0.000,0.000,0.000,0.000,0.000,0.100,-0.061,0.030,-0.008,1,4,0,0,0,0,0,1,0,0,0,0,1
67.965,0.673,1.5,0.000,1.000,0.010,0.000,0.000,0.000,0.000,0.000,0.100,-0.061,0.030,-0.008,1,4,0,0,0,0,0,-5,0,0,0,0,-2
67.997,0.681,1.5,0.000,1.000,0.014,0.000,0.000,0.000,0.000,0.000,0.136,0.519,-0.065,-0.008,1,4,0,0,0,0,0,1,0,0,0,0,1
68.018,0.681,1.5,0.000,1.000,0.014,0.000,0.000,0.000,0.000,0.000,0.136,0.519,-0.065,-0.008,1,4,0,0,0,0,0,5,0,0,0,0,3
68.043,0.686,1.5,0.000,1.000,0.012,0.000,0.000,0.000,0.000,0.000,0.120,0.175,0.089,-0.008,1,4,0,0,0,0,0,-2,0,0,0,0,-1
68.060,0.686,1.5,0.000,1.000,0.012,0.000,0.000,0.000,0.000,0.000,0.120,0.175,0.089,-0.008,1,4,0,0,0,0,0,-5,0,0,0,0,-3
68.090,0.692,1.5,0.000,1.000,0.012,0.000,0.000,0.000,0.000,0.000,0.117,-0.137,0.228,-0.008,1,4,0,0,0,0,0,2,0,0,0,0,1
68.111,0.692,1.5,0.000,1.000,0.012,0.000,0.000,0.000,0.000,0.000,0.117,-0.137,0.228,-0.008,1,4,0,0,0,0,0,5,0,0,0,0,2
68.127,0.692,1.5,0.000,1.000,0.012,0.000,0.000,0.000,0.000,0.000,0.117,-0.137,0.228,-0.008,1,4,0,0,0,0,0,1,0,0,0,0,0
68.145,0.699,1.6,0.000,1.000,0.014,0.000,0.000,0.000,0.000,0.000,0.134,-0.306,-0.090,-0.008,1,4,0,0,0,0,0,-5,0,0,0,0,-2
68.161,0.699,1.6,0.000,1.000,0.014,0.000,0.000,0.000,0.000,0.000,0.134,-0.306,-0.090,-0.008,1,4,0,0,0,0,0,-4,0,0,0,0,-2
68.183,0.699,1.6,0.000,1.000,0.014,0.000,0.000,0.000,0.000,0.000,0.134,-0.306,-0.090,-0.008,1,4,0,0,0,0,0,3,0,0,0,0,1
68.216,0.705,1.6,0.000,1.000,0.008,0.000,0.000,0.000,0.000,0.000,0.077,0.018,-0.229,-0.008,1,4,0,0,0,0,0,1,0,0,0,0,1
68.246,0.710,1.6,0.000,1.000,0.018,0.000,0.000,0.000,0.000,0.000,0.179,0.306,-0.353,-0.008,1,4,0,0,0,0,0,-6,0,0,0,0,-3
68.266,0.710,1.6,0.000,1.000,0.018,0.000,0.000,0.000,0.000,0.000,0.179,0.306,-0.353,-0.008,1,4,0,0,0,0,0,0,0,0,0,0,0
68.284,0.710,1.6,0.000,1.000,0.018,0.000,0.000,0.000,0.000,0.000,0.179,0.306,-0.353,-0.008,1,4,0,0,0,0,0,5,0,0,0,0,3
68.301,0.717,1.6,0.000,1.000,0.014,0.000,0.000,0.000,0.000,0.000,0.134,-0.115,-0.118,-0.009,1,4,0,0,0,0,0,4,0,0,0,0,2
68.319,0.717,1.6,0.000,1.000,0.014,0.000,0.000,0.000,0.000,0.000,0.134,-0.115,-0.118,-0.009,1,4,0,0,0,0,0,-3,0,0,0,0,-1
68.339,0.717,1.6,0.000,1.000,0.014,0.000,0.000,0.000,0.000,0.000,0.134,-0.115,-0.118,-0.009,1,4,0,0,0,0,0,-5,0,0,0,0,-3
68.372,0.723,1.6,0.000,1.000,0.008,0.000,0.000,0.000,0.000,0.000,0.078,-0.399,0.041,-0.009,1,4,0,0,0,0,0,4,0,0,0,0,2
68.389,0.723,1.6,0.000,1.000,0.008,0.000,0.000,0.000,0.000,0.000,0.078,-0.399,0.041,-0.009,1,4,0,0,0,0,0,4,0,0,0,0,2
68.410,0.728,1.6,0.000,1.000,0.015,0.000,0.000,0.000,0.000,0.000,0.142,-0.066,0.185,-0.009,1,4,0,0,0,0,0,-3,0,0,0,0,-2
68.427,0.728,1.6,0.000,1.000,0.015,0.000,0.000,0.000,0.000,0.000,0.142,-0.066,0.185,-0.009,1,4,0,0,0,0,0,-6,0,0,0,0,-3
68.445,0.728,1.6,0.000,1.000,0.015,0.000,0.000,0.000,0.000,0.000,0.142,-0.066,0.185,-0.009,1,4,0,0,0,0,0,-1,0,0,0,0,-1
68.465,0.736,1.6,0.000,1.000,0.014,0.000,0.000,0.000,0.000,0.000,0.133,0.319,0.351,-0.009,1,4,0,0,0,0,0,5,0,0,0,0,3
68.487,0.736,1.6,0.000,1.000,0.014,0.000,0.000,0.000,0.000,0.000,0.133,0.319,0.351,-0.009,1,4,0,0,0,0,0,2,0,0,0,0,1
68.504,0.741,1.7,0.000,1.000,0.015,0.000,0.000,0.000,0.000,0.000,0.143,0.584,0.170,-0.009,1,4,0,0,0,0,0,-4,0,0,0,0,-2
68.520,0.741,1.7,0.000,1.000,0.015,0.000,0.000,0.000,0.000,0.000,0.143,0.584,0.170,-0.009,1,4,0,0,0,0,0,-6,0,0,0,0,-3
68.537,0.741,1.7,0.000,1.000,0.015,0.000,0.000,0.000,0.000,0.000,0.143,0.584,0.170,-0.009,1,4,0,0,0,0,0,-1,0,0,0,0,0
68.557,0.747,1.7,0.000,1.000,0.011,0.000,0.000,0.000,0.000,0.000,0.103,0.234,0.007,-0.009,1,4,0,0,0,0,0,5,0,0,0,0,3
68.575,0.747,1.7,0.000,1.000,0.011,0.000,0.000,0.000,0.000,0.000,0.103,0.234,0.007,-0.009,1,4,0,0,0,0,0,3,0,0,0,0,2
68.592,0.747,1.7,0.000,1.000,0.011,0.000,0.000,0.000,0.000,0.000,0.103,0.234,0.007,-0.009,1,4,0,0,0,0,0,-3,0,0,0,0,-1
68.608,0.754,1.7,0.000,1.000,0.014,0.000,0.000,0.000,0.000,0.000,0.142,-0.172,-0.183,-0.009,1,4,0,0,0,0,0,-6,0,0,0,0,-3
68.631,0.754,1.7,0.000,1.000,0.014,0.000,0.000,0.000,0.000,0.000,0.142,-0.172,-0.183,-0.009,1,4,0,0,0,0,0,1,0,0,0,0,0
68.649,0.754,1.7,0.000,1.000,0.014,0.000,0.000,0.000,0.000,0.000,0.142,-0.172,-0.183,-0.009,1,4,0,0,0,0,0,6,0,0,0,0,3
68.669,0.759,1.7,0.000,1.000,0.009,0.000,0.000,0.000,0.000,0.000,0.091,-0.451,-0.018,-0.009,1,4,0,0,0,0,0,2,0,0,0,0,1
68.686,0.759,1.7,0.000,1.000,0.009,0.000,0.000,0.000,0.000,0.000,0.091,-0.451,-0.018,-0.009,1,4,0,0,0,0,0,-4,0,0,0,0,-2
68.707,0.759,1.7,0.000,1.000,0.009,0.000,0.000,0.000,0.000,0.000,0.091,-0.451,-0.018,-0.009,1,4,0,0,0,0,0,-5,0,0,0,0,-2
68.724,0.765,1.7,0.000,1.000,0.010,0.000,0.000,0.000,0.000,0.000,0.099,-0.704,0.131,-0.009,1,4,0,0,0,0,0,1,0,0,0,0,1
68.741,0.765,1.7,0.000,1.000,0.010,0.000,0.000,0.000,0.000,0.000,0.099,-0.704,0.131,-0.009,1,4,0,0,0,0,0,6,0,0,0,0,3
68.758,0.765,1.7,0.000,1.000,0.010,0.000,0.000,0.000,0.000,0.000,0.099,-0.704,0.131,-0.009,1,4,0,0,0,0,0,3,0,0,0,0,1
68.779,0.772,1.7,0.000,1.000,0.014,0.000,0.000,0.000,0.000,0.000,0.135,-0.234,-0.076,-0.009,1,4,0,0,0,0,0,-5,0,0,0,0,-2
68.797,0.772,1.7,0.000,1.000,0.014,0.000,0.000,0.000,0.000,0.000,0.135,-0.234,-0.076,-0.009,1,4,0,0,0,0,0,-5,0,0,0,0,-3
68.814,0.772,1.7,0.000,1.000,0.014,0.000,0.000,0.000,0.000,0.000,0.135,-0.234,-0.076,-0.009,1,4,0,0,0,0,0,1,0,0,0,0,0
68.841,0.778,1.7,0.000,1.000,0.009,0.000,0.000,0.000,0.000,0.000,0.089,0.083,-0.217,-0.009,1,4,0,0,0,0,0,5,0,0,0,0,3
68.861,0.778,1.7,0.000,1.000,0.009,0.000,0.000,0.000,0.000,0.000,0.089,0.083,-0.217,-0.009,1,4,0,0,0,0,0,-2,0,0,0,0,-1
68.878,0.783,1.8,0.000,1.000,0.015,0.000,0.000,0.000,0.000,0.000,0.144,0.364,-0.052,-0.009,1,4,0,0,0,0,0,-6,0,0,0,0,-3
68.895,0.783,1.8,0.000,1.000,0.015,0.000,0.000,0.000,0.000,0.000,0.144,0.364,-0.052,-0.009,1,4,0,0,0,0,0,-3,0,0,0,0,-1
68.919,0.783,1.8,0.000,1.000,0.015,0.000,0.000,0.000,0.000,0.000,0.144,0.364,-0.052,-0.009,1,4,0,0,0,0,0,6,0,0,0,0,3
68.939,0.791,1.8,0.000,1.000,0.012,0.000,0.000,0.000,0.000,0.000,0.121,0.703,0.146,-0.009,1,4,0,0,0,0,0,3,0,0,0,0,2
68.965,0.791,1.8,0.000,1.000,0.012,0.000,0.000,0.000,0.000,0.000,0.121,0.703,0.146,-0.009,1,4,0,0,0,0,0,-6,0,0,0,0,-3
68.997,0.796,1.8,0.000,1.000,0.010,0.000,0.000,0.000,0.000,0.000,0.096,0.342,0.280,-0.010,1,4,0,0,0,0,0,1,0,0,0,0,1
69.019,0.796,1.8,0.000,1.000,0.010,0.000,0.000,0.000,0.000,0.000,0.096,0.342,0.280,-0.010,1,4,0,0,0,0,0,6,0,0,0,0,3
69.044,0.802,1.8,0.000,1.000,0.012,0.000,0.000,0.000,0.000,0.000,0.116,0.014,0.106,-0.010,1,4,0,0,0,0,0,-2,0,0,0,0,-1
69.061,0.802,1.8,0.000,1.000,0.012,0.000,0.000,0.000,0.000,0.000,0.116,0.014,0.106,-0.010,1,4,0,0,0,0,0,-6,0,0,0,0,-3
69.090,0.809,1.8,0.003,0.000,0.016,0.000,0.000,0.000,0.000,0.000,0.158,-0.365,-0.096,-0.010,0,4,0,-5,0,0,0,3,0,0,0,0,-1
69.110,0.809,1.8,0.003,0.000,0.016,0.000,0.000,0.000,0.000,0.000,0.158,-0.365,-0.096,-0.010,0,4,0,-5,0,0,0,6,0,0,0,0,1
69.127,0.809,1.8,0.003,0.000,0.016,0.000,0.000,0.000,0.000,0.000,0.158,-0.365,-0.096,-0.010,0,4,0,-5,0,0,0,1,0,0,0,0,-2
69.145,0.814,1.8,0.003,0.000,0.010,0.000,0.001,0.000,0.000,0.000,0.101,-0.626,-0.234,-0.010,0,4,0,-5,0,0,0,-5,0,0,0,0,-5
69.169,0.814,1.8,0.003,0.000,0.010,0.000,0.001,0.000,0.000,0.000,0.101,-0.626,-0.234,-0.010,0,4,0,-5,0,0,0,-3,0,0,0,0,-4
69.191,0.820,1.8,0.003,0.000,0.012,0.000,0.001,0.000,0.000,0.000,0.119,-0.272,-0.360,-0.010,0,4,0,-5,0,0,0,6,0,0,0,0,0
69.215,0.820,1.8,0.003,0.000,0.012,0.000,0.001,0.000,0.000,0.000,0.119,-0.272,-0.360,-0.010,0,4,0,-5,0,0,0,2,0,0,0,0,-1
69.247,0.827,1.9,0.003,0.000,0.013,0.000,0.001,0.000,0.000,0.000,0.129,0.138,-0.128,-0.010,0,4,0,-5,0,0,0,-6,0,0,0,0,-6
69.267,0.827,1.9,0.003,0.000,0.013,0.000,0.001,0.000,0.000,0.000,0.129,0.138,-0.128,-0.010,0,4,0,-5,0,0,0,1,0,0,0,0,-2
69.294,0.833,1.9,0.003,0.000,0.012,0.000,0.002,0.000,0.000,0.000,0.117,0.421,0.032,-0.010,0,4,0,-5,0,0,0,6,0,0,0,0,0
69.312,0.833,1.9,0.003,0.000,0.012,0.000,0.002,0.000,0.000,0.000,0.117,0.421,0.032,-0.010,0,4,0,-5,0,0,0,0,0,0,0,0,-3
69.328,0.833,1.9,0.003,0.000,0.012,0.000,0.002,0.000,0.000,0.000,0.117,0.421,0.032,-0.010,0,4,0,-5,0,0,0,-6,0,0,0,0,-6
69.349,0.838,1.9,0.003,0.000,0.010,0.000,0.002,0.000,0.000,0.000,0.100,0.676,0.176,-0.010,0,4,0,-5,0,0,0,-3,0,0,0,0,-4
69.372,0.838,1.9,0.003,0.000,0.010,0.000,0.002,0.000,0.000,0.000,0.100,0.676,0.176,-0.010,0,4,0,-5,0,0,0,5,0,0,0,0,0
69.389,0.845,1.9,0.003,0.000,0.019,0.000,0.002,0.000,0.000,0.000,0.185,0.211,0.347,-0.010,0,4,0,-5,0,0,0,6,0,0,0,0,0
69.406,0.845,1.9,0.003,0.000,0.019,0.000,0.002,0.000,0.000,0.000,0.185,0.211,0.347,-0.010,0,4,0,-5,0,0,0,-2,0,0,0,0,-4
69.427,0.845,1.9,0.003,0.000,0.019,0.000,0.002,0.000,0.000,0.000,0.185,0.211,0.347,-0.010,0,4,0,-5,0,0,0,-7,0,0,0,0,-6
69.445,0.851,1.9,0.003,0.000,0.010,0.000,0.003,0.000,0.000,0.000,0.098,-0.104,0.462,-0.010,0,4,0,-5,0,0,0,-1,0,0,0,0,-3
69.465,0.851,1.9,0.003,0.000,0.010,0.000,0.003,0.000,0.000,0.000,0.098,-0.104,0.462,-0.010,0,4,0,-5,0,0,0,6,0,0,0,0,0
69.496,0.856,1.9,0.003,0.000,0.011,0.000,0.003,0.000,0.000,0.000,0.104,-0.384,0.275,-0.010,0,4,0,-5,0,0,0,-1,0,0,0,0,-3
69.517,0.856,1.9,0.003,0.000,0.011,0.000,0.003,0.000,0.000,0.000,0.104,-0.384,0.275,-0.010,0,4,0,-5,0,0,0,-7,0,0,0,0,-6
69.544,0.856,1.9,0.003,0.000,0.011,0.000,0.003,0.000,0.000,0.000,0.104,-0.384,0.275,-0.010,0,4,0,-5,0,0,0,2,0,0,0,0,-1
69.561,0.864,1.9,0.003,0.000,0.012,0.001,0.008,0.000,0.000,0.000,0.113,-0.720,0.049,-0.010,0,4,0,-5,-1,0,0,7,0,0,0,0,0
69.590,0.864,1.9,0.003,0.000,0.012,0.001,0.008,0.000,0.000,0.000,0.113,-0.720,0.049,-0.010,0,4,0,-5,-1,0,0,-3,0,0,0,0,-4
69.611,0.869,1.9,0.003,0.000,0.011,0.001,0.008,0.000,0.000,0.000,0.109,-0.357,-0.103,-0.010,0,4,0,-5,-1,0,0,-6,0,0,0,0,-6
69.629,0.869,1.9,0.003,0.000,0.011,0.001,0.008,0.000,0.000,0.000,0.109,-0.357,-0.103,-0.010,0,4,0,-5,-1,0,0,0,0,0,0,0,-3
69.646,0.869,1.9,0.003,0.000,0.011,0.001,0.008,0.000,0.000,0.000,0.109,-0.357,-0.103,-0.010,0,4,0,-5,-1,0,0,6,0,0,0,0,0
69.669,0.874,2.0,0.003,0.000,0.010,0.001,0.008,0.000,0.000,0.000,0.095,-0.029,-0.241,-0.010,0,4,0,-5,-1,0,0,3,0,0,0,0,-2
69.689,0.874,2.0,0.003,0.000,0.010,0.001,0.008,0.000,0.000,0.000,0.095,-0.029,-0.241,-0.010,0,4,0,-5,-1,0,0,-6,0,0,0,0,-6
69.715,0.882,2.0,0.003,0.000,0.016,0.001,0.008,0.000,0.000,0.000,0.154,0.352,-0.401,-0.011,0,4,0,-5,-1,0,0,-3,0,0,0,0,-4
69.746,0.882,2.0,0.003,0.000,0.016,0.001,0.008,0.000,0.000,0.000,0.154,0.352,-0.401,-0.011,0,4,0,-5,-1,0,0,7,0,0,0,0,0
69.767,0.887,2.0,0.003,0.000,0.011,0.001,0.008,0.000,0.000,0.000,0.106,0.615,-0.511,-0.011,0,4,0,-5,-1,0,0,0,0,0,0,0,-3
69.784,0.887,2.0,0.003,0.000,0.011,0.001,0.008,0.000,0.000,0.000,0.106,0.615,-0.511,-0.011,0,4,0,-5,-1,0,0,-7,0,0,0,0,-6
69.800,0.887,2.0,0.003,0.000,0.011,0.001,0.008,0.000,0.000,0.000,0.106,0.615,-0.511,-0.011,0,4,0,-5,-1,0,0,-5,0,0,0,0,-5
69.817,0.893,2.0,0.003,0.000,0.011,0.001,0.008,0.000,0.000,0.000,0.109,0.262,-0.315,-0.011,0,4,0,-5,-1,0,0,3,0,0,0,0,-2
69.837,0.893,2.0,0.003,0.000,0.011,0.001,0.008,0.000,0.000,0.000,0.109,0.262,-0.315,-0.011,0,4,0,-5,-1,0,0,7,0,0,0,0,0
69.854,0.893,2.0,0.003,0.000,0.011,0.001,0.008,0.000,0.000,0.000,0.109,0.262,-0.315,-0.011,0,4,0,-5,-1,0,0,1,0,0,0,0,-2
69.872,0.900,2.0,0.003,0.000,0.013,0.001,0.008,0.000,0.000,0.000,0.131,-0.147,-0.088,-0.011,0,4,0,-5,-1,0,0,-6,0,0,0,0,-6
69.888,0.900,2.0,0.003,0.000,0.013,0.001,0.008,0.000,0.000,0.000,0.131,-0.147,-0.088,-0.011,0,4,0,-5,-1,0,0,-6,0,0,0,0,-6
69.908,0.900,2.0,0.003,0.000,0.013,0.001,0.008,0.000,0.000,0.000,0.131,-0.147,-0.088,-0.011,0,4,0,-5,-1,0,0,3,0,0,0,0,-2
69.925,0.905,2.0,0.003,0.000,0.010,0.001,0.008,0.000,0.000,0.000,0.102,-0.429,0.068,-0.011,0,4,0,-5,-1,0,0,7,0,0,0,0,0
69.942,0.905,2.0,0.003,0.000,0.010,0.001,0.008,0.000,0.000,0.000,0.102,-0.429,0.068,-0.011,0,4,0,-5,-1,0,0,3,0,0,0,0,-2
69.959,0.905,2.0,0.003,0.000,0.010,0.001,0.008,0.000,0.000,0.000,0.102,-0.429,0.068,-0.011,0,4,0,-5,-1,0,0,-5,0,0,0,0,-5
69.980,0.911,2.0,0.003,0.000,0.010,0.001,0.008,0.000,0.000,0.000,0.099,-0.684,0.209,-0.011,0,4,0,-5,-1,0,0,-5,0,0,0,0,-6
69.998,0.911,2.0,0.003,0.000,0.010,0.001,0.008,0.000,0.000,0.000,0.099,-0.684,0.209,-0.011,0,4,0,-5,-1,0,0,2,0,0,0,0,-2
70.015,0.918,2.1,0.003,0.000,0.022,0.001,0.008,0.000,0.000,0.000,0.213,-0.217,0.375,-0.011,0,4,0,-5,-1,0,0,8,0,0,0,0,1
70.032,0.918,2.1,0.003,0.000,0.022,0.001,0.008,0.000,0.000,0.000,0.213,-0.217,0.375,-0.011,0,4,0,-5,-1,0,0,4,0,0,0,0,-1
70.052,0.918,2.1,0.003,0.000,0.022,0.001,0.008,0.000,0.000,0.000,0.213,-0.217,0.375,-0.011,0,4,0,-5,-1,0,0,-6,0,0,0,0,-6
70.069,0.923,2.1,0.003,0.000,0.010,0.001,0.008,0.000,0.000,0.000,0.100,0.099,0.487,-0.011,0,4,0,-5,-1,0,0,-6,0,0,0,0,-6
70.086,0.923,2.1,0.003,0.000,0.010,0.001,0.008,0.000,0.000,0.000,0.100,0.099,0.487,-0.011,0,4,0,-5,-1,0,0,1,0,0,0,0,-3
70.103,0.923,2.1,0.003,0.000,0.010,0.001,0.008,0.000,0.000,0.000,0.100,0.099,0.487,-0.011,0,4,0,-5,-1,0,0,7,0,0,0,0,0
70.125,0.929,2.1,0.003,0.000,0.010,0.001,0.008,0.000,0.000,0.000,0.096,0.379,0.298,-0.011,0,4,0,-5,-1,0,0,2,0,0,0,0,-2
70.143,0.929,2.1,0.003,0.000,0.010,0.001,0.008,0.000,0.000,0.000,0.096,0.379,0.298,-0.011,0,4,0,-5,-1,0,0,-6,0,0,0,0,-6
70.168,0.929,2.1,0.003,0.000,0.010,0.001,0.008,0.000,0.000,0.000,0.096,0.379,0.298,-0.011,0,4,0,-5,-1,0,0,-3,0,0,0,0,-5
70.185,0.936,2.1,0.003,0.000,0.012,0.001,0.008,0.000,0.000,0.000,0.122,0.716,0.070,-0.011,0,4,0,-5,-1,0,0,5,0,0,0,0,-1
70.205,0.936,2.1,0.003,0.000,0.012,0.001,0.008,0.000,0.000,0.000,0.122,0.716,0.070,-0.011,0,4,0,-5,-1,0,0,6,0,0,0,0,0
70.222,0.941,2.1,0.003,0.000,0.015,0.001,0.008,0.000,0.000,0.000,0.145,0.353,-0.084,-0.011,0,4,0,-5,-1,0,0,-1,0,0,0,0,-4
70.247,0.941,2.1,0.003,0.000,0.015,0.001,0.008,0.000,0.000,0.000,0.145,0.353,-0.084,-0.011,0,4,0,-5,-1,0,0,-7,0,0,0,0,-7
70.265,0.941,2.1,0.003,0.000,0.015,0.001,0.008,0.000,0.000,0.000,0.145,0.353,-0.084,-0.011,0,4,0,-5,-1,0,0,-1,0,0,0,0,-3
70.286,0.947,2.1,0.003,0.000,0.009,0.001,0.008,0.000,0.000,0.000,0.085,0.025,-0.224,-0.011,0,4,0,-5,-1,0,0,7,0,0,0,0,0
70.303,0.947,2.1,0.003,0.000,0.009,0.001,0.008,0.000,0.000,0.000,0.085,0.025,-0.224,-0.011,0,4,0,-5,-1,0,0,4,0,0,0,0,-1
70.320,0.947,2.1,0.003,0.000,0.009,0.001,0.008,0.000,0.000,0.000,0.085,0.025,-0.224,-0.011,0,4,0,-5,-1,0,0,-4,0,0,0,0,-5
70.336,0.954,2.1,0.003,0.000,0.015,0.001,0.009,0.000,0.000,0.000,0.144,-0.356,-0.386,-0.011,0,4,0,-5,-1,0,0,-8,0,0,0,0,-7
70.356,0.954,2.1,0.003,0.000,0.015,0.001,0.009,0.000,0.000,0.000,0.144,-0.356,-0.386,-0.011,0,4,0,-5,-1,0,0,0,0,0,0,0,-3
70.373,0.954,2.1,0.003,0.000,0.015,0.001,0.009,0.000,0.000,0.000,0.144,-0.356,-0.386,-0.011,0,4,0,-5,-1,0,0,7,0,0,0,0,0
70.390,0.960,2.1,0.003,0.000,0.010,0.001,0.009,0.000,0.000,0.000,0.101,-0.618,-0.202,-0.011,0,4,0,-5,-1,0,0,6,0,0,0,0,0
70.419,0.960,2.1,0.003,0.000,0.010,0.001,0.009,0.000,0.000,0.000,0.101,-0.618,-0.202,-0.011,0,4,0,-5,-1,0,0,-7,0,0,0,0,-7
70.440,0.965,2.2,0.003,0.000,0.011,0.001,0.009,0.000,0.000,0.000,0.110,-0.264,-0.035,-0.012,0,4,0,-5,-1,0,0,-4,0,0,0,0,-5
70.465,0.965,2.2,0.003,0.000,0.011,0.001,0.009,0.000,0.000,0.000,0.110,-0.264,-0.035,-0.012,0,4,0,-5,-1,0,0,7,0,0,0,0,0
70.483,0.972,2.2,0.003,0.000,0.017,0.001,0.009,0.000,0.000,0.000,0.167,0.145,0.158,-0.012,0,4,0,-5,-1,0,0,5,0,0,0,0,0
70.500,0.972,2.2,0.003,0.000,0.017,0.001,0.009,0.000,0.000,0.000,0.167,0.145,0.158,-0.012,0,4,0,-5,-1,0,0,-4,0,0,0,0,-5
70.521,0.972,2.2,0.003,0.000,0.017,0.001,0.009,0.000,0.000,0.000,0.167,0.145,0.158,-0.012,0,4,0,-5,-1,0,0,-8,0,0,0,0,-7
70.544,0.978,2.2,0.003,0.000,0.009,0.001,0.009,0.000,0.000,0.000,0.088,0.427,0.291,-0.012,0,4,0,-5,-1,0,0,3,0,0,0,0,-2
70.561,0.978,2.2,0.003,0.000,0.009,0.001,0.009,0.000,0.000,0.000,0.088,0.427,0.291,-0.012,0,4,0,-5,-1,0,0,7,0,0,0,0,1
70.590,0.983,2.2,0.003,0.000,0.012,0.001,0.009,0.000,0.000,0.000,0.118,0.682,0.116,-0.012,0,4,0,-5,-1,0,0,-3,0,0,0,0,-5
70.611,0.983,2.2,0.003,0.000,0.012,0.001,0.009,0.000,0.000,0.000,0.118,0.682,0.116,-0.012,0,4,0,-5,-1,0,0,-8,0,0,0,0,-7
70.628,0.983,2.2,0.003,0.000,0.012,0.001,0.009,0.000,0.000,0.000,0.118,0.682,0.116,-0.012,0,4,0,-5,-1,0,0,-1,0,0,0,0,-4
70.645,0.990,2.2,0.003,0.000,0.013,0.001,0.009,0.000,0.000,0.000,0.132,0.215,-0.090,-0.012,0,4,0,-5,-1,0,0,7,0,0,0,0,0
70.668,0.990,2.2,0.003,0.000,0.013,0.001,0.009,0.000,0.000,0.000,0.132,0.215,-0.090,-0.012,0,4,0,-5,-1,0,0,4,0,0,0,0,-1
70.689,0.990,2.2,0.003,0.000,0.013,0.001,0.009,0.000,0.000,0.000,0.132,0.215,-0.090,-0.012,0,4,0,-5,-1,0,0,-7,0,0,0,0,-7
70.715,0.996,2.2,0.003,0.000,0.008,0.001,0.009,0.000,0.000,0.000,0.078,-0.100,-0.229,-0.012,0,4,0,-5,-1,0,0,-3,0,0,0,0,-5
70.746,1.001,2.2,0.003,0.000,0.017,0.001,0.009,0.000,0.000,0.000,0.168,-0.380,-0.064,-0.012,0,4,0,-5,-1,0,0,8,0,0,0,0,1
70.767,1.001,2.2,0.003,0.000,0.017,0.001,0.009,0.000,0.000,0.000,0.168,-0.380,-0.064,-0.012,0,4,0,-5,-1,0,0,0,0,0,0,0,-3
70.794,1.001,2.2,0.003,0.000,0.017,0.001,0.009,0.000,0.000,0.000,0.168,-0.380,-0.064,-0.012,0,4,0,-5,-1,0,0,-8,0,0,0,0,-7
70.812,0.999,2.2,0.003,0.057,-0.003,0.001,0.009,0.000,0.000,0.000,0.081,-0.717,0.136,-0.012,0,4,0,-5,-1,0,0,0,0,0,0,0,-3
70.841,0.999,2.2,0.003,0.057,-0.003,0.001,0.009,0.000,0.000,0.000,0.081,-0.717,0.136,-0.012,0,4,0,-5,-1,0,0,7,0,0,0,0,0
70.862,1.005,2.2,0.003,0.151,0.011,0.001,0.009,0.000,0.000,0.000,0.108,-0.354,-0.025,-0.012,0,4,0,-5,-1,0,0,-3,0,0,0,0,-5
70.879,1.005,2.2,0.003,0.151,0.011,0.001,0.009,0.000,0.000,0.000,0.108,-0.354,-0.025,-0.012,0,4,0,-5,-1,0,0,-8,0,0,0,0,-7
70.896,1.005,2.2,0.003,0.151,0.011,0.001,0.009,0.000,0.000,0.000,0.108,-0.354,-0.025,-0.012,0,4,0,-5,-1,0,0,-3,0,0,0,0,-5
70.918,0.996,2.2,0.003,0.353,-0.015,0.001,0.009,0.000,0.000,0.000,0.197,-0.026,0.125,-0.012,0,4,0,-5,-1,0,0,8,0,0,0,0,1
70.939,0.996,2.2,0.003,0.353,-0.015,0.001,0.009,0.000,0.000,0.000,0.197,-0.026,0.125,-0.012,0,4,0,-5,-1,0,0,5,0,0,0,0,-1
70.956,1.003,2.2,0.003,0.519,0.019,0.001,0.009,0.000,0.000,0.000,0.191,0.355,-0.079,-0.012,0,4,0,-5,-1,0,0,-5,0,0,0,0,-6
70.973,1.003,2.2,0.003,0.519,0.019,0.001,0.009,0.000,0.000,0.000,0.191,0.355,-0.079,-0.012,0,4,0,-5,-1,0,0,-9,0,0,0,0,-8
70.997,1.003,2.2,0.003,0.519,0.019,0.001,0.009,0.000,0.000,0.000,0.191,0.355,-0.079,-0.012,0,4,0,-5,-1,0,0,2,0,0,0,0,-2
71.018,0.995,2.2,0.003,0.679,-0.013,0.001,0.009,0.000,0.000,0.000,0.175,0.617,-0.219,-0.012,0,4,0,-5,-1,0,0,8,0,0,0,0,1
71.044,0.995,2.2,0.003,0.679,-0.013,0.001,0.009,0.000,0.000,0.000,0.175,0.617,-0.219,-0.012,0,4,0,-5,-1,0,0,-3,0,0,0,0,-5
71.061,1.001,2.2,0.003,0.821,0.013,0.001,0.009,0.000,0.000,0.000,0.128,0.264,-0.051,-0.012,0,4,0,-5,-1,0,0,-8,0,0,0,0,-7
71.090,1.001,2.2,0.003,0.821,0.013,0.001,0.009,0.000,0.000,0.000,0.128,0.264,-0.051,-0.012,0,4,0,-5,-1,0,0,3,0,0,0,0,-2
71.111,0.999,2.2,0.003,0.850,-0.004,0.001,0.009,0.000,0.000,0.000,0.100,-0.146,0.144,-0.012,0,4,0,-5,-1,0,0,8,0,0,0,0,1
71.128,0.999,2.2,0.003,0.850,-0.004,0.001,0.009,0.000,0.000,0.000,0.100,-0.146,0.144,-0.012,0,4,0,-5,-1,0,0,1,0,0,0,0,-3
71.145,0.999,2.2,0.003,0.850,-0.004,0.001,0.009,0.000,0.000,0.000,0.100,-0.146,0.144,-0.012,0,4,0,-5,-1,0,0,-7,0,0,0,0,-7
71.161,1.004,2.2,0.003,0.879,0.011,0.001,0.009,0.000,0.000,0.000,0.108,-0.427,0.278,-0.012,0,4,0,-5,-1,0,0,-7,0,0,0,0,-7
71.182,1.004,2.2,0.003,0.879,0.011,0.001,0.009,0.000,0.000,0.000,0.108,-0.427,0.278,-0.012,0,4,0,-5,-1,0,0,4,0,0,0,0,-1
71.199,1.004,2.2,0.003,0.879,0.011,0.001,0.009,0.000,0.000,0.000,0.108,-0.427,0.278,-0.012,0,4,0,-5,-1,0,0,8,0,0,0,0,1
71.215,0.996,2.2,0.003,1.000,-0.015,0.001,0.009,0.000,0.000,0.000,0.200,-0.682,0.105,-0.012,0,4,0,-5,-1,0,0,3,0,0,0,0,-2
71.246,0.996,2.2,0.003,1.000,-0.015,0.001,0.009,0.000,0.000,0.000,0.200,-0.682,0.105,-0.012,0,4,0,-5,-1,0,0,-9,0,0,0,0,-7
71.267,1.003,2.2,0.003,1.000,0.014,0.001,0.009,0.000,0.000,0.000,0.138,-0.216,-0.100,-0.012,0,4,0,-5,-1,0,0,1,0,0,0,0,-3
71.294,1.003,2.2,0.003,1.000,0.014,0.001,0.009,0.000,0.000,0.000,0.138,-0.216,-0.100,-0.012,0,4,0,-5,-1,0,0,8,0,0,0,0,1
71.312,1.003,2.2,0.003,1.000,0.014,0.001,0.009,0.000,0.000,0.000,0.138,-0.216,-0.100,-0.012,0,4,0,-5,-1,0,0,0,0,0,0,0,-3
71.329,0.995,2.2,0.003,1.000,-0.013,0.001,0.009,0.000,0.000,0.000,0.177,0.100,-0.238,-0.012,0,4,0,-5,-1,0,0,-8,0,0,0,0,-7
71.349,0.995,2.2,0.003,1.000,-0.013,0.001,0.009,0.000,0.000,0.000,0.177,0.100,-0.238,-0.012,0,4,0,-5,-1,0,0,-4,0,0,0,0,-5
71.372,1.001,2.2,0.003,1.000,0.012,0.001,0.009,0.000,0.000,0.000,0.122,0.380,-0.072,-0.013,0,4,0,-5,-1,0,0,7,0,0,0,0,0
71.388,1.001,2.2,0.003,1.000,0.012,0.001,0.009,0.000,0.000,0.000,0.122,0.380,-0.072,-0.013,0,4,0,-5,-1,0,0,7,0,0,0,0,0
71.405,1.001,2.2,0.003,1.000,0.012,0.001,0.009,0.000,0.000,0.000,0.122,0.380,-0.072,-0.013,0,4,0,-5,-1,0,0,-1,0,0,0,0,-4
71.427,0.999,2.2,0.003,1.000,-0.003,0.001,0.009,0.000,0.000,0.000,0.090,0.717,0.129,-0.013,0,4,0,-5,-1,0,0,-8,0,0,0,0,-7
71.444,0.999,2.2,0.003,1.000,-0.003,0.001,0.009,0.000,0.000,0.000,0.090,0.717,0.129,-0.013,0,4,0,-5,-1,0,0,-2,0,0,0,0,-4
71.466,0.999,2.2,0.003,1.000,-0.003,0.001,0.009,0.000,0.000,0.000,0.090,0.717,0.129,-0.013,0,4,0,-5,-1,0,0,7,0,0,0,0,0
71.482,1.004,2.2,0.003,1.000,0.010,0.001,0.009,0.000,0.000,0.000,0.097,0.354,0.264,-0.013,0,4,0,-5,-1,0,0,5,0,0,0,0,-1
71.503,1.004,2.2,0.003,1.000,0.010,0.001,0.009,0.000,0.000,0.000,0.097,0.354,0.264,-0.013,0,4,0,-5,-1,0,0,-5,0,0,0,0,-6
71.520,1.004,2.2,0.003,1.000,0.010,0.001,0.009,0.000,0.000,0.000,0.097,0.354,0.264,-0.013,0,4,0,-5,-1,0,0,-8,0,0,0,0,-7
71.536,0.996,2.2,0.003,1.000,-0.015,0.001,0.009,0.000,0.000,0.000,0.199,0.025,0.092,-0.013,0,4,0,-5,-1,0,0,-1,0,0,0,0,-4
71.553,0.996,2.2,0.003,1.000,-0.015,0.001,0.009,0.000,0.000,0.000,0.199,0.025,0.092,-0.013,0,4,0,-5,-1,0,0,7,0,0,0,0,0
71.574,0.996,2.2,0.003,1.000,-0.015,0.001,0.009,0.000,0.000,0.000,0.199,0.025,0.092,-0.013,0,4,0,-5,-1,0,0,6,0,0,0,0,0
71.591,1.003,2.2,0.003,1.000,0.013,0.001,0.009,0.000,0.000,0.000,0.130,-0.355,-0.108,-0.013,0,4,0,-5,-1,0,0,-4,0,0,0,0,-5
71.622,1.003,2.2,0.003,1.000,0.013,0.001,0.009,0.000,0.000,0.000,0.130,-0.355,-0.108,-0.013,0,4,0,-5,-1,0,0,-4,0,0,0,0,-5
71.638,0.995,2.2,0.003,1.000,-0.017,0.001,0.009,0.000,0.000,0.000,0.227,-0.617,-0.245,-0.013,0,4,0,-5,-1,0,0,5,0,0,0,0,-1
71.658,0.995,2.2,0.003,1.000,-0.017,0.001,0.009,0.000,0.000,0.000,0.227,-0.617,-0.245,-0.013,0,4,0,-5,-1,0,0,8,0,0,0,0,1
71.674,0.995,2.2,0.003,1.000,-0.017,0.001,0.009,0.000,0.000,0.000,0.227,-0.617,-0.245,-0.013,0,4,0,-5,-1,0,0,0,0,0,0,0,-3
71.691,1.001,2.2,0.003,1.000,0.010,0.001,0.009,0.000,0.000,0.000,0.100,-0.264,-0.370,-0.013,0,4,0,-5,-1,0,0,-7,0,0,0,0,-7
71.715,1.001,2.2,0.003,1.000,0.010,0.001,0.009,0.000,0.000,0.000,0.100,-0.264,-0.370,-0.013,0,4,0,-5,-1,0,0,-3,0,0,0,0,-5
71.736,0.999,2.2,0.003,1.000,-0.004,0.001,0.009,0.000,0.000,0.000,0.105,0.145,-0.137,-0.013,0,4,0,-5,-1,0,0,7,0,0,0,0,0
71.754,0.999,2.2,0.003,1.000,-0.004,0.001,0.009,0.000,0.000,0.000,0.105,0.145,-0.137,-0.013,0,4,0,-5,-1,0,0,6,0,0,0,0,0
71.771,0.999,2.2,0.003,1.000,-0.004,0.001,0.009,0.000,0.000,0.000,0.105,0.145,-0.137,-0.013,0,4,0,-5,-1,0,0,-3,0,0,0,0,-5
71.787,1.004,2.2,0.003,1.000,0.011,0.001,0.009,0.000,0.000,0.000,0.105,0.427,0.024,-0.013,0,4,0,-5,-1,0,0,-8,0,0,0,0,-7
71.808,1.004,2.2,0.003,1.000,0.011,0.001,0.009,0.000,0.000,0.000,0.105,0.427,0.024,-0.013,0,4,0,-5,-1,0,0,-2,0,0,0,0,-4
71.825,1.004,2.2,0.003,1.000,0.011,0.001,0.009,0.000,0.000,0.000,0.105,0.427,0.024,-0.013,0,4,0,-5,-1,0,0,6,0,0,0,0,0
71.841,0.996,2.2,0.003,1.000,-0.015,0.001,0.009,0.000,0.000,0.000,0.198,0.092,0.169,-0.013,0,4,0,-5,-1,0,0,8,0,0,0,0,1
71.872,0.996,2.2,0.003,1.000,-0.015,0.001,0.009,0.000,0.000,0.000,0.198,0.092,0.169,-0.013,0,4,0,-5,-1,0,0,-8,0,0,0,0,-7
71.893,1.004,2.2,0.003,1.000,0.014,0.001,0.009,0.000,0.000,0.000,0.137,-0.303,0.340,-0.013,0,4,0,-5,-1,0,0,-5,0,0,0,0,-6
71.918,1.004,2.2,0.003,1.000,0.014,0.001,0.009,0.000,0.000,0.000,0.137,-0.303,0.340,-0.013,0,4,0,-5,-1,0,0,7,0,0,0,0,0
71.935,1.004,2.2,0.003,1.000,0.014,0.001,0.009,0.000,0.000,0.000,0.137,-0.303,0.340,-0.013,0,4,0,-5,-1,0,0,6,0,0,0,0,0
71.966,0.996,2.2,0.003,1.000,-0.011,0.001,0.009,0.000,0.000,0.000,0.144,0.021,0.161,-0.013,0,4,0,-5,-1,0,0,-8,0,0,0,0,-7
71.987,0.996,2.2,0.003,1.000,-0.011,0.001,0.009,0.000,0.000,0.000,0.144,0.021,0.161,-0.013,0,4,0,-5,-1,0,0,-4,0,0,0,0,-5
72.003,1.001,2.2,0.003,1.000,0.014,0.001,0.009,0.000,0.000,0.000,0.139,0.308,0.001,-0.013,0,4,0,-5,-1,0,0,5,0,0,0,0,-1
72.020,1.001,2.2,0.003,1.000,0.014,0.001,0.009,0.000,0.000,0.000,0.139,0.308,0.001,-0.013,0,4,0,-5,-1,0,0,8,0,0,0,0,1
72.036,1.001,2.2,0.003,1.000,0.014,0.001,0.009,0.000,0.000,0.000,0.139,0.308,0.001,-0.013,0,4,0,-5,-1,0,0,1,0,0,0,0,-3
72.057,0.999,2.2,0.003,1.000,-0.003,0.001,0.009,0.000,0.000,0.000,0.087,-0.113,-0.191,-0.013,0,4,0,-5,-1,0,0,-7,0,0,0,0,-7
72.073,0.999,2.2,0.003,1.000,-0.003,0.001,0.009,0.000,0.000,0.000,0.087,-0.113,-0.191,-0.013,0,4,0,-5,-1,0,0,-6,0,0,0,0,-6
72.090,0.999,2.2,0.003,1.000,-0.003,0.001,0.009,0.000,0.000,0.000,0.087,-0.113,-0.191,-0.013,0,4,0,-5,-1,0,0,3,0,0,0,0,-2
72.121,1.005,2.2,0.003,1.000,0.008,0.001,0.009,0.000,0.000,0.000,0.083,-0.397,-0.025,-0.013,0,4,0,-5,-1,0,0,4,0,0,0,0,-1
72.143,1.005,2.2,0.003,1.000,0.008,0.001,0.009,0.000,0.000,0.000,0.083,-0.397,-0.025,-0.013,0,4,0,-5,-1,0,0,-6,0,0,0,0,-6
72.168,0.997,2.2,0.003,1.000,-0.017,0.001,0.009,0.000,0.000,0.000,0.222,-0.065,0.125,-0.013,0,4,0,-5,-1,0,0,-4,0,0,0,0,-5
72.185,0.997,2.2,0.003,1.000,-0.017,0.001,0.009,0.000,0.000,0.000,0.222,-0.065,0.125,-0.013,0,4,0,-5,-1,0,0,6,0,0,0,0,0
72.215,0.995,2.2,0.003,1.000,-0.003,0.001,0.009,0.000,0.000,0.000,0.095,0.321,-0.079,-0.013,0,4,0,-5,-1,0,0,3,0,0,0,0,-2
72.236,0.995,2.2,0.003,1.000,-0.003,0.001,0.009,0.000,0.000,0.000,0.095,0.321,-0.079,-0.013,0,4,0,-5,-1,0,0,-7,0,0,0,0,-7
72.253,1.001,2.2,0.003,1.000,0.014,0.001,0.009,0.000,0.000,0.000,0.140,-0.005,-0.219,-0.013,0,4,0,-5,-1,0,0,-6,0,0,0,0,-6
72.270,1.001,2.2,0.003,1.000,0.014,0.001,0.009,0.000,0.000,0.000,0.140,-0.005,-0.219,-0.013,0,4,0,-5,-1,0,0,2,0,0,0,0,-2
72.287,1.001,2.2,0.003,1.000,0.014,0.001,0.009,0.000,0.000,0.000,0.140,-0.005,-0.219,-0.013,0,4,0,-5,-1,0,0,8,0,0,0,0,1
72.308,0.993,2.2,0.003,1.000,-0.014,0.001,0.009,0.000,0.000,0.000,0.190,0.291,-0.051,-0.013,0,4,0,-5,-1,0,0,2,0,0,0,0,-2
72.341,0.993,2.2,0.003,1.000,-0.014,0.001,0.009,0.000,0.000,0.000,0.190,0.291,-0.051,-0.013,0,4,0,-5,-1,0,0,-8,0,0,0,0,-7
72.358,1.000,2.2,0.003,1.000,0.014,0.001,0.009,0.000,0.000,0.000,0.139,-0.122,0.144,-0.013,0,4,0,-5,-1,0,0,1,0,0,0,0,-3
72.379,1.000,2.2,0.003,1.000,0.014,0.001,0.009,0.000,0.000,0.000,0.139,-0.122,0.144,-0.013,0,4,0,-5,-1,0,0,8,0,0,0,0,1
72.396,1.000,2.2,0.003,1.000,0.014,0.001,0.009,0.000,0.000,0.000,0.139,-0.122,0.144,-0.013,0,4,0,-5,-1,0,0,3,0,0,0,0,-2
72.418,1.005,2.2,0.003,1.000,0.009,0.001,0.009,0.000,0.000,0.000,0.089,-0.405,-0.017,-0.013,0,4,0,-5,-1,0,0,-7,0,0,0,0,-7
72.434,1.005,2.2,0.003,1.000,0.009,0.001,0.009,0.000,0.000,0.000,0.089,-0.405,-0.017,-0.013,0,4,0,-5,-1,0,0,-6,0,0,0,0,-6
72.455,1.005,2.2,0.003,1.000,0.009,0.001,0.009,0.000,0.000,0.000,0.089,-0.405,-0.017,-0.013,0,4,0,-5,-1,0,0,4,0,0,0,0,-1
72.472,0.997,2.2,0.003,1.000,-0.014,0.001,0.009,0.000,0.000,0.000,0.191,-0.072,0.132,-0.013,0,4,0,-5,-1,0,0,9,0,0,0,0,1
72.489,0.997,2.2,0.003,1.000,-0.014,0.001,0.009,0.000,0.000,0.000,0.191,-0.072,0.132,-0.013,0,4,0,-5,-1,0,0,3,0,0,0,0,-2
72.506,0.997,2.2,0.003,1.000,-0.014,0.001,0.009,0.000,0.000,0.000,0.191,-0.072,0.132,-0.013,0,4,0,-5,-1,0,0,-7,0,0,0,0,-7
72.529,0.996,2.2,0.003,1.000,-0.003,0.001,0.009,0.000,0.000,0.000,0.077,0.320,-0.076,-0.013,0,4,0,-5,-1,0,0,-5,0,0,0,0,-6
72.546,0.996,2.2,0.003,1.000,-0.003,0.001,0.009,0.000,0.000,0.000,0.077,0.320,-0.076,-0.013,0,4,0,-5,-1,0,0,4,0,0,0,0,-1
72.563,0.996,2.2,0.003,1.000,-0.003,0.001,0.009,0.000,0.000,0.000,0.077,0.320,-0.076,-0.013,0,4,0,-5,-1,0,0,8,0,0,0,0,1
72.579,1.001,2.2,0.003,1.000,0.011,0.001,0.009,0.000,0.000,0.000,0.105,-0.005,-0.216,-0.014,0,4,0,-5,-1,0,0,3,0,0,0,0,-2
72.600,1.001,2.2,0.003,1.000,0.011,0.001,0.009,0.000,0.000,0.000,0.105,-0.005,-0.216,-0.014,0,4,0,-5,-1,0,0,-7,0,0,0,0,-7
72.622,0.994,2.2,0.003,1.000,-0.018,0.001,0.009,0.000,0.000,0.000,0.235,0.284,-0.052,-0.014,0,4,0,-5,-1,0,0,-5,0,0,0,0,-6
72.639,0.994,2.2,0.003,1.000,-0.018,0.001,0.009,0.000,0.000,0.000,0.235,0.284,-0.052,-0.014,0,4,0,-5,-1,0,0,6,0,0,0,0,0
72.655,0.994,2.2,0.003,1.000,-0.018,0.001,0.009,0.000,0.000,0.000,0.235,0.284,-0.052,-0.014,0,4,0,-5,-1,0,0,9,0,0,0,0,1
72.676,1.001,2.2,0.003,1.000,0.013,0.001,0.009,0.000,0.000,0.000,0.130,-0.134,0.146,-0.014,0,4,0,-5,-1,0,0,-1,0,0,0,0,-4
72.693,1.001,2.2,0.003,1.000,0.013,0.001,0.009,0.000,0.000,0.000,0.130,-0.134,0.146,-0.014,0,4,0,-5,-1,0,0,-8,0,0,0,0,-7
72.709,1.001,2.2,0.003,1.000,0.013,0.001,0.009,0.000,0.000,0.000,0.130,-0.134,0.146,-0.014,0,4,0,-5,-1,0,0,-6,0,0,0,0,-6
72.725,0.993,2.2,0.003,1.000,-0.016,0.001,0.009,0.000,0.000,0.000,0.206,-0.416,-0.015,-0.014,0,4,0,-5,-1,0,0,3,0,0,0,0,-2
72.742,0.993,2.2,0.003,1.000,-0.016,0.001,0.009,0.000,0.000,0.000,0.206,-0.416,-0.015,-0.014,0,4,0,-5,-1,0,0,9,0,0,0,0,1
72.762,0.993,2.2,0.003,1.000,-0.016,0.001,0.009,0.000,0.000,0.000,0.206,-0.416,-0.015,-0.014,0,4,0,-5,-1,0,0,2,0,0,0,0,-2
72.778,0.998,2.2,0.003,1.000,0.010,0.001,0.009,0.000,0.000,0.000,0.100,-0.082,0.134,-0.014,0,4,0,-5,-1,0,0,-6,0,0,0,0,-6
72.796,0.998,2.2,0.003,1.000,0.010,0.001,0.009,0.000,0.000,0.000,0.100,-0.082,0.134,-0.014,0,4,0,-5,-1,0,0,-7,0,0,0,0,-7
72.813,0.998,2.2,0.003,1.000,0.010,0.001,0.009,0.000,0.000,0.000,0.100,-0.082,0.134,-0.014,0,4,0,-5,-1,0,0,1,0,0,0,0,-3
72.834,0.997,2.2,0.003,1.000,-0.003,0.001,0.009,0.000,0.000,0.000,0.076,0.305,0.112,-0.014,0,4,0,-5,-1,0,0,8,0,0,0,0,1
72.851,0.997,2.2,0.003,1.000,-0.003,0.001,0.009,0.000,0.000,0.000,0.076,0.305,0.112,-0.014,0,4,0,-5,-1,0,0,3,0,0,0,0,-2
72.868,0.997,2.2,0.003,1.000,-0.003,0.001,0.009,0.000,0.000,0.000,0.076,0.305,0.112,-0.014,0,4,0,-5,-1,0,0,-6,0,0,0,0,-6
72.885,1.002,2.2,0.003,1.000,0.010,0.001,0.009,0.000,0.000,0.000,0.102,-0.019,-0.046,-0.014,0,4,0,-5,-1,0,0,-7,0,0,0,0,-7
72.906,1.002,2.2,0.003,1.000,0.010,0.001,0.009,0.000,0.000,0.000,0.102,-0.019,-0.046,-0.014,0,4,0,-5,-1,0,0,2,0,0,0,0,-2
72.923,1.002,2.2,0.003,1.000,0.010,0.001,0.009,0.000,0.000,0.000,0.102,-0.019,-0.046,-0.014,0,4,0,-5,-1,0,0,8,0,0,0,0,1
72.941,0.995,2.2,0.003,1.000,-0.014,0.001,0.009,0.000,0.000,0.000,0.181,-0.312,-0.190,-0.014,0,4,0,-5,-1,0,0,4,0,0,0,0,-1
72.965,0.995,2.2,0.003,1.000,-0.014,0.001,0.009,0.000,0.000,0.000,0.181,-0.312,-0.190,-0.014,0,4,0,-5,-1,0,0,-8,0,0,0,0,-7
72.986,1.002,2.2,0.003,1.000,0.015,0.001,0.009,0.000,0.000,0.000,0.154,0.103,0.022,-0.014,0,4,0,-5,-1,0,0,-4,0,0,0,0,-5
73.004,1.002,2.2,0.003,1.000,0.015,0.001,0.009,0.000,0.000,0.000,0.154,0.103,0.022,-0.014,0,4,0,-5,-1,0,0,6,0,0,0,0,0
73.021,1.002,2.2,0.003,1.000,0.015,0.001,0.009,0.000,0.000,0.000,0.154,0.103,0.022,-0.014,0,4,0,-5,-1,0,0,8,0,0,0,0,1
73.038,0.994,2.2,0.003,1.000,-0.015,0.001,0.009,0.000,0.000,0.000,0.193,0.389,0.167,-0.014,0,4,0,-5,-1,0,0,0,0,0,0,0,-3
73.058,0.994,2.2,0.003,1.000,-0.015,0.001,0.009,0.000,0.000,0.000,0.193,0.389,0.167,-0.014,0,4,0,-5,-1,0,0,-9,0,0,0,0,-8
73.075,0.994,2.2,0.003,1.000,-0.015,0.001,0.009,0.000,0.000,0.000,0.193,0.389,0.167,-0.014,0,4,0,-5,-1,0,0,-5,0,0,0,0,-6
73.092,0.999,2.2,0.003,1.000,0.010,0.001,0.009,0.000,0.000,0.000,0.097,0.057,0.004,-0.014,0,4,0,-5,-1,0,0,4,0,0,0,0,-1
73.108,0.999,2.2,0.003,1.000,0.010,0.001,0.009,0.000,0.000,0.000,0.097,0.057,0.004,-0.014,0,4,0,-5,-1,0,0,8,0,0,0,0,1
73.130,0.999,2.2,0.003,1.000,0.010,0.001,0.009,0.000,0.000,0.000,0.097,0.057,0.004,-0.014,0,4,0,-5,-1,0,0,0,0,0,0,0,-3
73.147,0.998,2.2,0.003,1.000,-0.003,0.001,0.009,0.000,0.000,0.000,0.075,-0.333,-0.188,-0.014,0,4,0,-5,-1,0,0,-7,0,0,0,0,-7
73.168,0.998,2.2,0.003,1.000,-0.003,0.001,0.009,0.000,0.000,0.000,0.075,-0.333,-0.188,-0.014,0,4,0,-5,-1,0,0,-4,0,0,0,0,-5
73.184,0.998,2.2,0.003,1.000,-0.003,0.001,0.009,0.000,0.000,0.000,0.075,-0.333,-0.188,-0.014,0,4,0,-5,-1,0,0,5,0,0,0,0,-1
73.206,1.003,2.2,0.003,1.000,0.009,0.001,0.009,0.000,0.000,0.000,0.089,-0.007,-0.023,-0.014,0,4,0,-5,-1,0,0,7,0,0,0,0,0
73.224,1.003,2.2,0.003,1.000,0.009,0.001,0.009,0.000,0.000,0.000,0.089,-0.007,-0.023,-0.014,0,4,0,-5,-1,0,0,-2,0,0,0,0,-4
73.240,1.003,2.2,0.003,1.000,0.009,0.001,0.009,0.000,0.000,0.000,0.089,-0.007,-0.023,-0.014,0,4,0,-5,-1,0,0,-8,0,0,0,0,-7
73.258,0.996,2.2,0.003,1.000,-0.014,0.001,0.009,0.000,0.000,0.000,0.187,0.283,0.124,-0.014,0,4,0,-5,-1,0,0,-5,0,0,0,0,-6
73.279,0.996,2.2,0.003,1.000,-0.014,0.001,0.009,0.000,0.000,0.000,0.187,0.283,0.124,-0.014,0,4,0,-5,-1,0,0,7,0,0,0,0,0
73.295,1.003,2.2,0.003,1.000,0.019,0.001,0.009,0.000,0.000,0.000,0.188,-0.135,-0.083,-0.014,0,4,0,-5,-1,0,0,8,0,0,0,0,1
73.312,1.003,2.2,0.003,1.000,0.019,0.001,0.009,0.000,0.000,0.000,0.188,-0.135,-0.083,-0.014,0,4,0,-5,-1,0,0,-1,0,0,0,0,-4
73.340,1.003,2.2,0.003,1.000,0.019,0.001,0.009,0.000,0.000,0.000,0.188,-0.135,-0.083,-0.014,0,4,0,-5,-1,0,0,-8,0,0,0,0,-7
73.361,0.995,2.2,0.003,1.000,-0.011,0.001,0.009,0.000,0.000,0.000,0.151,-0.418,-0.223,-0.014,0,4,0,-5,-1,0,0,2,0,0,0,0,-2
73.377,0.995,2.2,0.003,1.000,-0.011,0.001,0.009,0.000,0.000,0.000,0.151,-0.418,-0.223,-0.014,0,4,0,-5,-1,0,0,8,0,0,0,0,1
73.394,0.995,2.2,0.003,1.000,-0.011,0.001,0.009,0.000,0.000,0.000,0.151,-0.418,-0.223,-0.014,0,4,0,-5,-1,0,0,5,0,0,0,0,-1
73.418,1.001,2.2,0.003,1.000,0.009,0.001,0.009,0.000,0.000,0.000,0.091,-0.083,-0.054,-0.014,0,4,0,-5,-1,0,0,-7,0,0,0,0,-7
73.439,1.001,2.2,0.003,1.000,0.009,0.001,0.009,0.000,0.000,0.000,0.091,-0.083,-0.054,-0.014,0,4,0,-5,-1,0,0,-5,0,0,0,0,-6
73.465,0.999,2.2,0.003,1.000,-0.003,0.001,0.009,0.000,0.000,0.000,0.084,0.305,0.141,-0.014,0,4,0,-5,-1,0,0,7,0,0,0,0,0
73.497,0.999,2.2,0.003,1.000,-0.003,0.001,0.009,0.000,0.000,0.000,0.084,0.305,0.141,-0.014,0,4,0,-5,-1,0,0,-2,0,0,0,0,-4
73.517,1.004,2.2,0.003,1.000,0.010,0.001,0.009,0.000,0.000,0.000,0.099,0.571,0.276,-0.014,0,4,0,-5,-1,0,0,-8,0,0,0,0,-7
73.544,1.004,2.2,0.003,1.000,0.010,0.001,0.009,0.000,0.000,0.000,0.099,0.571,0.276,-0.014,0,4,0,-5,-1,0,0,3,0,0,0,0,-2
73.561,0.997,2.2,0.003,1.000,-0.017,0.001,0.009,0.000,0.000,0.000,0.223,0.222,0.102,-0.014,0,4,0,-5,-1,0,0,9,0,0,0,0,1
73.590,0.997,2.2,0.003,1.000,-0.017,0.001,0.009,0.000,0.000,0.000,0.223,0.222,0.102,-0.014,0,4,0,-5,-1,0,0,-4,0,0,0,0,-5
73.612,0.996,2.2,0.003,1.000,-0.003,0.001,0.009,0.000,0.000,0.000,0.077,-0.182,-0.099,-0.014,0,4,0,-5,-1,0,0,-7,0,0,0,0,-7
73.629,0.996,2.2,0.003,1.000,-0.003,0.001,0.009,0.000,0.000,0.000,0.077,-0.182,-0.099,-0.014,0,4,0,-5,-1,0,0,0,0,0,0,0,-3
73.646,0.996,2.2,0.003,1.000,-0.003,0.001,0.009,0.000,0.000,0.000,0.077,-0.182,-0.099,-0.014,0,4,0,-5,-1,0,0,7,0,0,0,0,0
73.668,1.001,2.2,0.003,1.000,0.009,0.001,0.009,0.000,0.000,0.000,0.093,-0.460,-0.237,-0.014,0,4,0,-5,-1,0,0,4,0,0,0,0,-1
73.689,1.001,2.2,0.003,1.000,0.009,0.001,0.009,0.000,0.000,0.000,0.093,-0.460,-0.237,-0.014,0,4,0,-5,-1,0,0,-7,0,0,0,0,-7
73.715,0.980,2.2,0.003,1.000,-0.045,0.001,0.009,0.000,0.000,0.000,0.752,-0.122,-0.067,0.014,0,4,0,-5,-1,0,0,-5,0,0,0,0,-6
73.731,0.980,2.2,0.003,1.000,-0.045,0.001,0.009,0.000,0.000,0.000,0.752,-0.122,-0.067,0.014,0,4,0,-5,-1,0,0,9,0,0,0,0,1
73.749,0.980,2.2,0.003,1.000,-0.045,0.001,0.009,0.000,0.000,0.000,0.752,-0.122,-0.067,0.014,0,4,0,-5,-1,0,0,12,0,0,0,0,3
73.770,0.970,2.2,0.003,1.000,-0.018,0.001,0.009,0.000,0.000,0.000,0.184,0.276,0.132,0.013,0,4,0,-5,-1,0,0,-3,0,0,0,0,-4
73.793,0.970,2.2,0.003,1.000,-0.018,0.001,0.009,0.000,0.000,0.000,0.184,0.276,0.132,0.013,0,4,0,-5,-1,0,0,-8,0,0,0,0,-7
73.810,0.970,2.2,0.003,1.000,-0.018,0.001,0.009,0.000,0.000,0.000,0.184,0.276,0.132,0.013,0,4,0,-5,-1,0,0,-1,0,0,0,0,-4
73.840,0.963,2.2,0.003,1.000,-0.011,0.001,0.009,0.000,0.000,0.000,0.109,-0.045,-0.028,0.013,0,4,0,-5,-1,0,0,7,0,0,0,0,0
73.860,0.963,2.2,0.003,1.000,-0.011,0.001,0.009,0.000,0.000,0.000,0.109,-0.045,-0.028,0.013,0,4,0,-5,-1,0,0,-2,0,0,0,0,-4
73.878,0.955,2.1,0.003,1.000,-0.020,0.001,0.009,0.000,0.000,0.000,0.196,0.248,0.119,0.013,0,4,0,-5,-1,0,0,-8,0,0,0,0,-7
73.894,0.955,2.1,0.003,1.000,-0.020,0.001,0.009,0.000,0.000,0.000,0.196,0.248,0.119,0.013,0,4,0,-5,-1,0,0,-4,0,0,0,0,-5
73.918,0.955,2.1,0.003,1.000,-0.020,0.001,0.009,0.000,0.000,0.000,0.196,0.248,0.119,0.013,0,4,0,-5,-1,0,0,7,0,0,0,0,1
73.938,0.974,2.2,0.003,1.000,0.032,0.001,0.009,0.000,0.000,0.000,0.967,-0.165,-0.087,-0.042,0,4,0,-5,-1,0,0,11,0,0,0,0,2
73.955,0.974,2.2,0.003,1.000,0.032,0.001,0.009,0.000,0.000,0.000,0.967,-0.165,-0.087,-0.042,0,4,0,-5,-1,0,0,-9,0,0,0,0,-8
73.972,0.990,2.2,0.003,1.000,0.045,0.001,0.009,0.000,0.000,0.000,0.454,-0.445,-0.226,-0.042,0,4,0,-5,-1,0,0,-14,0,0,0,0,-10
73.989,0.990,2.2,0.003,1.000,0.045,0.001,0.009,0.000,0.000,0.000,0.454,-0.445,-0.226,-0.042,0,4,0,-5,-1,0,0,-4,0,0,0,0,-5
74.010,0.990,2.2,0.003,1.000,0.045,0.001,0.009,0.000,0.000,0.000,0.454,-0.445,-0.226,-0.042,0,4,0,-5,-1,0,0,13,0,0,0,0,3
74.027,1.005,2.2,0.003,1.000,0.028,0.001,0.009,0.000,0.000,0.000,0.284,-0.108,-0.057,-0.043,0,4,0,-5,-1,0,0,9,0,0,0,0,1
74.043,1.005,2.2,0.003,1.000,0.028,0.001,0.009,0.000,0.000,0.000,0.284,-0.108,-0.057,-0.043,0,4,0,-5,-1,0,0,-4,0,0,0,0,-5
74.060,1.005,2.2,0.003,1.000,0.028,0.001,0.009,0.000,0.000,0.000,0.284,-0.108,-0.057,-0.043,0,4,0,-5,-1,0,0,-13,0,0,0,0,-10
74.081,1.013,2.3,0.003,1.000,0.015,0.001,0.009,0.000,0.000,0.000,0.493,0.283,0.138,-0.044,0,4,0,-5,-1,0,0,-3,0,0,0,0,-5
74.098,1.013,2.3,0.003,1.000,0.015,0.001,0.009,0.000,0.000,0.000,0.493,0.283,0.138,-0.044,0,4,0,-5,-1,0,0,12,0,0,0,0,3
74.122,1.013,2.3,0.003,1.000,0.015,0.001,0.009,0.000,0.000,0.000,0.493,0.283,0.138,-0.044,0,4,0,-5,-1,0,0,8,0,0,0,0,1
74.139,1.020,2.3,0.003,1.000,0.012,0.001,0.009,0.000,0.000,0.000,0.344,0.551,0.273,-0.045,0,4,0,-5,-1,0,0,-8,0,0,0,0,-7
74.159,1.020,2.3,0.003,1.000,0.012,0.001,0.009,0.000,0.000,0.000,0.344,0.551,0.273,-0.045,0,4,0,-5,-1,0,0,-12,0,0,0,0,-9
74.177,1.020,2.3,0.003,1.000,0.012,0.001,0.009,0.000,0.000,0.000,0.344,0.551,0.273,-0.045,0,4,0,-5,-1,0,0,2,0,0,0,0,-2
74.194,1.026,2.3,0.003,1.000,0.013,0.001,0.009,0.000,0.000,0.000,0.354,0.204,0.100,-0.046,0,4,0,-5,-1,0,0,14,0,0,0,0,4
74.211,1.026,2.3,0.003,1.000,0.013,0.001,0.009,0.000,0.000,0.000,0.354,0.204,0.100,-0.046,0,4,0,-5,-1,0,0,9,0,0,0,0,1
74.231,1.026,2.3,0.003,1.000,0.013,0.001,0.009,0.000,0.000,0.000,0.354,0.204,0.100,-0.046,0,4,0,-5,-1,0,0,-10,0,0,0,0,-8
74.249,1.036,2.3,0.003,1.000,0.018,0.001,0.009,0.000,0.000,0.000,0.469,-0.198,-0.101,-0.048,0,4,0,-5,-1,0,0,-14,0,0,0,0,-10
74.266,1.036,2.3,0.003,1.000,0.018,0.001,0.009,0.000,0.000,0.000,0.469,-0.198,-0.101,-0.048,0,4,0,-5,-1,0,0,0,0,0,0,0,-3
74.293,1.044,2.3,0.003,1.000,0.018,0.001,0.009,0.000,0.000,0.000,0.430,-0.474,-0.239,-0.049,0,4,0,-5,-1,0,0,15,0,0,0,0,4
74.314,1.044,2.3,0.003,1.000,0.018,0.001,0.009,0.000,0.000,0.000,0.430,-0.474,-0.239,-0.049,0,4,0,-5,-1,0,0,-3,0,0,0,0,-5
74.340,1.052,2.4,0.003,1.000,0.017,0.001,0.009,0.000,0.000,0.000,0.407,-0.135,-0.069,-0.050,0,4,0,-5,-1,0,0,-14,0,0,0,0,-10
74.356,1.052,2.4,0.003,1.000,0.017,0.001,0.009,0.000,0.000,0.000,0.407,-0.135,-0.069,-0.050,0,4,0,-5,-1,0,0,-1,0,0,0,0,-4
74.373,1.052,2.4,0.003,1.000,0.017,0.001,0.009,0.000,0.000,0.000,0.407,-0.135,-0.069,-0.050,0,4,0,-5,-1,0,0,14,0,0,0,0,4
74.394,1.016,2.3,0.003,1.000,-0.067,0.001,0.009,0.000,0.000,0.000,3.008,0.265,-0.067,-0.042,0,4,0,-5,-1,0,-247,20,0,0,0,0,-21
74.418,1.016,2.3,0.003,1.000,-0.067,0.001,0.009,0.000,0.000,0.000,3.008,0.265,-0.067,-0.042,0,4,0,-5,-1,0,-247,-33,0,0,0,0,-79
74.436,1.016,2.3,0.003,1.000,-0.067,0.001,0.009,0.000,0.000,0.000,3.008,0.265,-0.067,-0.042,0,4,0,-5,-1,0,-247,-28,0,0,0,0,-99
74.465,1.005,2.2,0.003,1.000,-0.015,0.001,0.009,0.000,0.000,0.000,1.709,0.535,-0.208,-0.036,0,4,0,-5,-1,0,0,23,0,0,0,0,-35
74.486,1.005,2.2,0.003,1.000,-0.015,0.001,0.009,0.000,0.000,0.000,1.709,0.535,-0.208,-0.036,0,4,0,-5,-1,0,0,11,0,0,0,0,-14
74.504,1.006,2.3,0.003,1.000,0.003,0.001,0.009,0.000,0.000,0.000,0.425,0.197,-0.334,-0.035,0,4,0,-5,-1,0,0,-9,0,0,0,0,-8
74.520,1.006,2.3,0.003,1.000,0.003,0.001,0.009,0.000,0.000,0.000,0.425,0.197,-0.334,-0.035,0,4,0,-5,-1,0,0,-13,0,0,0,0,-10
74.543,1.006,2.3,0.003,1.000,0.003,0.001,0.009,0.000,0.000,0.000,0.425,0.197,-0.334,-0.035,0,4,0,-5,-1,0,0,4,0,0,0,0,-1
74.564,1.008,2.3,0.003,1.000,0.004,0.001,0.009,0.000,0.000,0.000,0.056,-0.210,-0.287,-0.035,0,4,0,-5,-1,0,0,10,0,0,0,0,2
74.590,1.008,2.3,0.003,1.000,0.004,0.001,0.009,0.000,0.000,0.000,0.056,-0.210,-0.287,-0.035,0,4,0,-5,-1,0,0,-4,0,0,0,0,-5
74.621,1.010,2.3,0.003,1.000,0.003,0.001,0.009,0.000,0.000,0.000,0.032,-0.486,-0.112,-0.035,0,4,0,-5,-1,0,0,-5,0,0,0,0,-6
74.642,1.010,2.3,0.003,1.000,0.003,0.001,0.009,0.000,0.000,0.000,0.032,-0.486,-0.112,-0.035,0,4,0,-5,-1,0,0,7,0,0,0,0,0
74.669,1.011,2.3,0.003,1.000,0.003,0.001,0.009,0.000,0.000,0.000,0.036,-0.145,0.046,-0.035,0,4,0,-5,-1,0,0,4,0,0,0,0,-1
74.687,1.011,2.3,0.003,1.000,0.003,0.001,0.009,0.000,0.000,0.000,0.036,-0.145,0.046,-0.035,0,4,0,-5,-1,0,0,-7,0,0,0,0,-7
74.704,1.014,2.3,0.003,1.000,0.006,0.001,0.009,0.000,0.000,0.000,0.064,0.250,0.229,-0.035,0,4,0,-5,-1,0,0,-9,0,0,0,0,-8
74.725,1.014,2.3,0.003,1.000,0.006,0.001,0.009,0.000,0.000,0.000,0.064,0.250,0.229,-0.035,0,4,0,-5,-1,0,0,3,0,0,0,0,-2
74.742,1.014,2.3,0.003,1.000,0.006,0.001,0.009,0.000,0.000,0.000,0.064,0.250,0.229,-0.035,0,4,0,-5,-1,0,0,10,0,0,0,0,2
74.758,1.015,2.3,0.003,1.000,0.003,0.001,0.009,0.000,0.000,0.000,0.031,0.522,0.355,-0.035,0,4,0,-5,-1,0,0,5,0,0,0,0,-1
74.776,1.015,2.3,0.003,1.000,0.003,0.001,0.009,0.000,0.000,0.000,0.031,0.522,0.355,-0.035,0,4,0,-5,-1,0,0,-6,0,0,0,0,-6
74.796,1.015,2.3,0.003,1.000,0.003,0.001,0.009,0.000,0.000,0.000,0.031,0.522,0.355,-0.035,0,4,0,-5,-1,0,0,-8,0,0,0,0,-7
74.814,1.017,2.3,0.003,1.000,0.003,0.001,0.009,0.000,0.000,0.000,0.030,0.178,0.470,-0.035,0,4,0,-5,-1,0,0,2,0,0,0,0,-2
74.840,1.017,2.3,0.003,1.000,0.003,0.001,0.009,0.000,0.000,0.000,0.030,0.178,0.470,-0.035,0,4,0,-5,-1,0,0,9,0,0,0,0,1
74.856,1.017,2.3,0.003,1.000,0.003,0.001,0.009,0.000,0.000,0.000,0.030,0.178,0.470,-0.035,0,4,0,-5,-1,0,0,0,0,0,0,0,-3
74.877,1.019,2.3,0.003,1.000,0.003,0.001,0.009,0.000,0.000,0.000,0.036,-0.221,0.224,-0.035,0,4,0,-5,-1,0,0,-10,0,0,0,0,-8
74.895,1.019,2.3,0.003,1.000,0.003,0.001,0.009,0.000,0.000,0.000,0.036,-0.221,0.224,-0.035,0,4,0,-5,-1,0,0,-5,0,0,0,0,-6
74.918,1.021,2.3,0.003,1.000,0.004,0.001,0.009,0.000,0.000,0.000,0.041,-0.496,0.056,-0.035,0,4,0,-5,-1,0,0,9,0,0,0,0,1
74.936,1.021,2.3,0.003,1.000,0.004,0.001,0.009,0.000,0.000,0.000,0.041,-0.496,0.056,-0.035,0,4,0,-5,-1,0,0,7,0,0,0,0,0
74.956,1.021,2.3,0.003,1.000,0.004,0.001,0.009,0.000,0.000,0.000,0.041,-0.496,0.056,-0.035,0,4,0,-5,-1,0,0,-5,0,0,0,0,-6
74.973,1.022,2.3,0.003,1.000,0.003,0.001,0.009,0.000,0.000,0.000,0.030,-0.745,-0.097,-0.035,0,4,0,-5,-1,0,0,-10,0,0,0,0,-8
74.989,1.022,2.3,0.003,1.000,0.003,0.001,0.009,0.000,0.000,0.000,0.030,-0.745,-0.097,-0.035,0,4,0,-5,-1,0,0,-3,0,0,0,0,-5
75.006,1.022,2.3,0.003,1.000,0.003,0.001,0.009,0.000,0.000,0.000,0.030,-0.745,-0.097,-0.035,0,4,0,-5,-1,0,0,8,0,0,0,0,1
75.028,1.024,2.3,0.003,1.000,0.004,0.001,0.009,0.000,0.000,0.000,0.042,-0.270,-0.277,-0.035,0,4,0,-5,-1,0,0,7,0,0,0,0,0
75.045,1.024,2.3,0.003,1.000,0.004,0.001,0.009,0.000,0.000,0.000,0.042,-0.270,-0.277,-0.035,0,4,0,-5,-1,0,0,-4,0,0,0,0,-5
75.062,1.024,2.3,0.003,1.000,0.004,0.001,0.009,0.000,0.000,0.000,0.042,-0.270,-0.277,-0.035,0,4,0,-5,-1,0,0,-10,0,0,0,0,-8
75.090,1.026,2.3,0.003,1.000,0.002,0.001,0.009,0.000,0.000,0.000,0.031,0.050,-0.399,-0.035,0,4,0,-5,-1,0,0,4,0,0,0,0,-1
75.110,1.026,2.3,0.003,1.000,0.002,0.001,0.009,0.000,0.000,0.000,0.031,0.050,-0.399,-0.035,0,4,0,-5,-1,0,0,10,0,0,0,0,2
75.128,1.027,2.3,0.003,1.000,0.004,0.001,0.009,0.000,0.000,0.000,0.059,0.335,-0.217,-0.035,0,4,0,-5,-1,0,0,1,0,0,0,0,-3
75.145,1.027,2.3,0.003,1.000,0.004,0.001,0.009,0.000,0.000,0.000,0.059,0.335,-0.217,-0.035,0,4,0,-5,-1,0,0,-9,0,0,0,0,-8
75.168,1.027,2.3,0.003,1.000,0.004,0.001,0.009,0.000,0.000,0.000,0.059,0.335,-0.217,-0.035,0,4,0,-5,-1,0,0,-5,0,0,0,0,-6
75.189,1.029,2.3,0.003,1.000,0.003,0.001,0.009,0.000,0.000,0.000,0.039,0.677,0.001,-0.035,0,4,0,-5,-1,0,0,8,0,0,0,0,1
75.215,1.029,2.3,0.003,1.000,0.003,0.001,0.009,0.000,0.000,0.000,0.039,0.677,0.001,-0.035,0,4,0,-5,-1,0,0,4,0,0,0,0,-2
75.232,1.031,2.3,0.003,1.000,0.003,0.001,0.009,0.000,0.000,0.000,0.036,0.909,0.148,-0.035,0,4,0,-6,-1,0,0,-7,0,0,0,0,-7
75.249,1.031,2.3,0.003,1.000,0.003,0.001,0.009,0.000,0.000,0.000,0.036,0.909,0.148,-0.035,0,4,0,-6,-1,0,0,-9,0,0,0,0,-8
75.269,1.031,2.3,0.003,1.000,0.003,0.001,0.009,0.000,0.000,0.000,0.036,0.909,0.148,-0.035,0,4,0,-6,-1,0,0,2,0,0,0,0,-2
75.294,1.032,2.3,0.003,1.000,0.002,0.001,0.009,0.000,0.000,0.000,0.025,0.528,0.282,-0.035,0,4,0,-6,-1,0,0,9,0,0,0,0,1
75.311,1.032,2.3,0.003,1.000,0.002,0.001,0.009,0.000,0.000,0.000,0.025,0.528,0.282,-0.035,0,4,0,-6,-1,0,0,0,0,0,0,0,-3
75.340,1.034,2.3,0.003,1.000,0.004,0.001,0.009,0.001,0.000,0.000,0.048,0.087,0.059,-0.035,0,4,0,-6,-1,0,0,-9,0,0,0,0,-8
75.360,1.034,2.3,0.003,1.000,0.004,0.001,0.009,0.001,0.000,0.000,0.048,0.087,0.059,-0.035,0,4,0,-6,-1,0,0,2,0,0,0,0,-2
75.377,1.034,2.3,0.003,1.000,0.004,0.001,0.009,0.001,0.000,0.000,0.048,0.087,0.059,-0.035,0,4,0,-6,-1,0,0,10,0,0,0,0,2
75.394,1.035,2.3,0.003,1.000,0.003,0.001,0.009,0.001,0.000,0.000,0.029,-0.216,-0.094,-0.035,0,4,0,-6,-1,0,0,6,0,0,0,0,-1
75.419,1.035,2.3,0.003,1.000,0.003,0.001,0.009,0.001,0.000,0.000,0.029,-0.216,-0.094,-0.035,0,4,0,-6,-1,0,0,-9,0,0,0,0,-8
75.441,1.037,2.3,0.003,1.000,0.003,0.001,0.009,0.001,0.000,0.000,0.030,-0.491,-0.233,-0.035,0,4,0,-6,-1,0,0,-4,0,0,0,0,-6
75.465,1.037,2.3,0.003,1.000,0.003,0.001,0.009,0.001,0.000,0.000,0.030,-0.491,-0.233,-0.035,0,4,0,-6,-1,0,0,9,0,0,0,0,1
75.496,1.038,2.3,0.003,1.000,0.003,0.001,0.010,0.001,0.000,0.000,0.034,-0.810,-0.016,-0.035,0,4,0,-6,-1,0,0,-2,0,0,0,0,-5
75.517,1.038,2.3,0.003,1.000,0.003,0.001,0.010,0.001,0.000,0.000,0.034,-0.810,-0.016,-0.035,0,4,0,-6,-1,0,0,-10,0,0,0,0,-9
75.544,1.040,2.3,0.003,1.000,0.003,0.001,0.010,0.001,0.000,0.000,0.030,-1.029,0.133,-0.035,0,4,0,-6,-1,0,0,4,0,0,0,0,-2
75.560,1.040,2.3,0.003,1.000,0.003,0.001,0.010,0.001,0.000,0.000,0.030,-1.029,0.133,-0.035,0,4,0,-6,-1,0,0,10,0,0,0,0,2
75.590,1.041,2.3,0.003,1.000,0.003,0.001,0.010,0.001,0.000,0.000,0.030,-0.637,-0.027,-0.035,0,4,0,-6,-1,0,0,-4,0,0,0,0,-5
75.611,1.041,2.3,0.003,1.000,0.003,0.001,0.010,0.001,0.000,0.000,0.030,-0.637,-0.027,-0.035,0,4,0,-6,-1,0,0,-10,0,0,0,0,-8
75.629,1.041,2.3,0.003,1.000,0.003,0.001,0.010,0.001,0.000,0.000,0.030,-0.637,-0.027,-0.035,0,4,0,-6,-1,0,0,-1,0,0,0,0,-4
75.646,1.043,2.3,0.003,1.000,0.003,0.001,0.010,0.001,0.000,0.000,0.036,-0.176,-0.017,-0.035,0,4,0,-6,-1,0,0,9,0,0,0,0,1
75.668,1.043,2.3,0.003,1.000,0.003,0.001,0.010,0.001,0.000,0.000,0.036,-0.176,-0.017,-0.035,0,4,0,-6,-1,0,0,5,0,0,0,0,-1
75.689,1.043,2.3,0.003,1.000,0.003,0.001,0.010,0.001,0.000,0.000,0.036,-0.176,-0.017,-0.035,0,4,0,-6,-1,0,0,-8,0,0,0,0,-8
75.715,1.044,2.3,0.003,1.000,0.002,0.001,0.010,0.001,0.000,0.000,0.021,0.136,0.132,-0.035,0,4,0,-6,-1,0,0,-4,0,0,0,0,-5
75.746,1.046,2.3,0.003,1.000,0.004,0.001,0.010,0.001,0.000,0.000,0.042,0.413,-0.025,-0.036,0,4,0,-6,-1,0,0,10,0,0,0,0,1
75.767,1.046,2.3,0.003,1.000,0.004,0.001,0.010,0.001,0.000,0.000,0.042,0.413,-0.025,-0.036,0,4,0,-6,-1,0,0,-1,0,0,0,0,-4
75.794,1.046,2.3,0.003,1.000,0.004,0.001,0.010,0.001,0.000,0.000,0.042,0.413,-0.025,-0.036,0,4,0,-6,-1,0,0,-9,0,0,0,0,-9
75.811,1.047,2.3,0.004,1.000,0.003,0.001,0.012,0.001,0.000,0.000,0.030,0.746,-0.213,-0.036,0,4,0,-7,-1,0,0,0,0,0,0,0,-4
75.828,1.047,2.3,0.004,1.000,0.003,0.001,0.012,0.001,0.000,0.000,0.030,0.746,-0.213,-0.036,0,4,0,-7,-1,0,0,9,0,0,0,0,0
75.848,1.049,2.3,0.004,1.000,0.003,0.001,0.013,0.001,0.000,0.000,0.042,0.971,-0.046,-0.036,0,4,0,-8,-2,0,0,6,0,0,0,0,-2
75.872,1.049,2.3,0.004,1.000,0.003,0.001,0.013,0.001,0.000,0.000,0.042,0.971,-0.046,-0.036,0,4,0,-8,-2,0,0,-9,0,0,0,0,-9
75.889,1.049,2.3,0.004,1.000,0.003,0.001,0.013,0.001,0.000,0.000,0.042,0.971,-0.046,-0.036,0,4,0,-8,-2,0,0,-8,0,0,0,0,-9
75.918,1.050,2.3,0.005,1.000,0.002,0.002,0.014,0.001,0.000,0.000,0.021,0.584,0.106,-0.036,0,4,0,-9,-2,0,0,9,0,0,0,0,-1
75.939,1.050,2.3,0.005,1.000,0.002,0.002,0.014,0.001,0.000,0.000,0.021,0.584,0.106,-0.036,0,4,0,-9,-2,0,0,6,0,0,0,0,-3
75.965,1.052,2.4,0.005,1.000,0.004,0.002,0.016,0.001,0.000,0.000,0.043,0.136,0.282,-0.036,0,4,0,-10,-2,0,0,-10,0,0,0,0,-11
75.997,1.052,2.4,0.005,1.000,0.004,0.002,0.016,0.001,0.000,0.000,0.043,0.136,0.282,-0.036,0,4,0,-10,-2,0,0,3,0,0,0,0,-5
76.019,1.053,2.4,0.006,1.000,0.002,0.002,0.017,0.001,0.000,0.000,0.030,-0.172,0.403,-0.036,0,4,0,-10,-2,0,0,10,0,0,0,0,-1
76.035,1.053,2.4,0.006,1.000,0.002,0.002,0.017,0.001,0.000,0.000,0.030,-0.172,0.403,-0.036,0,4,0,-10,-2,0,0,2,0,0,0,0,-5
76.053,1.053,2.4,0.006,1.000,0.002,0.002,0.017,0.001,0.000,0.000,0.030,-0.172,0.403,-0.036,0,4,0,-10,-2,0,0,-9,0,0,0,0,-11
76.070,1.054,2.4,0.006,1.000,0.002,0.002,0.019,0.001,0.000,0.000,0.035,-0.451,0.218,-0.036,0,4,0,-11,-2,0,0,-9,0,0,0,0,-11
76.090,1.054,2.4,0.006,1.000,0.002,0.002,0.019,0.001,0.000,0.000,0.035,-0.451,0.218,-0.036,0,4,0,-11,-2,0,0,4,0,0,0,0,-5
76.107,1.054,2.4,0.006,1.000,0.002,0.002,0.019,0.001,0.000,0.000,0.035,-0.451,0.218,-0.036,0,4,0,-11,-2,0,0,10,0,0,0,0,-2
76.123,1.055,2.4,0.007,1.000,0.003,0.002,0.021,0.001,0.000,0.000,0.038,-0.774,0.003,-0.036,0,4,0,-13,-3,0,0,4,0,0,0,0,-6
76.140,1.055,2.4,0.007,1.000,0.003,0.002,0.021,0.001,0.000,0.000,0.038,-0.774,0.003,-0.036,0,4,0,-13,-3,0,0,-7,0,0,0,0,-11
76.160,1.056,2.4,0.007,1.000,0.003,0.002,0.023,0.001,0.000,0.000,0.041,-0.406,-0.145,-0.035,0,4,0,-14,-3,0,0,-9,0,0,0,0,-13
76.178,1.056,2.4,0.007,1.000,0.003,0.002,0.023,0.001,0.000,0.000,0.041,-0.406,-0.145,-0.035,0,4,0,-14,-3,0,0,3,0,0,0,0,-7
76.194,1.056,2.4,0.007,1.000,0.003,0.002,0.023,0.001,0.000,0.000,0.041,-0.406,-0.145,-0.035,0,4,0,-14,-3,0,0,10,0,0,0,0,-3
76.215,1.058,2.4,0.007,1.000,0.002,0.003,0.024,0.001,0.000,0.000,0.032,-0.073,-0.279,-0.035,0,4,0,-14,-3,0,0,4,0,0,0,0,-7
76.236,1.058,2.4,0.007,1.000,0.002,0.003,0.024,0.001,0.000,0.000,0.032,-0.073,-0.279,-0.035,0,4,0,-14,-3,0,0,-9,0,0,0,0,-13
76.254,1.058,2.4,0.007,1.000,0.002,0.003,0.024,0.001,0.000,0.000,0.032,-0.073,-0.279,-0.035,0,4,0,-14,-3,0,0,-8,0,0,0,0,-13
76.271,1.059,2.4,0.008,1.000,0.002,0.003,0.024,0.001,0.000,0.000,0.052,0.319,-0.437,-0.035,0,4,0,-14,-3,0,0,4,0,0,0,0,-7
76.294,1.059,2.4,0.008,1.000,0.002,0.003,0.024,0.001,0.000,0.000,0.052,0.319,-0.437,-0.035,0,4,0,-14,-3,0,0,10,0,0,0,0,-4
76.314,1.059,2.4,0.008,1.000,0.002,0.003,0.024,0.001,0.000,0.000,0.052,0.319,-0.437,-0.035,0,4,0,-14,-3,0,0,-2,0,0,0,0,-10
76.341,1.060,2.4,0.008,1.000,0.001,0.003,0.024,0.001,0.000,0.000,0.032,0.585,-0.248,-0.035,0,4,0,-15,-3,0,0,-9,0,0,0,0,-14
76.372,1.061,2.4,0.008,1.000,0.003,0.003,0.026,0.001,0.000,0.000,0.055,0.242,-0.081,-0.035,0,4,0,-16,-3,0,0,9,0,0,0,0,-5
76.394,1.061,2.4,0.008,1.000,0.003,0.003,0.026,0.001,0.000,0.000,0.055,0.242,-0.081,-0.035,0,4,0,-16,-3,0,0,6,0,0,0,0,-7
76.419,1.061,2.4,0.008,1.000,0.003,0.003,0.026,0.001,0.000,0.000,0.055,0.242,-0.081,-0.035,0,4,0,-16,-3,0,0,-10,0,0,0,0,-14
76.436,1.062,2.4,0.010,1.000,0.002,0.003,0.031,0.002,0.000,0.000,0.034,-0.171,0.121,-0.035,0,4,0,-19,-4,0,0,-7,0,0,0,0,-15
76.465,1.062,2.4,0.010,1.000,0.002,0.003,0.031,0.002,0.000,0.000,0.034,-0.171,0.121,-0.035,0,4,0,-19,-4,0,0,10,0,0,0,0,-7
76.486,1.063,2.4,0.014,1.000,0.002,0.003,0.031,0.002,0.000,0.000,0.034,-0.450,0.257,-0.035,0,4,0,-27,-4,0,0,5,0,0,0,0,-13
76.502,1.063,2.4,0.014,1.000,0.002,0.003,0.031,0.002,0.000,0.000,0.034,-0.450,0.257,-0.035,0,4,0,-27,-4,0,0,-6,0,0,0,0,-19
76.520,1.063,2.4,0.014,1.000,0.002,0.003,0.031,0.002,0.000,0.000,0.034,-0.450,0.257,-0.035,0,4,0,-27,-4,0,0,-10,0,0,0,0,-21
76.543,1.064,2.4,0.025,1.000,0.001,0.004,0.034,0.004,0.000,0.000,0.026,-0.703,0.381,-0.035,0,4,0,-48,-4,0,0,3,0,0,0,0,-24
76.565,1.064,2.4,0.025,1.000,0.001,0.004,0.034,0.004,0.000,0.000,0.026,-0.703,0.381,-0.035,0,4,0,-48,-4,0,0,10,0,0,0,0,-21
76.590,1.065,2.4,0.044,1.000,0.002,0.004,0.040,0.008,0.000,0.000,0.030,-0.241,0.146,-0.035,0,4,0,-84,-5,0,0,-4,0,0,0,0,-47
76.621,1.065,2.4,0.044,1.000,0.002,0.004,0.040,0.008,0.000,0.000,0.030,-0.241,0.146,-0.035,0,4,0,-84,-5,0,0,-6,0,0,0,0,-47
76.643,1.066,2.4,0.076,1.000,0.002,0.005,0.049,0.013,0.000,0.000,0.025,0.077,-0.015,-0.035,0,4,0,-144,-7,0,0,8,0,0,0,0,-68
76.668,1.066,2.4,0.076,1.000,0.002,0.005,0.049,0.013,0.000,0.000,0.025,0.077,-0.015,-0.035,0,4,0,-144,-7,0,0,5,0,0,0,0,-73
76.686,1.066,2.4,0.115,1.000,0.002,0.007,0.064,0.020,0.000,0.000,0.055,0.365,-0.161,-0.035,0,4,0,-218,-8,0,0,-7,0,0,0,0,-101
76.702,1.066,2.4,0.115,1.000,0.002,0.007,0.064,0.020,0.000,0.000,0.055,0.365,-0.161,-0.035,0,4,0,-218,-8,0,0,-10,0,0,0,0,-118
76.723,1.066,2.4,0.115,1.000,0.002,0.007,0.064,0.020,0.000,0.000,0.055,0.365,-0.161,-0.035,0,4,0,-218,-8,0,0,2,0,0,0,0,-112
76.747,1.067,2.4,0.163,1.000,0.001,0.010,0.091,0.028,0.000,0.000,0.080,0.699,-0.331,-0.035,0,4,0,-309,-12,0,0,10,0,0,0,0,-140
76.763,1.067,2.4,0.163,1.000,0.001,0.010,0.091,0.028,0.000,0.000,0.080,0.699,-0.331,-0.035,0,4,0,-309,-12,0,0,2,0,0,0,0,-1044
76.780,1.067,2.4,0.163,1.000,0.001,0.010,0.091,0.028,0.000,0.000,0.080,0.699,-0.331,-0.035,0,4,0,-309,-12,0,0,-9,0,0,0,0,-1049
76.801,1.067,2.4,0.213,1.000,0.001,0.013,0.118,0.037,0.000,0.000,0.083,0.338,-0.152,-0.035,0,4,0,-404,-16,0,0,-7,0,0,0,0,-1074
76.819,1.067,2.4,0.213,1.000,0.001,0.013,0.118,0.037,0.000,0.000,0.083,0.338,-0.152,-0.035,0,4,0,-404,-16,0,0,6,0,0,0,0,-1087
76.841,1.068,2.4,0.259,1.000,0.001,0.016,0.151,0.046,0.000,0.000,0.145,0.011,0.010,-0.034,0,4,0,-492,-20,0,0,10,0,0,0,0,-1110
76.857,1.068,2.4,0.259,1.000,0.001,0.016,0.151,0.046,0.000,0.000,0.145,0.011,0.010,-0.034,0,4,0,-492,-20,0,0,-1,0,0,0,0,-1132
76.879,1.068,2.4,0.259,1.000,0.001,0.016,0.151,0.046,0.000,0.000,0.145,0.011,0.010,-0.034,0,4,0,-492,-20,0,0,-11,0,0,0,0,-1137
76.896,1.068,2.4,0.311,1.000,0.000,0.022,0.202,0.055,0.000,0.000,0.182,-0.374,0.200,-0.034,0,4,0,-590,-27,0,0,-5,0,0,0,0,-1154
76.919,1.068,2.4,0.311,1.000,0.000,0.022,0.202,0.055,0.000,0.000,0.182,-0.374,0.200,-0.034,0,4,0,-590,-27,0,0,11,0,0,0,0,-1174
76.936,1.068,2.4,0.311,1.000,0.000,0.022,0.202,0.055,0.000,0.000,0.182,-0.374,0.200,-0.034,0,4,0,-590,-27,0,0,9,0,0,0,0,-1175
76.957,1.067,2.4,0.361,1.000,-0.001,0.027,0.246,0.064,0.000,0.000,0.146,-0.634,0.329,-0.033,0,4,0,-685,-32,0,0,-7,0,0,0,0,-1208
76.974,1.067,2.4,0.361,1.000,-0.001,0.027,0.246,0.064,0.000,0.000,0.146,-0.634,0.329,-0.033,0,4,0,-685,-32,0,0,-11,0,0,0,0,-1229
76.990,1.067,2.4,0.361,1.000,-0.001,0.027,0.246,0.064,0.000,0.000,0.146,-0.634,0.329,-0.033,0,4,0,-685,-32,0,0,-2,0,0,0,0,-1226
77.007,1.067,2.4,0.401,1.000,-0.001,0.032,0.292,0.072,0.000,0.000,0.213,-0.287,0.154,-0.033,0,4,0,-761,-39,0,0,10,0,0,0,0,-1240
77.028,1.067,2.4,0.401,1.000,-0.001,0.032,0.292,0.072,0.000,0.000,0.213,-0.287,0.154,-0.033,0,4,0,-761,-39,0,0,8,0,0,0,0,-1258
77.045,1.065,2.4,0.430,1.000,-0.004,0.039,0.358,0.077,0.000,0.000,0.494,0.132,-0.056,-0.032,0,4,0,-817,-47,0,0,-6,0,0,0,0,-1285
77.062,1.065,2.4,0.430,1.000,-0.004,0.039,0.358,0.077,0.000,0.000,0.494,0.132,-0.056,-0.032,0,4,0,-817,-47,0,0,-14,0,0,0,0,-1297
77.078,1.065,2.4,0.430,1.000,-0.004,0.039,0.358,0.077,0.000,0.000,0.494,0.132,-0.056,-0.032,0,4,0,-817,-47,0,0,-6,0,0,0,0,-1294
77.100,1.063,2.4,0.448,1.000,-0.003,0.044,0.407,0.081,0.000,0.000,0.304,0.415,-0.199,-0.031,0,4,0,-850,-54,0,0,11,0,0,0,0,-1305
77.116,1.063,2.4,0.448,1.000,-0.003,0.044,0.407,0.081,0.000,0.000,0.304,0.415,-0.199,-0.031,0,4,0,-850,-54,0,0,10,0,0,0,0,-1305
77.134,1.063,2.4,0.448,1.000,-0.003,0.044,0.407,0.081,0.000,0.000,0.304,0.415,-0.199,-0.031,0,4,0,-850,-54,0,0,-4,0,0,0,0,-1311
77.151,1.061,2.4,0.456,1.000,-0.005,0.049,0.455,0.082,0.000,0.000,0.392,0.671,-0.328,-0.030,0,4,0,-865,-60,0,0,-13,0,0,0,0,-1325
77.171,1.061,2.4,0.456,1.000,-0.005,0.049,0.455,0.082,0.000,0.000,0.392,0.671,-0.328,-0.030,0,4,0,-865,-60,0,0,-4,0,0,0,0,-1320
77.188,1.061,2.4,0.456,1.000,-0.005,0.049,0.455,0.082,0.000,0.000,0.392,0.671,-0.328,-0.030,0,4,0,-865,-60,0,0,10,0,0,0,0,-1314
77.215,1.056,2.4,0.456,1.000,-0.007,0.055,0.515,0.082,0.000,0.000,0.471,0.213,-0.099,-0.028,0,4,0,-864,-67,0,0,5,0,0,0,0,-1319
77.247,1.056,2.4,0.456,1.000,-0.007,0.055,0.515,0.082,0.000,0.000,0.471,0.213,-0.099,-0.028,0,4,0,-864,-67,0,0,-13,0,0,0,0,-1327
77.267,1.052,2.4,0.456,1.000,-0.008,0.060,0.558,0.082,0.000,0.000,0.470,-0.103,0.058,-0.027,0,4,0,-864,-73,0,0,1,0,0,0,0,-1324
77.294,1.052,2.4,0.456,1.000,-0.008,0.060,0.558,0.082,0.000,0.000,0.470,-0.103,0.058,-0.027,0,4,0,-864,-73,0,0,13,0,0,0,0,-1318
77.311,1.048,2.3,0.456,1.000,-0.011,0.064,0.599,0.081,0.000,0.000,0.622,-0.388,0.200,-0.025,0,4,0,-863,-78,0,0,1,0,0,0,0,-1325
77.328,1.048,2.3,0.456,1.000,-0.011,0.064,0.599,0.081,0.000,0.000,0.622,-0.388,0.200,-0.025,0,4,0,-863,-78,0,0,-13,0,0,0,0,-1332
77.348,1.048,2.3,0.456,1.000,-0.011,0.064,0.599,0.081,0.000,0.000,0.622,-0.388,0.200,-0.025,0,4,0,-863,-78,0,0,-8,0,0,0,0,-1329
77.372,1.040,2.3,0.456,1.000,-0.013,0.069,0.650,0.081,0.000,0.000,0.641,-0.719,0.365,-0.023,0,4,0,-861,-84,0,0,12,0,0,0,0,-1322
77.389,1.040,2.3,0.456,1.000,-0.013,0.069,0.650,0.081,0.000,0.000,0.641,-0.719,0.365,-0.023,0,4,0,-861,-84,0,0,12,0,0,0,0,-1323
77.419,1.033,2.3,0.456,1.000,-0.015,0.072,0.687,0.080,0.000,0.000,0.653,-0.356,0.183,-0.021,0,4,0,-860,-88,0,0,-13,0,0,0,0,-1335
77.440,1.033,2.3,0.456,1.000,-0.015,0.072,0.687,0.080,0.000,0.000,0.653,-0.356,0.183,-0.021,0,4,0,-860,-88,0,0,-7,0,0,0,0,-1333
77.465,1.025,2.3,0.456,1.000,-0.017,0.075,0.722,0.079,0.000,0.000,0.715,-0.027,0.018,-0.019,0,4,0,-858,-92,0,0,13,0,0,0,0,-1324
77.481,1.025,2.3,0.456,1.000,-0.017,0.075,0.722,0.079,0.000,0.000,0.715,-0.027,0.018,-0.019,0,4,0,-858,-92,0,0,11,0,0,0,0,-1325
77.498,1.025,2.3,0.456,1.000,-0.017,0.075,0.722,0.079,0.000,0.000,0.715,-0.027,0.018,-0.019,0,4,0,-858,-92,0,0,-4,0,0,0,0,-1332
77.520,1.012,2.3,0.456,1.000,-0.023,0.079,0.766,0.078,0.000,0.000,0.868,0.359,-0.176,-0.016,0,4,0,-856,-96,0,0,-15,0,0,0,0,-1337
77.544,1.012,2.3,0.456,1.000,-0.023,0.079,0.766,0.078,0.000,0.000,0.868,0.359,-0.176,-0.016,0,4,0,-856,-96,0,0,5,0,0,0,0,-1328
77.560,1.012,2.3,0.456,1.000,-0.023,0.079,0.766,0.078,0.000,0.000,0.868,0.359,-0.176,-0.016,0,4,0,-856,-96,0,0,15,0,0,0,0,-1324
77.590,1.002,2.2,0.456,1.000,-0.015,0.081,0.797,0.078,0.000,0.000,0.537,0.621,-0.307,-0.014,0,4,0,-854,-99,0,0,-5,0,0,0,0,-1334
77.610,1.002,2.2,0.456,1.000,-0.015,0.081,0.797,0.078,0.000,0.000,0.537,0.621,-0.307,-0.014,0,4,0,-854,-99,0,0,-11,0,0,0,0,-1336
77.628,0.991,2.2,0.456,1.000,-0.030,0.083,0.826,0.077,0.000,0.000,0.999,0.274,-0.134,-0.012,0,4,0,-851,-101,0,0,-1,0,0,0,0,-1332
77.645,0.991,2.2,0.456,1.000,-0.030,0.083,0.826,0.077,0.000,0.000,0.999,0.274,-0.134,-0.012,0,4,0,-851,-101,0,0,14,0,0,0,0,-1325
77.669,0.991,2.2,0.456,1.000,-0.030,0.083,0.826,0.077,0.000,0.000,0.999,0.274,-0.134,-0.012,0,4,0,-851,-101,0,0,6,0,0,0,0,-1328
77.690,0.995,2.2,0.456,1.000,0.007,-0.009,-0.085,0.077,0.000,0.000,1.587,-0.142,0.074,-0.006,0,4,0,-852,10,0,0,-18,0,0,0,0,-1315
77.715,0.995,2.2,0.456,1.000,0.007,-0.009,-0.085,0.077,0.000,0.000,1.587,-0.142,0.074,-0.006,0,4,0,-852,10,0,0,-8,0,0,0,0,-1285
77.747,0.998,2.2,0.456,1.000,0.005,-0.009,-0.085,0.077,0.000,0.000,0.082,-0.424,0.214,-0.006,0,4,0,-852,11,0,0,7,0,0,0,0,-1278
77.767,0.998,2.2,0.456,1.000,0.005,-0.009,-0.085,0.077,0.000,0.000,0.082,-0.424,0.214,-0.006,0,4,0,-852,11,0,0,-1,0,0,0,0,-1281
77.794,1.000,2.2,0.456,1.000,0.005,-0.009,-0.086,0.077,0.000,0.000,0.089,0.000,0.000,-0.006,0,4,0,-853,11,0,0,-7,0,0,0,0,-1285
77.811,1.000,2.2,0.456,1.000,0.005,-0.009,-0.086,0.077,0.000,0.000,0.089,0.000,0.000,-0.006,0,4,0,-853,11,0,0,0,0,0,0,0,-1281
77.841,0.994,2.2,0.456,1.000,-0.013,-0.004,-0.039,0.077,0.000,0.000,0.455,0.000,0.000,-0.007,0,4,0,-852,5,0,0,9,0,0,0,0,-1279
77.861,0.994,2.2,0.456,1.000,-0.013,-0.004,-0.039,0.077,0.000,0.000,0.455,0.000,0.000,-0.007,0,4,0,-852,5,0,0,-3,0,0,0,0,-1285
77.878,0.997,2.2,0.455,1.000,0.008,0.003,0.030,0.077,0.000,0.000,0.078,-0.295,0.148,-0.007,0,4,0,-852,-4,0,0,-7,0,0,0,0,-1290
77.896,0.997,2.2,0.455,1.000,0.008,0.003,0.030,0.077,0.000,0.000,0.078,-0.295,0.148,-0.007,0,4,0,-852,-4,0,0,-3,0,0,0,0,-1288
77.919,0.997,2.2,0.455,1.000,0.008,0.003,0.030,0.077,0.000,0.000,0.078,-0.295,0.148,-0.007,0,4,0,-852,-4,0,0,6,0,0,0,0,-1285
77.940,0.998,2.2,0.455,1.000,0.002,-0.009,-0.085,0.077,0.000,0.000,0.245,0.028,-0.014,-0.006,0,4,0,-852,11,0,0,4,0,0,0,0,-1279
77.965,0.998,2.2,0.455,1.000,0.002,-0.009,-0.085,0.077,0.000,0.000,0.245,0.028,-0.014,-0.006,0,4,0,-852,11,0,0,-8,0,0,0,0,-1285
77.981,0.998,2.2,0.455,1.000,0.002,-0.009,-0.085,0.077,0.000,0.000,0.245,0.028,-0.014,-0.006,0,4,0,-852,11,0,0,-6,0,0,0,0,-1284
77.999,1.000,2.2,0.455,1.000,0.003,-0.009,-0.085,0.077,0.000,0.000,0.099,0.012,-0.006,-0.007,0,4,0,-851,11,0,0,3,0,0,0,0,-1279
78.019,1.000,2.2,0.455,1.000,0.003,-0.009,-0.085,0.077,0.000,0.000,0.099,0.012,-0.006,-0.007,0,4,0,-851,11,0,0,7,0,0,0,0,-1277
78.036,0.990,2.2,0.455,1.000,-0.028,-0.001,-0.014,0.076,0.000,0.000,0.819,0.000,0.000,-0.008,0,4,0,-849,2,0,0,3,0,0,0,0,-1282
78.053,0.990,2.2,0.455,1.000,-0.028,-0.001,-0.014,0.076,0.000,0.000,0.819,0.000,0.000,-0.008,0,4,0,-849,2,0,0,-11,0,0,0,0,-1288
78.070,0.990,2.2,0.455,1.000,-0.028,-0.001,-0.014,0.076,0.000,0.000,0.819,0.000,0.000,-0.008,0,4,0,-849,2,0,0,-11,0,0,0,0,-1288
78.092,0.993,2.2,0.455,1.000,0.006,0.005,0.053,0.077,0.000,0.000,0.056,-0.295,0.148,-0.008,0,4,0,-850,-6,0,0,4,0,0,0,0,-1286
78.121,0.993,2.2,0.455,1.000,0.006,0.005,0.053,0.077,0.000,0.000,0.056,-0.295,0.148,-0.008,0,4,0,-850,-6,0,0,4,0,0,0,0,-1286
78.138,0.993,2.2,0.455,1.000,0.006,0.005,0.053,0.077,0.000,0.000,0.056,-0.295,0.148,-0.008,0,4,0,-850,-6,0,0,-4,0,0,0,0,-1289
78.154,0.995,2.2,0.455,1.000,0.002,-0.009,-0.085,0.077,0.000,0.000,0.405,0.124,-0.062,-0.007,0,4,0,-850,10,0,0,-10,0,0,0,0,-1285
78.175,0.995,2.2,0.455,1.000,0.002,-0.009,-0.085,0.077,0.000,0.000,0.405,0.124,-0.062,-0.007,0,4,0,-850,10,0,0,0,0,0,0,0,-1280
78.192,0.997,2.2,0.455,1.000,0.005,-0.009,-0.085,0.077,0.000,0.000,0.121,0.000,0.000,-0.007,0,4,0,-851,10,0,0,7,0,0,0,0,-1277
78.208,0.997,2.2,0.455,1.000,0.005,-0.009,-0.085,0.077,0.000,0.000,0.121,0.000,0.000,-0.007,0,4,0,-851,10,0,0,6,0,0,0,0,-1277
78.225,0.997,2.2,0.455,1.000,0.005,-0.009,-0.085,0.077,0.000,0.000,0.121,0.000,0.000,-0.007,0,4,0,-851,10,0,0,-2,0,0,0,0,-1281
78.246,0.999,2.2,0.455,1.000,0.005,-0.009,-0.085,0.077,0.000,0.000,0.098,0.000,0.000,-0.008,0,4,0,-851,11,0,0,-7,0,0,0,0,-1284
78.263,0.999,2.2,0.455,1.000,0.005,-0.009,-0.085,0.077,0.000,0.000,0.098,0.000,0.000,-0.008,0,4,0,-851,11,0,0,-2,0,0,0,0,-1281
78.294,0.999,2.2,0.455,1.000,0.005,-0.009,-0.085,0.077,0.000,0.000,0.098,0.000,0.000,-0.008,0,4,0,-851,11,0,0,7,0,0,0,0,-1277
78.311,0.994,2.2,0.455,1.000,-0.008,-0.004,-0.038,0.077,0.000,0.000,0.339,0.000,0.000,-0.009,0,4,0,-850,5,0,0,0,0,0,0,0,-1283
78.332,0.994,2.2,0.455,1.000,-0.008,-0.004,-0.038,0.077,0.000,0.000,0.339,0.000,0.000,-0.009,0,4,0,-850,5,0,0,-9,0,0,0,0,-1287
78.348,0.998,2.2,0.455,1.000,0.010,0.003,0.031,0.077,0.000,0.000,0.097,-0.295,0.148,-0.009,0,4,0,-851,-4,0,0,-4,0,0,0,0,-1288
78.371,0.998,2.2,0.455,1.000,0.010,0.003,0.031,0.077,0.000,0.000,0.097,-0.295,0.148,-0.009,0,4,0,-851,-4,0,0,6,0,0,0,0,-1284
78.389,0.998,2.2,0.455,1.000,0.010,0.003,0.031,0.077,0.000,0.000,0.097,-0.295,0.148,-0.009,0,4,0,-851,-4,0,0,6,0,0,0,0,-1284
78.410,1.000,2.2,0.455,1.000,0.004,-0.009,-0.085,0.077,0.000,0.000,0.255,0.028,-0.014,-0.008,0,4,0,-851,11,0,0,-4,0,0,0,0,-1283
78.427,1.000,2.2,0.455,1.000,0.004,-0.009,-0.085,0.077,0.000,0.000,0.255,0.028,-0.014,-0.008,0,4,0,-851,11,0,0,-9,0,0,0,0,-1285
78.445,1.000,2.2,0.455,1.000,0.004,-0.009,-0.085,0.077,0.000,0.000,0.255,0.028,-0.014,-0.008,0,4,0,-851,11,0,0,-2,0,0,0,0,-1281
78.465,0.994,2.2,0.455,1.000,-0.010,-0.004,-0.039,0.077,0.000,0.000,0.403,0.012,-0.006,-0.009,0,4,0,-850,5,0,0,9,0,0,0,0,-1278
78.486,0.994,2.2,0.455,1.000,-0.010,-0.004,-0.039,0.077,0.000,0.000,0.403,0.012,-0.006,-0.009,0,4,0,-850,5,0,0,5,0,0,0,0,-1280
78.502,0.994,2.2,0.455,1.000,-0.010,-0.004,-0.039,0.077,0.000,0.000,0.403,0.012,-0.006,-0.009,0,4,0,-850,5,0,0,-6,0,0,0,0,-1286
78.520,0.998,2.2,0.455,1.000,0.007,0.003,0.030,0.077,0.000,0.000,0.069,-0.284,0.142,-0.009,0,4,0,-851,-4,0,0,-7,0,0,0,0,-1290
78.544,0.998,2.2,0.455,1.000,0.007,0.003,0.030,0.077,0.000,0.000,0.069,-0.284,0.142,-0.009,0,4,0,-851,-4,0,0,3,0,0,0,0,-1286
78.564,1.000,2.2,0.455,1.000,0.005,-0.009,-0.085,0.077,0.000,0.000,0.348,0.038,-0.019,-0.008,0,4,0,-851,11,0,0,9,0,0,0,0,-1277
78.581,1.000,2.2,0.455,1.000,0.005,-0.009,-0.085,0.077,0.000,0.000,0.348,0.038,-0.019,-0.008,0,4,0,-851,11,0,0,2,0,0,0,0,-1279
78.598,1.000,2.2,0.455,1.000,0.005,-0.009,-0.085,0.077,0.000,0.000,0.348,0.038,-0.019,-0.008,0,4,0,-851,11,0,0,-8,0,0,0,0,-1284
78.616,0.996,2.2,0.455,1.000,-0.007,0.001,0.007,0.077,0.000,0.000,0.380,0.411,-0.205,-0.009,0,4,0,-851,-1,0,0,-8,0,0,0,0,-1289
78.637,0.996,2.2,0.455,1.000,-0.007,0.001,0.007,0.077,0.000,0.000,0.380,0.411,-0.205,-0.009,0,4,0,-851,-1,0,0,5,0,0,0,0,-1283
78.668,1.000,2.2,0.455,1.000,0.006,-0.009,-0.085,0.077,0.000,0.000,0.265,0.077,-0.038,-0.009,0,4,0,-851,11,0,0,4,0,0,0,0,-1278
78.686,1.000,2.2,0.455,1.000,0.006,-0.009,-0.085,0.077,0.000,0.000,0.265,0.077,-0.038,-0.009,0,4,0,-851,11,0,0,-6,0,0,0,0,-1283
78.702,1.000,2.2,0.455,1.000,0.006,-0.009,-0.085,0.077,0.000,0.000,0.265,0.077,-0.038,-0.009,0,4,0,-851,11,0,0,-8,0,0,0,0,-1285
78.723,1.003,2.2,0.455,1.000,0.006,-0.009,-0.086,0.077,0.000,0.000,0.098,0.000,0.000,-0.009,0,4,0,-852,11,0,0,2,0,0,0,0,-1280
78.747,1.003,2.2,0.455,1.000,0.006,-0.009,-0.086,0.077,0.000,0.000,0.098,0.000,0.000,-0.009,0,4,0,-852,11,0,0,7,0,0,0,0,-1277
78.764,1.000,2.2,0.455,1.000,-0.009,0.001,0.008,0.077,0.000,0.000,0.469,-0.198,0.099,-0.010,0,4,0,-851,-1,0,0,1,0,0,0,0,-1286
78.793,1.000,2.2,0.455,1.000,-0.009,0.001,0.008,0.077,0.000,0.000,0.469,-0.198,0.099,-0.010,0,4,0,-851,-1,0,0,-10,0,0,0,0,-1290
78.817,1.003,2.2,0.455,1.000,0.006,-0.009,-0.086,0.077,0.000,0.000,0.276,0.116,-0.058,-0.009,0,4,0,-852,11,0,0,4,0,0,0,0,-1279
78.834,1.003,2.2,0.455,1.000,0.006,-0.009,-0.086,0.077,0.000,0.000,0.276,0.116,-0.058,-0.009,0,4,0,-852,11,0,0,9,0,0,0,0,-1277
78.850,1.003,2.2,0.455,1.000,0.006,-0.009,-0.086,0.077,0.000,0.000,0.276,0.116,-0.058,-0.009,0,4,0,-852,11,0,0,4,0,0,0,0,-1279
78.872,0.994,2.2,0.455,1.000,-0.017,-0.002,-0.016,0.077,0.000,0.000,0.540,0.000,0.000,-0.011,0,4,0,-850,2,0,0,-10,0,0,0,0,-1288
78.893,0.994,2.2,0.455,1.000,-0.017,-0.002,-0.016,0.077,0.000,0.000,0.540,0.000,0.000,-0.011,0,4,0,-850,2,0,0,-7,0,0,0,0,-1287
78.918,0.994,2.2,0.455,1.000,-0.017,-0.002,-0.016,0.077,0.000,0.000,0.540,0.000,0.000,-0.011,0,4,0,-850,2,0,0,10,0,0,0,0,-1279
78.936,0.999,2.2,0.455,1.000,0.008,-0.009,-0.085,0.077,0.000,0.000,0.404,0.012,-0.006,-0.009,0,4,0,-851,11,0,0,7,0,0,0,0,-1277
78.965,0.999,2.2,0.455,1.000,0.008,-0.009,-0.085,0.077,0.000,0.000,0.404,0.012,-0.006,-0.009,0,4,0,-851,11,0,0,-10,0,0,0,0,-1285
78.987,1.002,2.2,0.455,1.000,0.007,-0.009,-0.085,0.077,0.000,0.000,0.103,0.000,0.000,-0.010,0,4,0,-852,11,0,0,-3,0,0,0,0,-1282
79.004,1.002,2.2,0.455,1.000,0.007,-0.009,-0.085,0.077,0.000,0.000,0.103,0.000,0.000,-0.010,0,4,0,-852,11,0,0,5,0,0,0,0,-1278
79.022,1.002,2.2,0.455,1.000,0.007,-0.009,-0.085,0.077,0.000,0.000,0.103,0.000,0.000,-0.010,0,4,0,-852,11,0,0,7,0,0,0,0,-1277
79.043,0.993,2.2,0.455,1.000,-0.016,-0.001,-0.014,0.077,0.000,0.000,0.544,0.000,0.000,-0.011,0,4,0,-850,2,0,0,-3,0,0,0,0,-1286
79.063,0.993,2.2,0.455,1.000,-0.016,-0.001,-0.014,0.077,0.000,0.000,0.544,0.000,0.000,-0.011,0,4,0,-850,2,0,0,-11,0,0,0,0,-1289
79.090,0.998,2.2,0.455,1.000,0.011,-0.009,-0.085,0.077,0.000,0.000,0.566,0.012,-0.006,-0.010,0,4,0,-851,11,0,0,4,0,0,0,0,-1278
79.121,0.998,2.2,0.455,1.000,0.011,-0.009,-0.085,0.077,0.000,0.000,0.566,0.012,-0.006,-0.010,0,4,0,-851,11,0,0,6,0,0,0,0,-1277
79.142,0.568,1.3,0.455,1.000,-0.835,-0.001,-0.014,0.044,0.000,0.000,8.193,0.306,-0.153,-0.006,0,4,0,-770,1,0,-2200,-34,0,0,0,0,-1321
79.159,0.568,1.3,0.455,1.000,-0.835,-0.001,-0.014,0.044,0.000,0.000,8.193,0.306,-0.153,-0.006,0,4,0,-770,1,0,-2200,-40,0,0,0,0,-1343
79.175,0.568,1.3,0.455,1.000,-0.835,-0.001,-0.014,0.044,0.000,0.000,8.193,0.306,-0.153,-0.006,0,4,0,-770,1,0,-2200,1,0,0,0,0,-1344
79.192,0.137,0.3,0.455,1.000,-0.876,0.000,0.025,0.000,0.000,0.000,8.595,0.573,0.009,-0.001,0,4,0,-688,0,0,-2200,10,0,0,0,0,-1359
79.212,0.137,0.3,0.455,1.000,-0.876,0.000,0.025,0.000,0.000,0.000,8.595,0.573,0.009,-0.001,0,4,0,-688,0,0,-2200,6,0,0,0,0,-1385
79.230,0.137,0.3,0.455,1.000,-0.876,0.000,0.025,0.000,0.000,0.000,8.595,0.573,0.009,-0.001,0,4,0,-688,0,0,-2200,-7,0,0,0,0,-1411
79.247,0.431,1.0,0.455,1.000,0.545,0.002,0.035,0.000,0.000,0.000,10.351,0.492,0.197,0.004,0,4,0,-744,-2,0,0,-39,0,0,0,0,-1405
79.265,0.431,1.0,0.455,1.000,0.545,0.002,0.035,0.000,0.000,0.000,10.351,0.492,0.197,0.004,0,4,0,-744,-2,0,0,-3,0,0,0,0,-1368
79.285,0.861,1.9,0.455,1.000,1.150,0.006,0.063,0.067,0.000,0.000,11.283,0.150,0.326,0.008,0,4,0,-825,-7,0,0,80,0,0,0,0,-1306
79.303,0.861,1.9,0.455,1.000,1.150,0.006,0.063,0.067,0.000,0.000,11.283,0.150,0.326,0.008,0,4,0,-825,-7,0,0,46,0,0,0,0,-1302
79.319,0.861,1.9,0.455,1.000,1.150,0.006,0.063,0.067,0.000,0.000,11.283,0.150,0.326,0.008,0,4,0,-825,-7,0,0,-43,0,0,0,0,-1322
79.336,0.861,1.9,0.455,1.000,1.150,0.006,0.063,0.067,0.000,0.000,11.283,0.150,0.326,0.008,0,4,0,-825,-7,0,0,-81,0,0,0,0,-1320
79.357,1.292,2.9,0.455,1.000,0.615,0.015,0.118,0.100,0.000,0.000,6.034,-0.159,0.148,0.013,0,4,0,-907,-19,0,0,0,0,0,0,0,-1308
79.373,1.292,2.9,0.455,1.000,0.615,0.015,0.118,0.100,0.000,0.000,6.034,-0.159,0.148,0.013,0,4,0,-907,-19,0,0,71,0,0,0,0,-1287
79.391,1.851,4.1,0.455,1.000,1.677,0.038,0.199,0.143,0.000,0.000,16.496,-0.127,-0.062,0.015,0,4,0,-1012,-46,0,0,126,0,0,0,0,-1282
79.407,1.851,4.1,0.455,1.000,1.677,0.038,0.199,0.143,0.000,0.000,16.496,-0.127,-0.062,0.015,0,4,0,-1012,-46,0,0,-60,0,0,0,0,-1386
79.428,1.851,4.1,0.455,1.000,1.677,0.038,0.199,0.143,0.000,0.000,16.496,-0.127,-0.062,0.015,0,4,0,-1012,-46,0,0,-173,0,0,0,0,-1457
79.445,2.269,5.1,0.455,1.000,0.788,0.059,0.257,0.175,0.000,0.000,7.743,0.180,-0.204,0.017,0,4,0,-1091,-72,0,0,-35,0,0,0,0,-1414
79.465,2.269,5.1,0.455,1.000,0.788,0.059,0.257,0.175,0.000,0.000,7.743,0.180,-0.204,0.017,0,4,0,-1091,-72,0,0,159,0,0,0,0,-1350
79.496,2.678,6.0,0.455,1.000,0.809,0.085,0.310,0.207,0.000,0.000,7.952,-0.126,-0.041,0.019,0,4,0,-1169,-103,0,0,-45,0,0,0,0,-1479
79.518,2.678,6.0,0.455,1.000,0.809,0.085,0.310,0.207,0.000,0.000,7.952,-0.126,-0.041,0.019,0,4,0,-1169,-103,0,0,-206,0,0,0,0,-1569
79.543,2.678,6.0,0.455,1.000,0.809,0.085,0.310,0.207,0.000,0.000,7.952,-0.126,-0.041,0.019,0,4,0,-1169,-103,0,0,66,0,0,0,0,-1446
79.561,3.239,7.2,0.455,1.000,0.887,0.125,0.380,0.250,0.000,0.000,8.725,-0.494,0.156,0.020,0,4,0,-1274,-152,0,0,274,0,0,0,0,-1373
79.578,3.239,7.2,0.455,1.000,0.887,0.125,0.380,0.250,0.000,0.000,8.725,-0.494,0.156,0.020,0,4,0,-1274,-152,0,0,107,0,0,0,0,-1469
79.599,3.657,8.2,0.455,1.000,1.120,0.160,0.429,0.282,0.000,0.000,11.037,-0.152,-0.006,0.020,0,4,0,-1353,-194,0,0,-300,0,0,0,0,-1677
79.615,3.657,8.2,0.455,1.000,1.120,0.160,0.429,0.282,0.000,0.000,11.037,-0.152,-0.006,0.020,0,4,0,-1353,-194,0,0,-292,0,0,0,0,-1692
79.633,3.657,8.2,0.455,1.000,1.120,0.160,0.429,0.282,0.000,0.000,11.037,-0.152,-0.006,0.020,0,4,0,-1353,-194,0,0,78,0,0,0,0,-1545
79.650,4.076,9.1,0.454,1.000,0.831,0.198,0.476,0.314,0.000,0.012,8.209,0.158,-0.153,0.019,0,4,0,-1418,-238,44,0,323,0,0,0,0,-1455
79.672,4.076,9.1,0.454,1.000,0.831,0.198,0.476,0.314,0.000,0.012,8.209,0.158,-0.153,0.019,0,4,0,-1418,-238,44,0,63,0,0,0,0,-1599
79.690,4.076,9.1,0.454,1.000,0.831,0.198,0.476,0.314,0.000,0.012,8.209,0.158,-0.153,0.019,0,4,0,-1418,-238,44,0,-278,0,0,0,0,-1755
79.707,4.629,10.4,0.454,1.000,0.988,0.252,0.534,0.357,0.000,0.029,9.816,0.127,-0.129,0.016,0,4,0,-1501,-299,103,0,-343,0,0,0,0,-1805
79.725,4.629,10.4,0.454,1.000,0.988,0.252,0.534,0.357,0.000,0.029,9.816,0.127,-0.129,0.016,0,4,0,-1501,-299,103,0,131,0,0,0,0,-1609
79.746,4.629,10.4,0.454,1.000,0.988,0.252,0.534,0.357,0.000,0.029,9.816,0.127,-0.129,0.016,0,4,0,-1501,-299,103,0,427,0,0,0,0,-1475
79.763,5.047,11.3,0.452,1.000,0.769,0.296,0.575,0.388,0.000,0.040,7.674,-0.181,0.031,0.013,0,4,0,-1561,-349,143,0,81,0,0,0,0,-1652
79.793,5.047,11.3,0.452,1.000,0.769,0.296,0.575,0.388,0.000,0.040,7.674,-0.181,0.031,0.013,0,4,0,-1561,-349,143,0,-361,0,0,0,0,-1863
79.809,5.466,12.2,0.452,1.000,0.925,0.343,0.615,0.419,0.000,0.049,9.287,-0.459,0.176,0.008,0,4,0,-1623,-401,175,0,-82,0,0,0,0,-1755
79.831,5.466,12.2,0.452,1.000,0.925,0.343,0.615,0.419,0.000,0.049,9.287,-0.459,0.176,0.008,0,4,0,-1623,-401,175,0,473,0,0,0,0,-1523
79.848,5.466,12.2,0.452,1.000,0.925,0.343,0.615,0.419,0.000,0.049,9.287,-0.459,0.176,0.008,0,4,0,-1623,-401,175,0,268,0,0,0,0,-1616
79.871,6.016,13.5,0.449,1.000,0.899,0.407,0.664,0.459,0.000,0.058,9.130,-0.026,-0.034,0.000,0,4,0,-1702,-473,208,0,-436,0,0,0,0,-1962
79.889,6.016,13.5,0.449,1.000,0.899,0.407,0.664,0.459,0.000,0.058,9.130,-0.026,-0.034,0.000,0,4,0,-1702,-473,208,0,-415,0,0,0,0,-1973
79.910,6.432,14.4,0.446,1.000,1.104,0.458,0.698,0.487,0.000,0.065,11.310,0.272,-0.179,-0.008,0,4,0,-1754,-529,233,0,300,0,0,0,0,-1674
79.927,6.432,14.4,0.446,1.000,1.104,0.458,0.698,0.487,0.000,0.065,11.310,0.272,-0.179,-0.008,0,4,0,-1754,-529,233,0,604,0,0,0,0,-1555
79.944,6.432,14.4,0.446,1.000,1.104,0.458,0.698,0.487,0.000,0.065,11.310,0.272,-0.179,-0.008,0,4,0,-1754,-529,233,0,140,0,0,0,0,-1765
79.961,6.432,14.4,0.446,1.000,1.104,0.458,0.698,0.487,0.000,0.065,11.310,0.272,-0.179,-0.008,0,4,0,-1754,-529,233,0,-474,0,0,0,0,-2042
79.982,6.833,15.3,0.441,1.000,0.561,0.509,0.731,0.511,0.000,0.074,5.832,0.541,-0.310,-0.017,0,4,0,-1792,-584,265,0,-270,0,0,0,0,-1976
80.000,6.833,15.3,0.441,1.000,0.561,0.509,0.731,0.511,0.000,0.074,5.832,0.541,-0.310,-0.017,0,4,0,-1792,-584,265,0,174,0,0,0,0,-1777
80.017,7.277,16.3,0.434,1.000,1.323,0.427,0.576,0.534,0.000,0.000,31.201,0.092,-0.080,-0.078,0,4,0,-1944,-519,0,0,743,0,0,0,0,-1539
80.034,7.277,16.3,0.434,1.000,1.323,0.427,0.576,0.534,0.000,0.000,31.201,0.092,-0.080,-0.078,0,4,0,-1944,-519,0,0,245,0,0,0,0,-1784
80.055,7.277,16.3,0.434,1.000,1.323,0.427,0.576,0.534,0.000,0.000,31.201,0.092,-0.080,-0.078,0,4,0,-1944,-519,0,0,-681,0,0,0,0,-2229
80.072,7.599,17.0,0.420,1.000,0.591,0.446,0.575,0.539,0.000,0.000,6.791,-0.212,0.075,-0.093,0,4,0,-1940,-541,0,0,-418,0,0,0,0,-2130
80.089,7.599,17.0,0.420,1.000,0.591,0.446,0.575,0.539,0.000,0.000,6.791,-0.212,0.075,-0.093,0,4,0,-1940,-541,0,0,184,0,0,0,0,-1878
80.121,7.908,17.7,0.398,1.000,0.643,0.458,0.568,0.529,0.000,0.000,7.567,-0.482,0.213,-0.110,0,4,0,-1886,-556,0,0,360,0,0,0,0,-1836
80.143,7.908,17.7,0.398,1.000,0.643,0.458,0.568,0.529,0.000,0.000,7.567,-0.482,0.213,-0.110,0,4,0,-1886,-556,0,0,-542,0,0,0,0,-2252
80.160,7.908,17.7,0.398,1.000,0.643,0.458,0.568,0.529,0.000,0.000,7.567,-0.482,0.213,-0.110,0,4,0,-1886,-556,0,0,-578,0,0,0,0,-2268
80.177,8.321,18.6,0.372,1.000,0.750,0.482,0.568,0.519,0.000,0.000,9.068,0.000,0.000,-0.133,0,4,0,-1830,-585,0,0,133,0,0,0,0,-1933
80.195,8.321,18.6,0.372,1.000,0.750,0.482,0.568,0.519,0.000,0.000,9.068,0.000,0.000,-0.133,0,4,0,-1830,-585,0,0,815,0,0,0,0,-1624
80.215,8.321,18.6,0.372,1.000,0.750,0.482,0.568,0.519,0.000,0.000,9.068,0.000,0.000,-0.133,0,4,0,-1830,-585,0,0,280,0,0,0,0,-1866
80.233,8.621,19.3,0.340,1.000,0.553,0.467,0.532,0.489,0.000,0.000,6.587,0.000,0.000,-0.150,0,4,0,-1714,-568,0,0,-520,0,0,0,0,-2208
80.249,8.621,19.3,0.340,1.000,0.553,0.467,0.532,0.489,0.000,0.000,6.587,0.000,0.000,-0.150,0,4,0,-1714,-568,0,0,-629,0,0,0,0,-2238
80.266,8.621,19.3,0.340,1.000,0.553,0.467,0.532,0.489,0.000,0.000,6.587,0.000,0.000,-0.150,0,4,0,-1714,-568,0,0,19,0,0,0,0,-1925
80.289,8.914,19.9,0.304,1.000,0.532,0.448,0.493,0.450,0.000,0.000,6.345,0.000,0.000,-0.167,0,4,0,-1571,-544,0,0,711,0,0,0,0,-1585
80.306,8.914,19.9,0.304,1.000,0.532,0.448,0.493,0.450,0.000,0.000,6.345,0.000,0.000,-0.167,0,4,0,-1571,-544,0,0,248,0,0,0,0,-1774
80.324,8.914,19.9,0.304,1.000,0.532,0.448,0.493,0.450,0.000,0.000,6.345,0.000,0.000,-0.167,0,4,0,-1571,-544,0,0,-535,0,0,0,0,-2108
80.340,9.287,20.8,0.267,1.000,0.741,0.432,0.457,0.409,0.000,0.000,9.139,0.000,0.000,-0.300,0,4,0,-1386,-525,0,0,-1007,0,0,0,0,-2302
80.361,9.287,20.8,0.267,1.000,0.741,0.432,0.457,0.409,0.000,0.000,9.139,0.000,0.000,-0.300,0,4,0,-1386,-525,0,0,328,0,0,0,0,-1673
80.379,9.562,21.4,0.230,1.000,0.728,0.392,0.402,0.363,0.000,0.000,8.451,0.000,0.000,-0.315,0,4,0,-1198,-476,0,0,1093,0,0,0,0,-1306
80.395,9.562,21.4,0.230,1.000,0.728,0.392,0.402,0.363,0.000,0.000,8.451,0.000,0.000,-0.315,0,4,0,-1198,-476,0,0,515,0,0,0,0,-1548
80.412,9.562,21.4,0.230,1.000,0.728,0.392,0.402,0.363,0.000,0.000,8.451,0.000,0.000,-0.315,0,4,0,-1198,-476,0,0,-663,0,0,0,0,-2062
80.432,9.827,22.0,0.197,1.000,0.504,0.356,0.355,0.319,0.000,0.000,5.779,0.000,0.000,-0.328,0,4,0,-1026,-432,0,0,-792,0,0,0,0,-2096
80.449,9.827,22.0,0.197,1.000,0.504,0.356,0.355,0.319,0.000,0.000,5.779,0.000,0.000,-0.328,0,4,0,-1026,-432,0,0,95,0,0,0,0,-1675
80.467,9.827,22.0,0.197,1.000,0.504,0.356,0.355,0.319,0.000,0.000,5.779,0.000,0.000,-0.328,0,4,0,-1026,-432,0,0,878,0,0,0,0,-1300
80.483,10.154,22.7,0.166,1.000,0.662,0.322,0.311,0.276,0.000,0.000,7.572,0.012,0.006,-0.345,0,4,0,-862,-391,0,0,741,0,0,0,0,-1344
80.504,10.154,22.7,0.166,1.000,0.662,0.322,0.311,0.276,0.000,0.000,7.572,0.012,0.006,-0.345,0,4,0,-862,-391,0,0,-771,0,0,0,0,-2003
80.522,10.154,22.7,0.166,1.000,0.662,0.322,0.311,0.276,0.000,0.000,7.572,0.012,0.006,-0.345,0,4,0,-862,-391,0,0,-1030,0,0,0,0,-2099
80.543,10.404,23.3,0.142,1.000,0.422,0.288,0.271,0.242,0.000,0.000,4.658,0.306,0.153,-0.357,0,4,0,-739,-349,0,0,278,0,0,0,0,-1481
80.560,10.404,23.3,0.142,1.000,0.422,0.288,0.271,0.242,0.000,0.000,4.658,0.306,0.153,-0.357,0,4,0,-739,-349,0,0,887,0,0,0,0,-1187
80.582,10.404,23.3,0.142,1.000,0.422,0.288,0.271,0.242,0.000,0.000,4.658,0.306,0.153,-0.357,0,4,0,-739,-349,0,0,148,0,0,0,0,-1496
80.599,10.642,23.8,0.122,1.000,0.433,0.260,0.239,0.213,0.000,0.000,8.074,-0.018,-0.009,0.000,0,4,0,-636,-315,0,0,-708,0,0,0,0,-1862
80.615,10.642,23.8,0.122,1.000,0.433,0.260,0.239,0.213,0.000,0.000,8.074,-0.018,-0.009,0.000,0,4,0,-636,-315,0,0,-682,0,0,0,0,-1832
80.632,10.642,23.8,0.122,1.000,0.433,0.260,0.239,0.213,0.000,0.000,8.074,-0.018,-0.009,0.000,0,4,0,-636,-315,0,0,125,0,0,0,0,-1447
80.653,10.951,24.5,0.106,1.000,0.587,0.241,0.216,0.190,0.000,0.000,6.400,-0.003,-0.002,0.000,0,4,0,-553,-293,0,0,679,0,0,0,0,-1172
80.670,10.951,24.5,0.106,1.000,0.587,0.241,0.216,0.190,0.000,0.000,6.400,-0.003,-0.002,0.000,0,4,0,-553,-293,0,0,243,0,0,0,0,-1348
80.687,10.951,24.5,0.106,1.000,0.587,0.241,0.216,0.190,0.000,0.000,6.400,-0.003,-0.002,0.000,0,4,0,-553,-293,0,0,-508,0,0,0,0,-1668
80.715,11.179,25.0,0.092,1.000,0.376,0.217,0.190,0.168,0.000,0.000,4.016,0.000,0.000,0.000,0,4,0,-480,-263,0,0,-177,0,0,0,0,-1486
80.737,11.179,25.0,0.092,1.000,0.376,0.217,0.190,0.168,0.000,0.000,4.016,0.000,0.000,0.000,0,4,0,-480,-263,0,0,415,0,0,0,0,-1192
80.753,11.398,25.5,0.078,1.000,0.587,0.190,0.163,0.144,0.000,0.000,6.180,0.000,0.000,0.000,0,4,0,-404,-230,0,0,542,0,0,0,0,-1115
80.770,11.398,25.5,0.078,1.000,0.587,0.190,0.163,0.144,0.000,0.000,6.180,0.000,0.000,0.000,0,4,0,-404,-230,0,0,-202,0,0,0,0,-1431
80.794,11.398,25.5,0.078,1.000,0.587,0.190,0.163,0.144,0.000,0.000,6.180,0.000,0.000,0.000,0,4,0,-404,-230,0,0,-643,0,0,0,0,-1603
80.815,11.686,26.1,0.062,1.000,0.471,0.161,0.135,0.119,0.000,0.000,4.883,0.000,0.000,0.000,0,4,0,-324,-196,0,0,145,0,0,0,0,-1222
80.840,11.686,26.1,0.062,1.000,0.471,0.161,0.135,0.119,0.000,0.000,4.883,0.000,0.000,0.000,0,4,0,-324,-196,0,0,518,0,0,0,0,-136
80.856,11.899,26.6,0.046,1.000,0.525,0.124,0.102,0.090,0.000,0.000,5.332,0.000,0.000,0.000,0,4,0,-242,-150,0,0,24,0,0,0,0,-1229
80.874,11.899,26.6,0.046,1.000,0.525,0.124,0.102,0.090,0.000,0.000,5.332,0.000,0.000,0.000,0,4,0,-242,-150,0,0,-576,0,0,0,0,-1479
80.895,11.899,26.6,0.046,1.000,0.525,0.124,0.102,0.090,0.000,0.000,5.332,0.000,0.000,0.000,0,4,0,-242,-150,0,0,-299,0,0,0,0,-1328
80.919,12.107,27.1,0.033,1.000,0.340,0.091,0.074,0.065,0.000,0.000,3.400,0.000,0.000,0.000,0,4,0,-172,-111,0,0,391,0,0,0,0,-98
80.936,12.107,27.1,0.033,1.000,0.340,0.091,0.074,0.065,0.000,0.000,3.400,0.000,0.000,0.000,0,4,0,-172,-111,0,0,307,0,0,0,0,-117
80.953,12.372,27.7,0.022,1.000,0.795,0.063,0.050,0.044,0.000,0.000,7.878,0.000,0.000,0.000,0,4,0,-114,-77,0,0,-314,0,0,0,0,-1268
80.974,12.372,27.7,0.022,1.000,0.795,0.063,0.050,0.044,0.000,0.000,7.878,0.000,0.000,0.000,0,4,0,-114,-77,0,0,-904,0,0,0,0,-1510
80.997,12.372,27.7,0.022,1.000,0.795,0.063,0.050,0.044,0.000,0.000,7.878,0.000,0.000,0.000,0,4,0,-114,-77,0,0,258,0,0,0,0,-62
81.013,12.566,28.1,0.013,0.973,0.328,0.038,0.030,0.026,0.000,0.000,3.226,0.000,0.000,0.000,0,4,0,-67,-47,0,0,421,0,0,0,0,40
81.029,12.566,28.1,0.013,0.973,0.328,0.038,0.030,0.026,0.000,0.000,3.226,0.000,0.000,0.000,0,4,0,-67,-47,0,0,258,0,0,0,0,-21
81.050,12.566,28.1,0.013,0.973,0.328,0.038,0.030,0.026,0.000,0.000,3.226,0.000,0.000,0.000,0,4,0,-67,-47,0,0,-307,0,0,0,0,-1150
81.068,12.719,28.5,0.007,0.793,0.286,0.022,0.017,0.015,0.000,0.000,2.810,0.000,0.000,0.000,0,4,0,-37,-26,0,0,-350,0,0,0,0,-1149
81.090,12.719,28.5,0.007,0.793,0.286,0.022,0.017,0.015,0.000,0.000,2.810,0.000,0.000,0.000,0,4,0,-37,-26,0,0,160,0,0,0,0,10
81.121,12.867,28.8,0.003,0.616,0.281,0.009,0.007,0.006,0.000,0.000,2.762,0.000,0.000,0.000,0,4,0,-15,-11,0,0,209,0,0,0,0,74
81.142,12.867,28.8,0.003,0.616,0.281,0.009,0.007,0.006,0.000,0.000,2.762,0.000,0.000,0.000,0,4,0,-15,-11,0,0,-300,0,0,0,0,-1048
81.169,12.935,28.9,0.001,0.403,0.146,0.003,0.002,0.002,0.000,0.000,1.431,0.000,0.000,0.000,0,4,0,-5,-4,0,0,-90,0,0,0,0,-49
81.185,12.935,28.9,0.001,0.403,0.146,0.003,0.002,0.002,0.000,0.000,1.431,0.000,0.000,0.000,0,4,0,-5,-4,0,0,156,0,0,0,0,74
81.215,12.975,29.0,0.000,0.260,0.086,0.000,0.000,0.000,0.000,0.000,0.848,0.000,0.000,0.000,0,4,0,0,0,0,0,58,0,0,0,0,29
81.237,12.975,29.0,0.000,0.260,0.086,0.000,0.000,0.000,0.000,0.000,0.848,0.000,0.000,0.000,0,4,0,0,0,0,0,-157,0,0,0,0,-79
81.254,12.975,29.0,0.000,0.260,0.086,0.000,0.000,0.000,0.000,0.000,0.848,0.000,0.000,0.000,0,4,0,0,0,0,0,-122,0,0,0,0,-61
81.270,12.999,29.1,0.000,0.159,0.046,0.000,0.000,0.000,0.000,0.000,0.453,0.000,0.000,0.000,0,4,0,0,0,0,0,38,0,0,0,0,19
81.293,12.999,29.1,0.000,0.159,0.046,0.000,0.000,0.000,0.000,0.000,0.453,0.000,0.000,0.000,0,4,0,0,0,0,0,120,0,0,0,0,60
81.315,12.999,29.1,0.000,0.159,0.046,0.000,0.000,0.000,0.000,0.000,0.453,0.000,0.000,0.000,0,4,0,0,0,0,0,-29,0,0,0,0,-14
81.331,13.004,29.1,0.000,0.087,0.007,-0.001,-0.001,-0.001,0.000,0.000,0.069,0.000,0.000,0.000,0,4,0,2,0,0,0,-80,0,0,0,0,-39
81.348,13.004,29.1,0.000,0.087,0.007,-0.001,-0.001,-0.001,0.000,0.000,0.069,0.000,0.000,0.000,0,4,0,2,0,0,0,-47,0,0,0,0,-23
81.372,12.997,29.1,-0.001,0.035,-0.016,-0.003,-0.002,-0.002,0.000,0.000,0.158,0.000,0.000,0.000,0,4,0,5,4,0,0,80,0,0,0,0,45
81.393,12.997,29.1,-0.001,0.035,-0.016,-0.003,-0.002,-0.002,0.000,0.000,0.158,0.000,0.000,0.000,0,4,0,5,4,0,0,52,0,0,0,0,30
81.418,12.997,29.1,-0.001,0.035,-0.016,-0.003,-0.002,-0.002,0.000,0.000,0.158,0.000,0.000,0.000,0,4,0,5,4,0,0,-80,0,0,0,0,-36
81.435,12.981,29.0,-0.002,0.010,-0.026,-0.006,-0.005,-0.004,0.000,0.000,0.263,0.000,0.000,0.000,0,4,0,10,7,0,0,-80,0,0,0,0,-31
81.465,12.981,29.0,-0.002,0.010,-0.026,-0.006,-0.005,-0.004,0.000,0.000,0.263,0.000,0.000,0.000,0,4,0,10,7,0,0,97,0,0,0,0,57
81.487,12.972,29.0,-0.003,0.001,-0.018,-0.009,-0.007,-0.006,0.000,0.000,2.290,0.000,0.000,-0.119,0,4,0,15,11,0,0,204,0,0,0,0,115
81.504,12.972,29.0,-0.003,0.001,-0.018,-0.009,-0.007,-0.006,0.000,0.000,2.290,0.000,0.000,-0.119,0,4,0,15,11,0,0,-356,0,0,0,0,-1049
81.521,12.972,29.0,-0.003,0.001,-0.018,-0.009,-0.007,-0.006,0.000,0.000,2.290,0.000,0.000,-0.119,0,4,0,15,11,0,0,-474,0,0,0,0,-1102
81.543,12.962,29.0,-0.004,0.001,-0.017,-0.012,-0.009,-0.008,0.000,0.000,0.195,0.000,0.000,-0.119,0,4,0,20,15,0,0,77,0,0,0,0,56
81.564,12.962,29.0,-0.004,0.001,-0.017,-0.012,-0.009,-0.008,0.000,0.000,0.195,0.000,0.000,-0.119,0,4,0,20,15,0,0,260,0,0,0,0,147
81.590,12.950,29.0,-0.005,0.001,-0.027,-0.015,-0.012,-0.010,0.000,0.000,0.317,0.000,0.000,-0.119,0,4,0,25,19,0,0,-109,0,0,0,0,-32
81.621,12.950,29.0,-0.005,0.001,-0.027,-0.015,-0.012,-0.010,0.000,0.000,0.317,0.000,0.000,-0.119,0,4,0,25,19,0,0,-147,0,0,0,0,-52
81.642,12.941,28.9,-0.005,0.000,-0.019,-0.017,-0.013,-0.011,0.000,0.000,0.227,0.000,0.000,-0.118,0,4,0,27,20,0,0,205,0,0,0,0,127
81.668,12.941,28.9,-0.005,0.000,-0.019,-0.017,-0.013,-0.011,0.000,0.000,0.227,0.000,0.000,-0.118,0,4,0,27,20,0,0,117,0,0,0,0,82
81.686,12.931,28.9,-0.005,0.000,-0.023,-0.017,-0.013,-0.011,0.000,0.000,0.275,0.000,0.000,-0.118,0,4,0,27,20,0,0,-186,0,0,0,0,-69
81.715,12.931,28.9,-0.005,0.000,-0.023,-0.017,-0.013,-0.011,0.000,0.000,0.275,0.000,0.000,-0.118,0,4,0,27,20,0,0,-92,0,0,0,0,-22
81.737,12.924,28.9,-0.005,0.000,-0.014,-0.017,-0.013,-0.011,0.000,0.000,2.206,0.000,0.000,-0.230,0,4,0,27,20,0,0,591,0,0,0,0,1189
81.754,12.924,28.9,-0.005,0.000,-0.014,-0.017,-0.013,-0.011,0.000,0.000,2.206,0.000,0.000,-0.230,0,4,0,27,20,0,0,463,0,0,0,0,1131
81.771,12.924,28.9,-0.005,0.000,-0.014,-0.017,-0.013,-0.011,0.000,0.000,2.206,0.000,0.000,-0.230,0,4,0,27,20,0,0,-244,0,0,0,0,-98
81.787,12.918,28.9,-0.005,0.000,-0.011,-0.016,-0.012,-0.010,0.000,0.000,0.185,0.000,0.000,-0.230,0,4,0,26,19,0,0,-417,0,0,0,0,-1068
81.809,12.918,28.9,-0.005,0.000,-0.011,-0.016,-0.012,-0.010,0.000,0.000,0.185,0.000,0.000,-0.230,0,4,0,26,19,0,0,-77,0,0,0,0,-16
81.840,12.913,28.9,-0.005,0.000,-0.011,-0.016,-0.012,-0.011,0.000,0.000,0.176,0.000,0.000,-0.230,0,4,0,26,19,0,0,383,0,0,0,0,1094
81.856,12.913,28.9,-0.005,0.000,-0.011,-0.016,-0.012,-0.011,0.000,0.000,0.176,0.000,0.000,-0.230,0,4,0,26,19,0,0,24,0,0,0,0,35
81.872,12.913,28.9,-0.005,0.000,-0.011,-0.016,-0.012,-0.011,0.000,0.000,0.176,0.000,0.000,-0.230,0,4,0,26,19,0,0,-362,0,0,0,0,-1043
81.893,12.906,28.9,-0.005,0.000,-0.013,-0.016,-0.012,-0.010,0.000,0.000,0.218,0.000,0.000,-0.230,0,4,0,26,19,0,0,-238,0,0,0,0,-96
81.910,12.906,28.9,-0.005,0.000,-0.013,-0.016,-0.012,-0.010,0.000,0.000,0.218,0.000,0.000,-0.230,0,4,0,26,19,0,0,214,0,0,0,0,129
81.927,12.906,28.9,-0.005,0.000,-0.013,-0.016,-0.012,-0.010,0.000,0.000,0.218,0.000,0.000,-0.230,0,4,0,26,19,0,0,418,0,0,0,0,1110
81.943,12.900,28.9,-0.005,0.000,-0.011,-0.016,-0.012,-0.010,0.000,0.000,0.179,0.000,0.000,-0.230,0,4,0,26,19,0,0,117,0,0,0,0,81
81.965,12.900,28.9,-0.005,0.000,-0.011,-0.016,-0.012,-0.010,0.000,0.000,0.179,0.000,0.000,-0.230,0,4,0,26,19,0,0,-386,0,0,0,0,-1055
81.981,12.900,28.9,-0.005,0.000,-0.011,-0.016,-0.012,-0.010,0.000,0.000,0.179,0.000,0.000,-0.230,0,4,0,26,19,0,0,-301,0,0,0,0,-128
81.999,12.894,28.8,-0.005,0.000,-0.010,-0.016,-0.012,-0.010,0.000,0.000,0.159,0.000,0.000,-0.230,0,4,0,26,19,0,0,162,0,0,0,0,103
82.016,12.894,28.8,-0.005,0.000,-0.010,-0.016,-0.012,-0.010,0.000,0.000,0.159,0.000,0.000,-0.230,0,4,0,26,19,0,0,415,0,0,0,0,1108
82.037,12.894,28.8,-0.005,0.000,-0.010,-0.016,-0.012,-0.010,0.000,0.000,0.159,0.000,0.000,-0.230,0,4,0,26,19,0,0,54,0,0,0,0,49
82.053,12.886,28.8,-0.005,0.000,-0.016,-0.014,-0.011,-0.009,0.000,0.000,0.216,0.000,0.000,-0.230,0,4,0,23,17,0,0,-360,0,0,0,0,-1045
82.071,12.886,28.8,-0.005,0.000,-0.016,-0.014,-0.011,-0.009,0.000,0.000,0.216,0.000,0.000,-0.230,0,4,0,23,17,0,0,-331,0,0,0,0,-145
82.087,12.886,28.8,-0.005,0.000,-0.016,-0.014,-0.011,-0.009,0.000,0.000,0.216,0.000,0.000,-0.230,0,4,0,23,17,0,0,98,0,0,0,0,69
82.109,12.880,28.8,-0.004,0.000,-0.012,-0.011,-0.009,-0.007,0.000,0.000,0.147,0.000,0.000,-0.230,0,4,0,18,14,0,0,408,0,0,0,0,1099
82.126,12.880,28.8,-0.004,0.000,-0.012,-0.011,-0.009,-0.007,0.000,0.000,0.147,0.000,0.000,-0.230,0,4,0,18,14,0,0,87,0,0,0,0,60
82.143,12.880,28.8,-0.004,0.000,-0.012,-0.011,-0.009,-0.007,0.000,0.000,0.147,0.000,0.000,-0.230,0,4,0,18,14,0,0,-330,0,0,0,0,-149
82.159,12.870,28.8,-0.001,0.001,-0.019,-0.004,-0.003,-0.003,0.000,0.000,2.246,0.000,0.000,-0.116,0,4,0,7,5,0,0,-431,0,0,0,0,-1090
82.181,12.870,28.8,-0.001,0.001,-0.019,-0.004,-0.003,-0.003,0.000,0.000,2.246,0.000,0.000,-0.116,0,4,0,7,5,0,0,198,0,0,0,0,105
82.198,12.870,28.8,-0.001,0.001,-0.019,-0.004,-0.003,-0.003,0.000,0.000,2.246,0.000,0.000,-0.116,0,4,0,7,5,0,0,490,0,0,0,0,1127
82.215,12.858,28.8,0.000,0.002,-0.022,0.000,0.000,0.000,0.000,0.000,0.219,0.000,0.000,-0.116,0,4,0,0,0,0,0,96,0,0,0,0,48
82.231,12.858,28.8,0.000,0.002,-0.022,0.000,0.000,0.000,0.000,0.000,0.219,0.000,0.000,-0.116,0,4,0,0,0,0,0,-183,0,0,0,0,-91
82.253,12.858,28.8,0.000,0.002,-0.022,0.000,0.000,0.000,0.000,0.000,0.219,0.000,0.000,-0.116,0,4,0,0,0,0,0,-207,0,0,0,0,-104
82.269,12.849,28.7,0.001,0.003,-0.018,0.002,0.001,0.001,0.000,0.000,0.178,0.000,0.000,-0.116,0,4,0,-3,-2,0,0,64,0,0,0,0,29
82.286,12.849,28.7,0.001,0.003,-0.018,0.002,0.001,0.001,0.000,0.000,0.178,0.000,0.000,-0.116,0,4,0,-3,-2,0,0,252,0,0,0,0,123
82.302,12.849,28.7,0.001,0.003,-0.018,0.002,0.001,0.001,0.000,0.000,0.178,0.000,0.000,-0.116,0,4,0,-3,-2,0,0,148,0,0,0,0,71
82.323,12.839,28.7,0.003,0.004,-0.019,0.009,0.007,0.006,0.000,0.000,0.208,0.000,0.000,-0.116,0,4,0,-15,-11,0,0,-191,0,0,0,0,-109
82.355,12.839,28.7,0.003,0.004,-0.019,0.009,0.007,0.006,0.000,0.000,0.208,0.000,0.000,-0.116,0,4,0,-15,-11,0,0,-33,0,0,0,0,-30
82.372,12.832,28.7,0.005,0.004,-0.014,0.016,0.012,0.011,0.000,0.000,2.318,0.000,0.000,-0.229,0,4,0,-26,-19,0,0,568,0,0,0,0,1136
82.388,12.832,28.7,0.005,0.004,-0.014,0.016,0.012,0.011,0.000,0.000,2.318,0.000,0.000,-0.229,0,4,0,-26,-19,0,0,535,0,0,0,0,1122
82.410,12.827,28.7,0.005,0.004,-0.014,0.017,0.013,0.011,0.000,0.000,0.249,0.000,0.000,-0.229,0,4,0,-28,-21,0,0,-208,0,0,0,0,-128
82.427,12.827,28.7,0.005,0.004,-0.014,0.017,0.013,0.011,0.000,0.000,0.249,0.000,0.000,-0.229,0,4,0,-28,-21,0,0,-414,0,0,0,0,-1109
82.444,12.827,28.7,0.005,0.004,-0.014,0.017,0.013,0.011,0.000,0.000,0.249,0.000,0.000,-0.229,0,4,0,-28,-21,0,0,-93,0,0,0,0,-71
82.465,12.822,28.7,0.004,0.004,-0.009,0.013,0.010,0.009,0.000,0.000,0.146,0.000,0.000,-0.228,0,4,0,-22,-16,0,0,380,0,0,0,0,1055
82.486,12.822,28.7,0.004,0.004,-0.009,0.013,0.010,0.009,0.000,0.000,0.146,0.000,0.000,-0.228,0,4,0,-22,-16,0,0,198,0,0,0,0,80
82.502,12.822,28.7,0.004,0.004,-0.009,0.013,0.010,0.009,0.000,0.000,0.146,0.000,0.000,-0.228,0,4,0,-22,-16,0,0,-245,0,0,0,0,-141
82.520,12.815,28.7,0.002,0.004,-0.012,0.008,0.006,0.005,0.000,0.000,0.155,0.000,0.000,-0.228,0,4,0,-13,-9,0,0,-394,0,0,0,0,-1088
82.544,12.815,28.7,0.002,0.004,-0.012,0.008,0.006,0.005,0.000,0.000,0.155,0.000,0.000,-0.228,0,4,0,-13,-9,0,0,150,0,0,0,0,64
82.566,12.811,28.7,0.000,0.010,-0.009,0.001,0.001,0.001,0.000,0.000,0.090,0.000,0.000,-0.228,0,4,0,-2,0,0,0,384,0,0,0,0,1073
82.590,12.811,28.7,0.000,0.010,-0.009,0.001,0.001,0.001,0.000,0.000,0.090,0.000,0.000,-0.228,0,4,0,-2,0,0,0,-158,0,0,0,0,-80
82.621,12.807,28.6,0.000,0.028,-0.008,0.000,0.000,0.000,0.000,0.000,2.001,0.000,0.000,-0.117,0,4,0,0,0,0,0,-243,0,0,0,0,-122
82.643,12.807,28.6,0.000,0.028,-0.008,0.000,0.000,0.000,0.000,0.000,2.001,0.000,0.000,-0.117,0,4,0,0,0,0,0,371,0,0,0,0,1068
82.668,12.807,28.6,0.000,0.028,-0.008,0.000,0.000,0.000,0.000,0.000,2.001,0.000,0.000,-0.117,0,4,0,0,0,0,0,201,0,0,0,0,100
82.685,12.812,28.7,-0.001,0.077,0.008,-0.002,-0.002,-0.001,0.000,0.000,0.080,0.000,0.000,-0.117,0,4,0,4,3,0,0,-162,0,0,0,0,-78
82.702,12.812,28.7,-0.001,0.077,0.008,-0.002,-0.002,-0.001,0.000,0.000,0.080,0.000,0.000,-0.117,0,4,0,4,3,0,0,-234,0,0,0,0,-114
82.723,12.826,28.7,-0.002,0.142,0.040,-0.005,-0.004,-0.003,0.000,0.000,0.392,0.000,0.000,-0.117,0,4,0,8,6,0,0,45,0,0,0,0,30
82.739,12.826,28.7,-0.002,0.142,0.040,-0.005,-0.004,-0.003,0.000,0.000,0.392,0.000,0.000,-0.117,0,4,0,8,6,0,0,271,0,0,0,0,143
82.757,12.826,28.7,-0.002,0.142,0.040,-0.005,-0.004,-0.003,0.000,0.000,0.392,0.000,0.000,-0.117,0,4,0,8,6,0,0,162,0,0,0,0,88
82.774,12.826,28.7,-0.002,0.142,0.040,-0.005,-0.004,-0.003,0.000,0.000,0.392,0.000,0.000,-0.117,0,4,0,8,6,0,0,-148,0,0,0,0,-67
82.795,12.855,28.8,-0.002,0.227,0.041,-0.007,-0.006,-0.005,0.000,0.000,0.402,0.000,0.000,-0.117,0,4,0,12,9,0,0,-254,0,0,0,0,-116
82.812,12.855,28.8,-0.002,0.227,0.041,-0.007,-0.006,-0.005,0.000,0.000,0.402,0.000,0.000,-0.117,0,4,0,12,9,0,0,22,0,0,0,0,21
82.828,12.911,28.9,-0.003,0.291,0.173,-0.010,-0.007,-0.006,0.000,0.000,1.703,0.000,0.000,-0.117,0,4,0,16,12,0,0,400,0,0,0,0,1093
82.845,12.911,28.9,-0.003,0.291,0.173,-0.010,-0.007,-0.006,0.000,0.000,1.703,0.000,0.000,-0.117,0,4,0,16,12,0,0,315,0,0,0,0,1055
82.866,12.911,28.9,-0.003,0.291,0.173,-0.010,-0.007,-0.006,0.000,0.000,1.703,0.000,0.000,-0.117,0,4,0,16,12,0,0,-250,0,0,0,0,-111
82.882,12.970,29.0,-0.003,0.360,0.110,-0.011,-0.008,-0.007,0.000,0.000,1.087,0.000,0.000,-0.118,0,4,0,17,13,0,0,-357,0,0,0,0,-1048
82.900,12.970,29.0,-0.003,0.360,0.110,-0.011,-0.008,-0.007,0.000,0.000,1.087,0.000,0.000,-0.118,0,4,0,17,13,0,0,-58,0,0,0,0,-14
82.918,12.970,29.0,-0.003,0.360,0.110,-0.011,-0.008,-0.007,0.000,0.000,1.087,0.000,0.000,-0.118,0,4,0,17,13,0,0,329,0,0,0,0,1063
82.941,13.045,29.2,-0.004,0.408,0.132,-0.014,-0.011,-0.009,0.000,0.000,1.300,0.000,0.000,-0.118,0,4,0,23,17,0,0,182,0,0,0,0,111
82.965,13.045,29.2,-0.004,0.408,0.132,-0.014,-0.011,-0.009,0.000,0.000,1.300,0.000,0.000,-0.118,0,4,0,23,17,0,0,-364,0,0,0,0,-1047
82.981,13.045,29.2,-0.004,0.408,0.132,-0.014,-0.011,-0.009,0.000,0.000,1.300,0.000,0.000,-0.118,0,4,0,23,17,0,0,-283,0,0,0,0,-121
82.998,13.155,29.4,-0.006,0.449,0.196,-0.020,-0.015,-0.013,0.000,0.000,1.936,0.195,-0.097,-0.119,0,4,0,32,24,0,0,152,0,0,0,0,104
83.019,13.155,29.4,-0.006,0.449,0.196,-0.020,-0.015,-0.013,0.000,0.000,1.936,0.195,-0.097,-0.119,0,4,0,32,24,0,0,455,0,0,0,0,1131
83.043,13.248,29.6,-0.008,0.494,0.209,-0.027,-0.020,-0.018,0.000,0.000,2.065,-0.119,0.059,-0.120,0,4,0,44,33,0,0,-144,0,0,0,0,-34
83.059,13.248,29.6,-0.008,0.494,0.209,-0.027,-0.020,-0.018,0.000,0.000,2.065,-0.119,0.059,-0.120,0,4,0,44,33,0,0,-485,0,0,0,0,-1085
83.090,13.346,29.9,-0.011,0.531,0.214,-0.035,-0.026,-0.024,0.000,0.000,2.130,0.188,-0.094,-0.120,0,4,0,56,42,0,0,199,0,0,0,0,149
83.112,13.346,29.9,-0.011,0.531,0.214,-0.035,-0.026,-0.024,0.000,0.000,2.130,0.188,-0.094,-0.120,0,4,0,56,42,0,0,470,0,0,0,0,1157
83.129,13.346,29.9,-0.011,0.531,0.214,-0.035,-0.026,-0.024,0.000,0.000,2.130,0.188,-0.094,-0.120,0,4,0,56,42,0,0,1,0,0,0,0,50
83.145,13.478,30.1,-0.013,0.539,0.241,-0.042,-0.031,-0.029,0.000,0.000,2.402,0.152,-0.076,-0.121,0,4,0,68,51,0,0,-481,0,0,0,0,-1064
83.169,13.478,30.1,-0.013,0.539,0.241,-0.042,-0.031,-0.029,0.000,0.000,2.402,0.152,-0.076,-0.121,0,4,0,68,51,0,0,-219,0,0,0,0,-50
83.190,13.478,30.1,-0.013,0.539,0.241,-0.042,-0.031,-0.029,0.000,0.000,2.402,0.152,-0.076,-0.121,0,4,0,68,51,0,0,460,0,0,0,0,1162
83.215,13.582,30.4,-0.015,0.583,0.152,-0.048,-0.034,-0.033,0.000,0.000,3.793,-0.157,0.079,-0.363,0,4,0,77,58,0,0,352,0,0,0,0,1121
83.246,13.694,30.6,-0.015,0.623,0.377,-0.048,-0.034,-0.033,0.000,0.000,3.755,-0.432,-0.073,-0.365,0,4,0,78,58,0,0,-1057,0,0,0,0,-1317
83.266,13.694,30.6,-0.015,0.623,0.377,-0.048,-0.034,-0.033,0.000,0.000,3.755,-0.432,-0.073,-0.365,0,4,0,78,58,0,0,40,0,0,0,0,88
83.294,13.694,30.6,-0.015,0.623,0.377,-0.048,-0.034,-0.033,0.000,0.000,3.755,-0.432,-0.073,-0.365,0,4,0,78,58,0,0,1003,0,0,0,0,1415
83.311,13.855,31.0,-0.015,0.623,0.253,-0.050,-0.035,-0.035,0.000,0.000,2.502,0.004,-0.256,-0.368,0,4,0,80,60,0,0,25,0,0,0,0,83
83.328,13.855,31.0,-0.015,0.623,0.253,-0.050,-0.035,-0.035,0.000,0.000,2.502,0.004,-0.256,-0.368,0,4,0,80,60,0,0,-859,0,0,0,0,-1225
83.349,13.975,31.3,-0.016,0.623,0.323,-0.051,-0.036,-0.035,0.000,0.000,3.225,0.000,0.000,-0.370,0,4,0,82,62,0,0,-554,0,0,0,0,-1086
83.371,13.975,31.3,-0.016,0.623,0.323,-0.051,-0.036,-0.035,0.000,0.000,3.225,0.000,0.000,-0.370,0,4,0,82,62,0,0,884,0,0,0,0,1365
83.387,13.975,31.3,-0.016,0.623,0.323,-0.051,-0.036,-0.035,0.000,0.000,3.225,0.000,0.000,-0.370,0,4,0,82,62,0,0,890,0,0,0,0,1368
83.419,14.092,31.5,-0.017,0.626,0.170,-0.055,-0.038,-0.038,0.000,0.000,1.730,0.000,0.000,-0.372,0,4,0,89,67,0,0,-794,0,0,0,0,-1189
83.440,14.092,31.5,-0.017,0.626,0.170,-0.055,-0.038,-0.038,0.000,0.000,1.730,0.000,0.000,-0.372,0,4,0,89,67,0,0,-455,0,0,0,0,-149
83.465,14.245,31.9,-0.018,0.626,0.338,-0.058,-0.040,-0.039,0.000,0.000,3.400,0.000,0.000,-0.374,0,4,0,93,70,0,0,1013,0,0,0,0,1432
83.496,14.245,31.9,-0.018,0.626,0.338,-0.058,-0.040,-0.039,0.000,0.000,3.400,0.000,0.000,-0.374,0,4,0,93,70,0,0,-252,0,0,0,0,-44
83.518,14.360,32.1,-0.021,0.626,0.219,-0.066,-0.045,-0.044,0.000,0.000,2.217,0.000,0.000,-0.375,0,4,0,107,80,0,0,-933,0,0,0,0,-1238
83.535,14.360,32.1,-0.021,0.626,0.219,-0.066,-0.045,-0.044,0.000,0.000,2.217,0.000,0.000,-0.375,0,4,0,107,80,0,0,-205,0,0,0,0,-9
83.552,14.360,32.1,-0.021,0.626,0.219,-0.066,-0.045,-0.044,0.000,0.000,2.217,0.000,0.000,-0.375,0,4,0,107,80,0,0,777,0,0,0,0,1336
83.570,14.486,32.4,-0.026,0.689,0.249,-0.084,-0.057,-0.056,0.000,0.000,2.561,0.000,0.000,-0.376,0,4,0,135,102,0,0,832,0,0,0,0,1382
83.591,14.486,32.4,-0.026,0.689,0.249,-0.084,-0.057,-0.056,0.000,0.000,2.561,0.000,0.000,-0.376,0,4,0,135,102,0,0,-479,0,0,0,0,-121
83.608,14.678,32.8,-0.032,0.814,0.514,-0.104,-0.070,-0.068,0.000,0.000,5.324,0.000,0.000,-0.378,0,4,0,168,127,0,0,-1373,0,0,0,0,-1394
83.625,14.678,32.8,-0.032,0.814,0.514,-0.104,-0.070,-0.068,0.000,0.000,5.324,0.000,0.000,-0.378,0,4,0,168,127,0,0,-429,0,0,0,0,-67
83.642,14.678,32.8,-0.032,0.814,0.514,-0.104,-0.070,-0.068,0.000,0.000,5.324,0.000,0.000,-0.378,0,4,0,168,127,0,0,1074,0,0,0,0,1520
83.663,14.838,33.2,-0.041,0.905,0.295,-0.131,-0.087,-0.085,0.000,0.000,3.100,0.000,0.000,-0.379,0,4,0,211,160,0,0,791,0,0,0,0,1416
83.680,14.838,33.2,-0.041,0.905,0.295,-0.131,-0.087,-0.085,0.000,0.000,3.100,0.000,0.000,-0.379,0,4,0,211,160,0,0,-371,0,0,0,0,0
83.697,14.838,33.2,-0.041,0.905,0.295,-0.131,-0.087,-0.085,0.000,0.000,3.100,0.000,0.000,-0.379,0,4,0,211,160,0,0,-1102,0,0,0,0,-1230
83.715,15.004,33.6,-0.046,0.950,0.324,-0.150,-0.098,-0.096,0.000,0.000,3.446,0.000,0.000,-0.379,0,4,0,241,182,0,0,-381,0,0,0,0,20
83.736,15.004,33.6,-0.046,0.950,0.324,-0.150,-0.098,-0.096,0.000,0.000,3.446,0.000,0.000,-0.379,0,4,0,241,182,0,0,1043,0,0,0,0,1564
83.754,15.004,33.6,-0.046,0.950,0.324,-0.150,-0.098,-0.096,0.000,0.000,3.446,0.000,0.000,-0.379,0,4,0,241,182,0,0,854,0,0,0,0,1478
83.770,15.220,34.0,-0.050,0.950,0.404,-0.162,-0.104,-0.102,0.000,0.000,4.381,0.000,0.000,-0.379,0,4,0,261,196,0,0,-363,0,0,0,0,47
83.793,15.220,34.0,-0.050,0.950,0.404,-0.162,-0.104,-0.102,0.000,0.000,4.381,0.000,0.000,-0.379,0,4,0,261,196,0,0,-1245,0,0,0,0,-1257
83.814,15.220,34.0,-0.050,0.950,0.404,-0.162,-0.104,-0.102,0.000,0.000,4.381,0.000,0.000,-0.379,0,4,0,261,196,0,0,225,0,0,0,0,1210
83.840,15.381,34.4,-0.051,0.954,0.234,-0.166,-0.106,-0.104,0.000,0.000,3.299,0.000,0.000,-0.533,0,4,0,267,202,0,0,1313,0,0,0,0,1707
83.871,15.535,34.8,-0.052,0.954,0.499,-0.168,-0.106,-0.104,0.000,0.000,5.454,0.000,0.000,-0.536,0,4,0,270,204,0,0,-1484,0,0,0,0,-1357
83.893,15.535,34.8,-0.052,0.954,0.499,-0.168,-0.106,-0.104,0.000,0.000,5.454,0.000,0.000,-0.536,0,4,0,270,204,0,0,-1050,0,0,0,0,-1161
83.918,15.535,34.8,-0.052,0.954,0.499,-0.168,-0.106,-0.104,0.000,0.000,5.454,0.000,0.000,-0.536,0,4,0,270,204,0,0,1544,0,0,0,0,1813
83.935,15.730,35.2,-0.055,0.954,0.311,-0.175,-0.109,-0.107,0.000,0.000,3.488,0.383,0.192,-0.540,0,4,0,283,213,0,0,1123,0,0,0,0,1633
83.965,15.730,35.2,-0.055,0.954,0.311,-0.175,-0.109,-0.107,0.000,0.000,3.488,0.383,0.192,-0.540,0,4,0,283,213,0,0,-1395,0,0,0,0,-1306
83.986,15.869,35.5,-0.056,0.957,0.277,-0.180,-0.111,-0.109,0.000,0.000,3.135,0.052,0.026,-0.542,0,4,0,290,218,0,0,-665,0,0,0,0,-79
84.003,15.869,35.5,-0.056,0.957,0.277,-0.180,-0.111,-0.109,0.000,0.000,3.135,0.052,0.026,-0.542,0,4,0,290,218,0,0,932,0,0,0,0,1552
84.019,15.869,35.5,-0.056,0.957,0.277,-0.180,-0.111,-0.109,0.000,0.000,3.135,0.052,0.026,-0.542,0,4,0,290,218,0,0,1436,0,0,0,0,1780
84.044,16.008,35.8,-0.057,0.957,0.246,-0.184,-0.113,-0.110,0.000,0.000,9.804,-0.248,-0.124,0.000,0,4,0,296,223,0,0,-537,0,0,0,0,-9
84.065,16.008,35.8,-0.057,0.957,0.246,-0.184,-0.113,-0.110,0.000,0.000,9.804,-0.248,-0.124,0.000,0,4,0,296,223,0,0,-1419,0,0,0,0,-1307
84.091,16.192,36.2,-0.057,0.957,0.400,-0.184,-0.112,-0.110,0.000,0.000,4.680,0.159,0.080,0.000,0,4,0,298,224,0,0,343,0,0,0,0,1291
84.107,16.192,36.2,-0.057,0.957,0.400,-0.184,-0.112,-0.110,0.000,0.000,4.680,0.159,0.080,0.000,0,4,0,298,224,0,0,749,0,0,0,0,1475
84.125,16.192,36.2,-0.057,0.957,0.400,-0.184,-0.112,-0.110,0.000,0.000,4.680,0.159,0.080,0.000,0,4,0,298,224,0,0,233,0,0,0,0,1241
84.146,16.329,36.5,-0.058,0.957,0.253,-0.188,-0.113,-0.111,0.000,0.000,2.901,0.440,0.220,0.000,0,4,0,303,228,0,0,-454,0,0,0,0,38
84.168,16.329,36.5,-0.058,0.957,0.253,-0.188,-0.113,-0.111,0.000,0.000,2.901,0.440,0.220,0.000,0,4,0,303,228,0,0,-232,0,0,0,0,149
84.184,16.457,36.8,-0.058,0.961,0.342,-0.187,-0.112,-0.110,0.000,0.000,3.857,0.103,0.347,0.000,0,4,0,303,228,0,0,371,0,0,0,0,1308
84.200,16.457,36.8,-0.058,0.961,0.342,-0.187,-0.112,-0.110,0.000,0.000,3.857,0.103,0.347,0.000,0,4,0,303,228,0,0,622,0,0,0,0,1421
84.221,16.457,36.8,-0.058,0.961,0.342,-0.187,-0.112,-0.110,0.000,0.000,3.857,0.103,0.347,0.000,0,4,0,303,228,0,0,-15,0,0,0,0,1133
84.237,16.610,37.2,-0.058,0.961,0.294,-0.186,-0.110,-0.108,0.000,0.000,3.559,-0.287,0.299,0.000,0,4,0,301,226,0,0,-546,0,0,0,0,-10
84.255,16.610,37.2,-0.058,0.961,0.294,-0.186,-0.110,-0.108,0.000,0.000,3.559,-0.287,0.299,0.000,0,4,0,301,226,0,0,-406,0,0,0,0,60
84.272,16.610,37.2,-0.058,0.961,0.294,-0.186,-0.110,-0.108,0.000,0.000,3.559,-0.287,0.299,0.000,0,4,0,301,226,0,0,243,0,0,0,0,1249
84.296,16.737,37.4,-0.058,0.961,0.223,-0.186,-0.109,-0.107,0.000,0.000,2.631,-0.555,0.123,0.000,0,4,0,301,226,0,0,408,0,0,0,0,1324
84.312,16.737,37.4,-0.058,0.961,0.223,-0.186,-0.109,-0.107,0.000,0.000,2.631,-0.555,0.123,0.000,0,4,0,301,226,0,0,-37,0,0,0,0,1122
84.341,16.869,37.7,-0.058,0.961,0.296,-0.186,-0.108,-0.106,0.000,0.000,3.410,-0.208,-0.036,0.000,0,4,0,300,226,0,0,-507,0,0,0,0,9
84.357,16.869,37.7,-0.058,0.961,0.296,-0.186,-0.108,-0.106,0.000,0.000,3.410,-0.208,-0.036,0.000,0,4,0,300,226,0,0,6,0,0,0,0,1141
84.377,16.869,37.7,-0.058,0.961,0.296,-0.186,-0.108,-0.106,0.000,0.000,3.410,-0.208,-0.036,0.000,0,4,0,300,226,0,0,564,0,0,0,0,1393
84.395,17.042,38.1,-0.058,0.961,0.326,-0.185,-0.106,-0.105,0.000,0.000,3.808,0.201,-0.223,0.000,0,4,0,299,225,0,0,301,0,0,0,0,1273
84.411,17.042,38.1,-0.058,0.961,0.326,-0.185,-0.106,-0.105,0.000,0.000,3.808,0.201,-0.223,0.000,0,4,0,299,225,0,0,-373,0,0,0,0,75
84.427,17.042,38.1,-0.058,0.961,0.326,-0.185,-0.106,-0.105,0.000,0.000,3.808,0.201,-0.223,0.000,0,4,0,299,225,0,0,-618,0,0,0,0,-47
84.449,17.170,38.4,-0.057,0.961,0.242,-0.185,-0.106,-0.104,0.000,0.000,2.863,0.477,-0.350,0.000,0,4,0,299,225,0,0,35,0,0,0,0,1153
84.466,17.170,38.4,-0.057,0.961,0.242,-0.185,-0.106,-0.104,0.000,0.000,2.863,0.477,-0.350,0.000,0,4,0,299,225,0,0,475,0,0,0,0,1352
84.496,17.289,38.7,-0.057,0.961,0.258,-0.185,-0.105,-0.103,0.000,0.000,3.089,0.000,0.000,0.000,0,4,0,298,224,0,0,-104,0,0,0,0,1089
84.512,17.289,38.7,-0.057,0.961,0.258,-0.185,-0.105,-0.103,0.000,0.000,3.089,0.000,0.000,0.000,0,4,0,298,224,0,0,-507,0,0,0,0,8
84.533,17.289,38.7,-0.057,0.961,0.258,-0.185,-0.105,-0.103,0.000,0.000,3.089,0.000,0.000,0.000,0,4,0,298,224,0,0,-196,0,0,0,0,1048
84.550,17.463,39.1,-0.057,0.961,0.329,-0.184,-0.103,-0.102,0.000,0.000,3.858,0.000,0.000,0.000,0,4,0,298,224,0,0,447,0,0,0,0,1339
84.567,17.463,39.1,-0.057,0.961,0.329,-0.184,-0.103,-0.102,0.000,0.000,3.858,0.000,0.000,0.000,0,4,0,298,224,0,0,578,0,0,0,0,1398
84.583,17.463,39.1,-0.057,0.961,0.329,-0.184,-0.103,-0.102,0.000,0.000,3.858,0.000,0.000,0.000,0,4,0,298,224,0,0,27,0,0,0,0,1148
84.605,17.594,39.4,-0.057,0.965,0.242,-0.184,-0.102,-0.101,0.000,0.000,2.823,0.000,0.000,0.000,0,4,0,297,223,0,0,-484,0,0,0,0,18
84.622,17.594,39.4,-0.057,0.965,0.242,-0.184,-0.102,-0.101,0.000,0.000,2.823,0.000,0.000,0.000,0,4,0,297,223,0,0,-229,0,0,0,0,146
84.640,17.594,39.4,-0.057,0.965,0.242,-0.184,-0.102,-0.101,0.000,0.000,2.823,0.000,0.000,0.000,0,4,0,297,223,0,0,322,0,0,0,0,1281
84.668,17.723,39.6,-0.057,0.965,0.207,-0.184,-0.102,-0.100,0.000,0.000,2.430,0.000,0.000,0.000,0,4,0,297,223,0,0,189,0,0,0,0,1220
84.689,17.723,39.6,-0.057,0.965,0.207,-0.184,-0.102,-0.100,0.000,0.000,2.430,0.000,0.000,0.000,0,4,0,297,223,0,0,-365,0,0,0,0,77
84.715,17.891,40.0,-0.057,0.965,0.363,-0.182,-0.100,-0.098,0.000,0.000,4.273,0.000,0.000,0.000,0,4,0,295,222,0,0,-232,0,0,0,0,143
84.747,17.891,40.0,-0.057,0.965,0.363,-0.182,-0.100,-0.098,0.000,0.000,4.273,0.000,0.000,0.000,0,4,0,295,222,0,0,669,0,0,0,0,1437
84.767,18.018,40.3,-0.057,0.965,0.251,-0.183,-0.100,-0.098,0.000,0.000,2.952,0.000,0.000,0.000,0,4,0,296,222,0,0,-43,0,0,0,0,1115
84.784,18.018,40.3,-0.057,0.965,0.251,-0.183,-0.100,-0.098,0.000,0.000,2.952,0.000,0.000,0.000,0,4,0,296,222,0,0,-481,0,0,0,0,19
84.801,18.018,40.3,-0.057,0.965,0.251,-0.183,-0.100,-0.098,0.000,0.000,2.952,0.000,0.000,0.000,0,4,0,296,222,0,0,-320,0,0,0,0,99
84.819,18.145,40.6,-0.057,0.965,0.250,-0.182,-0.098,-0.097,0.000,0.000,5.228,0.000,0.000,-0.229,0,4,0,294,221,0,0,617,0,0,0,0,1412
84.840,18.145,40.6,-0.057,0.965,0.250,-0.182,-0.098,-0.097,0.000,0.000,5.228,0.000,0.000,-0.229,0,4,0,294,221,0,0,1135,0,0,0,0,1647
84.871,18.309,41.0,-0.056,0.965,0.317,-0.179,-0.096,-0.095,0.000,0.000,5.833,0.000,0.000,0.000,0,4,0,290,218,0,0,-786,0,0,0,0,-139
84.888,18.309,41.0,-0.056,0.965,0.317,-0.179,-0.096,-0.095,0.000,0.000,5.833,0.000,0.000,0.000,0,4,0,290,218,0,0,-743,0,0,0,0,-117
84.918,18.434,41.2,-0.055,0.965,0.272,-0.177,-0.094,-0.092,0.000,0.000,3.181,0.000,0.000,0.000,0,4,0,286,215,0,0,485,0,0,0,0,1346
84.939,18.434,41.2,-0.055,0.965,0.272,-0.177,-0.094,-0.092,0.000,0.000,3.181,0.000,0.000,0.000,0,4,0,286,215,0,0,298,0,0,0,0,1261
84.965,18.557,41.5,-0.055,0.965,0.268,-0.176,-0.093,-0.091,0.000,0.000,3.144,0.000,0.000,0.000,0,4,0,285,214,0,0,-502,0,0,0,0,-2
84.996,18.557,41.5,-0.055,0.965,0.268,-0.176,-0.093,-0.091,0.000,0.000,3.144,0.000,0.000,0.000,0,4,0,285,214,0,0,103,0,0,0,0,1172
85.018,18.720,41.9,-0.055,0.965,0.313,-0.176,-0.092,-0.091,0.000,0.000,3.687,0.000,0.000,0.000,0,4,0,285,213,0,0,599,0,0,0,0,1397
85.043,18.720,41.9,-0.055,0.965,0.313,-0.176,-0.092,-0.091,0.000,0.000,3.687,0.000,0.000,0.000,0,4,0,285,213,0,0,-180,0,0,0,0,1044
85.060,18.720,41.9,-0.055,0.965,0.313,-0.176,-0.092,-0.091,0.000,0.000,3.687,0.000,0.000,0.000,0,4,0,285,213,0,0,-609,0,0,0,0,-55
85.090,18.845,42.2,-0.054,0.965,0.177,-0.175,-0.091,-0.090,0.000,0.000,5.398,0.000,0.000,-0.360,0,4,0,283,213,0,0,632,0,0,0,0,1411
85.110,18.845,42.2,-0.054,0.965,0.177,-0.175,-0.091,-0.090,0.000,0.000,5.398,0.000,0.000,-0.360,0,4,0,283,213,0,0,1434,0,0,0,0,1774
85.128,18.969,42.4,-0.054,0.965,0.337,-0.175,-0.090,-0.089,0.000,0.000,3.923,0.000,0.000,-0.363,0,4,0,283,212,0,0,138,0,0,0,0,1187
85.144,18.969,42.4,-0.054,0.965,0.337,-0.175,-0.090,-0.089,0.000,0.000,3.923,0.000,0.000,-0.363,0,4,0,283,212,0,0,-1099,0,0,0,0,-1173
85.168,18.969,42.4,-0.054,0.965,0.337,-0.175,-0.090,-0.089,0.000,0.000,3.923,0.000,0.000,-0.363,0,4,0,283,212,0,0,-550,0,0,0,0,-28
85.190,19.141,42.8,-0.054,0.965,0.283,-0.175,-0.089,-0.088,0.000,0.000,3.285,0.000,0.000,-0.367,0,4,0,283,212,0,0,1029,0,0,0,0,1590
85.215,19.141,42.8,-0.054,0.965,0.283,-0.175,-0.089,-0.088,0.000,0.000,3.285,0.000,0.000,-0.367,0,4,0,283,212,0,0,440,0,0,0,0,1323
85.247,19.270,43.1,-0.054,0.965,0.231,-0.175,-0.089,-0.087,0.000,0.000,2.670,0.000,0.000,-0.370,0,4,0,283,212,0,0,-1076,0,0,0,0,-1163
85.267,19.270,43.1,-0.054,0.965,0.231,-0.175,-0.089,-0.087,0.000,0.000,2.670,0.000,0.000,-0.370,0,4,0,283,212,0,0,94,0,0,0,0,1167
85.293,19.399,43.4,-0.054,0.965,0.282,-0.175,-0.089,-0.087,0.000,0.000,3.262,0.000,0.000,-0.373,0,4,0,283,213,0,0,1136,0,0,0,0,1639
85.311,19.399,43.4,-0.054,0.965,0.282,-0.175,-0.089,-0.087,0.000,0.000,3.262,0.000,0.000,-0.373,0,4,0,283,213,0,0,33,0,0,0,0,1139
85.340,19.561,43.8,-0.054,0.965,0.356,-0.174,-0.087,-0.086,0.000,0.000,9.069,0.195,-0.097,0.000,0,4,0,281,211,0,0,-1256,0,0,0,0,-1246
85.361,19.561,43.8,-0.054,0.965,0.356,-0.174,-0.087,-0.086,0.000,0.000,9.069,0.195,-0.097,0.000,0,4,0,281,211,0,0,356,0,0,0,0,1284
85.377,19.561,43.8,-0.054,0.965,0.356,-0.174,-0.087,-0.086,0.000,0.000,9.069,0.195,-0.097,0.000,0,4,0,281,211,0,0,1348,0,0,0,0,1733
85.394,19.680,44.0,-0.054,0.965,0.222,-0.175,-0.087,-0.086,0.000,0.000,2.607,0.000,0.000,0.000,0,4,0,283,213,0,0,235,0,0,0,0,1230
85.411,19.680,44.0,-0.054,0.965,0.222,-0.175,-0.087,-0.086,0.000,0.000,2.607,0.000,0.000,0.000,0,4,0,283,213,0,0,-259,0,0,0,0,118
85.432,19.796,44.3,-0.054,0.965,0.316,-0.173,-0.086,-0.084,0.000,0.000,3.764,0.000,0.000,0.000,0,4,0,280,211,0,0,-551,0,0,0,0,-30
85.464,19.796,44.3,-0.054,0.965,0.316,-0.173,-0.086,-0.084,0.000,0.000,3.764,0.000,0.000,0.000,0,4,0,280,211,0,0,559,0,0,0,0,1375
85.496,19.943,44.6,-0.054,0.965,0.234,-0.173,-0.085,-0.084,0.000,0.000,2.823,0.000,0.000,0.000,0,4,0,280,210,0,0,-95,0,0,0,0,1079
85.519,19.943,44.6,-0.054,0.965,0.234,-0.173,-0.085,-0.084,0.000,0.000,2.823,0.000,0.000,0.000,0,4,0,280,210,0,0,-479,0,0,0,0,6
85.543,20.056,44.9,-0.053,0.965,0.242,-0.172,-0.084,-0.083,0.000,0.000,2.891,0.000,0.000,0.000,0,4,0,278,209,0,0,165,0,0,0,0,1195
85.559,20.056,44.9,-0.053,0.965,0.242,-0.172,-0.084,-0.083,0.000,0.000,2.891,0.000,0.000,0.000,0,4,0,278,209,0,0,493,0,0,0,0,1344
85.576,20.056,44.9,-0.053,0.965,0.242,-0.172,-0.084,-0.083,0.000,0.000,2.891,0.000,0.000,0.000,0,4,0,278,209,0,0,265,0,0,0,0,1239
85.600,20.169,45.1,-0.053,0.965,0.204,-0.170,-0.083,-0.081,0.000,0.000,2.433,0.000,0.000,0.000,0,4,0,275,207,0,0,-385,0,0,0,0,48
85.621,20.169,45.1,-0.053,0.965,0.204,-0.170,-0.083,-0.081,0.000,0.000,2.433,0.000,0.000,0.000,0,4,0,275,207,0,0,-228,0,0,0,0,127
85.638,20.169,45.1,-0.053,0.965,0.204,-0.170,-0.083,-0.081,0.000,0.000,2.433,0.000,0.000,0.000,0,4,0,275,207,0,0,251,0,0,0,0,1231
85.655,20.320,45.5,-0.052,0.969,0.278,-0.168,-0.081,-0.080,0.000,0.000,7.800,0.000,0.000,-0.394,0,4,0,273,204,0,0,1834,0,0,0,0,1946
85.678,20.320,45.5,-0.052,0.969,0.278,-0.168,-0.081,-0.080,0.000,0.000,7.800,0.000,0.000,-0.394,0,4,0,273,204,0,0,-366,0,0,0,0,56
85.695,20.442,45.7,-0.052,0.969,0.310,-0.166,-0.080,-0.078,0.000,0.000,3.600,0.000,0.000,-0.397,0,4,0,269,202,0,0,-1278,0,0,0,0,-1266
85.712,20.442,45.7,-0.052,0.969,0.310,-0.166,-0.080,-0.078,0.000,0.000,3.600,0.000,0.000,-0.397,0,4,0,269,202,0,0,-670,0,0,0,0,-100
85.729,20.442,45.7,-0.052,0.969,0.310,-0.166,-0.080,-0.078,0.000,0.000,3.600,0.000,0.000,-0.397,0,4,0,269,202,0,0,755,0,0,0,0,1455
85.752,20.562,46.0,-0.052,0.965,0.216,-0.166,-0.079,-0.078,0.000,0.000,2.512,0.000,0.000,-0.399,0,4,0,269,202,0,0,948,0,0,0,0,1542
85.769,20.562,46.0,-0.052,0.965,0.216,-0.166,-0.079,-0.078,0.000,0.000,2.512,0.000,0.000,-0.399,0,4,0,269,202,0,0,-241,0,0,0,0,115
85.785,20.562,46.0,-0.052,0.965,0.216,-0.166,-0.079,-0.078,0.000,0.000,2.512,0.000,0.000,-0.399,0,4,0,269,202,0,0,-1116,0,0,0,0,-1191
85.802,20.724,46.4,-0.052,0.969,0.329,-0.165,-0.078,-0.077,0.000,0.000,3.815,0.000,0.000,-0.403,0,4,0,268,201,0,0,-805,0,0,0,0,-1052
85.824,20.724,46.4,-0.052,0.969,0.329,-0.165,-0.078,-0.077,0.000,0.000,3.815,0.000,0.000,-0.403,0,4,0,268,201,0,0,1025,0,0,0,0,1576
85.841,20.724,46.4,-0.052,0.969,0.329,-0.165,-0.078,-0.077,0.000,0.000,3.815,0.000,0.000,-0.403,0,4,0,268,201,0,0,1185,0,0,0,0,1649
85.871,20.837,46.6,-0.052,0.969,0.166,-0.168,-0.079,-0.078,0.000,0.000,6.174,0.000,0.000,0.000,0,4,0,272,205,0,0,-802,0,0,0,0,-1048
85.888,20.837,46.6,-0.052,0.969,0.166,-0.168,-0.079,-0.078,0.000,0.000,6.174,0.000,0.000,0.000,0,4,0,272,205,0,0,-800,0,0,0,0,-1047
85.910,20.948,46.9,-0.052,0.969,0.294,-0.167,-0.078,-0.077,0.000,0.000,3.501,0.000,0.000,0.000,0,4,0,270,203,0,0,293,0,0,0,0,1247
85.927,20.948,46.9,-0.052,0.969,0.294,-0.167,-0.078,-0.077,0.000,0.000,3.501,0.000,0.000,0.000,0,4,0,270,203,0,0,575,0,0,0,0,1374
85.944,20.948,46.9,-0.052,0.969,0.294,-0.167,-0.078,-0.077,0.000,0.000,3.501,0.000,0.000,0.000,0,4,0,270,203,0,0,149,0,0,0,0,1182
85.960,21.090,47.2,-0.052,0.965,0.287,-0.166,-0.077,-0.076,0.000,0.000,3.465,0.000,0.000,0.000,0,4,0,269,202,0,0,-434,0,0,0,0,18
85.983,21.090,47.2,-0.052,0.965,0.287,-0.166,-0.077,-0.076,0.000,0.000,3.465,0.000,0.000,0.000,0,4,0,269,202,0,0,-369,0,0,0,0,51
86.000,21.090,47.2,-0.052,0.965,0.287,-0.166,-0.077,-0.076,0.000,0.000,3.465,0.000,0.000,0.000,0,4,0,269,202,0,0,263,0,0,0,0,1232
86.017,21.195,47.4,-0.051,0.961,0.186,-0.164,-0.076,-0.075,0.000,0.000,2.248,0.000,0.000,0.000,0,4,0,266,200,0,0,404,0,0,0,0,1294
86.043,21.195,47.4,-0.051,0.961,0.186,-0.164,-0.076,-0.075,0.000,0.000,2.248,0.000,0.000,0.000,0,4,0,266,200,0,0,-136,0,0,0,0,1049
86.067,21.274,47.6,-0.048,0.759,0.163,-0.153,-0.070,-0.069,0.000,0.000,2.138,0.000,0.000,0.000,0,4,0,248,185,0,0,-362,0,0,0,0,35
86.083,21.274,47.6,-0.048,0.759,0.163,-0.153,-0.070,-0.069,0.000,0.000,2.138,0.000,0.000,0.000,0,4,0,248,185,0,0,-30,0,0,0,0,1083
86.099,21.274,47.6,-0.048,0.759,0.163,-0.153,-0.070,-0.069,0.000,0.000,2.138,0.000,0.000,0.000,0,4,0,248,185,0,0,343,0,0,0,0,1251
86.121,21.334,47.7,-0.042,0.497,0.113,-0.133,-0.061,-0.060,0.000,0.000,1.866,0.000,0.000,0.000,0,4,0,216,162,0,0,195,0,0,0,0,1160
86.143,21.334,47.7,-0.042,0.497,0.113,-0.133,-0.061,-0.060,0.000,0.000,1.866,0.000,0.000,0.000,0,4,0,216,162,0,0,-289,0,0,0,0,44
86.160,21.341,47.7,-0.034,0.175,0.018,-0.108,-0.050,-0.049,0.000,0.000,1.290,0.000,0.000,0.000,0,4,0,175,131,0,0,-234,0,0,0,0,50
86.177,21.341,47.7,-0.034,0.175,0.018,-0.108,-0.050,-0.049,0.000,0.000,1.290,0.000,0.000,0.000,0,4,0,175,131,0,0,37,0,0,0,0,1056
86.194,21.341,47.7,-0.034,0.175,0.018,-0.108,-0.050,-0.049,0.000,0.000,1.290,0.000,0.000,0.000,0,4,0,175,131,0,0,265,0,0,0,0,1159
86.216,21.329,47.7,-0.027,0.020,-0.022,-0.086,-0.040,-0.039,0.000,0.000,0.746,0.000,0.000,0.000,0,4,0,141,105,0,0,62,0,0,0,0,1041
86.246,21.329,47.7,-0.027,0.020,-0.022,-0.086,-0.040,-0.039,0.000,0.000,0.746,0.000,0.000,0.000,0,4,0,141,105,0,0,-190,0,0,0,0,28
86.264,21.310,47.7,-0.020,0.000,-0.039,-0.065,-0.030,-0.030,0.000,0.000,0.921,0.000,0.000,0.000,0,4,0,106,79,0,0,-29,0,0,0,0,85
86.294,21.310,47.7,-0.020,0.000,-0.039,-0.065,-0.030,-0.030,0.000,0.000,0.921,0.000,0.000,0.000,0,4,0,106,79,0,0,205,0,0,0,0,1077
86.316,21.296,47.6,-0.016,0.000,-0.027,-0.050,-0.023,-0.023,0.000,0.000,0.519,0.000,0.000,0.000,0,4,0,81,61,0,0,-51,0,0,0,0,45
86.333,21.296,47.6,-0.016,0.000,-0.027,-0.050,-0.023,-0.023,0.000,0.000,0.519,0.000,0.000,0.000,0,4,0,81,61,0,0,-163,0,0,0,0,-10
86.350,21.296,47.6,-0.016,0.000,-0.027,-0.050,-0.023,-0.023,0.000,0.000,0.519,0.000,0.000,0.000,0,4,0,81,61,0,0,-69,0,0,0,0,36
86.371,21.283,47.6,-0.013,0.000,-0.026,-0.043,-0.020,-0.019,0.000,0.000,0.430,0.000,0.000,0.000,0,4,0,69,52,0,0,125,0,0,0,0,123
86.392,21.283,47.6,-0.013,0.000,-0.026,-0.043,-0.020,-0.019,0.000,0.000,0.430,0.000,0.000,0.000,0,4,0,69,52,0,0,96,0,0,0,0,108
86.408,21.283,47.6,-0.013,0.000,-0.026,-0.043,-0.020,-0.019,0.000,0.000,0.430,0.000,0.000,0.000,0,4,0,69,52,0,0,-63,0,0,0,0,29
86.425,21.264,47.6,-0.013,0.000,-0.035,-0.042,-0.019,-0.019,0.000,0.000,0.591,0.000,0.000,0.000,0,4,0,68,51,0,0,-173,0,0,0,0,-27
86.442,21.264,47.6,-0.013,0.000,-0.035,-0.042,-0.019,-0.019,0.000,0.000,0.591,0.000,0.000,0.000,0,4,0,68,51,0,0,-61,0,0,0,0,29
86.463,21.264,47.6,-0.013,0.000,-0.035,-0.042,-0.019,-0.019,0.000,0.000,0.591,0.000,0.000,0.000,0,4,0,68,51,0,0,151,0,0,0,0,135
86.480,21.250,47.5,-0.013,0.000,-0.026,-0.042,-0.019,-0.019,0.000,0.000,0.431,0.000,0.000,0.000,0,4,0,68,51,0,0,116,0,0,0,0,117
86.497,21.250,47.5,-0.013,0.000,-0.026,-0.042,-0.019,-0.019,0.000,0.000,0.431,0.000,0.000,0.000,0,4,0,68,51,0,0,-39,0,0,0,0,40
86.514,21.250,47.5,-0.013,0.000,-0.026,-0.042,-0.019,-0.019,0.000,0.000,0.431,0.000,0.000,0.000,0,4,0,68,51,0,0,-150,0,0,0,0,-15
86.535,21.236,47.5,-0.013,0.000,-0.026,-0.042,-0.019,-0.019,0.000,0.000,0.440,0.000,0.000,0.000,0,4,0,68,51,0,0,-40,0,0,0,0,40
86.552,21.236,47.5,-0.013,0.000,-0.026,-0.042,-0.019,-0.019,0.000,0.000,0.440,0.000,0.000,0.000,0,4,0,68,51,0,0,124,0,0,0,0,122
86.570,21.236,47.5,-0.013,0.000,-0.026,-0.042,-0.019,-0.019,0.000,0.000,0.440,0.000,0.000,0.000,0,4,0,68,51,0,0,126,0,0,0,0,123
86.586,21.222,47.5,-0.013,0.000,-0.027,-0.042,-0.019,-0.019,0.000,0.000,8.074,-0.195,-0.097,-0.416,0,4,0,68,51,0,0,-321,0,0,0,0,-101
86.607,21.222,47.5,-0.013,0.000,-0.027,-0.042,-0.019,-0.019,0.000,0.000,8.074,-0.195,-0.097,-0.416,0,4,0,68,51,0,0,-1956,0,0,0,0,-1732
86.624,21.222,47.5,-0.013,0.000,-0.027,-0.042,-0.019,-0.019,0.000,0.000,8.074,-0.195,-0.097,-0.416,0,4,0,68,51,0,0,-667,0,0,0,0,-1148
86.642,21.217,47.5,-0.013,0.000,-0.009,-0.042,-0.020,-0.019,0.000,0.000,0.371,0.000,0.000,-0.416,0,4,0,69,51,0,0,659,0,0,0,0,1253
86.658,21.217,47.5,-0.013,0.000,-0.009,-0.042,-0.020,-0.019,0.000,0.000,0.371,0.000,0.000,-0.416,0,4,0,69,51,0,0,792,0,0,0,0,1313
86.680,21.217,47.5,-0.013,0.000,-0.009,-0.042,-0.020,-0.019,0.000,0.000,0.371,0.000,0.000,-0.416,0,4,0,69,51,0,0,-308,0,0,0,0,-94
86.697,21.212,47.5,-0.013,0.000,-0.009,-0.040,-0.019,-0.018,0.000,0.000,0.357,0.000,0.000,-0.416,0,4,0,66,49,0,0,-868,0,0,0,0,-1241
86.715,21.212,47.5,-0.013,0.000,-0.009,-0.040,-0.019,-0.018,0.000,0.000,0.357,0.000,0.000,-0.416,0,4,0,66,49,0,0,-320,0,0,0,0,-102
86.746,21.205,47.4,-0.012,0.000,-0.015,-0.039,-0.018,-0.018,0.000,0.000,0.508,0.000,0.000,-0.416,0,4,0,63,47,0,0,866,0,0,0,0,1342
86.767,21.205,47.4,-0.012,0.000,-0.015,-0.039,-0.018,-0.018,0.000,0.000,0.508,0.000,0.000,-0.416,0,4,0,63,47,0,0,-45,0,0,0,0,33
86.794,21.200,47.4,-0.012,0.000,-0.011,-0.039,-0.018,-0.018,0.000,0.000,0.386,0.000,0.000,-0.416,0,4,0,63,47,0,0,-813,0,0,0,0,-1219
86.811,21.200,47.4,-0.012,0.000,-0.011,-0.039,-0.018,-0.018,0.000,0.000,0.386,0.000,0.000,-0.416,0,4,0,63,47,0,0,7,0,0,0,0,58
86.840,21.182,47.4,-0.012,0.000,-0.039,-0.039,-0.018,-0.018,0.000,0.000,9.059,0.000,0.000,0.000,0,4,0,64,47,0,0,1256,0,0,0,0,1518
86.861,21.182,47.4,-0.012,0.000,-0.039,-0.039,-0.018,-0.018,0.000,0.000,9.059,0.000,0.000,0.000,0,4,0,64,47,0,0,-397,0,0,0,0,-143
86.878,21.182,47.4,-0.012,0.000,-0.039,-0.039,-0.018,-0.018,0.000,0.000,9.059,0.000,0.000,0.000,0,4,0,64,47,0,0,-1364,0,0,0,0,-1467
86.895,21.163,47.3,-0.012,0.000,-0.036,-0.039,-0.018,-0.018,0.000,0.000,0.553,0.000,0.000,0.000,0,4,0,63,47,0,0,-81,0,0,0,0,15
86.918,21.163,47.3,-0.012,0.000,-0.036,-0.039,-0.018,-0.018,0.000,0.000,0.553,0.000,0.000,0.000,0,4,0,63,47,0,0,150,0,0,0,0,130
86.939,21.163,47.3,-0.012,0.000,-0.036,-0.039,-0.018,-0.018,0.000,0.000,0.553,0.000,0.000,0.000,0,4,0,63,47,0,0,99,0,0,0,0,105
86.966,21.149,47.3,-0.013,0.000,-0.020,-0.041,-0.019,-0.019,0.000,0.000,0.332,0.000,0.000,0.000,0,4,0,67,50,0,0,-131,0,0,0,0,-7
86.982,21.149,47.3,-0.013,0.000,-0.020,-0.041,-0.019,-0.019,0.000,0.000,0.332,0.000,0.000,0.000,0,4,0,67,50,0,0,-92,0,0,0,0,12
87.000,21.135,47.3,-0.014,0.000,-0.042,-0.045,-0.021,-0.020,0.000,0.000,0.720,0.000,0.000,0.000,0,4,0,72,54,0,0,87,0,0,0,0,107
87.021,21.135,47.3,-0.014,0.000,-0.042,-0.045,-0.021,-0.020,0.000,0.000,0.720,0.000,0.000,0.000,0,4,0,72,54,0,0,179,0,0,0,0,1039
87.038,21.135,47.3,-0.014,0.000,-0.042,-0.045,-0.021,-0.020,0.000,0.000,0.720,0.000,0.000,0.000,0,4,0,72,54,0,0,2,0,0,0,0,64
87.056,21.116,47.2,-0.015,0.000,-0.034,-0.049,-0.023,-0.022,0.000,0.000,0.634,0.000,0.000,0.000,0,4,0,80,59,0,0,-167,0,0,0,0,-14
87.072,21.116,47.2,-0.015,0.000,-0.034,-0.049,-0.023,-0.022,0.000,0.000,0.634,0.000,0.000,0.000,0,4,0,80,59,0,0,-133,0,0,0,0,3
87.093,21.116,47.2,-0.015,0.000,-0.034,-0.049,-0.023,-0.022,0.000,0.000,0.634,0.000,0.000,0.000,0,4,0,80,59,0,0,103,0,0,0,0,121
87.121,21.102,47.2,-0.016,0.000,-0.022,-0.052,-0.024,-0.024,0.000,0.000,0.423,0.000,0.000,0.000,0,4,0,85,63,0,0,79,0,0,0,0,113
87.138,21.102,47.2,-0.016,0.000,-0.022,-0.052,-0.024,-0.024,0.000,0.000,0.423,0.000,0.000,0.000,0,4,0,85,63,0,0,-82,0,0,0,0,33
87.168,21.088,47.2,-0.016,0.000,-0.031,-0.052,-0.024,-0.024,0.000,0.000,0.598,0.000,0.000,0.000,0,4,0,85,63,0,0,-81,0,0,0,0,33
87.188,21.088,47.2,-0.016,0.000,-0.031,-0.052,-0.024,-0.024,0.000,0.000,0.598,0.000,0.000,0.000,0,4,0,85,63,0,0,140,0,0,0,0,144
87.215,21.070,47.1,-0.016,0.000,-0.040,-0.052,-0.024,-0.024,0.000,0.000,0.775,0.000,0.000,0.000,0,4,0,85,63,0,0,73,0,0,0,0,110
87.246,21.070,47.1,-0.016,0.000,-0.040,-0.052,-0.024,-0.024,0.000,0.000,0.775,0.000,0.000,0.000,0,4,0,85,63,0,0,-194,0,0,0,0,-23
87.267,21.056,47.1,-0.016,0.000,-0.028,-0.052,-0.024,-0.024,0.000,0.000,0.532,0.000,0.000,0.000,0,4,0,84,63,0,0,15,0,0,0,0,81
87.293,21.056,47.1,-0.016,0.000,-0.028,-0.052,-0.024,-0.024,0.000,0.000,0.532,0.000,0.000,0.000,0,4,0,84,63,0,0,156,0,0,0,0,1038
87.311,21.042,47.1,-0.016,0.000,-0.033,-0.052,-0.024,-0.024,0.000,0.000,0.636,0.000,0.000,0.000,0,4,0,85,63,0,0,5,0,0,0,0,76
87.340,21.042,47.1,-0.016,0.000,-0.033,-0.052,-0.024,-0.024,0.000,0.000,0.636,0.000,0.000,0.000,0,4,0,85,63,0,0,-165,0,0,0,0,-9
87.361,21.023,47.0,-0.016,0.000,-0.037,-0.052,-0.024,-0.024,0.000,0.000,0.731,0.000,0.000,0.000,0,4,0,85,63,0,0,55,0,0,0,0,101
87.378,21.023,47.0,-0.016,0.000,-0.037,-0.052,-0.024,-0.024,0.000,0.000,0.731,0.000,0.000,0.000,0,4,0,85,63,0,0,192,0,0,0,0,1054
87.395,21.023,47.0,-0.016,0.000,-0.037,-0.052,-0.024,-0.024,0.000,0.000,0.731,0.000,0.000,0.000,0,4,0,85,63,0,0,87,0,0,0,0,117
87.411,21.000,47.0,-0.016,-0.019,-0.046,-0.052,-0.024,-0.024,0.000,0.000,0.658,0.000,0.000,0.000,0,4,0,85,63,0,0,-109,0,0,0,0,19
87.434,21.000,47.0,-0.016,-0.019,-0.046,-0.052,-0.024,-0.024,0.000,0.000,0.658,0.000,0.000,0.000,0,4,0,85,63,0,0,-145,0,0,0,0,1
87.465,20.959,46.9,-0.017,-0.057,-0.078,-0.053,-0.025,-0.025,0.000,0.000,0.890,0.000,0.000,0.000,0,4,0,87,65,0,286,203,0,0,0,0,1096
87.481,20.959,46.9,-0.017,-0.057,-0.078,-0.053,-0.025,-0.025,0.000,0.000,0.890,0.000,0.000,0.000,0,4,0,87,65,0,286,154,0,0,0,0,1092
87.503,20.959,46.9,-0.017,-0.057,-0.078,-0.053,-0.025,-0.025,0.000,0.000,0.890,0.000,0.000,0.000,0,4,0,87,65,0,286,-132,0,0,0,0,97
87.520,20.861,46.7,-0.017,-0.125,-0.184,-0.053,-0.025,-0.025,0.000,0.000,1.907,0.000,0.000,0.000,0,4,0,86,64,0,676,-345,0,0,0,0,13
87.544,20.861,46.7,-0.017,-0.125,-0.184,-0.053,-0.025,-0.025,0.000,0.000,1.907,0.000,0.000,0.000,0,4,0,86,64,0,676,129,0,0,0,0,1154
87.561,20.861,46.7,-0.017,-0.125,-0.184,-0.053,-0.025,-0.025,0.000,0.000,1.907,0.000,0.000,0.000,0,4,0,86,64,0,676,359,0,0,0,0,1279
87.583,20.736,46.4,-0.017,-0.231,-0.202,-0.053,-0.025,-0.025,0.000,0.000,2.021,0.000,0.000,0.000,0,4,0,87,65,0,741,34,0,0,0,0,1157
87.599,20.736,46.4,-0.017,-0.231,-0.202,-0.053,-0.025,-0.025,0.000,0.000,2.021,0.000,0.000,0.000,0,4,0,87,65,0,741,-328,0,0,0,0,124
87.617,20.736,46.4,-0.017,-0.231,-0.202,-0.053,-0.025,-0.025,0.000,0.000,2.021,0.000,0.000,0.000,0,4,0,87,65,0,741,-286,0,0,0,0,1052
87.634,20.534,45.9,-0.017,-0.401,-0.403,-0.053,-0.025,-0.025,0.000,0.000,3.976,0.000,0.000,0.000,0,4,0,87,64,0,1476,196,0,0,0,0,1290
87.655,20.534,45.9,-0.017,-0.401,-0.403,-0.053,-0.025,-0.025,0.000,0.000,3.976,0.000,0.000,0.000,0,4,0,87,64,0,1476,641,0,0,0,0,1516
87.671,20.132,45.0,-0.017,-0.588,-1.090,-0.053,-0.026,-0.026,0.000,0.000,10.733,0.000,0.000,0.000,0,4,0,87,64,0,2200,359,0,1240,0,0,1969
87.689,20.132,45.0,-0.017,-0.588,-1.090,-0.053,-0.026,-0.026,0.000,0.000,10.733,0.000,0.000,0.000,0,4,0,87,64,0,2200,-1234,0,690,0,0,133
87.716,20.132,45.0,-0.017,-0.588,-1.090,-0.053,-0.026,-0.026,0.000,0.000,10.733,0.000,0.000,0.000,0,4,0,87,64,0,2200,-456,0,-1294,0,0,-1294
87.737,19.774,44.2,-0.017,-0.704,-0.555,-0.053,-0.026,-0.027,0.000,0.000,5.453,0.000,0.000,0.000,0,4,0,88,65,0,2033,791,0,-14,0,0,1675
87.755,19.774,44.2,-0.017,-0.704,-0.555,-0.053,-0.026,-0.027,0.000,0.000,5.453,0.000,0.000,0.000,0,4,0,88,65,0,2033,589,0,260,0,0,1728
87.771,19.774,44.2,-0.017,-0.704,-0.555,-0.053,-0.026,-0.027,0.000,0.000,5.453,0.000,0.000,0.000,0,4,0,88,65,0,2033,-295,0,167,0,0,1305
87.788,19.368,43.3,-0.019,-0.796,-0.810,-0.058,-0.030,-0.030,0.000,0.000,7.969,0.000,0.000,0.000,0,4,0,97,71,0,2200,-1214,0,-574,0,0,-1226
87.810,19.368,43.3,-0.019,-0.796,-0.810,-0.058,-0.030,-0.030,0.000,0.000,7.969,0.000,0.000,0.000,0,4,0,97,71,0,2200,-137,0,-722,0,0,133
87.840,18.770,42.0,-0.022,-0.860,-1.184,-0.069,-0.036,-0.036,0.000,0.000,11.643,0.000,0.000,0.000,0,4,0,114,84,0,2200,1378,0,1281,0,0,2648
87.871,18.770,42.0,-0.022,-0.860,-1.184,-0.069,-0.036,-0.036,0.000,0.000,11.643,0.000,0.000,0.000,0,4,0,114,84,0,2200,-1245,0,-731,0,0,-1213
87.892,18.303,40.9,-0.027,-0.897,-0.915,-0.083,-0.045,-0.045,0.000,0.000,9.009,0.000,0.000,0.000,0,4,0,139,101,0,2200,-888,0,-991,0,0,-1145
87.918,18.303,40.9,-0.027,-0.897,-0.915,-0.083,-0.045,-0.045,0.000,0.000,9.009,0.000,0.000,0.000,0,4,0,139,101,0,2200,1232,0,1050,0,0,2569
87.935,17.834,39.9,-0.034,-0.897,-1.112,-0.107,-0.059,-0.060,0.000,0.000,10.972,0.000,0.000,0.000,0,4,0,179,130,0,2200,1157,0,986,0,0,2526
87.951,17.834,39.9,-0.034,-0.897,-1.112,-0.107,-0.059,-0.060,0.000,0.000,10.972,0.000,0.000,0.000,0,4,0,179,130,0,2200,-387,0,-488,0,0,1180
87.973,17.834,39.9,-0.034,-0.897,-1.112,-0.107,-0.059,-0.060,0.000,0.000,10.972,0.000,0.000,0.000,0,4,0,179,130,0,2200,-1469,0,-1161,0,0,-1389
87.996,17.195,38.5,-0.040,-0.897,-1.067,-0.125,-0.071,-0.072,0.000,0.000,10.546,0.000,0.000,0.000,0,4,0,207,151,0,2200,288,0,731,0,0,2089
88.012,17.195,38.5,-0.040,-0.897,-1.067,-0.125,-0.071,-0.072,0.000,0.000,10.546,0.000,0.000,0.000,0,4,0,207,151,0,2200,1459,0,1252,0,0,2874
88.029,17.195,38.5,-0.040,-0.897,-1.067,-0.125,-0.071,-0.072,0.000,0.000,10.546,0.000,0.000,0.000,0,4,0,207,151,0,2200,883,0,19,0,0,2076
88.051,16.701,37.4,-0.044,-0.950,-0.918,-0.136,-0.080,-0.082,0.000,0.000,9.086,0.000,0.000,0.000,0,4,0,228,166,0,2200,-1021,0,-1217,0,0,-1121
88.068,16.701,37.4,-0.044,-0.950,-0.918,-0.136,-0.080,-0.082,0.000,0.000,9.086,0.000,0.000,0.000,0,4,0,228,166,0,2200,-1230,0,-310,0,0,127
88.090,16.185,36.2,-0.044,-1.000,-1.325,-0.138,-0.084,-0.085,0.000,0.000,13.098,0.000,0.000,0.000,0,4,0,231,167,0,2200,648,0,1290,0,0,2616
88.107,16.185,36.2,-0.044,-1.000,-1.325,-0.138,-0.084,-0.085,0.000,0.000,13.098,0.000,0.000,0.000,0,4,0,231,167,0,2200,1500,0,576,0,0,2698
88.128,16.185,36.2,-0.044,-1.000,-1.325,-0.138,-0.084,-0.085,0.000,0.000,13.098,0.000,0.000,0.000,0,4,0,231,167,0,2200,184,0,-1164,0,0,1339
88.145,15.476,34.6,-0.044,-1.000,-1.327,-0.137,-0.087,-0.088,0.000,0.000,13.110,0.000,0.000,0.000,0,4,0,228,166,0,2200,-1270,0,-872,0,0,-73
88.168,15.476,34.6,-0.044,-1.000,-1.327,-0.137,-0.087,-0.088,0.000,0.000,13.110,0.000,0.000,0.000,0,4,0,228,166,0,2200,-626,0,1123,0,0,2056
88.185,15.476,34.6,-0.044,-1.000,-1.327,-0.137,-0.087,-0.088,0.000,0.000,13.110,0.000,0.000,0.000,0,4,0,228,166,0,2200,923,0,986,0,0,2714
88.206,14.960,33.5,-0.044,-1.000,-0.865,-0.136,-0.089,-0.092,0.000,0.000,8.555,0.000,0.000,0.000,0,4,0,230,166,0,2200,1031,0,-699,0,0,2024
88.222,14.960,33.5,-0.044,-1.000,-0.865,-0.136,-0.089,-0.092,0.000,0.000,8.555,0.000,0.000,0.000,0,4,0,230,166,0,2200,-170,0,-995,0,0,1367
88.246,14.455,32.3,-0.044,-1.000,-1.263,-0.136,-0.092,-0.094,0.000,0.000,12.490,0.000,0.000,0.000,0,4,0,229,165,0,2200,-1320,0,771,0,0,1674
88.262,14.455,32.3,-0.044,-1.000,-1.263,-0.136,-0.092,-0.094,0.000,0.000,12.490,0.000,0.000,0.000,0,4,0,229,165,0,2200,-312,0,1251,0,0,2367
88.283,14.455,32.3,-0.044,-1.000,-1.263,-0.136,-0.092,-0.094,0.000,0.000,12.490,0.000,0.000,0.000,0,4,0,229,165,0,2200,1265,0,-348,0,0,2381
88.301,13.751,30.8,-0.044,-1.000,-1.319,-0.137,-0.098,-0.099,0.000,0.000,13.031,0.000,0.000,0.000,0,4,0,229,167,0,2200,848,0,-1299,0,0,1783
88.318,13.751,30.8,-0.044,-1.000,-1.319,-0.137,-0.098,-0.099,0.000,0.000,13.031,0.000,0.000,0.000,0,4,0,229,167,0,2200,-570,0,-330,0,0,1600
88.335,13.751,30.8,-0.044,-1.000,-1.319,-0.137,-0.098,-0.099,0.000,0.000,13.031,0.000,0.000,0.000,0,4,0,229,167,0,2200,-1283,0,1135,0,0,1960
88.356,13.237,29.6,-0.044,-1.000,-0.955,-0.136,-0.101,-0.095,0.000,0.000,9.444,0.000,0.000,0.000,0,4,0,230,165,0,2200,-85,0,679,0,0,2320
88.372,13.237,29.6,-0.044,-1.000,-0.955,-0.136,-0.101,-0.095,0.000,0.000,9.444,0.000,0.000,0.000,0,4,0,230,165,0,2200,1041,0,-851,0,0,2157
88.390,13.237,29.6,-0.044,-1.000,-0.955,-0.136,-0.101,-0.095,0.000,0.000,9.444,0.000,0.000,0.000,0,4,0,230,165,0,2200,884,0,-1166,0,0,1946
88.418,12.725,28.5,-0.044,-1.000,-0.840,-0.137,-0.105,-0.092,0.000,0.000,8.304,0.000,0.000,0.000,0,4,0,231,166,0,2200,-887,0,852,0,0,2060
88.439,12.725,28.5,-0.044,-1.000,-0.840,-0.137,-0.105,-0.092,0.000,0.000,8.304,0.000,0.000,0.000,0,4,0,231,166,0,2200,-587,0,556,0,0,2061
88.465,12.036,26.9,-0.045,-1.000,-1.477,-0.129,-0.105,-0.089,0.000,0.000,14.585,0.000,0.000,0.000,0,4,0,235,157,0,2200,1063,0,-1289,0,0,1971
88.482,12.036,26.9,-0.045,-1.000,-1.477,-0.129,-0.105,-0.089,0.000,0.000,14.585,0.000,0.000,0.000,0,4,0,235,157,0,2200,789,0,-575,0,0,2170
88.498,12.036,26.9,-0.045,-1.000,-1.477,-0.129,-0.105,-0.089,0.000,0.000,14.585,0.000,0.000,0.000,0,4,0,235,157,0,2200,-405,0,921,0,0,2307
88.520,11.525,25.8,-0.047,-1.000,-0.951,-0.124,-0.106,-0.088,0.000,0.000,9.389,0.000,0.000,0.000,0,4,0,243,151,0,2200,-973,0,851,0,0,2019
88.543,11.525,25.8,-0.047,-1.000,-0.951,-0.124,-0.106,-0.088,0.000,0.000,9.389,0.000,0.000,0.000,0,4,0,243,151,0,2200,334,0,-1119,0,0,1719
88.560,11.016,24.6,-0.048,-1.000,-1.308,-0.118,-0.105,-0.087,0.000,0.000,12.911,0.000,0.000,0.000,0,4,0,252,143,0,2200,1028,0,-986,0,0,2093
88.576,11.016,24.6,-0.048,-1.000,-1.308,-0.118,-0.105,-0.087,0.000,0.000,12.911,0.000,0.000,0.000,0,4,0,252,143,0,2200,549,0,441,0,0,2522
88.596,11.016,24.6,-0.048,-1.000,-1.308,-0.118,-0.105,-0.087,0.000,0.000,12.911,0.000,0.000,0.000,0,4,0,252,143,0,2200,-785,0,1230,0,0,2276
88.622,10.332,23.1,-0.050,-1.000,-1.123,-0.105,-0.100,-0.084,0.000,0.000,11.067,0.000,0.000,0.000,0,4,0,258,127,0,2200,-482,0,-812,0,0,1485
88.639,10.332,23.1,-0.050,-1.000,-1.123,-0.105,-0.100,-0.084,0.000,0.000,11.067,0.000,0.000,0.000,0,4,0,258,127,0,2200,614,0,-1186,0,0,1811
88.669,9.824,22.0,-0.050,-1.000,-1.109,-0.097,-0.097,-0.080,0.000,0.000,10.922,0.000,0.000,0.000,0,4,0,260,118,0,2200,388,0,1131,0,0,2754
88.690,9.824,22.0,-0.050,-1.000,-1.109,-0.097,-0.097,-0.080,0.000,0.000,10.922,0.000,0.000,0.000,0,4,0,260,118,0,2200,-792,0,603,0,0,1982
88.715,9.317,20.8,-0.050,-1.000,-1.123,-0.088,-0.093,-0.076,0.000,0.000,11.056,0.000,0.000,0.000,0,4,0,260,107,0,2200,-336,0,-1277,0,0,1332
88.731,9.317,20.8,-0.050,-1.000,-1.123,-0.088,-0.093,-0.076,0.000,0.000,11.056,0.000,0.000,0.000,0,4,0,260,107,0,2200,572,0,-678,0,0,2014
88.748,9.317,20.8,-0.050,-1.000,-1.123,-0.088,-0.093,-0.076,0.000,0.000,11.056,0.000,0.000,0.000,0,4,0,260,107,0,2200,831,0,866,0,0,2830
88.768,8.628,19.3,-0.050,-1.000,-1.318,-0.075,-0.085,-0.071,0.000,0.000,12.958,0.000,0.000,0.000,0,4,0,255,91,0,2200,-118,0,1003,0,0,2453
88.793,8.628,19.3,-0.050,-1.000,-1.318,-0.075,-0.085,-0.071,0.000,0.000,12.958,0.000,0.000,0.000,0,4,0,255,91,0,2200,-768,0,-1107,0,0,1203
88.810,8.628,19.3,-0.050,-1.000,-1.318,-0.075,-0.085,-0.071,0.000,0.000,12.958,0.000,0.000,0.000,0,4,0,255,91,0,2200,-60,0,-966,0,0,1588
88.840,8.123,18.2,-0.051,-1.000,-0.714,-0.068,-0.082,-0.067,0.000,0.000,7.016,0.000,0.000,0.000,0,4,0,245,83,0,2200,499,0,678,0,0,2577
88.860,8.123,18.2,-0.051,-1.000,-0.714,-0.068,-0.082,-0.067,0.000,0.000,7.016,0.000,0.000,0.000,0,4,0,245,83,0,2200,-134,0,136,0,0,2045
88.878,7.628,17.1,-0.051,-1.000,-1.344,-0.061,-0.078,-0.063,0.000,0.000,13.206,0.000,0.000,0.000,0,4,0,236,74,0,2200,-710,0,-1163,0,0,1188
88.895,7.628,17.1,-0.051,-1.000,-1.344,-0.061,-0.078,-0.063,0.000,0.000,13.206,0.000,0.000,0.000,0,4,0,236,74,0,2200,-332,0,-850,0,0,1501
88.911,7.628,17.1,-0.051,-1.000,-1.344,-0.061,-0.078,-0.063,0.000,0.000,13.206,0.000,0.000,0.000,0,4,0,236,74,0,2200,417,0,617,0,0,2504
88.932,6.945,15.5,-0.052,-1.000,-1.281,-0.051,-0.072,-0.059,0.000,0.000,12.579,0.000,0.000,0.000,0,4,0,227,61,0,2200,573,0,1142,0,0,2802
88.949,6.945,15.5,-0.052,-1.000,-1.281,-0.051,-0.072,-0.059,0.000,0.000,12.579,0.000,0.000,0.000,0,4,0,227,61,0,2200,-46,0,-230,0,0,1901
88.966,6.945,15.5,-0.052,-1.000,-1.281,-0.051,-0.072,-0.059,0.000,0.000,12.579,0.000,0.000,0.000,0,4,0,227,61,0,2200,-624,0,-1297,0,0,1157
88.997,6.442,14.4,-0.052,-1.000,-0.794,-0.045,-0.068,-0.055,0.000,0.000,7.795,0.000,0.000,0.000,0,4,0,216,55,0,2200,117,0,545,0,0,2318
89.018,6.442,14.4,-0.052,-1.000,-0.794,-0.045,-0.068,-0.055,0.000,0.000,7.795,0.000,0.000,0.000,0,4,0,216,55,0,2200,472,0,677,0,0,2539
89.035,5.940,13.3,-0.053,-1.000,-1.347,-0.039,-0.064,-0.051,0.000,0.000,13.222,0.000,0.000,0.000,0,4,0,206,47,0,2200,148,0,-481,0,0,1860
89.052,5.940,13.3,-0.053,-1.000,-1.347,-0.039,-0.064,-0.051,0.000,0.000,13.222,0.000,0.000,0.000,0,4,0,206,47,0,2200,-438,0,-1295,0,0,1226
89.069,5.940,13.3,-0.053,-1.000,-1.347,-0.039,-0.064,-0.051,0.000,0.000,13.222,0.000,0.000,0.000,0,4,0,206,47,0,2200,-485,0,-255,0,0,1676
89.091,5.272,11.8,-0.053,-1.000,-1.217,-0.030,-0.055,-0.045,0.000,0.000,11.940,0.000,0.000,0.000,0,4,0,192,36,0,2200,219,0,1292,0,0,2682
89.107,5.272,11.8,-0.053,-1.000,-1.217,-0.030,-0.055,-0.045,0.000,0.000,11.940,0.000,0.000,0.000,0,4,0,192,36,0,2200,494,0,548,0,0,2471
89.123,5.272,11.8,-0.053,-1.000,-1.217,-0.030,-0.055,-0.045,0.000,0.000,11.940,0.000,0.000,0.000,0,4,0,192,36,0,2200,204,0,-913,0,0,1678
89.140,4.771,10.7,-0.052,-1.000,-1.040,-0.025,-0.052,-0.041,0.000,0.000,10.203,0.000,0.000,0.000,0,4,0,180,31,0,2200,-290,0,-1175,0,0,1328
89.160,4.771,10.7,-0.052,-1.000,-1.040,-0.025,-0.052,-0.041,0.000,0.000,10.203,0.000,0.000,0.000,0,4,0,180,31,0,2200,-379,0,538,0,0,2063
89.177,4.771,10.7,-0.052,-1.000,-1.040,-0.025,-0.052,-0.041,0.000,0.000,10.203,0.000,0.000,0.000,0,4,0,180,31,0,2200,54,0,1295,0,0,2602
89.194,4.272,9.6,-0.052,-1.000,-0.933,-0.020,-0.047,-0.036,0.000,0.000,9.155,0.000,0.000,0.000,0,4,0,169,25,0,2200,358,0,198,0,0,2235
89.216,4.272,9.6,-0.052,-1.000,-0.933,-0.020,-0.047,-0.036,0.000,0.000,9.155,0.000,0.000,0.000,0,4,0,169,25,0,2200,117,0,-1248,0,0,1471
89.238,3.610,8.1,-0.052,-1.000,-1.546,-0.014,-0.039,-0.031,0.000,0.000,15.170,0.000,0.000,0.000,0,4,0,155,17,0,2200,-317,0,0,0,0,1831
89.255,3.610,8.1,-0.052,-1.000,-1.546,-0.014,-0.039,-0.031,0.000,0.000,15.170,0.000,0.000,0.000,0,4,0,155,17,0,2200,-236,0,0,0,0,1867
89.272,3.610,8.1,-0.052,-1.000,-1.546,-0.014,-0.039,-0.031,0.000,0.000,15.170,0.000,0.000,0.000,0,4,0,155,17,0,2200,145,0,0,0,0,2039
89.293,3.113,7.0,-0.052,-1.000,-0.916,-0.011,-0.036,-0.027,0.000,0.000,8.985,0.000,0.000,0.000,0,4,0,144,14,0,2200,250,0,0,0,0,2080
89.314,3.113,7.0,-0.052,-1.000,-0.916,-0.011,-0.036,-0.027,0.000,0.000,8.985,0.000,0.000,0.000,0,4,0,144,14,0,2200,-44,0,0,0,0,1947
89.330,3.113,7.0,-0.052,-1.000,-0.916,-0.011,-0.036,-0.027,0.000,0.000,8.985,0.000,0.000,0.000,0,4,0,144,14,0,2200,-255,0,0,0,0,1851
89.347,2.617,5.9,-0.052,-1.000,-0.936,-0.008,-0.031,-0.022,0.000,0.000,9.186,0.000,0.000,0.000,0,4,0,133,10,0,2200,-138,0,0,0,0,1898
89.372,2.617,5.9,-0.052,-1.000,-0.936,-0.008,-0.031,-0.022,0.000,0.000,9.186,0.000,0.000,0.000,0,4,0,133,10,0,2200,195,0,0,0,0,2049
89.393,1.950,4.4,-0.052,-1.000,-1.490,-0.004,-0.023,-0.017,0.000,0.000,14.616,0.000,0.000,0.000,0,4,0,119,5,0,2200,110,0,0,0,0,2002
89.410,1.950,4.4,-0.052,-1.000,-1.490,-0.004,-0.023,-0.017,0.000,0.000,14.616,0.000,0.000,0.000,0,4,0,119,5,0,2200,-91,0,0,0,0,1911
89.427,1.950,4.4,-0.052,-1.000,-1.490,-0.004,-0.023,-0.017,0.000,0.000,14.616,0.000,0.000,0.000,0,4,0,119,5,0,2200,-181,0,0,0,0,1870
89.445,1.456,3.3,-0.052,-1.000,-0.971,-0.003,-0.019,-0.012,0.000,0.000,9.526,0.000,0.000,0.000,0,4,0,108,3,0,2200,-26,0,0,0,0,1935
89.465,1.456,3.3,-0.052,-1.000,-0.971,-0.003,-0.019,-0.012,0.000,0.000,9.526,0.000,0.000,0.000,0,4,0,108,3,0,2200,122,0,0,0,0,2002
89.482,1.456,3.3,-0.052,-1.000,-0.971,-0.003,-0.019,-0.012,0.000,0.000,9.526,0.000,0.000,0.000,0,4,0,108,3,0,2200,92,0,0,0,0,1988
89.498,0.000,0.0,-0.052,-1.000,-2.774,0.000,-0.014,0.000,0.000,0.000,27.209,0.000,0.000,0.000,0,4,0,76,0,0,2200,0,0,0,0,0,1930
89.516,0.000,0.0,-0.052,-1.000,-2.774,0.000,-0.014,0.000,0.000,0.000,27.209,0.000,0.000,0.000,0,4,0,76,0,0,2200,0,0,0,0,0,1930
89.536,0.000,0.0,-0.052,-1.000,-2.774,0.000,-0.014,0.000,0.000,0.000,27.209,0.000,0.000,0.000,0,4,0,76,0,0,2200,0,0,0,0,0,1930
89.554,0.000,0.0,-0.052,-1.000,-2.774,0.000,0.000,0.000,0.000,0.000,27.209,0.383,0.006,0.000,0,4,0,76,0,0,2200,0,0,0,0,0,1930
89.571,0.000,0.0,-0.052,-1.000,-2.774,0.000,0.000,0.000,0.000,0.000,27.209,0.383,0.006,0.000,0,4,0,76,0,0,2200,0,0,0,0,0,1930
89.588,0.000,0.0,-0.052,-1.000,-2.774,0.000,0.000,0.000,0.000,0.000,27.209,0.383,0.006,0.000,0,4,0,76,0,0,2200,0,0,0,0,0,1930
89.608,0.000,0.0,-0.052,-1.000,-2.774,0.000,0.000,0.000,0.000,0.000,27.209,0.000,0.000,0.000,0,4,0,76,0,0,2200,0,0,0,0,0,1930
89.626,0.000,0.0,-0.052,-1.000,-2.774,0.000,0.000,0.000,0.000,0.000,27.209,0.000,0.000,0.000,0,4,0,76,0,0,2200,0,0,0,0,0,1930
89.643,0.000,0.0,-0.052,-1.000,-2.774,0.000,0.000,0.000,0.000,0.000,27.209,0.000,0.000,0.000,0,4,0,76,0,0,2200,0,0,0,0,0,1930
89.668,0.000,0.0,-0.052,-1.000,-2.774,0.000,0.000,0.000,0.000,0.000,27.209,0.000,0.000,0.000,0,4,0,76,0,0,2200,0,0,0,0,0,1930
89.689,0.000,0.0,-0.052,-1.000,-2.774,0.000,0.000,0.000,0.000,0.000,27.209,0.000,0.000,0.000,0,4,0,76,0,0,2200,0,0,0,0,0,1930
89.716,0.000,0.0,-0.052,-1.000,-2.774,0.000,0.000,0.000,0.000,0.000,27.209,0.000,0.000,0.000,0,4,0,76,0,0,2200,0,0,0,0,0,1930
89.746,0.000,0.0,-0.052,-1.000,-2.774,0.000,0.000,0.000,0.000,0.000,27.209,0.000,0.000,0.000,0,4,0,76,0,0,2200,0,0,0,0,0,1930
89.767,0.000,0.0,-0.052,-1.000,-2.774,0.000,0.000,0.000,0.000,0.000,27.209,0.000,0.000,0.000,0,4,0,76,0,0,2200,0,0,0,0,0,1930
89.794,0.000,0.0,-0.052,-1.000,-2.774,0.000,0.000,0.000,0.000,0.000,27.209,0.000,0.000,0.000,0,4,0,76,0,0,2200,0,0,0,0,0,1930
89.811,0.000,0.0,-0.052,-1.000,-2.774,0.000,0.000,0.000,0.000,0.000,27.209,0.000,0.000,0.000,0,4,0,76,0,0,2200,0,0,0,0,0,1930
89.840,0.000,0.0,-0.052,-1.000,-2.774,0.000,0.000,0.000,0.000,0.000,27.209,0.000,0.000,0.000,0,4,0,76,0,0,2200,0,0,0,0,0,1930
89.861,0.000,0.0,-0.052,-1.000,-2.774,0.000,0.000,0.000,0.000,0.000,27.209,0.000,0.000,0.000,0,4,0,76,0,0,2200,0,0,0,0,0,1930
89.878,0.000,0.0,-0.052,-1.000,-2.774,0.000,0.000,0.000,0.000,0.000,27.209,0.000,0.000,0.000,0,4,0,76,0,0,2200,0,0,0,0,0,1930
89.895,0.000,0.0,-0.052,-1.000,-2.774,0.000,0.000,0.000,0.000,0.000,27.209,0.000,0.000,0.000,0,4,0,76,0,0,2200,0,0,0,0,0,1930
89.919,0.000,0.0,-0.051,-1.000,-2.774,0.000,0.000,0.000,0.000,0.000,27.209,0.000,0.000,0.000,0,4,0,75,0,0,2200,0,0,0,0,0,1929
89.940,0.000,0.0,-0.051,-1.000,-2.774,0.000,0.000,0.000,0.000,0.000,27.209,0.000,0.000,0.000,0,4,0,75,0,0,2200,0,0,0,0,0,1929
89.956,0.000,0.0,-0.051,-1.000,-2.774,0.000,0.000,0.000,0.000,0.000,27.209,0.000,0.000,0.000,0,4,0,75,0,0,2200,0,0,0,0,0,1929
89.973,0.000,0.0,-0.049,-1.000,-2.774,0.000,0.000,0.000,0.000,0.000,27.209,0.000,0.000,0.000,0,4,0,72,0,0,2200,0,0,0,0,0,1928
89.990,0.000,0.0,-0.049,-1.000,-2.774,0.000,0.000,0.000,0.000,0.000,27.209,0.000,0.000,0.000,0,4,0,72,0,0,2200,0,0,0,0,0,1928
90.011,0.000,0.0,-0.049,-1.000,-2.774,0.000,0.000,0.000,0.000,0.000,27.209,0.000,0.000,0.000,0,4,0,72,0,0,2200,0,0,0,0,0,0
90.028,0.000,0.0,-0.046,-1.000,-2.774,0.000,0.000,0.000,0.000,0.000,27.209,0.000,0.000,0.000,0,4,0,66,0,0,2200,0,0,0,0,0,0
90.045,0.000,0.0,-0.046,-1.000,-2.774,0.000,0.000,0.000,0.000,0.000,27.209,0.000,0.000,0.000,0,4,0,66,0,0,2200,0,0,0,0,0,0
90.062,0.000,0.0,-0.046,-1.000,-2.774,0.000,0.000,0.000,0.000,0.000,27.209,0.000,0.000,0.000,0,4,0,66,0,0,2200,0,0,0,0,0,0
90.083,0.000,0.0,-0.044,-1.000,-2.774,0.000,0.000,0.000,0.000,0.000,27.209,0.000,0.000,0.000,0,4,0,64,0,0,2200,0,0,0,0,0,0
90.100,0.000,0.0,-0.044,-1.000,-2.774,0.000,0.000,0.000,0.000,0.000,27.209,0.000,0.000,0.000,0,4,0,64,0,0,2200,0,0,0,0,0,0
90.122,0.000,0.0,-0.044,-1.000,-2.774,0.000,0.000,0.000,0.000,0.000,27.209,0.000,0.000,0.000,0,4,0,64,0,0,2200,0,0,0,0,0,0
90.139,0.000,0.0,-0.044,-1.000,-2.774,0.000,0.000,0.000,0.000,0.000,27.209,0.000,0.000,0.000,0,4,0,64,0,0,2200,0,0,0,0,0,0
90.158,0.000,0.0,-0.044,-1.000,-2.774,0.000,0.000,0.000,0.000,0.000,27.209,0.000,0.000,0.000,0,4,0,64,0,0,2200,0,0,0,0,0,0
90.176,0.000,0.0,-0.044,-1.000,-2.774,0.000,0.000,0.000,0.000,0.000,27.209,0.000,0.000,0.000,0,4,0,64,0,0,2200,0,0,0,0,0,0
90.192,0.000,0.0,-0.044,-1.000,-2.774,0.000,0.000,0.000,0.000,0.000,27.209,0.000,0.000,0.000,0,4,0,64,0,0,2200,0,0,0,0,0,0
90.215,0.000,0.0,-0.044,-1.000,-2.774,0.000,0.000,0.000,0.000,0.000,27.209,0.000,0.000,0.000,0,4,0,64,0,0,2200,0,0,0,0,0,0
90.237,0.000,0.0,-0.043,-0.904,-2.774,0.000,0.000,0.000,0.000,0.000,27.209,0.000,0.000,0.000,0,4,0,62,0,0,2200,0,0,0,0,0,0
90.255,0.000,0.0,-0.043,-0.904,-2.774,0.000,0.000,0.000,0.000,0.000,27.209,0.000,0.000,0.000,0,4,0,62,0,0,2200,0,0,0,0,0,0
90.271,0.000,0.0,-0.043,-0.904,-2.774,0.000,0.000,0.000,0.000,0.000,27.209,0.000,0.000,0.000,0,4,0,62,0,0,2200,0,0,0,0,0,0
90.287,0.000,0.0,-0.040,-0.656,-2.774,0.000,0.000,0.000,0.000,0.000,27.209,0.000,0.000,0.000,0,4,0,58,0,0,2200,0,0,0,0,0,0
90.309,0.000,0.0,-0.040,-0.656,-2.774,0.000,0.000,0.000,0.000,0.000,27.209,0.000,0.000,0.000,0,4,0,58,0,0,2200,0,0,0,0,0,0
90.340,0.000,0.0,-0.035,-0.268,-2.774,0.000,0.000,0.000,0.000,0.000,27.209,0.000,0.000,0.000,0,4,0,51,0,0,2200,0,0,0,0,0,0
90.372,0.000,0.0,-0.035,-0.268,-2.774,0.000,0.000,0.000,0.000,0.000,27.209,0.000,0.000,0.000,0,4,0,51,0,0,2200,0,0,0,0,0,0
90.395,0.000,0.0,-0.030,-0.148,-2.774,0.000,0.000,0.000,0.000,0.000,27.209,0.000,0.000,0.000,0,4,0,43,0,0,2200,0,0,0,0,0,0
90.419,0.000,0.0,-0.030,-0.148,-2.774,0.000,0.000,0.000,0.000,0.000,27.209,0.000,0.000,0.000,0,4,0,43,0,0,2200,0,0,0,0,0,0
90.436,0.000,0.0,-0.024,-0.002,-2.774,0.000,0.000,0.000,0.000,0.000,27.209,0.000,0.000,0.000,0,4,0,35,0,0,2200,0,0,0,0,0,0
90.465,0.000,0.0,-0.024,-0.002,-2.774,0.000,0.000,0.000,0.000,0.000,27.209,0.000,0.000,0.000,0,4,0,35,0,0,2200,0,0,0,0,0,0
90.486,0.000,0.0,-0.020,0.000,-2.774,0.000,0.000,0.000,0.000,0.000,27.209,0.000,0.000,0.000,0,4,0,29,0,0,2200,0,0,0,0,0,0
90.504,0.000,0.0,-0.020,0.000,-2.774,0.000,0.000,0.000,0.000,0.000,27.209,0.000,0.000,0.000,0,4,0,29,0,0,2200,0,0,0,0,0,0
90.521,0.000,0.0,-0.020,0.000,-2.774,0.000,0.000,0.000,0.000,0.000,27.209,0.000,0.000,0.000,0,4,0,29,0,0,2200,0,0,0,0,0,0
90.544,0.000,0.0,-0.016,0.000,-2.774,0.000,0.000,0.000,0.000,0.000,27.209,0.000,0.000,0.000,0,4,0,23,0,0,2200,0,0,0,0,0,0
90.564,0.000,0.0,-0.016,0.000,-2.774,0.000,0.000,0.000,0.000,0.000,27.209,0.000,0.000,0.000,0,4,0,23,0,0,2200,0,0,0,0,0,0
90.590,0.000,0.0,-0.013,0.000,-2.774,0.000,0.000,0.000,0.000,0.000,27.209,0.000,0.000,0.000,0,4,0,20,0,0,2200,0,0,0,0,0,0
90.621,0.000,0.0,-0.013,0.000,-2.774,0.000,0.000,0.000,0.000,0.000,27.209,0.000,0.000,0.000,0,4,0,20,0,0,2200,0,0,0,0,0,0
90.643,0.000,0.0,-0.013,0.000,-2.774,0.000,0.000,0.000,0.000,0.000,27.209,0.000,0.000,0.000,0,4,0,19,0,0,2200,0,0,0,0,0,0
90.669,0.000,0.0,-0.013,0.000,-2.774,0.000,0.000,0.000,0.000,0.000,27.209,0.000,0.000,0.000,0,4,0,19,0,0,2200,0,0,0,0,0,0
90.686,0.000,0.0,-0.013,0.000,-2.774,0.000,0.000,0.000,0.000,0.000,27.209,0.000,0.000,0.000,0,4,0,19,0,0,2200,0,0,0,0,0,0
90.715,0.000,0.0,-0.013,0.000,-2.774,0.000,0.000,0.000,0.000,0.000,27.209,0.000,0.000,0.000,0,4,0,18,0,0,2200,0,0,0,0,0,0
90.737,0.000,0.0,-0.013,0.000,-2.774,0.000,0.000,0.000,0.000,0.000,27.209,0.000,0.000,0.000,0,4,0,18,0,0,2200,0,0,0,0,0,0
90.754,0.000,0.0,-0.013,0.000,-2.774,0.000,0.000,0.000,0.000,0.000,27.209,0.000,0.000,0.000,0,4,0,18,0,0,2200,0,0,0,0,0,0
90.770,0.000,0.0,-0.013,0.000,-2.774,0.000,0.000,0.000,0.000,0.000,27.209,0.000,0.000,0.000,0,4,0,18,0,0,2200,0,0,0,0,0,0
90.787,0.000,0.0,-0.013,0.000,-2.774,0.000,0.000,0.000,0.000,0.000,27.209,0.000,0.000,0.000,0,4,0,18,0,0,2200,0,0,0,0,0,0
90.808,0.000,0.0,-0.013,0.000,-2.774,0.000,0.000,0.000,0.000,0.000,27.209,0.000,0.000,0.000,0,4,0,18,0,0,2200,0,0,0,0,0,0
90.840,0.000,0.0,-0.013,0.000,-2.774,0.000,0.000,0.000,0.000,0.000,27.209,0.000,0.000,0.000,0,4,0,18,0,0,2200,0,0,0,0,0,0
90.871,0.000,0.0,-0.013,0.000,-2.774,0.000,0.000,0.000,0.000,0.000,27.209,0.000,0.000,0.000,0,4,0,18,0,0,2200,0,0,0,0,0,0
90.893,0.000,0.0,-0.013,0.000,-2.774,0.000,0.000,0.000,0.000,0.000,27.209,0.000,0.000,0.000,0,4,0,18,0,0,2200,0,0,0,0,0,0
90.918,0.000,0.0,-0.013,0.000,-2.774,0.000,0.000,0.000,0.000,0.000,27.209,0.000,0.000,0.000,0,4,0,18,0,0,2200,0,0,0,0,0,0
90.935,0.000,0.0,-0.013,0.000,-2.774,0.000,0.000,0.000,0.000,0.000,27.209,0.000,0.000,0.000,0,4,0,18,0,0,2200,0,0,0,0,0,0
90.952,0.000,0.0,-0.013,0.000,-2.774,0.000,0.000,0.000,0.000,0.000,27.209,0.000,0.000,0.000,0,4,0,19,0,0,2200,0,0,0,0,0,0
90.972,0.000,0.0,-0.013,0.000,-2.774,0.000,0.000,0.000,0.000,0.000,27.209,0.000,0.000,0.000,0,4,0,19,0,0,2200,0,0,0,0,0,0
90.989,0.000,0.0,-0.013,0.000,-2.774,0.000,0.000,0.000,0.000,0.000,27.209,0.000,0.000,0.000,0,4,0,19,0,0,2200,0,0,0,0,0,0
91.006,0.000,0.0,-0.013,0.000,-2.774,0.000,0.000,0.000,0.000,0.000,27.209,0.000,0.000,0.000,0,4,0,19,0,0,2200,0,0,0,0,0,0
91.023,0.000,0.0,-0.013,0.000,-2.774,0.000,0.000,0.000,0.000,0.000,27.209,0.000,0.000,0.000,0,4,0,19,0,0,2200,0,0,0,0,0,0
91.043,0.000,0.0,-0.013,0.000,-2.774,0.000,0.000,0.000,0.000,0.000,27.209,0.000,0.000,0.000,0,4,0,19,0,0,2200,0,0,0,0,0,0
91.061,0.000,0.0,-0.013,0.000,-2.774,0.000,0.000,0.000,0.000,0.000,27.209,0.000,0.000,0.000,0,4,0,19,0,0,2200,0,0,0,0,0,0
91.078,0.000,0.0,-0.013,0.000,-2.774,0.000,0.000,0.000,0.000,0.000,27.209,0.000,0.000,0.000,0,4,0,19,0,0,2200,0,0,0,0,0,0
91.096,0.000,0.0,-0.013,0.000,-2.774,0.000,0.000,0.000,0.000,0.000,27.209,0.000,0.000,0.000,0,4,0,19,0,0,2200,0,0,0,0,0,0
91.116,0.000,0.0,-0.013,0.000,-2.774,0.000,0.000,0.000,0.000,0.000,27.209,0.000,0.000,0.000,0,4,0,19,0,0,2200,0,0,0,0,0,0
91.133,0.000,0.0,-0.013,0.000,-2.774,0.000,0.000,0.000,0.000,0.000,27.209,0.000,0.000,0.000,0,4,0,19,0,0,2200,0,0,0,0,0,0
91.151,0.000,0.0,-0.013,0.000,-2.774,0.000,0.000,0.000,0.000,0.000,27.209,0.000,0.000,0.000,0,4,0,19,0,0,2200,0,0,0,0,0,0
91.168,0.000,0.0,-0.013,0.000,-2.774,0.000,0.000,0.000,0.000,0.000,27.209,0.000,0.000,0.000,0,4,0,19,0,0,2200,0,0,0,0,0,0
91.189,0.000,0.0,-0.013,0.000,-2.774,0.000,0.000,0.000,0.000,0.000,27.209,0.000,0.000,0.000,0,4,0,19,0,0,2200,0,0,0,0,0,0
91.215,0.000,0.0,-0.013,0.000,-2.774,0.000,0.000,0.000,0.000,0.000,27.209,0.000,0.000,0.000,0,4,0,19,0,0,2200,0,0,0,0,0,0
91.231,0.000,0.0,-0.013,0.000,-2.774,0.000,0.000,0.000,0.000,0.000,27.209,0.000,0.000,0.000,0,4,0,19,0,0,2200,0,0,0,0,0,0
91.248,0.000,0.0,-0.013,0.000,-2.774,0.000,0.000,0.000,0.000,0.000,27.209,0.000,0.000,0.000,0,4,0,19,0,0,2200,0,0,0,0,0,0
91.269,0.000,0.0,-0.013,0.000,-2.774,0.000,0.000,0.000,0.000,0.000,27.209,0.000,0.000,0.000,0,4,0,19,0,0,2200,0,0,0,0,0,0
91.294,0.000,0.0,-0.013,0.000,-2.774,0.000,0.000,0.000,0.000,0.000,27.209,0.000,0.000,0.000,0,4,0,19,0,0,2200,0,0,0,0,0,0
91.311,0.000,0.0,-0.013,0.000,-2.774,0.000,0.000,0.000,0.000,0.000,27.209,0.000,0.000,0.000,0,4,0,19,0,0,2200,0,0,0,0,0,0
91.340,0.000,0.0,-0.013,0.000,-2.774,0.000,0.000,0.000,0.000,0.000,27.209,0.000,0.000,0.000,0,4,0,19,0,0,2200,0,0,0,0,0,0
91.360,0.000,0.0,-0.013,0.000,-2.774,0.000,0.000,0.000,0.000,0.000,27.209,0.000,0.000,0.000,0,4,0,19,0,0,2200,0,0,0,0,0,0
91.377,0.000,0.0,-0.013,0.000,-2.774,0.000,0.000,0.000,0.000,0.000,27.209,0.000,0.000,0.000,0,4,0,19,0,0,2200,0,0,0,0,0,0
91.394,0.000,0.0,-0.013,0.000,-2.774,0.000,0.000,0.000,0.000,0.000,27.209,0.000,0.000,0.000,0,4,0,19,0,0,2200,0,0,0,0,0,0
91.419,0.000,0.0,-0.013,0.000,-2.774,0.000,0.000,0.000,0.000,0.000,27.209,0.000,0.000,0.000,0,4,0,19,0,0,2200,0,0,0,0,0,0
91.440,0.000,0.0,-0.013,0.000,-2.774,0.000,0.000,0.000,0.000,0.000,27.209,0.000,0.000,0.000,0,4,0,19,0,0,2200,0,0,0,0,0,0
91.465,0.000,0.0,-0.013,0.000,-2.774,0.000,0.000,0.000,0.000,0.000,27.209,0.000,0.000,0.000,0,4,0,19,0,0,2200,0,0,0,0,0,0
91.481,0.000,0.0,-0.013,0.000,-2.774,0.000,0.000,0.000,0.000,0.000,27.209,0.000,0.000,0.000,0,4,0,19,0,0,2200,0,0,0,0,0,0
91.497,0.000,0.0,-0.013,0.000,-2.774,0.000,0.000,0.000,0.000,0.000,27.209,0.000,0.000,0.000,0,4,0,19,0,0,2200,0,0,0,0,0,0
91.518,0.000,0.0,-0.013,0.000,-2.774,0.000,0.000,0.000,0.000,0.000,27.209,0.000,0.000,0.000,0,4,0,19,0,0,2200,0,0,0,0,0,0
91.543,0.000,0.0,-0.013,0.000,-2.774,0.000,0.000,0.000,0.000,0.000,27.209,0.000,0.000,0.000,0,4,0,19,0,0,2200,0,0,0,0,0,0
91.560,0.000,0.0,-0.013,0.000,-2.774,0.000,0.000,0.000,0.000,0.000,27.209,0.000,0.000,0.000,0,4,0,19,0,0,2200,0,0,0,0,0,0
91.577,0.000,0.0,-0.013,0.000,-2.774,0.000,0.000,0.000,0.000,0.000,27.209,0.000,0.000,0.000,0,4,0,19,0,0,2200,0,0,0,0,0,0
91.597,0.000,0.0,-0.013,0.000,-2.774,0.000,0.000,0.000,0.000,0.000,27.209,0.000,0.000,0.000,0,4,0,19,0,0,2200,0,0,0,0,0,0
91.615,0.000,0.0,-0.013,0.000,-2.774,0.000,0.000,0.000,0.000,0.000,27.209,0.000,0.000,0.000,0,4,0,19,0,0,2200,0,0,0,0,0,0
91.631,0.000,0.0,-0.013,0.000,-2.774,0.000,0.000,0.000,0.000,0.000,27.209,0.000,0.000,0.000,0,4,0,19,0,0,2200,0,0,0,0,0,0
91.647,0.000,0.0,-0.013,0.000,-2.774,0.000,0.000,0.000,0.000,0.000,27.209,0.000,0.000,0.000,0,4,0,19,0,0,2200,0,0,0,0,0,0
91.667,0.000,0.0,-0.013,0.000,-2.774,0.000,0.000,0.000,0.000,0.000,27.209,0.000,0.000,0.000,0,4,0,19,0,0,2200,0,0,0,0,0,0
91.685,0.000,0.0,-0.013,0.000,-2.774,0.000,0.000,0.000,0.000,0.000,27.209,0.000,0.000,0.000,0,4,0,19,0,0,2200,0,0,0,0,0,0
91.701,0.000,0.0,-0.013,0.000,-2.774,0.000,0.000,0.000,0.000,0.000,27.209,0.000,0.000,0.000,0,4,0,19,0,0,2200,0,0,0,0,0,0
91.718,0.000,0.0,-0.013,0.000,-2.774,0.000,0.000,0.000,0.000,0.000,27.209,0.000,0.000,0.000,0,4,0,19,0,0,2200,0,0,0,0,0,0
91.738,0.000,0.0,-0.013,0.000,-2.774,0.000,0.000,0.000,0.000,0.000,27.209,0.000,0.000,0.000,0,4,0,19,0,0,2200,0,0,0,0,0,0
91.756,0.000,0.0,-0.013,0.000,-2.774,0.000,0.000,0.000,0.000,0.000,27.209,0.000,0.000,0.000,0,4,0,19,0,0,2200,0,0,0,0,0,0
91.773,0.000,0.0,-0.013,0.000,-2.774,0.000,0.000,0.000,0.000,0.000,27.209,0.000,0.000,0.000,0,4,0,19,0,0,2200,0,0,0,0,0,0
91.790,0.000,0.0,-0.013,0.000,-2.774,0.000,0.000,0.000,0.000,0.000,27.209,0.000,0.000,0.000,0,4,0,19,0,0,2200,0,0,0,0,0,0
91.810,0.000,0.0,-0.013,0.000,-2.774,0.000,0.000,0.000,0.000,0.000,27.209,0.000,0.000,0.000,0,4,0,19,0,0,2200,0,0,0,0,0,0
91.840,0.000,0.0,-0.013,0.000,-2.774,0.000,0.000,0.000,0.000,0.000,27.209,0.000,0.000,0.000,0,4,0,19,0,0,2200,0,0,0,0,0,0
91.872,0.000,0.0,-0.013,0.000,-2.774,0.000,0.000,0.000,0.000,0.000,27.209,0.000,0.000,0.000,0,4,0,19,0,0,2200,0,0,0,0,0,0
91.893,0.000,0.0,-0.013,0.000,-2.774,0.000,0.000,0.000,0.000,0.000,27.209,0.000,0.000,0.000,0,4,0,19,0,0,2200,0,0,0,0,0,0
91.918,0.000,0.0,-0.013,0.000,-2.774,0.000,0.000,0.000,0.000,0.000,27.209,0.000,0.000,0.000,0,4,0,19,0,0,2200,0,0,0,0,0,0
91.936,0.000,0.0,-0.013,0.000,-2.774,0.000,0.000,0.000,0.000,0.000,27.209,0.000,0.000,0.000,0,4,0,19,0,0,2200,0,0,0,0,0,0
91.965,0.000,0.0,-0.013,0.000,-2.774,0.000,0.000,0.000,0.000,0.000,27.209,0.000,0.000,0.000,0,4,0,19,0,0,2200,0,0,0,0,0,0
91.987,0.000,0.0,-0.013,0.000,-2.774,0.000,0.000,0.000,0.000,0.000,27.209,0.000,0.000,0.000,0,4,0,19,0,0,2200,0,0,0,0,0,0
92.004,0.000,0.0,-0.013,0.000,-2.774,0.000,0.000,0.000,0.000,0.000,27.209,0.000,0.000,0.000,0,4,0,19,0,0,2200,0,0,0,0,0,0
92.021,0.000,0.0,-0.013,0.000,-2.774,0.000,0.000,0.000,0.000,0.000,27.209,0.000,0.000,0.000,0,4,0,19,0,0,2200,0,0,0,0,0,0
92.043,0.000,0.0,-0.013,0.000,-2.774,0.000,0.000,0.000,0.000,0.000,27.209,0.000,0.000,0.000,0,4,0,19,0,0,2200,0,0,0,0,0,0
92.063,0.000,0.0,-0.013,0.000,-2.774,0.000,0.000,0.000,0.000,0.000,27.209,0.000,0.000,0.000,0,4,0,19,0,0,2200,0,0,0,0,0,0
92.090,0.000,0.0,-0.013,0.000,-2.774,0.000,0.000,0.000,0.000,0.000,27.209,0.000,0.000,0.000,0,4,0,19,0,0,2200,0,0,0,0,0,0
92.107,0.000,0.0,-0.013,0.000,-2.774,0.000,0.000,0.000,0.000,0.000,27.209,0.000,0.000,0.000,0,4,0,19,0,0,2200,0,0,0,0,0,0
92.124,0.000,0.0,-0.013,0.000,-2.774,0.000,0.000,0.000,0.000,0.000,27.209,0.000,0.000,0.000,0,4,0,19,0,0,2200,0,0,0,0,0,0
92.145,0.000,0.0,-0.013,0.000,-2.774,0.000,0.000,0.000,0.000,0.000,27.209,0.000,0.000,0.000,0,4,0,19,0,0,2200,0,0,0,0,0,0
92.162,0.000,0.0,-0.013,0.000,-2.774,0.000,0.000,0.000,0.000,0.000,27.209,0.000,0.000,0.000,0,4,0,19,0,0,2200,0,0,0,0,0,0
92.179,0.000,0.0,-0.013,0.000,-2.774,0.000,0.000,0.000,0.000,0.000,27.209,0.000,0.000,0.000,0,4,0,19,0,0,2200,0,0,0,0,0,0
92.197,0.000,0.0,-0.013,0.000,-2.774,0.000,0.000,0.000,0.000,0.000,27.209,0.000,0.000,0.000,0,4,0,19,0,0,2200,0,0,0,0,0,0
92.218,0.000,0.0,-0.013,0.000,-2.774,0.000,0.000,0.000,0.000,0.000,27.209,0.000,0.000,0.000,0,4,0,19,0,0,2200,0,0,0,0,0,0
92.247,0.000,0.0,-0.013,0.000,-2.774,0.000,0.000,0.000,0.000,0.000,27.209,0.000,0.000,0.000,0,4,0,19,0,0,2200,0,0,0,0,0,0
92.264,0.000,0.0,-0.013,0.000,-2.774,0.000,0.000,0.000,0.000,0.000,27.209,0.000,0.000,0.000,0,4,0,19,0,0,2200,0,0,0,0,0,0
92.294,0.000,0.0,-0.013,0.000,-2.774,0.000,0.000,0.000,0.000,0.000,27.209,0.000,0.000,0.000,0,4,0,19,0,0,2200,0,0,0,0,0,0
92.314,0.000,0.0,-0.013,0.000,-2.774,0.000,0.000,0.000,0.000,0.000,27.209,0.000,0.000,0.000,0,4,0,19,0,0,2200,0,0,0,0,0,0
92.331,0.000,0.0,-0.013,0.000,-2.774,0.000,0.000,0.000,0.000,0.000,27.209,0.000,0.000,0.000,0,4,0,19,0,0,2200,0,0,0,0,0,0
92.347,0.000,0.0,-0.013,0.000,-2.774,0.000,0.000,0.000,0.000,0.000,27.209,0.000,0.000,0.000,0,4,0,19,0,0,2200,0,0,0,0,0,0
92.364,0.000,0.0,-0.013,0.000,-2.774,0.000,0.000,0.000,0.000,0.000,27.209,0.000,0.000,0.000,0,4,0,19,0,0,2200,0,0,0,0,0,0
92.385,0.000,0.0,-0.013,0.000,-2.774,0.000,0.000,0.000,0.000,0.000,27.209,0.000,0.000,0.000,0,4,0,19,0,0,2200,0,0,0,0,0,0
92.403,0.000,0.0,-0.013,0.000,-2.774,0.000,0.000,0.000,0.000,0.000,27.209,0.000,0.000,0.000,0,4,0,19,0,0,2200,0,0,0,0,0,0
92.420,0.000,0.0,-0.013,0.000,-2.774,0.000,0.000,0.000,0.000,0.000,27.209,0.000,0.000,0.000,0,4,0,19,0,0,2200,0,0,0,0,0,0
92.437,0.000,0.0,-0.013,0.000,-2.774,0.000,0.000,0.000,0.000,0.000,27.209,0.000,0.000,0.000,0,4,0,19,0,0,2200,0,0,0,0,0,0
92.457,0.000,0.0,-0.013,0.000,-2.774,0.000,0.000,0.000,0.000,0.000,27.209,0.000,0.000,0.000,0,4,0,19,0,0,2200,0,0,0,0,0,0
92.475,0.000,0.0,-0.013,0.000,-2.774,0.000,0.000,0.000,0.000,0.000,27.209,0.000,0.000,0.000,0,4,0,19,0,0,2200,0,0,0,0,0,0
92.497,0.000,0.0,-0.013,0.000,-2.774,0.000,0.000,0.000,0.000,0.000,27.209,0.000,0.000,0.000,0,4,0,19,0,0,2200,0,0,0,0,0,0
92.513,0.000,0.0,-0.013,0.000,-2.774,0.000,0.000,0.000,0.000,0.000,27.209,0.000,0.000,0.000,0,4,0,19,0,0,2200,0,0,0,0,0,0
92.535,0.000,0.0,-0.013,0.000,-2.774,0.000,0.000,0.000,0.000,0.000,27.209,0.000,0.000,0.000,0,4,0,19,0,0,2200,0,0,0,0,0,0
92.552,0.000,0.0,-0.013,0.000,-2.774,0.000,0.000,0.000,0.000,0.000,27.209,0.000,0.000,0.000,0,4,0,19,0,0,2200,0,0,0,0,0,0
92.569,0.000,0.0,-0.013,0.000,-2.774,0.000,0.000,0.000,0.000,0.000,27.209,0.000,0.000,0.000,0,4,0,19,0,0,2200,0,0,0,0,0,0
92.590,0.000,0.0,-0.013,0.000,-2.774,0.000,0.000,0.000,0.000,0.000,27.209,0.000,0.000,0.000,0,4,0,19,0,0,2200,0,0,0,0,0,0
92.610,0.000,0.0,-0.013,0.000,-2.774,0.000,0.000,0.000,0.000,0.000,27.209,0.000,0.000,0.000,0,4,0,19,0,0,2200,0,0,0,0,0,0
92.627,0.000,0.0,-0.013,0.000,-2.774,0.000,0.000,0.000,0.000,0.000,27.209,0.000,0.000,0.000,0,4,0,19,0,0,2200,0,0,0,0,0,0
92.645,0.000,0.0,-0.013,0.000,-2.774,0.000,0.000,0.000,0.000,0.000,27.209,0.000,0.000,0.000,0,4,0,19,0,0,2200,0,0,0,0,0,0
92.668,0.000,0.0,-0.013,0.000,-2.774,0.000,0.000,0.000,0.000,0.000,27.209,0.000,0.000,0.000,0,4,0,19,0,0,2200,0,0,0,0,0,0
92.689,0.000,0.0,-0.013,0.000,-2.774,0.000,0.000,0.000,0.000,0.000,27.209,0.000,0.000,0.000,0,4,0,19,0,0,2200,0,0,0,0,0,0
92.716,0.000,0.0,-0.013,0.000,-2.774,0.000,0.000,0.000,0.000,0.000,27.209,0.000,0.000,0.000,0,4,0,19,0,0,2200,0,0,0,0,0,0
92.746,0.000,0.0,-0.013,0.000,-2.774,0.000,0.000,0.000,0.000,0.000,27.209,0.000,0.000,0.000,0,4,0,19,0,0,2200,0,0,0,0,0,0
92.766,0.000,0.0,-0.013,0.000,-2.774,0.000,0.000,0.000,0.000,0.000,27.209,0.000,0.000,0.000,0,4,0,19,0,0,2200,0,0,0,0,0,0
92.793,0.000,0.0,-0.013,0.000,-2.774,0.000,0.000,0.000,0.000,0.000,27.209,0.000,0.000,0.000,0,4,0,19,0,0,2200,0,0,0,0,0,0
92.810,0.000,0.0,-0.013,0.000,-2.774,0.000,0.000,0.000,0.000,0.000,27.209,0.000,0.000,0.000,0,4,0,19,0,0,2200,0,0,0,0,0,0
92.840,0.000,0.0,-0.013,0.000,-2.774,0.000,0.000,0.000,0.000,0.000,27.209,0.000,0.000,0.000,0,4,0,19,0,0,2200,0,0,0,0,0,0
92.860,0.000,0.0,-0.013,0.000,-2.774,0.000,0.000,0.000,0.000,0.000,27.209,0.000,0.000,0.000,0,4,0,19,0,0,2200,0,0,0,0,0,0
92.878,0.000,0.0,-0.013,0.000,-2.774,0.000,0.000,0.000,0.000,0.000,27.209,0.000,0.000,0.000,0,4,0,19,0,0,2200,0,0,0,0,0,0
92.895,0.000,0.0,-0.013,0.000,-2.774,0.000,0.000,0.000,0.000,0.000,27.209,0.000,0.000,0.000,0,4,0,19,0,0,2200,0,0,0,0,0,0
92.912,0.000,0.0,-0.013,0.000,-2.774,0.000,0.000,0.000,0.000,0.000,27.209,0.000,0.000,0.000,0,4,0,19,0,0,2200,0,0,0,0,0,0
92.933,0.000,0.0,-0.013,0.000,-2.774,0.000,0.000,0.000,0.000,0.000,27.209,0.000,0.000,0.000,0,4,0,19,0,0,2200,0,0,0,0,0,0
92.966,0.000,0.0,-0.013,0.000,-2.774,0.000,0.000,0.000,0.000,0.000,27.209,0.000,0.000,0.000,0,4,0,19,0,0,2200,0,0,0,0,0,0
92.996,0.000,0.0,-0.013,0.000,-2.774,0.000,0.000,0.000,0.000,0.000,27.209,0.000,0.000,0.000,0,4,0,19,0,0,2200,0,0,0,0,0,0
93.017,0.000,0.0,-0.013,0.000,-2.774,0.000,0.000,0.000,0.000,0.000,27.209,0.000,0.000,0.000,0,4,0,19,0,0,2200,0,0,0,0,0,0
93.034,0.000,0.0,-0.013,0.000,-2.774,0.000,0.000,0.000,0.000,0.000,27.209,0.000,0.000,0.000,0,4,0,19,0,0,2200,0,0,0,0,0,0
93.051,0.000,0.0,-0.013,0.000,-2.774,0.000,0.000,0.000,0.000,0.000,27.209,0.000,0.000,0.000,0,4,0,19,0,0,2200,0,0,0,0,0,0
93.068,0.000,0.0,-0.013,0.000,-2.774,0.000,0.000,0.000,0.000,0.000,27.209,0.000,0.000,0.000,0,4,0,19,0,0,2200,0,0,0,0,0,0
93.089,0.000,0.0,-0.013,0.000,-2.774,0.000,0.000,0.000,0.000,0.000,27.209,0.000,0.000,0.000,0,4,0,19,0,0,2200,0,0,0,0,0,0
93.106,0.000,0.0,-0.013,0.000,-2.774,0.000,0.000,0.000,0.000,0.000,27.209,0.000,0.000,0.000,0,4,0,19,0,0,2200,0,0,0,0,0,0
93.123,0.000,0.0,-0.013,0.000,-2.774,0.000,0.000,0.000,0.000,0.000,27.209,0.000,0.000,0.000,0,4,0,19,0,0,2200,0,0,0,0,0,0
93.140,0.000,0.0,-0.013,0.000,-2.774,0.000,0.000,0.000,0.000,0.000,27.209,0.000,0.000,0.000,0,4,0,19,0,0,2200,0,0,0,0,0,0
93.160,0.000,0.0,-0.013,0.000,-2.774,0.000,0.000,0.000,0.000,0.000,27.209,0.000,0.000,0.000,0,4,0,19,0,0,2200,0,0,0,0,0,0
93.178,0.000,0.0,-0.013,0.000,-2.774,0.000,0.000,0.000,0.000,0.000,27.209,0.000,0.000,0.000,0,4,0,19,0,0,2200,0,0,0,0,0,0
93.195,0.000,0.0,-0.013,0.000,-2.774,0.000,0.000,0.000,0.000,0.000,27.209,0.000,0.000,0.000,0,4,0,19,0,0,2200,0,0,0,0,0,0
93.215,0.000,0.0,-0.013,0.000,-2.774,0.000,0.000,0.000,0.000,0.000,27.209,0.000,0.000,0.000,0,4,0,19,0,0,2200,0,0,0,0,0,0
93.236,0.000,0.0,-0.013,0.000,-2.774,0.000,0.000,0.000,0.000,0.000,27.209,0.000,0.000,0.000,0,4,0,19,0,0,2200,0,0,0,0,0,0
93.254,0.000,0.0,-0.013,0.000,-2.774,0.000,0.000,0.000,0.000,0.000,27.209,0.000,0.000,0.000,0,4,0,19,0,0,2200,0,0,0,0,0,0
93.271,0.000,0.0,-0.013,0.000,-2.774,0.000,0.000,0.000,0.000,0.000,27.209,0.000,0.000,0.000,0,4,0,19,0,0,2200,0,0,0,0,0,0
93.293,0.000,0.0,-0.013,0.000,-2.774,0.000,0.000,0.000,0.000,0.000,27.209,0.000,0.000,0.000,0,4,0,19,0,0,2200,0,0,0,0,0,0
93.313,0.000,0.0,-0.013,0.000,-2.774,0.000,0.000,0.000,0.000,0.000,27.209,0.000,0.000,0.000,0,4,0,19,0,0,2200,0,0,0,0,0,0
93.340,0.000,0.0,-0.013,0.000,-2.774,0.000,0.000,0.000,0.000,0.000,27.209,0.000,0.000,0.000,0,4,0,19,0,0,2200,0,0,0,0,0,0
93.371,0.000,0.0,-0.013,0.000,-2.774,0.000,0.000,0.000,0.000,0.000,27.209,0.000,0.000,0.000,0,4,0,19,0,0,2200,0,0,0,0,0,0
93.392,0.000,0.0,-0.013,0.000,-2.774,0.000,0.000,0.000,0.000,0.000,27.209,0.000,0.000,0.000,0,4,0,19,0,0,2200,0,0,0,0,0,0
93.408,0.000,0.0,-0.013,0.000,-2.774,0.000,0.000,0.000,0.000,0.000,27.209,0.000,0.000,0.000,0,4,0,19,0,0,2200,0,0,0,0,0,0
93.425,0.000,0.0,-0.013,0.000,-2.774,0.000,0.000,0.000,0.000,0.000,27.209,0.000,0.000,0.000,0,4,0,19,0,0,2200,0,0,0,0,0,0
93.442,0.000,0.0,-0.013,0.000,-2.774,0.000,0.000,0.000,0.000,0.000,27.209,0.000,0.000,0.000,0,4,0,19,0,0,2200,0,0,0,0,0,0
93.463,0.000,0.0,-0.013,0.000,-2.774,0.000,0.000,0.000,0.000,0.000,27.209,0.000,0.000,0.000,0,4,0,19,0,0,2200,0,0,0,0,0,0
93.481,0.000,0.0,-0.013,0.000,-2.774,0.000,0.000,0.000,0.000,0.000,27.209,0.000,0.000,0.000,0,4,0,19,0,0,2200,0,0,0,0,0,0
93.497,0.000,0.0,-0.013,0.000,-2.774,0.000,0.000,0.000,0.000,0.000,27.209,0.000,0.000,0.000,0,4,0,19,0,0,2200,0,0,0,0,0,0
93.515,0.000,0.0,-0.013,0.000,-2.774,0.000,0.000,0.000,0.000,0.000,27.209,0.000,0.000,0.000,0,4,0,19,0,0,2200,0,0,0,0,0,0
93.536,0.000,0.0,-0.013,0.000,-2.774,0.000,0.000,0.000,0.000,0.000,27.209,0.000,0.000,0.000,0,4,0,19,0,0,2200,0,0,0,0,0,0
93.553,0.000,0.0,-0.013,0.000,-2.774,0.000,0.000,0.000,0.000,0.000,27.209,0.000,0.000,0.000,0,4,0,19,0,0,2200,0,0,0,0,0,0
93.571,0.000,0.0,-0.013,0.000,-2.774,0.000,0.000,0.000,0.000,0.000,27.209,0.000,0.000,0.000,0,4,0,19,0,0,2200,0,0,0,0,0,0
93.590,0.000,0.0,-0.013,0.000,-2.774,0.000,0.000,0.000,0.000,0.000,27.209,0.000,0.000,0.000,0,4,0,19,0,0,2200,0,0,0,0,0,0
93.611,0.000,0.0,-0.013,0.000,-2.774,0.000,0.000,0.000,0.000,0.000,27.209,0.000,0.000,0.000,0,4,0,19,0,0,2200,0,0,0,0,0,0
93.628,0.000,0.0,-0.013,0.000,-2.774,0.000,0.000,0.000,0.000,0.000,27.209,0.000,0.000,0.000,0,4,0,19,0,0,2200,0,0,0,0,0,0
93.646,0.000,0.0,-0.013,0.000,-2.774,0.000,0.000,0.000,0.000,0.000,27.209,0.000,0.000,0.000,0,4,0,19,0,0,2200,0,0,0,0,0,0
93.668,0.000,0.0,-0.013,0.000,-2.774,0.000,0.000,0.000,0.000,0.000,27.209,0.000,0.000,0.000,0,4,0,19,0,0,2200,0,0,0,0,0,0
93.689,0.000,0.0,-0.013,0.000,-2.774,0.000,0.000,0.000,0.000,0.000,27.209,0.000,0.000,0.000,0,4,0,19,0,0,2200,0,0,0,0,0,0
93.715,0.000,0.0,-0.013,0.000,-2.774,0.000,0.000,0.000,0.000,0.000,27.209,0.000,0.000,0.000,0,4,0,19,0,0,2200,0,0,0,0,0,0
93.747,0.000,0.0,-0.013,0.000,-2.774,0.000,0.000,0.000,0.000,0.000,27.209,0.000,0.000,0.000,0,4,0,19,0,0,2200,0,0,0,0,0,0
93.767,0.000,0.0,-0.013,0.000,-2.774,0.000,0.000,0.000,0.000,0.000,27.209,0.000,0.000,0.000,0,4,0,19,0,0,2200,0,0,0,0,0,0
93.784,0.000,0.0,-0.013,0.000,-2.774,0.000,0.000,0.000,0.000,0.000,27.209,0.000,0.000,0.000,0,4,0,19,0,0,2200,0,0,0,0,0,0
93.801,0.000,0.0,-0.013,0.000,-2.774,0.000,0.000,0.000,0.000,0.000,27.209,0.000,0.000,0.000,0,4,0,19,0,0,2200,0,0,0,0,0,0
93.819,0.000,0.0,-0.013,0.000,-2.774,0.000,0.000,0.000,0.000,0.000,27.209,0.000,0.000,0.000,0,4,0,19,0,0,2200,0,0,0,0,0,0
93.839,0.000,0.0,-0.013,0.000,-2.774,0.000,0.000,0.000,0.000,0.000,27.209,0.000,0.000,0.000,0,4,0,19,0,0,2200,0,0,0,0,0,0
93.872,0.000,0.0,-0.013,0.000,-2.774,0.000,0.000,0.000,0.000,0.000,27.209,0.000,0.000,0.000,0,4,0,19,0,0,2200,0,0,0,0,0,0
93.889,0.000,0.0,-0.013,0.000,-2.774,0.000,0.000,0.000,0.000,0.000,27.209,0.000,0.000,0.000,0,4,0,19,0,0,2200,0,0,0,0,0,0
93.918,0.000,0.0,-0.013,0.000,-2.774,0.000,0.000,0.000,0.000,0.000,27.209,0.000,0.000,0.000,0,4,0,19,0,0,2200,0,0,0,0,0,0
93.940,0.000,0.0,-0.013,0.000,-2.774,0.000,0.000,0.000,0.000,0.000,27.209,0.000,0.000,0.000,0,4,0,19,0,0,2200,0,0,0,0,0,0
93.965,0.000,0.0,-0.013,0.000,-2.774,0.000,0.000,0.000,0.000,0.000,27.209,0.000,0.000,0.000,0,4,0,19,0,0,2200,0,0,0,0,0,0
93.997,0.000,0.0,-0.013,0.000,-2.774,0.000,0.000,0.000,0.000,0.000,27.209,0.000,0.000,0.000,0,4,0,19,0,0,2200,0,0,0,0,0,0
94.019,0.000,0.0,-0.013,0.000,-2.774,0.000,0.000,0.000,0.000,0.000,27.209,0.000,0.000,0.000,0,4,0,19,0,0,2200,0,0,0,0,0,0
94.043,0.000,0.0,-0.013,0.000,-2.774,0.000,0.000,0.000,0.000,0.000,27.209,0.000,0.000,0.000,0,4,0,19,0,0,2200,0,0,0,0,0,0
94.060,0.000,0.0,-0.013,0.000,-2.774,0.000,0.000,0.000,0.000,0.000,27.209,0.000,0.000,0.000,0,4,0,19,0,0,2200,0,0,0,0,0,0
94.077,0.000,0.0,-0.013,0.000,-2.774,0.000,0.000,0.000,0.000,0.000,27.209,0.000,0.000,0.000,0,4,0,19,0,0,2200,0,0,0,0,0,0
94.097,0.000,0.0,-0.013,0.000,-2.774,0.000,0.000,0.000,0.000,0.000,27.209,0.000,0.000,0.000,0,4,0,19,0,0,2200,0,0,0,0,0,0
94.122,0.000,0.0,-0.013,0.000,-2.774,0.000,0.000,0.000,0.000,0.000,27.209,0.000,0.000,0.000,0,4,0,19,0,0,2200,0,0,0,0,0,0
94.139,0.000,0.0,-0.013,0.000,-2.774,0.000,0.000,0.000,0.000,0.000,27.209,0.000,0.000,0.000,0,4,0,19,0,0,2200,0,0,0,0,0,0
94.168,0.000,0.0,-0.013,0.000,-2.774,0.000,0.000,0.000,0.000,0.000,27.209,0.000,0.000,0.000,0,4,0,19,0,0,2200,0,0,0,0,0,0
94.188,0.000,0.0,-0.013,0.000,-2.774,0.000,0.000,0.000,0.000,0.000,27.209,0.000,0.000,0.000,0,4,0,19,0,0,2200,0,0,0,0,0,0
94.205,0.000,0.0,-0.013,0.000,-2.774,0.000,0.000,0.000,0.000,0.000,27.209,0.000,0.000,0.000,0,4,0,19,0,0,2200,0,0,0,0,0,0
94.222,0.000,0.0,-0.013,0.000,-2.774,0.000,0.000,0.000,0.000,0.000,27.209,0.000,0.000,0.000,0,4,0,19,0,0,2200,0,0,0,0,0,0
94.246,0.000,0.0,-0.013,0.000,-2.774,0.000,0.000,0.000,0.000,0.000,27.209,0.000,0.000,0.000,0,4,0,19,0,0,2200,0,0,0,0,0,0
94.266,0.000,0.0,-0.013,0.000,-2.774,0.000,0.000,0.000,0.000,0.000,27.209,0.000,0.000,0.000,0,4,0,19,0,0,2200,0,0,0,0,0,0
94.293,0.000,0.0,-0.013,0.000,-2.774,0.000,0.000,0.000,0.000,0.000,27.209,0.000,0.000,0.000,0,4,0,19,0,0,2200,0,0,0,0,0,0
94.311,0.000,0.0,-0.013,0.000,-2.774,0.000,0.000,0.000,0.000,0.000,27.209,0.000,0.000,0.000,0,4,0,19,0,0,2200,0,0,0,0,0,0
94.341,0.000,0.0,-0.013,0.000,-2.774,0.000,0.000,0.000,0.000,0.000,27.209,0.000,0.000,0.000,0,4,0,19,0,0,2200,0,0,0,0,0,0
94.361,0.000,0.0,-0.013,0.000,-2.774,0.000,0.000,0.000,0.000,0.000,27.209,0.000,0.000,0.000,0,4,0,19,0,0,2200,0,0,0,0,0,0
94.379,0.000,0.0,-0.013,0.000,-2.774,0.000,0.000,0.000,0.000,0.000,27.209,0.000,0.000,0.000,0,4,0,19,0,0,2200,0,0,0,0,0,0
94.396,0.000,0.0,-0.013,0.000,-2.774,0.000,0.000,0.000,0.000,0.000,27.209,0.000,0.000,0.000,0,4,0,19,0,0,2200,0,0,0,0,0,0
94.414,0.000,0.0,-0.013,0.000,-2.774,0.000,0.000,0.000,0.000,0.000,27.209,0.000,0.000,0.000,0,4,0,19,0,0,2200,0,0,0,0,0,0
94.435,0.000,0.0,-0.013,0.000,-2.774,0.000,0.000,0.000,0.000,0.000,27.209,0.000,0.000,0.000,0,4,0,19,0,0,2200,0,0,0,0,0,0
94.465,0.000,0.0,-0.013,0.000,-2.774,0.000,0.000,0.000,0.000,0.000,27.209,0.000,0.000,0.000,0,4,0,19,0,0,2200,0,0,0,0,0,0
94.497,0.000,0.0,-0.013,0.000,-2.774,0.000,0.000,0.000,0.000,0.000,27.209,0.000,0.000,0.000,0,4,0,19,0,0,2200,0,0,0,0,0,0
94.518,0.000,0.0,-0.013,0.000,-2.774,0.000,0.000,0.000,0.000,0.000,27.209,0.000,0.000,0.000,0,4,0,19,0,0,2200,0,0,0,0,0,0
94.543,0.000,0.0,-0.013,0.000,-2.774,0.000,0.000,0.000,0.000,0.000,27.209,0.000,0.000,0.000,0,4,0,19,0,0,2200,0,0,0,0,0,0
94.560,0.000,0.0,-0.013,0.000,-2.774,0.000,0.000,0.000,0.000,0.000,27.209,0.000,0.000,0.000,0,4,0,19,0,0,2200,0,0,0,0,0,0
94.577,0.000,0.0,-0.013,0.000,-2.774,0.000,0.000,0.000,0.000,0.000,27.209,0.000,0.000,0.000,0,4,0,19,0,0,2200,0,0,0,0,0,0
94.598,0.000,0.0,-0.013,0.000,-2.774,0.000,0.000,0.000,0.000,0.000,27.209,0.000,0.000,0.000,0,4,0,19,0,0,2200,0,0,0,0,0,0
94.621,0.000,0.0,-0.013,0.000,-2.774,0.000,0.000,0.000,0.000,0.000,27.209,0.000,0.000,0.000,0,4,0,19,0,0,2200,0,0,0,0,0,0
94.639,0.000,0.0,-0.013,0.000,-2.774,0.000,0.000,0.000,0.000,0.000,27.209,0.000,0.000,0.000,0,4,0,19,0,0,2200,0,0,0,0,0,0
94.669,0.000,0.0,-0.013,0.000,-2.774,0.000,0.000,0.000,0.000,0.000,27.209,0.000,0.000,0.000,0,4,0,19,0,0,2200,0,0,0,0,0,0
94.690,0.000,0.0,-0.013,0.000,-2.774,0.000,0.000,0.000,0.000,0.000,27.209,0.000,0.000,0.000,0,4,0,19,0,0,2200,0,0,0,0,0,0
94.716,0.000,0.0,-0.013,0.000,-2.774,0.000,0.000,0.000,0.000,0.000,27.209,0.000,0.000,0.000,0,4,0,19,0,0,2200,0,0,0,0,0,0
94.747,0.000,0.0,-0.013,0.000,-2.774,0.000,0.000,0.000,0.000,0.000,27.209,0.000,0.000,0.000,0,4,0,19,0,0,2200,0,0,0,0,0,0
94.768,0.000,0.0,-0.013,0.000,-2.774,0.000,0.000,0.000,0.000,0.000,27.209,0.000,0.000,0.000,0,4,0,19,0,0,2200,0,0,0,0,0,0
94.785,0.000,0.0,-0.013,0.000,-2.774,0.000,0.000,0.000,0.000,0.000,27.209,0.000,0.000,0.000,0,4,0,19,0,0,2200,0,0,0,0,0,0
94.802,0.000,0.0,-0.013,0.000,-2.774,0.000,0.000,0.000,0.000,0.000,27.209,0.000,0.000,0.000,0,4,0,19,0,0,2200,0,0,0,0,0,0
94.819,0.000,0.0,-0.013,0.000,-2.774,0.000,0.000,0.000,0.000,0.000,27.209,0.000,0.000,0.000,0,4,0,19,0,0,2200,0,0,0,0,0,0
94.840,0.000,0.0,-0.013,0.000,-2.774,0.000,0.000,0.000,0.000,0.000,27.209,0.000,0.000,0.000,0,4,0,19,0,0,2200,0,0,0,0,0,0
94.871,0.000,0.0,-0.013,0.000,-2.774,0.000,0.000,0.000,0.000,0.000,27.209,0.000,0.000,0.000,0,4,0,19,0,0,2200,0,0,0,0,0,0
94.888,0.000,0.0,-0.013,0.000,-2.774,0.000,0.000,0.000,0.000,0.000,27.209,0.000,0.000,0.000,0,4,0,19,0,0,2200,0,0,0,0,0,0
94.905,0.000,0.0,-0.013,0.000,-2.774,0.000,0.000,0.000,0.000,0.000,27.209,0.000,0.000,0.000,0,4,0,19,0,0,2200,0,0,0,0,0,0
94.926,0.000,0.0,-0.013,0.000,-2.774,0.000,0.000,0.000,0.000,0.000,27.209,0.000,0.000,0.000,0,4,0,19,0,0,2200,0,0,0,0,0,0
94.943,0.000,0.0,-0.013,0.000,-2.774,0.000,0.000,0.000,0.000,0.000,27.209,0.000,0.000,0.000,0,4,0,19,0,0,2200,0,0,0,0,0,0
94.966,0.000,0.0,-0.013,0.000,-2.774,0.000,0.000,0.000,0.000,0.000,27.209,0.000,0.000,0.000,0,4,0,19,0,0,2200,0,0,0,0,0,0
94.982,0.000,0.0,-0.013,0.000,-2.774,0.000,0.000,0.000,0.000,0.000,27.209,0.000,0.000,0.000,0,4,0,19,0,0,2200,0,0,0,0,0,0
95.003,0.000,0.0,-0.013,0.000,-2.774,0.000,0.000,0.000,0.000,0.000,27.209,0.000,0.000,0.000,0,4,0,19,0,0,2200,0,0,0,0,0,0
95.020,0.000,0.0,-0.013,0.000,-2.774,0.000,0.000,0.000,0.000,0.000,27.209,0.000,0.000,0.000,0,4,0,19,0,0,2200,0,0,0,0,0,0
95.044,0.000,0.0,-0.013,0.000,-2.774,0.000,0.000,0.000,0.000,0.000,27.209,0.000,0.000,0.000,0,4,0,19,0,0,2200,0,0,0,0,0,0
95.061,0.000,0.0,-0.013,0.000,-2.774,0.000,0.000,0.000,0.000,0.000,27.209,0.000,0.000,0.000,0,4,0,19,0,0,2200,0,0,0,0,0,0
95.081,0.000,0.0,-0.013,0.000,-2.774,0.000,0.000,0.000,0.000,0.000,27.209,0.000,0.000,0.000,0,4,0,19,0,0,2200,0,0,0,0,0,0
95.099,0.000,0.0,-0.013,0.000,-2.774,0.000,0.000,0.000,0.000,0.000,27.209,0.000,0.000,0.000,0,4,0,19,0,0,2200,0,0,0,0,0,0
95.121,0.000,0.0,-0.013,0.000,-2.774,0.000,0.000,0.000,0.000,0.000,27.209,0.000,0.000,0.000,0,4,0,19,0,0,2200,0,0,0,0,0,0
95.138,0.000,0.0,-0.013,0.000,-2.774,0.000,0.000,0.000,0.000,0.000,27.209,0.000,0.000,0.000,0,4,0,19,0,0,2200,0,0,0,0,0,0
95.159,0.000,0.0,-0.013,0.000,-2.774,0.000,0.000,0.000,0.000,0.000,27.209,0.000,0.000,0.000,0,4,0,19,0,0,2200,0,0,0,0,0,0
95.177,0.000,0.0,-0.013,0.000,-2.774,0.000,0.000,0.000,0.000,0.000,27.209,0.000,0.000,0.000,0,4,0,19,0,0,2200,0,0,0,0,0,0
95.194,0.000,0.0,-0.013,0.000,-2.774,0.000,0.000,0.000,0.000,0.000,27.209,0.000,0.000,0.000,0,4,0,19,0,0,2200,0,0,0,0,0,0
95.215,0.000,0.0,-0.013,0.000,-2.774,0.000,0.000,0.000,0.000,0.000,27.209,0.000,0.000,0.000,0,4,0,19,0,0,2200,0,0,0,0,0,0
95.237,0.000,0.0,-0.013,0.000,-2.774,0.000,0.000,0.000,0.000,0.000,27.209,0.000,0.000,0.000,0,4,0,19,0,0,2200,0,0,0,0,0,0
95.254,0.000,0.0,-0.013,0.000,-2.774,0.000,0.000,0.000,0.000,0.000,27.209,0.000,0.000,0.000,0,4,0,19,0,0,2200,0,0,0,0,0,0
95.271,0.000,0.0,-0.013,0.000,-2.774,0.000,0.000,0.000,0.000,0.000,27.209,0.000,0.000,0.000,0,4,0,19,0,0,2200,0,0,0,0,0,0
95.293,0.000,0.0,-0.013,0.000,-2.774,0.000,0.000,0.000,0.000,0.000,27.209,0.000,0.000,0.000,0,4,0,19,0,0,2200,0,0,0,0,0,0
95.314,0.000,0.0,-0.013,0.000,-2.774,0.000,0.000,0.000,0.000,0.000,27.209,0.000,0.000,0.000,0,4,0,19,0,0,2200,0,0,0,0,0,0
95.331,0.000,0.0,-0.013,0.000,-2.774,0.000,0.000,0.000,0.000,0.000,27.209,0.000,0.000,0.000,0,4,0,19,0,0,2200,0,0,0,0,0,0
95.348,0.000,0.0,-0.013,0.000,-2.774,0.000,0.000,0.000,0.000,0.000,27.209,0.000,0.000,0.000,0,4,0,19,0,0,2200,0,0,0,0,0,0
95.371,0.000,0.0,-0.013,0.000,-2.774,0.000,0.000,0.000,0.000,0.000,27.209,0.000,0.000,0.000,0,4,0,19,0,0,2200,0,0,0,0,0,0
95.391,0.000,0.0,-0.013,0.000,-2.774,0.000,0.000,0.000,0.000,0.000,27.209,0.000,0.000,0.000,0,4,0,19,0,0,2200,0,0,0,0,0,0
95.418,0.000,0.0,-0.013,0.000,-2.774,0.000,0.000,0.000,0.000,0.000,27.209,0.000,0.000,0.000,0,4,0,19,0,0,2200,0,0,0,0,0,0
95.436,0.000,0.0,-0.013,0.000,-2.774,0.000,0.000,0.000,0.000,0.000,27.209,0.000,0.000,0.000,0,4,0,19,0,0,2200,0,0,0,0,0,0
95.452,0.000,0.0,-0.013,0.000,-2.774,0.000,0.000,0.000,0.000,0.000,27.209,0.000,0.000,0.000,0,4,0,19,0,0,2200,0,0,0,0,0,0
95.472,0.000,0.0,-0.013,0.000,-2.774,0.000,0.000,0.000,0.000,0.000,27.209,0.000,0.000,0.000,0,4,0,19,0,0,2200,0,0,0,0,0,0
95.497,0.000,0.0,-0.013,0.000,-2.774,0.000,0.000,0.000,0.000,0.000,27.209,0.000,0.000,0.000,0,4,0,19,0,0,2200,0,0,0,0,0,0
95.514,0.000,0.0,-0.013,0.000,-2.774,0.000,0.000,0.000,0.000,0.000,27.209,0.000,0.000,0.000,0,4,0,19,0,0,2200,0,0,0,0,0,0
95.531,0.000,0.0,-0.013,0.000,-2.774,0.000,0.000,0.000,0.000,0.000,27.209,0.000,0.000,0.000,0,4,0,19,0,0,2200,0,0,0,0,0,0
95.551,0.000,0.0,-0.013,0.000,-2.774,0.000,0.000,0.000,0.000,0.000,27.209,0.000,0.000,0.000,0,4,0,19,0,0,2200,0,0,0,0,0,0
95.569,0.000,0.0,-0.013,0.000,-2.774,0.000,0.000,0.000,0.000,0.000,27.209,0.000,0.000,0.000,0,4,0,19,0,0,2200,0,0,0,0,0,0
95.590,0.000,0.0,-0.013,0.000,-2.774,0.000,0.000,0.000,0.000,0.000,27.209,0.000,0.000,0.000,0,4,0,19,0,0,2200,0,0,0,0,0,0
95.622,0.000,0.0,-0.013,0.000,-2.774,0.000,0.000,0.000,0.000,0.000,27.209,0.000,0.000,0.000,0,4,0,19,0,0,2200,0,0,0,0,0,0
95.642,0.000,0.0,-0.013,0.000,-2.774,0.000,0.000,0.000,0.000,0.000,27.209,0.000,0.000,0.000,0,4,0,19,0,0,2200,0,0,0,0,0,0
95.669,0.000,0.0,-0.013,0.000,-2.774,0.000,0.000,0.000,0.000,0.000,27.209,0.000,0.000,0.000,0,4,0,19,0,0,2200,0,0,0,0,0,0
95.686,0.000,0.0,-0.013,0.000,-2.774,0.000,0.000,0.000,0.000,0.000,27.209,0.000,0.000,0.000,0,4,0,19,0,0,2200,0,0,0,0,0,0
95.716,0.000,0.0,-0.013,0.000,-2.774,0.000,0.000,0.000,0.000,0.000,27.209,0.000,0.000,0.000,0,4,0,19,0,0,2200,0,0,0,0,0,0
95.737,0.000,0.0,-0.013,0.000,-2.774,0.000,0.000,0.000,0.000,0.000,27.209,0.000,0.000,0.000,0,4,0,19,0,0,2200,0,0,0,0,0,0
95.755,0.000,0.0,-0.013,0.000,-2.774,0.000,0.000,0.000,0.000,0.000,27.209,0.000,0.000,0.000,0,4,0,19,0,0,2200,0,0,0,0,0,0
95.771,0.000,0.0,-0.013,0.000,-2.774,0.000,0.000,0.000,0.000,0.000,27.209,0.000,0.000,0.000,0,4,0,19,0,0,2200,0,0,0,0,0,0
95.794,0.000,0.0,-0.013,0.000,-2.774,0.000,0.000,0.000,0.000,0.000,27.209,0.000,0.000,0.000,0,4,0,19,0,0,2200,0,0,0,0,0,0
95.814,0.000,0.0,-0.013,0.000,-2.774,0.000,0.000,0.000,0.000,0.000,27.209,0.000,0.000,0.000,0,4,0,19,0,0,2200,0,0,0,0,0,0
95.840,0.000,0.0,-0.013,0.000,-2.774,0.000,0.000,0.000,0.000,0.000,27.209,0.000,0.000,0.000,0,4,0,19,0,0,2200,0,0,0,0,0,0
95.872,0.000,0.0,-0.013,0.000,-2.774,0.000,0.000,0.000,0.000,0.000,27.209,0.000,0.000,0.000,0,4,0,19,0,0,2200,0,0,0,0,0,0
95.892,0.000,0.0,-0.013,0.000,-2.774,0.000,0.000,0.000,0.000,0.000,27.209,0.000,0.000,0.000,0,4,0,19,0,0,2200,0,0,0,0,0,0
95.910,0.000,0.0,-0.013,0.000,-2.774,0.000,0.000,0.000,0.000,0.000,27.209,0.000,0.000,0.000,0,4,0,19,0,0,2200,0,0,0,0,0,0
95.927,0.000,0.0,-0.013,0.000,-2.774,0.000,0.000,0.000,0.000,0.000,27.209,0.000,0.000,0.000,0,4,0,19,0,0,2200,0,0,0,0,0,0
95.945,0.000,0.0,-0.013,0.000,-2.774,0.000,0.000,0.000,0.000,0.000,27.209,0.000,0.000,0.000,0,4,0,19,0,0,2200,0,0,0,0,0,0
95.965,0.000,0.0,-0.013,0.000,-2.774,0.000,0.000,0.000,0.000,0.000,27.209,0.000,0.000,0.000,0,4,0,19,0,0,2200,0,0,0,0,0,0
95.997,0.000,0.0,-0.013,0.000,-2.774,0.000,0.000,0.000,0.000,0.000,27.209,0.000,0.000,0.000,0,4,0,19,0,0,2200,0,0,0,0,0,0
96.014,0.000,0.0,-0.013,0.000,-2.774,0.000,0.000,0.000,0.000,0.000,27.209,0.000,0.000,0.000,0,4,0,19,0,0,2200,0,0,0,0,0,0
96.031,0.000,0.0,-0.013,0.000,-2.774,0.000,0.000,0.000,0.000,0.000,27.209,0.000,0.000,0.000,0,4,0,19,0,0,2200,0,0,0,0,0,0
96.051,0.000,0.0,-0.013,0.000,-2.774,0.000,0.000,0.000,0.000,0.000,27.209,0.000,0.000,0.000,0,4,0,19,0,0,2200,0,0,0,0,0,0
96.068,0.000,0.0,-0.013,0.000,-2.774,0.000,0.000,0.000,0.000,0.000,27.209,0.000,0.000,0.000,0,4,0,19,0,0,2200,0,0,0,0,0,0
96.090,0.000,0.0,-0.013,0.000,-2.774,0.000,0.000,0.000,0.000,0.000,27.209,0.000,0.000,0.000,0,4,0,19,0,0,2200,0,0,0,0,0,0
96.107,0.000,0.0,-0.013,0.000,-2.774,0.000,0.000,0.000,0.000,0.000,27.209,0.000,0.000,0.000,0,4,0,19,0,0,2200,0,0,0,0,0,0
96.128,0.000,0.0,-0.013,0.000,-2.774,0.000,0.000,0.000,0.000,0.000,27.209,0.000,0.000,0.000,0,4,0,19,0,0,2200,0,0,0,0,0,0
96.146,0.000,0.0,-0.013,0.000,-2.774,0.000,0.000,0.000,0.000,0.000,27.209,0.000,0.000,0.000,0,4,0,19,0,0,2200,0,0,0,0,0,0
96.169,0.000,0.0,-0.013,0.000,-2.774,0.000,0.000,0.000,0.000,0.000,27.209,0.000,0.000,0.000,0,4,0,19,0,0,2200,0,0,0,0,0,0
96.186,0.000,0.0,-0.013,0.000,-2.774,0.000,0.000,0.000,0.000,0.000,27.209,0.000,0.000,0.000,0,4,0,19,0,0,2200,0,0,0,0,0,0
96.206,0.000,0.0,-0.013,0.000,-2.774,0.000,0.000,0.000,0.000,0.000,27.209,0.000,0.000,0.000,0,4,0,19,0,0,2200,0,0,0,0,0,0
96.223,0.000,0.0,-0.013,0.000,-2.774,0.000,0.000,0.000,0.000,0.000,27.209,0.000,0.000,0.000,0,4,0,19,0,0,2200,0,0,0,0,0,0
96.247,0.000,0.0,-0.013,0.000,-2.774,0.000,0.000,0.000,0.000,0.000,27.209,0.000,0.000,0.000,0,4,0,19,0,0,2200,0,0,0,0,0,0
96.264,0.000,0.0,-0.013,0.000,-2.774,0.000,0.000,0.000,0.000,0.000,27.209,0.000,0.000,0.000,0,4,0,19,0,0,2200,0,0,0,0,0,0
96.286,0.000,0.0,-0.013,0.000,-2.774,0.000,0.000,0.000,0.000,0.000,27.209,0.000,0.000,0.000,0,4,0,19,0,0,2200,0,0,0,0,0,0
96.304,0.000,0.0,-0.013,0.000,-2.774,0.000,0.000,0.000,0.000,0.000,27.209,0.000,0.000,0.000,0,4,0,19,0,0,2200,0,0,0,0,0,0
96.321,0.000,0.0,-0.013,0.000,-2.774,0.000,0.000,0.000,0.000,0.000,27.209,0.000,0.000,0.000,0,4,0,19,0,0,2200,0,0,0,0,0,0
96.338,0.000,0.0,-0.013,0.000,-2.774,0.000,0.000,0.000,0.000,0.000,27.209,0.000,0.000,0.000,0,4,0,19,0,0,2200,0,0,0,0,0,0
96.358,0.000,0.0,-0.013,0.000,-2.774,0.000,0.000,0.000,0.000,0.000,27.209,0.000,0.000,0.000,0,4,0,19,0,0,2200,0,0,0,0,0,0
96.376,0.000,0.0,-0.013,0.000,-2.774,0.000,0.000,0.000,0.000,0.000,27.209,0.000,0.000,0.000,0,4,0,19,0,0,2200,0,0,0,0,0,0
96.393,0.000,0.0,-0.013,0.000,-2.774,0.000,0.000,0.000,0.000,0.000,27.209,0.000,0.000,0.000,0,4,0,19,0,0,2200,0,0,0,0,0,0
96.418,0.000,0.0,-0.013,0.000,-2.774,0.000,0.000,0.000,0.000,0.000,27.209,0.000,0.000,0.000,0,4,0,19,0,0,2200,0,0,0,0,0,0
96.441,0.000,0.0,-0.013,0.000,-2.774,0.000,0.000,0.000,0.000,0.000,27.209,0.000,0.000,0.000,0,4,0,19,0,0,2200,0,0,0,0,0,0
96.465,0.000,0.0,-0.013,0.000,-2.774,0.000,0.000,0.000,0.000,0.000,27.209,0.000,0.000,0.000,0,4,0,19,0,0,2200,0,0,0,0,0,0
96.497,0.000,0.0,-0.013,0.000,-2.774,0.000,0.000,0.000,0.000,0.000,27.209,0.000,0.000,0.000,0,4,0,19,0,0,2200,0,0,0,0,0,0
96.518,0.000,0.0,-0.013,0.000,-2.774,0.000,0.000,0.000,0.000,0.000,27.209,0.000,0.000,0.000,0,4,0,19,0,0,2200,0,0,0,0,0,0
96.543,0.000,0.0,-0.013,0.000,-2.774,0.000,0.000,0.000,0.000,0.000,27.209,0.000,0.000,0.000,0,4,0,19,0,0,2200,0,0,0,0,0,0
96.560,0.000,0.0,-0.013,0.000,-2.774,0.000,0.000,0.000,0.000,0.000,27.209,0.000,0.000,0.000,0,4,0,19,0,0,2200,0,0,0,0,0,0
96.590,0.000,0.0,-0.013,0.000,-2.774,0.000,0.000,0.000,0.000,0.000,27.209,0.000,0.000,0.000,0,4,0,19,0,0,2200,0,0,0,0,0,0
96.612,0.000,0.0,-0.013,0.000,-2.774,0.000,0.000,0.000,0.000,0.000,27.209,0.000,0.000,0.000,0,4,0,19,0,0,2200,0,0,0,0,0,0
96.629,0.000,0.0,-0.013,0.000,-2.774,0.000,0.000,0.000,0.000,0.000,27.209,0.000,0.000,0.000,0,4,0,19,0,0,2200,0,0,0,0,0,0
96.647,0.000,0.0,-0.013,0.000,-2.774,0.000,0.000,0.000,0.000,0.000,27.209,0.000,0.000,0.000,0,4,0,19,0,0,2200,0,0,0,0,0,0
96.664,0.000,0.0,-0.013,0.000,-2.774,0.000,0.000,0.000,0.000,0.000,27.209,0.000,0.000,0.000,0,4,0,19,0,0,2200,0,0,0,0,0,0
96.687,0.000,0.0,-0.013,0.000,-2.774,0.000,0.000,0.000,0.000,0.000,27.209,0.000,0.000,0.000,0,4,0,19,0,0,2200,0,0,0,0,0,0
96.715,0.000,0.0,-0.013,0.000,-2.774,0.000,0.000,0.000,0.000,0.000,27.209,0.000,0.000,0.000,0,4,0,19,0,0,2200,0,0,0,0,0,0
96.747,0.000,0.0,-0.013,0.000,-2.774,0.000,0.000,0.000,0.000,0.000,27.209,0.000,0.000,0.000,0,4,0,19,0,0,2200,0,0,0,0,0,0
96.768,0.000,0.0,-0.013,0.000,-2.774,0.000,0.000,0.000,0.000,0.000,27.209,0.000,0.000,0.000,0,4,0,19,0,0,2200,0,0,0,0,0,0
96.794,0.000,0.0,-0.013,0.000,-2.774,0.000,0.000,0.000,0.000,0.000,27.209,0.000,0.000,0.000,0,4,0,19,0,0,2200,0,0,0,0,0,0
96.810,0.000,0.0,-0.013,0.000,-2.774,0.000,0.000,0.000,0.000,0.000,27.209,0.000,0.000,0.000,0,4,0,19,0,0,2200,0,0,0,0,0,0
96.840,0.000,0.0,-0.013,0.000,-2.774,0.000,0.000,0.000,0.000,0.000,27.209,0.000,0.000,0.000,0,4,0,19,0,0,2200,0,0,0,0,0,0
96.861,0.000,0.0,-0.013,0.000,-2.774,0.000,0.000,0.000,0.000,0.000,27.209,0.000,0.000,0.000,0,4,0,19,0,0,2200,0,0,0,0,0,0
96.879,0.000,0.0,-0.013,0.000,-2.774,0.000,0.000,0.000,0.000,0.000,27.209,0.000,0.000,0.000,0,4,0,19,0,0,2200,0,0,0,0,0,0
96.896,0.000,0.0,-0.013,0.000,-2.774,0.000,0.000,0.000,0.000,0.000,27.209,0.000,0.000,0.000,0,4,0,19,0,0,2200,0,0,0,0,0,0
96.912,0.000,0.0,-0.013,0.000,-2.774,0.000,0.000,0.000,0.000,0.000,27.209,0.000,0.000,0.000,0,4,0,19,0,0,2200,0,0,0,0,0,0
96.934,0.000,0.0,-0.013,0.000,-2.774,0.000,0.000,0.000,0.000,0.000,27.209,0.000,0.000,0.000,0,4,0,19,0,0,2200,0,0,0,0,0,0
96.951,0.000,0.0,-0.013,0.000,-2.774,0.000,0.000,0.000,0.000,0.000,27.209,0.000,0.000,0.000,0,4,0,19,0,0,2200,0,0,0,0,0,0
96.967,0.000,0.0,-0.013,0.000,-2.774,0.000,0.000,0.000,0.000,0.000,27.209,0.000,0.000,0.000,0,4,0,19,0,0,2200,0,0,0,0,0,0
96.984,0.000,0.0,-0.013,0.000,-2.774,0.000,0.000,0.000,0.000,0.000,27.209,0.000,0.000,0.000,0,4,0,19,0,0,2200,0,0,0,0,0,0
97.006,0.000,0.0,-0.013,0.000,-2.774,0.000,0.000,0.000,0.000,0.000,27.209,0.000,0.000,0.000,0,4,0,19,0,0,2200,0,0,0,0,0,0
97.023,0.000,0.0,-0.013,0.000,-2.774,0.000,0.000,0.000,0.000,0.000,27.209,0.000,0.000,0.000,0,4,0,19,0,0,2200,0,0,0,0,0,0
97.044,0.000,0.0,-0.013,0.000,-2.774,0.000,0.000,0.000,0.000,0.000,27.209,0.000,0.000,0.000,0,4,0,19,0,0,2200,0,0,0,0,0,0
97.061,0.000,0.0,-0.013,0.000,-2.774,0.000,0.000,0.000,0.000,0.000,27.209,0.000,0.000,0.000,0,4,0,19,0,0,2200,0,0,0,0,0,0
97.083,0.000,0.0,-0.013,0.000,-2.774,0.000,0.000,0.000,0.000,0.000,27.209,0.000,0.000,0.000,0,4,0,19,0,0,2200,0,0,0,0,0,0
97.100,0.000,0.0,-0.013,0.000,-2.774,0.000,0.000,0.000,0.000,0.000,27.209,0.000,0.000,0.000,0,4,0,19,0,0,2200,0,0,0,0,0,0
97.117,0.000,0.0,-0.013,0.000,-2.774,0.000,0.000,0.000,0.000,0.000,27.209,0.000,0.000,0.000,0,4,0,19,0,0,2200,0,0,0,0,0,0
97.134,0.000,0.0,-0.013,0.000,-2.774,0.000,0.000,0.000,0.000,0.000,27.209,0.000,0.000,0.000,0,4,0,19,0,0,2200,0,0,0,0,0,0
97.155,0.000,0.0,-0.013,0.000,-2.774,0.000,0.000,0.000,0.000,0.000,27.209,0.000,0.000,0.000,0,4,0,19,0,0,2200,0,0,0,0,0,0
97.172,0.000,0.0,-0.013,0.000,-2.774,0.000,0.000,0.000,0.000,0.000,27.209,0.000,0.000,0.000,0,4,0,19,0,0,2200,0,0,0,0,0,0
97.189,0.000,0.0,-0.013,0.000,-2.774,0.000,0.000,0.000,0.000,0.000,27.209,0.000,0.000,0.000,0,4,0,19,0,0,2200,0,0,0,0,0,0
97.206,0.000,0.0,-0.013,0.000,-2.774,0.000,0.000,0.000,0.000,0.000,27.209,0.000,0.000,0.000,0,4,0,19,0,0,2200,0,0,0,0,0,0
97.231,0.000,0.0,-0.013,0.000,-2.774,0.000,0.000,0.000,0.000,0.000,27.209,0.000,0.000,0.000,0,4,0,19,0,0,2200,0,0,0,0,0,0
97.248,0.000,0.0,-0.013,0.000,-2.774,0.000,0.000,0.000,0.000,0.000,27.209,0.000,0.000,0.000,0,4,0,19,0,0,2200,0,0,0,0,0,0
97.265,0.000,0.0,-0.013,0.000,-2.774,0.000,0.000,0.000,0.000,0.000,27.209,0.000,0.000,0.000,0,4,0,19,0,0,2200,0,0,0,0,0,0
97.294,0.000,0.0,-0.013,0.000,-2.774,0.000,0.000,0.000,0.000,0.000,27.209,0.000,0.000,0.000,0,4,0,19,0,0,2200,0,0,0,0,0,0
97.320,0.000,0.0,-0.013,0.000,-2.774,0.000,0.000,0.000,0.000,0.000,27.209,0.000,0.000,0.000,0,4,0,19,0,0,2200,0,0,0,0,0,0
97.340,0.000,0.0,-0.013,0.000,-2.774,0.000,0.000,0.000,0.000,0.000,27.209,0.000,0.000,0.000,0,4,0,19,0,0,2200,0,0,0,0,0,0
97.372,0.000,0.0,-0.013,0.000,-2.774,0.000,0.000,0.000,0.000,0.000,27.209,0.000,0.000,0.000,0,4,0,19,0,0,2200,0,0,0,0,0,0
97.396,0.000,0.0,-0.013,0.000,-2.774,0.000,0.000,0.000,0.000,0.000,27.209,0.000,0.000,0.000,0,4,0,19,0,0,2200,0,0,0,0,0,0
97.418,0.000,0.0,-0.013,0.000,-2.774,0.000,0.000,0.000,0.000,0.000,27.209,0.000,0.000,0.000,0,4,0,19,0,0,2200,0,0,0,0,0,0
97.435,0.000,0.0,-0.013,0.000,-2.774,0.000,0.000,0.000,0.000,0.000,27.209,0.000,0.000,0.000,0,4,0,19,0,0,2200,0,0,0,0,0,0
97.465,0.000,0.0,-0.013,0.000,-2.774,0.000,0.000,0.000,0.000,0.000,27.209,0.000,0.000,0.000,0,4,0,19,0,0,2200,0,0,0,0,0,0
97.488,0.000,0.0,-0.013,0.000,-2.774,0.000,0.000,0.000,0.000,0.000,27.209,0.000,0.000,0.000,0,4,0,19,0,0,2200,0,0,0,0,0,0
97.505,0.000,0.0,-0.013,0.000,-2.774,0.000,0.000,0.000,0.000,0.000,27.209,0.000,0.000,0.000,0,4,0,19,0,0,2200,0,0,0,0,0,0
97.523,0.000,0.0,-0.013,0.000,-2.774,0.000,0.000,0.000,0.000,0.000,27.209,0.000,0.000,0.000,0,4,0,19,0,0,2200,0,0,0,0,0,0
97.539,0.000,0.0,-0.013,0.000,-2.774,0.000,0.000,0.000,0.000,0.000,27.209,0.000,0.000,0.000,0,4,0,19,0,0,2200,0,0,0,0,0,0
97.559,0.000,0.0,-0.013,0.000,-2.774,0.000,0.000,0.000,0.000,0.000,27.209,0.000,0.000,0.000,0,4,0,19,0,0,2200,0,0,0,0,0,0
97.590,0.000,0.0,-0.013,0.000,-2.774,0.000,0.000,0.000,0.000,0.000,27.209,0.000,0.000,0.000,0,4,0,19,0,0,2200,0,0,0,0,0,0
97.607,0.000,0.0,-0.013,0.000,-2.774,0.000,0.000,0.000,0.000,0.000,27.209,0.000,0.000,0.000,0,4,0,19,0,0,2200,0,0,0,0,0,0
97.623,0.000,0.0,-0.013,0.000,-2.774,0.000,0.000,0.000,0.000,0.000,27.209,0.000,0.000,0.000,0,4,0,19,0,0,2200,0,0,0,0,0,0
97.644,0.000,0.0,-0.013,0.000,-2.774,0.000,0.000,0.000,0.000,0.000,27.209,0.000,0.000,0.000,0,4,0,19,0,0,2200,0,0,0,0,0,0
97.669,0.000,0.0,-0.013,0.000,-2.774,0.000,0.000,0.000,0.000,0.000,27.209,0.000,0.000,0.000,0,4,0,19,0,0,2200,0,0,0,0,0,0
97.686,0.000,0.0,-0.013,0.000,-2.774,0.000,0.000,0.000,0.000,0.000,27.209,0.000,0.000,0.000,0,4,0,19,0,0,2200,0,0,0,0,0,0
97.716,0.000,0.0,-0.013,0.000,-2.774,0.000,0.000,0.000,0.000,0.000,27.209,0.000,0.000,0.000,0,4,0,19,0,0,2200,0,0,0,0,0,0
97.736,0.000,0.0,-0.013,0.000,-2.774,0.000,0.000,0.000,0.000,0.000,27.209,0.000,0.000,0.000,0,4,0,19,0,0,2200,0,0,0,0,0,0
97.754,0.000,0.0,-0.013,0.000,-2.774,0.000,0.000,0.000,0.000,0.000,27.209,0.000,0.000,0.000,0,4,0,19,0,0,2200,0,0,0,0,0,0
97.770,0.000,0.0,-0.013,0.000,-2.774,0.000,0.000,0.000,0.000,0.000,27.209,0.000,0.000,0.000,0,4,0,19,0,0,2200,0,0,0,0,0,0
97.788,0.000,0.0,-0.013,0.000,-2.774,0.000,0.000,0.000,0.000,0.000,27.209,0.000,0.000,0.000,0,4,0,19,0,0,2200,0,0,0,0,0,0
97.808,0.000,0.0,-0.013,0.000,-2.774,0.000,0.000,0.000,0.000,0.000,27.209,0.000,0.000,0.000,0,4,0,19,0,0,2200,0,0,0,0,0,0
97.840,0.000,0.0,-0.013,0.000,-2.774,0.000,0.000,0.000,0.000,0.000,27.209,0.000,0.000,0.000,0,4,0,19,0,0,2200,0,0,0,0,0,0
97.871,0.000,0.0,-0.013,0.000,-2.774,0.000,0.000,0.000,0.000,0.000,27.209,0.000,0.000,0.000,0,4,0,19,0,0,2200,0,0,0,0,0,0
97.892,0.000,0.0,-0.013,0.000,-2.774,0.000,0.000,0.000,0.000,0.000,27.209,0.000,0.000,0.000,0,4,0,19,0,0,2200,0,0,0,0,0,0
97.919,0.000,0.0,-0.013,0.000,-2.774,0.000,0.000,0.000,0.000,0.000,27.209,0.000,0.000,0.000,0,4,0,19,0,0,2200,0,0,0,0,0,0
97.936,0.000,0.0,-0.013,0.000,-2.774,0.000,0.000,0.000,0.000,0.000,27.209,0.000,0.000,0.000,0,4,0,19,0,0,2200,0,0,0,0,0,0
97.965,0.000,0.0,-0.013,0.000,-2.774,0.000,0.000,0.000,0.000,0.000,27.209,0.000,0.000,0.000,0,4,0,19,0,0,2200,0,0,0,0,0,0
97.987,0.000,0.0,-0.013,0.000,-2.774,0.000,0.000,0.000,0.000,0.000,27.209,0.000,0.000,0.000,0,4,0,19,0,0,2200,0,0,0,0,0,0
98.005,0.000,0.0,-0.013,0.000,-2.774,0.000,0.000,0.000,0.000,0.000,27.209,0.000,0.000,0.000,0,4,0,19,0,0,2200,0,0,0,0,0,0
98.022,0.000,0.0,-0.013,0.000,-2.774,0.000,0.000,0.000,0.000,0.000,27.209,0.000,0.000,0.000,0,4,0,19,0,0,2200,0,0,0,0,0,0
98.043,6.128,13.7,-0.013,0.000,-2.774,1.463,2.343,-0.013,0.000,1.000,27.209,-0.295,-0.148,0.000,0,4,0,13,-444,3600,2200,-183,852,-69,0,0,2201
98.066,6.128,13.7,-0.013,0.000,-2.774,1.463,2.343,-0.013,0.000,1.000,27.209,-0.295,-0.148,0.000,0,4,0,13,-444,3600,2200,-537,-649,1289,0,0,2004
98.091,6.128,13.7,-0.013,0.000,-2.774,1.463,2.343,-0.013,0.000,1.000,27.209,-0.295,-0.148,0.000,0,4,0,13,-444,3600,2200,285,-123,-560,0,0,1806
98.109,6.128,13.7,-0.013,0.000,-2.774,1.463,2.343,-0.013,0.000,1.000,27.209,-0.295,-0.148,0.000,0,4,0,13,-444,3600,2200,566,890,-1271,0,0,2091
98.126,6.128,13.7,-0.013,0.000,-2.774,1.463,2.343,-0.013,0.000,1.000,27.209,-0.295,-0.148,0.000,0,4,0,13,-444,3600,2200,119,184,-80,0,0,2128
98.195,6.128,13.7,-0.013,0.000,-2.774,1.463,2.343,-0.013,0.000,1.000,27.209,-0.295,-0.148,0.000,0,4,0,13,-444,3600,2200,567,372,-1186,0,0,1997
98.219,6.128,13.7,-0.013,0.000,-2.774,1.463,2.343,-0.013,0.000,1.000,27.209,-0.295,-0.148,0.000,0,4,0,13,-444,3600,2200,54,-897,770,0,0,2103
98.251,6.128,13.7,-0.013,0.000,-2.774,1.463,2.343,-0.013,0.000,1.000,27.209,-0.295,-0.148,0.000,0,4,0,13,-444,3600,2200,-481,881,79,0,0,2392
98.268,6.128,13.7,-0.013,0.000,-2.774,1.463,2.343,-0.013,0.000,1.000,27.209,-0.295,-0.148,0.000,0,4,0,13,-444,3600,2200,97,262,-1215,0,0,1807
98.286,6.128,13.7,-0.013,0.000,-2.774,1.463,2.343,-0.013,0.000,1.000,27.209,-0.295,-0.148,0.000,0,4,0,13,-444,3600,2200,563,-849,-760,0,0,1742
98.303,6.128,13.7,-0.013,0.000,-2.774,1.463,2.343,-0.013,0.000,1.000,27.209,-0.295,-0.148,0.000,0,4,0,13,-444,3600,2200,306,-326,832,0,0,2604
98.324,6.128,13.7,-0.013,0.000,-2.774,1.463,2.343,-0.013,0.000,1.000,27.209,-0.295,-0.148,0.000,0,4,0,13,-444,3600,2200,-447,896,986,0,0,2910
98.341,6.128,13.7,-0.013,0.000,-2.774,1.463,2.343,-0.013,0.000,1.000,27.209,-0.295,-0.148,0.000,0,4,0,13,-444,3600,2200,-504,146,-535,0,0,1876
98.358,6.128,13.7,-0.013,0.000,-2.774,1.463,2.343,-0.013,0.000,1.000,27.209,-0.295,-0.148,0.000,0,4,0,13,-444,3600,2200,37,-863,-1295,0,0,1340
98.395,6.128,13.7,-0.013,0.000,-2.774,1.463,2.343,-0.013,0.000,1.000,27.209,-0.295,-0.148,0.000,0,4,0,13,-444,3600,2200,262,894,1272,0,0,3443
98.480,6.128,13.7,-0.013,0.000,-2.774,1.463,2.343,-0.013,0.000,1.000,27.209,-0.295,-0.148,0.000,0,4,0,13,-444,3600,2200,455,457,1291,0,0,3440
98.503,6.128,13.7,-0.013,0.000,-2.774,1.463,2.343,-0.013,0.000,1.000,27.209,-0.295,-0.148,0.000,0,4,0,13,-444,3600,2200,-373,-899,-104,0,0,1848
98.521,6.128,13.7,-0.013,0.000,-2.774,1.463,2.343,-0.013,0.000,1.000,27.209,-0.295,-0.148,0.000,0,4,0,13,-444,3600,2200,-543,-79,-1278,0,0,1631
98.537,6.128,13.7,-0.013,0.000,-2.774,1.463,2.343,-0.013,0.000,1.000,27.209,-0.295,-0.148,0.000,0,4,0,13,-444,3600,2200,-72,873,-673,0,0,2568
98.554,6.128,13.7,-0.013,0.000,-2.774,1.463,2.343,-0.013,0.000,1.000,27.209,-0.295,-0.148,0.000,0,4,0,13,-444,3600,2200,496,289,869,0,0,0
98.577,6.128,13.7,-0.013,0.000,-2.774,1.463,2.343,-0.013,0.000,1.000,27.209,-0.295,-0.148,0.000,0,4,0,13,-444,3600,2200,249,-882,745,0,0,0
98.595,6.128,13.7,-0.013,0.000,-2.774,1.463,2.343,-0.013,0.000,1.000,27.209,-0.295,-0.148,0.000,0,4,0,13,-444,3600,2200,-403,170,-864,0,0,0
98.612,6.128,13.7,-0.013,0.000,-2.774,1.463,2.343,-0.013,0.000,1.000,27.209,-0.295,-0.148,0.000,0,4,0,13,-444,3600,2200,-541,898,-1200,0,0,0
98.629,6.128,13.7,-0.013,0.000,-2.774,1.463,2.343,-0.013,0.000,1.000,27.209,-0.295,-0.148,0.000,0,4,0,13,-444,3600,2200,-29,4,143,0,0,0
98.652,6.128,13.7,-0.013,0.000,-2.774,1.463,2.343,-0.013,0.000,1.000,27.209,-0.295,-0.148,0.000,0,4,0,13,-444,3600,2200,574,-806,1247,0,0,0
98.669,6.128,13.7,-0.013,0.000,-2.774,1.463,2.343,-0.013,0.000,1.000,27.209,-0.295,-0.148,0.000,0,4,0,13,-444,3600,2200,240,323,25,0,0,0
98.685,6.128,13.7,-0.013,0.000,-2.774,1.463,2.343,-0.013,0.000,1.000,27.209,-0.295,-0.148,0.000,0,4,0,13,-444,3600,2200,-358,882,-1204,0,0,0
98.702,6.128,13.7,-0.013,0.000,-2.774,1.463,2.343,-0.013,0.000,1.000,27.209,-0.295,-0.148,0.000,0,4,0,13,-444,3600,2200,-552,-115,-810,0,0,0
98.723,6.128,13.7,-0.013,0.000,-2.774,1.463,2.343,-0.013,0.000,1.000,27.209,-0.295,-0.148,0.000,0,4,0,13,-444,3600,2200,89,-829,1023,0,0,0
98.746,6.128,13.7,-0.013,0.000,-2.774,1.463,2.343,-0.013,0.000,1.000,27.209,-0.295,-0.148,0.000,0,4,0,13,-444,3600,2200,562,704,579,0,0,0
98.764,6.128,13.7,-0.013,0.000,-2.774,1.463,2.343,-0.013,0.000,1.000,27.209,-0.295,-0.148,0.000,0,4,0,13,-444,3600,2200,86,582,-983,0,0,0
98.793,6.128,13.7,-0.013,0.000,-2.774,1.463,2.343,-0.013,0.000,1.000,27.209,-0.295,-0.148,0.000,0,4,0,13,-444,3600,2200,-545,-852,-69,0,0,0
98.817,6.128,13.7,-0.013,0.000,-2.774,1.463,2.343,-0.013,0.000,1.000,27.209,-0.295,-0.148,0.000,0,4,0,13,-444,3600,2200,210,659,1286,0,0,0
98.833,6.128,13.7,-0.013,0.000,-2.774,1.463,2.343,-0.013,0.000,1.000,27.209,-0.295,-0.148,0.000,0,4,0,13,-444,3600,2200,572,714,286,0,0,0
98.850,6.128,13.7,-0.013,0.000,-2.774,1.463,2.343,-0.013,0.000,1.000,27.209,-0.295,-0.148,0.000,0,4,0,13,-444,3600,2200,251,-527,-1158,0,0,0
98.871,6.128,13.7,-0.013,0.000,-2.774,1.463,2.343,-0.013,0.000,1.000,27.209,-0.295,-0.148,0.000,0,4,0,13,-444,3600,2200,-487,-547,-559,0,0,0
98.892,6.128,13.7,-0.013,0.000,-2.774,1.463,2.343,-0.013,0.000,1.000,27.209,-0.295,-0.148,0.000,0,4,0,13,-444,3600,2200,-361,836,1180,0,0,0
98.919,6.128,13.7,-0.013,0.000,-2.774,1.463,2.343,-0.013,0.000,1.000,27.209,-0.295,-0.148,0.000,0,4,0,13,-444,3600,2200,522,-323,26,0,0,0
98.936,6.128,13.7,-0.013,0.000,-2.774,1.463,2.343,-0.013,0.000,1.000,27.209,-0.295,-0.148,0.000,0,4,0,13,-444,3600,2200,423,-862,-1239,0,0,0
98.965,6.128,13.7,-0.013,0.000,-2.774,1.463,2.343,-0.013,0.000,1.000,27.209,-0.295,-0.148,0.000,0,4,0,13,-444,3600,2200,-538,871,439,0,0,0
98.988,6.128,13.7,-0.013,0.000,-2.774,1.463,2.343,-0.013,0.000,1.000,27.209,-0.295,-0.148,0.000,0,4,0,13,-444,3600,2200,-200,-158,1147,0,0,0
99.006,6.128,13.7,-0.013,0.000,-2.774,1.463,2.343,-0.013,0.000,1.000,27.209,-0.295,-0.148,0.000,0,4,0,13,-444,3600,2200,438,-888,-328,0,0,0
99.022,6.128,13.7,-0.013,0.000,-2.774,1.463,2.343,-0.013,0.000,1.000,27.209,-0.295,-0.148,0.000,0,4,0,13,-444,3600,2200,528,2,-1292,0,0,0
99.038,6.128,13.7,-0.013,0.000,-2.774,1.463,2.343,-0.013,0.000,1.000,27.209,-0.295,-0.148,0.000,0,4,0,13,-444,3600,2200,13,894,-542,0,0,0
99.059,6.128,13.7,-0.013,0.000,-2.774,1.463,2.343,-0.013,0.000,1.000,27.209,-0.295,-0.148,0.000,0,4,0,13,-444,3600,2200,-567,-123,1176,0,0,0
99.090,6.128,13.7,-0.013,0.000,-2.774,1.463,2.343,-0.013,0.000,1.000,27.209,-0.295,-0.148,0.000,0,4,0,13,-444,3600,2200,244,-213,-456,0,0,0
99.107,6.128,13.7,-0.013,0.000,-2.774,1.463,2.343,-0.013,0.000,1.000,27.209,-0.295,-0.148,0.000,0,4,0,13,-444,3600,2200,574,853,-1298,0,0,0
99.123,6.128,13.7,-0.013,0.000,-2.774,1.463,2.343,-0.013,0.000,1.000,27.209,-0.295,-0.148,0.000,0,4,0,13,-444,3600,2200,239,422,-389,0,0,0
99.145,6.128,13.7,-0.013,0.000,-2.774,1.463,2.343,-0.013,0.000,1.000,27.209,-0.295,-0.148,0.000,0,4,0,13,-444,3600,2200,-498,-886,1256,0,0,0
99.168,6.128,13.7,-0.013,0.000,-2.774,1.463,2.343,-0.013,0.000,1.000,27.209,-0.295,-0.148,0.000,0,4,0,13,-444,3600,2200,-255,292,66,0,0,0
99.184,6.128,13.7,-0.013,0.000,-2.774,1.463,2.343,-0.013,0.000,1.000,27.209,-0.295,-0.148,0.000,0,4,0,13,-444,3600,2200,356,883,-1202,0,0,0
99.215,6.128,13.7,-0.013,0.000,-2.774,1.463,2.343,-0.013,0.000,1.000,27.209,-0.295,-0.148,0.000,0,4,0,13,-444,3600,2200,215,-863,406,0,0,0
99.237,6.128,13.7,-0.013,0.000,-2.774,1.463,2.343,-0.013,0.000,1.000,27.209,-0.295,-0.148,0.000,0,4,0,13,-444,3600,2200,-520,63,1198,0,0,0
99.254,6.128,13.7,-0.013,0.000,-2.774,1.463,2.343,-0.013,0.000,1.000,27.209,-0.295,-0.148,0.000,0,4,0,13,-444,3600,2200,-411,899,-195,0,0,0
99.271,6.128,13.7,-0.013,0.000,-2.774,1.463,2.343,-0.013,0.000,1.000,27.209,-0.295,-0.148,0.000,0,4,0,13,-444,3600,2200,192,71,-1280,0,0,0
99.287,6.128,13.7,-0.013,0.000,-2.774,1.463,2.343,-0.013,0.000,1.000,27.209,-0.295,-0.148,0.000,0,4,0,13,-444,3600,2200,572,-883,-626,0,0,0
99.308,6.128,13.7,-0.013,0.000,-2.774,1.463,2.343,-0.013,0.000,1.000,27.209,-0.295,-0.148,0.000,0,4,0,13,-444,3600,2200,115,79,1151,0,0,0
99.325,6.128,13.7,-0.013,0.000,-2.774,1.463,2.343,-0.013,0.000,1.000,27.209,-0.295,-0.148,0.000,0,4,0,13,-444,3600,2200,-465,900,937,0,0,0
99.341,6.128,13.7,-0.013,0.000,-2.774,1.463,2.343,-0.013,0.000,1.000,27.209,-0.295,-0.148,0.000,0,4,0,13,-444,3600,2200,-503,139,-543,0,0,0
99.359,6.128,13.7,-0.013,0.000,-2.774,1.463,2.343,-0.013,0.000,1.000,27.209,-0.295,-0.148,0.000,0,4,0,13,-444,3600,2200,80,-884,-1280,0,0,0
99.380,6.128,13.7,-0.013,0.000,-2.774,1.463,2.343,-0.013,0.000,1.000,27.209,-0.295,-0.148,0.000,0,4,0,13,-444,3600,2200,573,126,303,0,0,0
99.398,6.128,13.7,-0.013,0.000,-2.774,1.463,2.343,-0.013,0.000,1.000,27.209,-0.295,-0.148,0.000,0,4,0,13,-444,3600,2200,170,895,1300,0,0,0
99.414,6.128,13.7,-0.013,0.000,-2.774,1.463,2.343,-0.013,0.000,1.000,27.209,-0.295,-0.148,0.000,0,4,0,13,-444,3600,2200,-426,17,446,0,0,0
99.432,6.128,13.7,-0.013,0.000,-2.774,1.463,2.343,-0.013,0.000,1.000,27.209,-0.295,-0.148,0.000,0,4,0,13,-444,3600,2200,-511,-899,-1071,0,0,0
99.452,6.128,13.7,-0.013,0.000,-2.774,1.463,2.343,-0.013,0.000,1.000,27.209,-0.295,-0.148,0.000,0,4,0,13,-444,3600,2200,164,126,-799,0,0,0
99.469,6.128,13.7,-0.013,0.000,-2.774,1.463,2.343,-0.013,0.000,1.000,27.209,-0.295,-0.148,0.000,0,4,0,13,-444,3600,2200,573,893,805,0,0,0
99.496,6.128,13.7,-0.013,0.000,-2.774,1.463,2.343,-0.013,0.000,1.000,27.209,-0.295,-0.148,0.000,0,4,0,13,-444,3600,2200,-127,-712,564,0,0,0
99.513,6.128,13.7,-0.013,0.000,-2.774,1.463,2.343,-0.013,0.000,1.000,27.209,-0.295,-0.148,0.000,0,4,0,13,-444,3600,2200,-562,-635,-923,0,0,0
99.534,6.128,13.7,-0.013,0.000,-2.774,1.463,2.343,-0.013,0.000,1.000,27.209,-0.295,-0.148,0.000,0,4,0,13,-444,3600,2200,-167,807,-865,0,0,0
99.551,6.128,13.7,-0.013,0.000,-2.774,1.463,2.343,-0.013,0.000,1.000,27.209,-0.295,-0.148,0.000,0,4,0,13,-444,3600,2200,429,495,638,0,0,0
99.568,6.128,13.7,-0.013,0.000,-2.774,1.463,2.343,-0.013,0.000,1.000,27.209,-0.295,-0.148,0.000,0,4,0,13,-444,3600,2200,517,-716,1266,0,0,0
99.584,6.128,13.7,-0.013,0.000,-2.774,1.463,2.343,-0.013,0.000,1.000,27.209,-0.295,-0.148,0.000,0,4,0,13,-444,3600,2200,-19,-618,111,0,0,0
99.605,6.128,13.7,-0.013,0.000,-2.774,1.463,2.343,-0.013,0.000,1.000,27.209,-0.295,-0.148,0.000,0,4,0,13,-444,3600,2200,-572,790,-1295,0,0,0
99.622,6.128,13.7,-0.013,0.000,-2.774,1.463,2.343,-0.013,0.000,1.000,27.209,-0.295,-0.148,0.000,0,4,0,13,-444,3600,2200,-270,482,-469,0,0,0
99.639,6.128,13.7,-0.013,0.000,-2.774,1.463,2.343,-0.013,0.000,1.000,27.209,-0.295,-0.148,0.000,0,4,0,13,-444,3600,2200,346,-694,993,0,0,0
99.655,6.128,13.7,-0.013,0.000,-2.774,1.463,2.343,-0.013,0.000,1.000,27.209,-0.295,-0.148,0.000,0,4,0,13,-444,3600,2200,564,-669,1129,0,0,0
99.676,6.128,13.7,-0.013,0.000,-2.774,1.463,2.343,-0.013,0.000,1.000,27.209,-0.295,-0.148,0.000,0,4,0,13,-444,3600,2200,-53,773,-680,0,0,0
99.693,6.128,13.7,-0.013,0.000,-2.774,1.463,2.343,-0.013,0.000,1.000,27.209,-0.295,-0.148,0.000,0,4,0,13,-444,3600,2200,-551,503,-1249,0,0,0
99.715,6.128,13.7,-0.013,0.000,-2.774,1.463,2.343,-0.013,0.000,1.000,27.209,-0.295,-0.148,0.000,0,4,0,13,-444,3600,2200,-208,-867,423,0,0,0
99.746,6.128,13.7,-0.013,0.000,-2.774,1.463,2.343,-0.013,0.000,1.000,27.209,-0.295,-0.148,0.000,0,4,0,13,-444,3600,2200,563,696,594,0,0,0
99.766,6.128,13.7,-0.013,0.000,-2.774,1.463,2.343,-0.013,0.000,1.000,27.209,-0.295,-0.148,0.000,0,4,0,13,-444,3600,2200,-18,410,-1131,0,0,0
99.794,6.128,13.7,-0.013,0.000,-2.774,1.463,2.343,-0.013,0.000,1.000,27.209,-0.295,-0.148,0.000,0,4,0,13,-444,3600,2200,-534,-829,10,0,0,0
99.810,6.128,13.7,-0.013,0.000,-2.774,1.463,2.343,-0.013,0.000,1.000,27.209,-0.295,-0.148,0.000,0,4,0,13,-444,3600,2200,-51,206,1216,0,0,0
99.841,6.128,13.7,-0.013,0.000,-2.774,1.463,2.343,-0.013,0.000,1.000,27.209,-0.295,-0.148,0.000,0,4,0,13,-444,3600,2200,508,162,-517,0,0,0
99.861,6.128,13.7,-0.013,0.000,-2.774,1.463,2.343,-0.013,0.000,1.000,27.209,-0.295,-0.148,0.000,0,4,0,13,-444,3600,2200,-183,-899,-1209,0,0,0
99.879,6.128,13.7,-0.013,0.000,-2.774,1.463,2.343,-0.013,0.000,1.000,27.209,-0.295,-0.148,0.000,0,4,0,13,-444,3600,2200,-574,17,170,0,0,0
99.896,6.128,13.7,-0.013,0.000,-2.774,1.463,2.343,-0.013,0.000,1.000,27.209,-0.295,-0.148,0.000,0,4,0,13,-444,3600,2200,-238,899,1284,0,0,0
99.912,6.128,13.7,-0.013,0.000,-2.774,1.463,2.343,-0.013,0.000,1.000,27.209,-0.295,-0.148,0.000,0,4,0,13,-444,3600,2200,376,158,606,0,0,0
99.933,6.128,13.7,-0.013,0.000,-2.774,1.463,2.343,-0.013,0.000,1.000,27.209,-0.295,-0.148,0.000,0,4,0,13,-444,3600,2200,482,-897,-1145,0,0,0
99.966,6.128,13.7,-0.013,0.000,-2.774,1.463,2.343,-0.013,0.000,1.000,27.209,-0.295,-0.148,0.000,0,4,0,13,-444,3600,2200,-548,885,514,0,0,0
99.982,6.128,13.7,-0.013,0.000,-2.774,1.463,2.343,-0.013,0.000,1.000,27.209,-0.295,-0.148,0.000,0,4,0,13,-444,3600,2200,-397,301,1299,0,0,0
99.999,6.128,13.7,-0.013,0.000,-2.774,1.463,2.343,-0.013,0.000,1.000,27.209,-0.295,-0.148,0.000,0,4,0,13,-444,3600,2200,247,-838,266,0,0,0
100.020,6.128,13.7,-0.013,0.000,-2.774,1.463,2.343,-0.013,0.000,1.000,27.209,-0.295,-0.148,0.000,0,4,0,13,-444,3600,2200,545,-95,-1274,0,0,0
100.037,6.128,13.7,-0.013,0.000,-2.774,1.463,2.343,-0.013,0.000,1.000,27.209,-0.295,-0.148,0.000,0,4,0,13,-444,3600,2200,62,878,-650,0,0,0
100.054,6.128,13.7,-0.013,0.000,-2.774,1.463,2.343,-0.013,0.000,1.000,27.209,-0.295,-0.148,0.000,0,4,0,13,-444,3600,2200,-513,224,930,0,0,0
100.071,6.128,13.7,-0.013,0.000,-2.774,1.463,2.343,-0.013,0.000,1.000,27.209,-0.295,-0.148,0.000,0,4,0,13,-444,3600,2200,-436,-854,1134,0,0,0
100.093,6.128,13.7,-0.013,0.000,-2.774,1.463,2.343,-0.013,0.000,1.000,27.209,-0.295,-0.148,0.000,0,4,0,13,-444,3600,2200,343,14,-709,0,0,0
100.122,6.128,13.7,-0.013,0.000,-2.774,1.463,2.343,-0.013,0.000,1.000,27.209,-0.295,-0.148,0.000,0,4,0,13,-444,3600,2200,279,498,-491,0,0,0
100.138,6.128,13.7,-0.013,0.000,-2.774,1.463,2.343,-0.013,0.000,1.000,27.209,-0.295,-0.148,0.000,0,4,0,13,-444,3600,2200,-337,-680,976,0,0,0
100.168,6.128,13.7,-0.013,0.000,-2.774,1.463,2.343,-0.013,0.000,1.000,27.209,-0.295,-0.148,0.000,0,4,0,13,-444,3600,2200,-263,275,89,0,0,0
100.189,6.128,13.7,-0.013,0.000,-2.774,1.463,2.343,-0.013,0.000,1.000,27.209,-0.295,-0.148,0.000,0,4,0,13,-444,3600,2200,475,751,-1298,0,0,0
100.215,6.128,13.7,-0.013,0.000,-2.774,1.463,2.343,-0.013,0.000,1.000,27.209,-0.295,-0.148,0.000,0,4,0,13,-444,3600,2200,189,-877,470,0,0,0
100.246,6.128,13.7,-0.013,0.000,-2.774,1.463,2.343,-0.013,0.000,1.000,27.209,-0.295,-0.148,0.000,0,4,0,13,-444,3600,2200,-558,722,547,0,0,0
100.268,6.128,13.7,-0.013,0.000,-2.774,1.463,2.343,-0.013,0.000,1.000,27.209,-0.295,-0.148,0.000,0,4,0,13,-444,3600,2200,85,286,-1204,0,0,0
100.284,6.128,13.7,-0.013,0.000,-2.774,1.463,2.343,-0.013,0.000,1.000,27.209,-0.295,-0.148,0.000,0,4,0,13,-444,3600,2200,552,-815,-847,0,0,0
100.301,6.128,13.7,-0.013,0.000,-2.774,1.463,2.343,-0.013,0.000,1.000,27.209,-0.295,-0.148,0.000,0,4,0,13,-444,3600,2200,374,-477,661,0,0,0
100.318,6.128,13.7,-0.013,0.000,-2.774,1.463,2.343,-0.013,0.000,1.000,27.209,-0.295,-0.148,0.000,0,4,0,13,-444,3600,2200,-258,725,1261,0,0,0
100.339,6.128,13.7,-0.013,0.000,-2.774,1.463,2.343,-0.013,0.000,1.000,27.209,-0.295,-0.148,0.000,0,4,0,13,-444,3600,2200,-537,295,-355,0,0,0
100.371,6.128,13.7,-0.013,0.000,-2.774,1.463,2.343,-0.013,0.000,1.000,27.209,-0.295,-0.148,0.000,0,4,0,13,-444,3600,2200,491,-534,-542,0,0,0
100.388,6.128,13.7,-0.013,0.000,-2.774,1.463,2.343,-0.013,0.000,1.000,27.209,-0.295,-0.148,0.000,0,4,0,13,-444,3600,2200,477,653,942,0,0,0
100.419,6.128,13.7,-0.013,0.000,-2.774,1.463,2.343,-0.013,0.000,1.000,27.209,-0.295,-0.148,0.000,0,4,0,13,-444,3600,2200,-528,-350,-11,0,0,0
100.440,6.128,13.7,-0.013,0.000,-2.774,1.463,2.343,-0.013,0.000,1.000,27.209,-0.295,-0.148,0.000,0,4,0,13,-444,3600,2200,-283,-694,-1299,0,0,0
100.465,6.128,13.7,-0.013,0.000,-2.774,1.463,2.343,-0.013,0.000,1.000,27.209,-0.295,-0.148,0.000,0,4,0,13,-444,3600,2200,536,869,429,0,0,0
100.482,6.128,13.7,-0.013,0.000,-2.774,1.463,2.343,-0.013,0.000,1.000,27.209,-0.295,-0.148,0.000,0,4,0,13,-444,3600,2200,384,266,1296,0,0,0
100.500,6.128,13.7,-0.013,0.000,-2.774,1.463,2.343,-0.013,0.000,1.000,27.209,-0.295,-0.148,0.000,0,4,0,13,-444,3600,2200,-264,-851,221,0,0,0
100.521,6.128,13.7,-0.013,0.000,-2.774,1.463,2.343,-0.013,0.000,1.000,27.209,-0.295,-0.148,0.000,0,4,0,13,-444,3600,2200,-541,-69,-1280,0,0,0
100.543,6.128,13.7,-0.013,0.000,-2.774,1.463,2.343,-0.013,0.000,1.000,27.209,-0.295,-0.148,0.000,0,4,0,13,-444,3600,2200,193,845,-42,0,0,0
100.561,6.128,13.7,-0.013,0.000,-2.774,1.463,2.343,-0.013,0.000,1.000,27.209,-0.295,-0.148,0.000,0,4,0,13,-444,3600,2200,574,-284,1248,0,0,0
100.590,6.128,13.7,-0.013,0.000,-2.774,1.463,2.343,-0.013,0.000,1.000,27.209,-0.295,-0.148,0.000,0,4,0,13,-444,3600,2200,-252,-197,-476,0,0,0
100.611,6.128,13.7,-0.013,0.000,-2.774,1.463,2.343,-0.013,0.000,1.000,27.209,-0.295,-0.148,0.000,0,4,0,13,-444,3600,2200,-546,900,-1214,0,0,0
100.629,6.128,13.7,-0.013,0.000,-2.774,1.463,2.343,-0.013,0.000,1.000,27.209,-0.295,-0.148,0.000,0,4,0,13,-444,3600,2200,-17,-18,171,0,0,0
100.646,6.128,13.7,-0.013,0.000,-2.774,1.463,2.343,-0.013,0.000,1.000,27.209,-0.295,-0.148,0.000,0,4,0,13,-444,3600,2200,523,-899,1284,0,0,0
100.663,6.128,13.7,-0.013,0.000,-2.774,1.463,2.343,-0.013,0.000,1.000,27.209,-0.295,-0.148,0.000,0,4,0,13,-444,3600,2200,421,-117,561,0,0,0
100.683,6.128,13.7,-0.013,0.000,-2.774,1.463,2.343,-0.013,0.000,1.000,27.209,-0.295,-0.148,0.000,0,4,0,13,-444,3600,2200,-318,896,-1153,0,0,0
100.700,6.128,13.7,-0.013,0.000,-2.774,1.463,2.343,-0.013,0.000,1.000,27.209,-0.295,-0.148,0.000,0,4,0,13,-444,3600,2200,-567,17,-932,0,0,0
100.717,6.128,13.7,-0.013,0.000,-2.774,1.463,2.343,-0.013,0.000,1.000,27.209,-0.295,-0.148,0.000,0,4,0,13,-444,3600,2200,-112,-899,648,0,0,0
100.746,6.128,13.7,-0.013,0.000,-2.774,1.463,2.343,-0.013,0.000,1.000,27.209,-0.295,-0.148,0.000,0,4,0,13,-444,3600,2200,563,699,589,0,0,0
100.766,6.128,13.7,-0.013,0.000,-2.774,1.463,2.343,-0.013,0.000,1.000,27.209,-0.295,-0.148,0.000,0,4,0,13,-444,3600,2200,-13,419,-1125,0,0,0
100.794,6.128,13.7,-0.013,0.000,-2.774,1.463,2.343,-0.013,0.000,1.000,27.209,-0.295,-0.148,0.000,0,4,0,13,-444,3600,2200,-534,-830,7,0,0,0
100.810,6.128,13.7,-0.013,0.000,-2.774,1.463,2.343,-0.013,0.000,1.000,27.209,-0.295,-0.148,0.000,0,4,0,13,-444,3600,2200,-30,247,1234,0,0,0
100.840,6.128,13.7,-0.013,0.000,-2.774,1.463,2.343,-0.013,0.000,1.000,27.209,-0.295,-0.148,0.000,0,4,0,13,-444,3600,2200,525,235,-430,0,0,0
100.861,6.128,13.7,-0.013,0.000,-2.774,1.463,2.343,-0.013,0.000,1.000,27.209,-0.295,-0.148,0.000,0,4,0,13,-444,3600,2200,-167,-900,-1224,0,0,0
100.878,6.128,13.7,-0.013,0.000,-2.774,1.463,2.343,-0.013,0.000,1.000,27.209,-0.295,-0.148,0.000,0,4,0,13,-444,3600,2200,-573,-21,122,0,0,0
100.896,6.128,13.7,-0.013,0.000,-2.774,1.463,2.343,-0.013,0.000,1.000,27.209,-0.295,-0.148,0.000,0,4,0,13,-444,3600,2200,-237,899,1284,0,0,0
100.912,6.128,13.7,-0.013,0.000,-2.774,1.463,2.343,-0.013,0.000,1.000,27.209,-0.295,-0.148,0.000,0,4,0,13,-444,3600,2200,377,156,604,0,0,0
100.933,6.128,13.7,-0.013,0.000,-2.774,1.463,2.343,-0.013,0.000,1.000,27.209,-0.295,-0.148,0.000,0,4,0,13,-444,3600,2200,480,-897,-1150,0,0,0
100.965,6.128,13.7,-0.013,0.000,-2.774,1.463,2.343,-0.013,0.000,1.000,27.209,-0.295,-0.148,0.000,0,4,0,13,-444,3600,2200,-543,878,473,0,0,0
100.996,6.128,13.7,-0.013,0.000,-2.774,1.463,2.343,-0.013,0.000,1.000,27.209,-0.295,-0.148,0.000,0,4,0,13,-444,3600,2200,135,-722,546,0,0,0
101.018,6.128,13.7,-0.013,0.000,-2.774,1.463,2.343,-0.013,0.000,1.000,27.209,-0.295,-0.148,0.000,0,4,0,13,-444,3600,2200,570,-306,-1194,0,0,0
101.035,6.128,13.7,-0.013,0.000,-2.774,1.463,2.343,-0.013,0.000,1.000,27.209,-0.295,-0.148,0.000,0,4,0,13,-444,3600,2200,139,831,-810,0,0,0
101.051,6.128,13.7,-0.013,0.000,-2.774,1.463,2.343,-0.013,0.000,1.000,27.209,-0.295,-0.148,0.000,0,4,0,13,-444,3600,2200,-448,443,703,0,0,0
101.069,6.128,13.7,-0.013,0.000,-2.774,1.463,2.343,-0.013,0.000,1.000,27.209,-0.295,-0.148,0.000,0,4,0,13,-444,3600,2200,-494,-769,1234,0,0,0
101.090,6.128,13.7,-0.013,0.000,-2.774,1.463,2.343,-0.013,0.000,1.000,27.209,-0.295,-0.148,0.000,0,4,0,13,-444,3600,2200,241,-220,-448,0,0,0
101.106,6.128,13.7,-0.013,0.000,-2.774,1.463,2.343,-0.013,0.000,1.000,27.209,-0.295,-0.148,0.000,0,4,0,13,-444,3600,2200,574,835,-1300,0,0,0
101.123,6.128,13.7,-0.013,0.000,-2.774,1.463,2.343,-0.013,0.000,1.000,27.209,-0.295,-0.148,0.000,0,4,0,13,-444,3600,2200,230,403,-364,0,0,0
101.140,6.128,13.7,-0.013,0.000,-2.774,1.463,2.343,-0.013,0.000,1.000,27.209,-0.295,-0.148,0.000,0,4,0,13,-444,3600,2200,-383,-751,1066,0,0,0
101.161,6.128,13.7,-0.013,0.000,-2.774,1.463,2.343,-0.013,0.000,1.000,27.209,-0.295,-0.148,0.000,0,4,0,13,-444,3600,2200,-476,-290,750,0,0,0
101.178,6.128,13.7,-0.013,0.000,-2.774,1.463,2.343,-0.013,0.000,1.000,27.209,-0.295,-0.148,0.000,0,4,0,13,-444,3600,2200,141,849,-859,0,0,0
101.196,6.128,13.7,-0.013,0.000,-2.774,1.463,2.343,-0.013,0.000,1.000,27.209,-0.295,-0.148,0.000,0,4,0,13,-444,3600,2200,571,326,-1159,0,0,0
101.212,6.128,13.7,-0.013,0.000,-2.774,1.463,2.343,-0.013,0.000,1.000,27.209,-0.295,-0.148,0.000,0,4,0,13,-444,3600,2200,296,-795,187,0,0,0
101.234,6.128,13.7,-0.013,0.000,-2.774,1.463,2.343,-0.013,0.000,1.000,27.209,-0.295,-0.148,0.000,0,4,0,13,-444,3600,2200,-460,-168,1279,0,0,0
101.251,6.128,13.7,-0.013,0.000,-2.774,1.463,2.343,-0.013,0.000,1.000,27.209,-0.295,-0.148,0.000,0,4,0,13,-444,3600,2200,-490,874,119,0,0,0
101.268,6.128,13.7,-0.013,0.000,-2.774,1.463,2.343,-0.013,0.000,1.000,27.209,-0.295,-0.148,0.000,0,4,0,13,-444,3600,2200,87,283,-1206,0,0,0
101.293,6.128,13.7,-0.013,0.000,-2.774,1.463,2.343,-0.013,0.000,1.000,27.209,-0.295,-0.148,0.000,0,4,0,13,-444,3600,2200,547,-857,-87,0,0,0
101.316,6.128,13.7,-0.013,0.000,-2.774,1.463,2.343,-0.013,0.000,1.000,27.209,-0.295,-0.148,0.000,0,4,0,13,-444,3600,2200,-188,626,1293,0,0,0
101.333,6.128,13.7,-0.013,0.000,-2.774,1.463,2.343,-0.013,0.000,1.000,27.209,-0.295,-0.148,0.000,0,4,0,13,-444,3600,2200,-573,697,252,0,0,0
101.350,6.128,13.7,-0.013,0.000,-2.774,1.463,2.343,-0.013,0.000,1.000,27.209,-0.295,-0.148,0.000,0,4,0,13,-444,3600,2200,-257,-515,-1150,0,0,0
101.371,6.128,13.7,-0.013,0.000,-2.774,1.463,2.343,-0.013,0.000,1.000,27.209,-0.295,-0.148,0.000,0,4,0,13,-444,3600,2200,490,-538,-547,0,0,0
101.393,6.128,13.7,-0.013,0.000,-2.774,1.463,2.343,-0.013,0.000,1.000,27.209,-0.295,-0.148,0.000,0,4,0,13,-444,3600,2200,345,851,1200,0,0,0
101.418,6.128,13.7,-0.013,0.000,-2.774,1.463,2.343,-0.013,0.000,1.000,27.209,-0.295,-0.148,0.000,0,4,0,13,-444,3600,2200,-519,-311,41,0,0,0
101.435,6.128,13.7,-0.013,0.000,-2.774,1.463,2.343,-0.013,0.000,1.000,27.209,-0.295,-0.148,0.000,0,4,0,13,-444,3600,2200,-427,-866,-1234,0,0,0
101.452,6.128,13.7,-0.013,0.000,-2.774,1.463,2.343,-0.013,0.000,1.000,27.209,-0.295,-0.148,0.000,0,4,0,13,-444,3600,2200,171,141,-785,0,0,0
101.473,6.128,13.7,-0.013,0.000,-2.774,1.463,2.343,-0.013,0.000,1.000,27.209,-0.295,-0.148,0.000,0,4,0,13,-444,3600,2200,565,815,1049,0,0,0
101.496,6.128,13.7,-0.013,0.000,-2.774,1.463,2.343,-0.013,0.000,1.000,27.209,-0.295,-0.148,0.000,0,4,0,13,-444,3600,2200,-135,-723,545,0,0,0
101.514,6.128,13.7,-0.013,0.000,-2.774,1.463,2.343,-0.013,0.000,1.000,27.209,-0.295,-0.148,0.000,0,4,0,13,-444,3600,2200,-570,-560,-1007,0,0,0
101.543,6.128,13.7,-0.013,0.000,-2.774,1.463,2.343,-0.013,0.000,1.000,27.209,-0.295,-0.148,0.000,0,4,0,13,-444,3600,2200,179,855,-79,0,0,0
101.565,6.128,13.7,-0.013,0.000,-2.774,1.463,2.343,-0.013,0.000,1.000,27.209,-0.295,-0.148,0.000,0,4,0,13,-444,3600,2200,557,-551,1300,0,0,0
101.590,6.128,13.7,-0.013,0.000,-2.774,1.463,2.343,-0.013,0.000,1.000,27.209,-0.295,-0.148,0.000,0,4,0,13,-444,3600,2200,-233,-237,-428,0,0,0
101.621,6.128,13.7,-0.013,0.000,-2.774,1.463,2.343,-0.013,0.000,1.000,27.209,-0.295,-0.148,0.000,0,4,0,13,-444,3600,2200,-296,530,-536,0,0,0
101.646,6.128,13.7,-0.013,0.000,-2.774,1.463,2.343,-0.013,0.000,1.000,27.209,-0.295,-0.148,0.000,0,4,0,13,-444,3600,2200,531,-900,1291,0,0,0
101.663,6.128,13.7,-0.013,0.000,-2.774,1.463,2.343,-0.013,0.000,1.000,27.209,-0.295,-0.148,0.000,0,4,0,13,-444,3600,2200,407,-79,517,0,0,0
101.680,6.128,13.7,-0.013,0.000,-2.774,1.463,2.343,-0.013,0.000,1.000,27.209,-0.295,-0.148,0.000,0,4,0,13,-444,3600,2200,-198,881,-964,0,0,0
101.696,6.128,13.7,-0.013,0.000,-2.774,1.463,2.343,-0.013,0.000,1.000,27.209,-0.295,-0.148,0.000,0,4,0,13,-444,3600,2200,-573,285,-1134,0,0,0
101.719,6.128,13.7,-0.013,0.000,-2.774,1.463,2.343,-0.013,0.000,1.000,27.209,-0.295,-0.148,0.000,0,4,0,13,-444,3600,2200,-38,-894,802,0,0,0
101.737,6.128,13.7,-0.013,0.000,-2.774,1.463,2.343,-0.013,0.000,1.000,27.209,-0.295,-0.148,0.000,0,4,0,13,-444,3600,2200,519,60,1199,0,0,0
101.754,6.128,13.7,-0.013,0.000,-2.774,1.463,2.343,-0.013,0.000,1.000,27.209,-0.295,-0.148,0.000,0,4,0,13,-444,3600,2200,429,900,-131,0,0,0
101.770,6.128,13.7,-0.013,0.000,-2.774,1.463,2.343,-0.013,0.000,1.000,27.209,-0.295,-0.148,0.000,0,4,0,13,-444,3600,2200,-184,87,-1276,0,0,0
101.796,6.128,13.7,-0.013,0.000,-2.774,1.463,2.343,-0.013,0.000,1.000,27.209,-0.295,-0.148,0.000,0,4,0,13,-444,3600,2200,-509,-776,157,0,0,0
101.812,6.128,13.7,-0.013,0.000,-2.774,1.463,2.343,-0.013,0.000,1.000,27.209,-0.295,-0.148,0.000,0,4,0,13,-444,3600,2200,49,395,1281,0,0,0
101.841,6.128,13.7,-0.013,0.000,-2.774,1.463,2.343,-0.013,0.000,1.000,27.209,-0.295,-0.148,0.000,0,4,0,13,-444,3600,2200,506,155,-525,0,0,0
101.866,6.128,13.7,-0.013,0.000,-2.774,1.463,2.343,-0.013,0.000,1.000,27.209,-0.295,-0.148,0.000,0,4,0,13,-444,3600,2200,-351,-804,-960,0,0,0
101.883,6.128,13.7,-0.013,0.000,-2.774,1.463,2.343,-0.013,0.000,1.000,27.209,-0.295,-0.148,0.000,0,4,0,13,-444,3600,2200,-557,328,548,0,0,0
101.899,6.128,13.7,-0.013,0.000,-2.774,1.463,2.343,-0.013,0.000,1.000,27.209,-0.295,-0.148,0.000,0,4,0,13,-444,3600,2200,-106,872,1293,0,0,0
101.918,6.128,13.7,-0.013,0.000,-2.774,1.463,2.343,-0.013,0.000,1.000,27.209,-0.295,-0.148,0.000,0,4,0,13,-444,3600,2200,520,-314,38,0,0,0
101.944,6.128,13.7,-0.013,0.000,-2.774,1.463,2.343,-0.013,0.000,1.000,27.209,-0.295,-0.148,0.000,0,4,0,13,-444,3600,2200,148,-477,-1239,0,0,0
101.960,6.128,13.7,-0.013,0.000,-2.774,1.463,2.343,-0.013,0.000,1.000,27.209,-0.295,-0.148,0.000,0,4,0,13,-444,3600,2200,-447,709,-7,0,0,0
101.978,6.128,13.7,-0.013,0.000,-2.774,1.463,2.343,-0.013,0.000,1.000,27.209,-0.295,-0.148,0.000,0,4,0,13,-444,3600,2200,-496,578,1257,0,0,0
101.995,6.128,13.7,-0.013,0.000,-2.774,1.463,2.343,-0.013,0.000,1.000,27.209,-0.295,-0.148,0.000,0,4,0,13,-444,3600,2200,76,-646,675,0,0,0
102.016,6.128,13.7,-0.013,0.000,-2.774,1.463,2.343,-0.013,0.000,1.000,27.209,-0.295,-0.148,0.000,0,4,0,13,-444,3600,2200,574,-405,-1135,0,0,0
102.043,6.128,13.7,-0.013,0.000,-2.774,1.463,2.343,-0.013,0.000,1.000,27.209,-0.295,-0.148,0.000,0,4,0,13,-444,3600,2200,-175,857,-89,0,0,0
102.059,6.128,13.7,-0.013,0.000,-2.774,1.463,2.343,-0.013,0.000,1.000,27.209,-0.295,-0.148,0.000,0,4,0,13,-444,3600,2200,-568,-132,1180,0,0,0
102.075,6.128,13.7,-0.013,0.000,-2.774,1.463,2.343,-0.013,0.000,1.000,27.209,-0.295,-0.148,0.000,0,4,0,13,-444,3600,2200,-318,-900,897,0,0,0
102.098,6.128,13.7,-0.013,0.000,-2.774,1.463,2.343,-0.013,0.000,1.000,27.209,-0.295,-0.148,0.000,0,4,0,13,-444,3600,2200,481,404,-1067,0,0,0
102.115,6.128,13.7,-0.013,0.000,-2.774,1.463,2.343,-0.013,0.000,1.000,27.209,-0.295,-0.148,0.000,0,4,0,13,-444,3600,2200,483,843,-1037,0,0,0
102.132,6.128,13.7,-0.013,0.000,-2.774,1.463,2.343,-0.013,0.000,1.000,27.209,-0.295,-0.148,0.000,0,4,0,13,-444,3600,2200,-121,-291,502,0,0,0
102.149,6.128,13.7,-0.013,0.000,-2.774,1.463,2.343,-0.013,0.000,1.000,27.209,-0.295,-0.148,0.000,0,4,0,13,-444,3600,2200,-561,-881,1297,0,0,0
102.171,6.128,13.7,-0.013,0.000,-2.774,1.463,2.343,-0.013,0.000,1.000,27.209,-0.295,-0.148,0.000,0,4,0,13,-444,3600,2200,-149,494,-212,0,0,0
102.188,6.128,13.7,-0.013,0.000,-2.774,1.463,2.343,-0.013,0.000,1.000,27.209,-0.295,-0.148,0.000,0,4,0,13,-444,3600,2200,464,771,-1294,0,0,0
102.205,6.128,13.7,-0.013,0.000,-2.774,1.463,2.343,-0.013,0.000,1.000,27.209,-0.295,-0.148,0.000,0,4,0,13,-444,3600,2200,502,-368,-532,0,0,0
102.221,6.128,13.7,-0.013,0.000,-2.774,1.463,2.343,-0.013,0.000,1.000,27.209,-0.295,-0.148,0.000,0,4,0,13,-444,3600,2200,-26,-870,919,0,0,0
102.242,6.128,13.7,-0.013,0.000,-2.774,1.463,2.343,-0.013,0.000,1.000,27.209,-0.295,-0.148,0.000,0,4,0,13,-444,3600,2200,-574,483,882,0,0,0
102.259,6.128,13.7,-0.013,0.000,-2.774,1.463,2.343,-0.013,0.000,1.000,27.209,-0.295,-0.148,0.000,0,4,0,13,-444,3600,2200,-255,801,-646,0,0,0
102.292,6.128,13.7,-0.013,0.000,-2.774,1.463,2.343,-0.013,0.000,1.000,27.209,-0.295,-0.148,0.000,0,4,0,13,-444,3600,2200,553,-868,-135,0,0,0
102.316,6.128,13.7,-0.013,0.000,-2.774,1.463,2.343,-0.013,0.000,1.000,27.209,-0.295,-0.148,0.000,0,4,0,13,-444,3600,2200,-180,613,1295,0,0,0
102.332,6.128,13.7,-0.013,0.000,-2.774,1.463,2.343,-0.013,0.000,1.000,27.209,-0.295,-0.148,0.000,0,4,0,13,-444,3600,2200,-572,720,298,0,0,0
102.349,6.128,13.7,-0.013,0.000,-2.774,1.463,2.343,-0.013,0.000,1.000,27.209,-0.295,-0.148,0.000,0,4,0,13,-444,3600,2200,-275,-482,-1126,0,0,0
102.371,6.128,13.7,-0.013,0.000,-2.774,1.463,2.343,-0.013,0.000,1.000,27.209,-0.295,-0.148,0.000,0,4,0,13,-444,3600,2200,490,-537,-546,0,0,0
102.393,6.128,13.7,-0.013,0.000,-2.774,1.463,2.343,-0.013,0.000,1.000,27.209,-0.295,-0.148,0.000,0,4,0,13,-444,3600,2200,335,858,1211,0,0,0
102.418,6.128,13.7,-0.013,0.000,-2.774,1.463,2.343,-0.013,0.000,1.000,27.209,-0.295,-0.148,0.000,0,4,0,13,-444,3600,2200,-511,-277,86,0,0,0
102.434,6.128,13.7,-0.013,0.000,-2.774,1.463,2.343,-0.013,0.000,1.000,27.209,-0.295,-0.148,0.000,0,4,0,13,-444,3600,2200,-452,-884,-1199,0,0,0
102.466,6.128,13.7,-0.013,0.000,-2.774,1.463,2.343,-0.013,0.000,1.000,27.209,-0.295,-0.148,0.000,0,4,0,13,-444,3600,2200,549,886,519,0,0,0
102.488,6.128,13.7,-0.013,0.000,-2.774,1.463,2.343,-0.013,0.000,1.000,27.209,-0.295,-0.148,0.000,0,4,0,13,-444,3600,2200,205,-148,1153,0,0,0
102.505,6.128,13.7,-0.013,0.000,-2.774,1.463,2.343,-0.013,0.000,1.000,27.209,-0.295,-0.148,0.000,0,4,0,13,-444,3600,2200,-422,-895,-269,0,0,0
102.521,6.128,13.7,-0.013,0.000,-2.774,1.463,2.343,-0.013,0.000,1.000,27.209,-0.295,-0.148,0.000,0,4,0,13,-444,3600,2200,-536,-39,-1286,0,0,0
102.537,6.128,13.7,-0.013,0.000,-2.774,1.463,2.343,-0.013,0.000,1.000,27.209,-0.295,-0.148,0.000,0,4,0,13,-444,3600,2200,-41,886,-604,0,0,0
102.558,6.128,13.7,-0.013,0.000,-2.774,1.463,2.343,-0.013,0.000,1.000,27.209,-0.295,-0.148,0.000,0,4,0,13,-444,3600,2200,559,-48,1133,0,0,0
102.591,6.128,13.7,-0.013,0.000,-2.774,1.463,2.343,-0.013,0.000,1.000,27.209,-0.295,-0.148,0.000,0,4,0,13,-444,3600,2200,-267,-163,-515,0,0,0
102.622,6.128,13.7,-0.013,0.000,-2.774,1.463,2.343,-0.013,0.000,1.000,27.209,-0.295,-0.148,0.000,0,4,0,13,-444,3600,2200,-299,535,-543,0,0,0
102.643,6.128,13.7,-0.013,0.000,-2.774,1.463,2.343,-0.013,0.000,1.000,27.209,-0.295,-0.148,0.000,0,4,0,13,-444,3600,2200,473,-865,1221,0,0,0
102.660,6.128,13.7,-0.013,0.000,-2.774,1.463,2.343,-0.013,0.000,1.000,27.209,-0.295,-0.148,0.000,0,4,0,13,-444,3600,2200,492,-347,810,0,0,0
102.677,6.128,13.7,-0.013,0.000,-2.774,1.463,2.343,-0.013,0.000,1.000,27.209,-0.295,-0.148,0.000,0,4,0,13,-444,3600,2200,-102,819,-783,0,0,0
102.695,6.128,13.7,-0.013,0.000,-2.774,1.463,2.343,-0.013,0.000,1.000,27.209,-0.295,-0.148,0.000,0,4,0,13,-444,3600,2200,-565,398,-1200,0,0,0
102.715,6.128,13.7,-0.013,0.000,-2.774,1.463,2.343,-0.013,0.000,1.000,27.209,-0.295,-0.148,0.000,0,4,0,13,-444,3600,2200,-195,-875,457,0,0,0
102.732,6.128,13.7,-0.013,0.000,-2.774,1.463,2.343,-0.013,0.000,1.000,27.209,-0.295,-0.148,0.000,0,4,0,13,-444,3600,2200,414,-305,1299,0,0,0
102.748,6.128,13.7,-0.013,0.000,-2.774,1.463,2.343,-0.013,0.000,1.000,27.209,-0.295,-0.148,0.000,0,4,0,13,-444,3600,2200,542,786,410,0,0,0
102.765,6.128,13.7,-0.013,0.000,-2.774,1.463,2.343,-0.013,0.000,1.000,27.209,-0.295,-0.148,0.000,0,4,0,13,-444,3600,2200,32,496,-1066,0,0,0
102.786,6.128,13.7,-0.013,0.000,-2.774,1.463,2.343,-0.013,0.000,1.000,27.209,-0.295,-0.148,0.000,0,4,0,13,-444,3600,2200,-564,-852,-751,0,0,0
102.803,6.128,13.7,-0.013,0.000,-2.774,1.463,2.343,-0.013,0.000,1.000,27.209,-0.295,-0.148,0.000,0,4,0,13,-444,3600,2200,-316,-347,810,0,0,0
102.819,6.128,13.7,-0.013,0.000,-2.774,1.463,2.343,-0.013,0.000,1.000,27.209,-0.295,-0.148,0.000,0,4,0,13,-444,3600,2200,288,763,1239,0,0,0
102.835,6.128,13.7,-0.013,0.000,-2.774,1.463,2.343,-0.013,0.000,1.000,27.209,-0.295,-0.148,0.000,0,4,0,13,-444,3600,2200,572,564,23,0,0,0
102.856,6.128,13.7,-0.013,0.000,-2.774,1.463,2.343,-0.013,0.000,1.000,27.209,-0.295,-0.148,0.000,0,4,0,13,-444,3600,2200,31,-815,-1299,0,0,0
102.873,6.128,13.7,-0.013,0.000,-2.774,1.463,2.343,-0.013,0.000,1.000,27.209,-0.295,-0.148,0.000,0,4,0,13,-444,3600,2200,-524,-413,-377,0,0,0
102.890,6.128,13.7,-0.013,0.000,-2.774,1.463,2.343,-0.013,0.000,1.000,27.209,-0.295,-0.148,0.000,0,4,0,13,-444,3600,2200,-432,744,1057,0,0,0
102.918,6.128,13.7,-0.013,0.000,-2.774,1.463,2.343,-0.013,0.000,1.000,27.209,-0.295,-0.148,0.000,0,4,0,13,-444,3600,2200,508,-262,105,0,0,0
102.939,6.128,13.7,-0.013,0.000,-2.774,1.463,2.343,-0.013,0.000,1.000,27.209,-0.295,-0.148,0.000,0,4,0,13,-444,3600,2200,328,-757,-1297,0,0,0
102.966,6.128,13.7,-0.013,0.000,-2.774,1.463,2.343,-0.013,0.000,1.000,27.209,-0.295,-0.148,0.000,0,4,0,13,-444,3600,2200,-547,884,506,0,0,0
102.982,6.128,13.7,-0.013,0.000,-2.774,1.463,2.343,-0.013,0.000,1.000,27.209,-0.295,-0.148,0.000,0,4,0,13,-444,3600,2200,-401,311,1299,0,0,0
102.999,6.128,13.7,-0.013,0.000,-2.774,1.463,2.343,-0.013,0.000,1.000,27.209,-0.295,-0.148,0.000,0,4,0,13,-444,3600,2200,242,-833,280,0,0,0
103.022,6.128,13.7,-0.013,0.000,-2.774,1.463,2.343,-0.013,0.000,1.000,27.209,-0.295,-0.148,0.000,0,4,0,13,-444,3600,2200,528,1,-1292,0,0,0
103.038,6.128,13.7,-0.013,0.000,-2.774,1.463,2.343,-0.013,0.000,1.000,27.209,-0.295,-0.148,0.000,0,4,0,13,-444,3600,2200,27,891,-574,0,0,0
103.054,6.128,13.7,-0.013,0.000,-2.774,1.463,2.343,-0.013,0.000,1.000,27.209,-0.295,-0.148,0.000,0,4,0,13,-444,3600,2200,-511,233,922,0,0,0
103.071,6.128,13.7,-0.013,0.000,-2.774,1.463,2.343,-0.013,0.000,1.000,27.209,-0.295,-0.148,0.000,0,4,0,13,-444,3600,2200,-438,-851,1139,0,0,0
103.092,6.128,13.7,-0.013,0.000,-2.774,1.463,2.343,-0.013,0.000,1.000,27.209,-0.295,-0.148,0.000,0,4,0,13,-444,3600,2200,310,-66,-624,0,0,0
103.122,6.128,13.7,-0.013,0.000,-2.774,1.463,2.343,-0.013,0.000,1.000,27.209,-0.295,-0.148,0.000,0,4,0,13,-444,3600,2200,274,489,-479,0,0,0
103.139,6.128,13.7,-0.013,0.000,-2.774,1.463,2.343,-0.013,0.000,1.000,27.209,-0.295,-0.148,0.000,0,4,0,13,-444,3600,2200,-347,-697,997,0,0,0
103.168,6.128,13.7,-0.013,0.000,-2.774,1.463,2.343,-0.013,0.000,1.000,27.209,-0.295,-0.148,0.000,0,4,0,13,-444,3600,2200,-269,262,105,0,0,0
103.189,6.128,13.7,-0.013,0.000,-2.774,1.463,2.343,-0.013,0.000,1.000,27.209,-0.295,-0.148,0.000,0,4,0,13,-444,3600,2200,484,732,-1300,0,0,0
103.215,6.128,13.7,-0.013,0.000,-2.774,1.463,2.343,-0.013,0.000,1.000,27.209,-0.295,-0.148,0.000,0,4,0,13,-444,3600,2200,194,-875,458,0,0,0
103.231,6.128,13.7,-0.013,0.000,-2.774,1.463,2.343,-0.013,0.000,1.000,27.209,-0.295,-0.148,0.000,0,4,0,13,-444,3600,2200,-396,-351,1300,0,0,0
103.248,6.128,13.7,-0.013,0.000,-2.774,1.463,2.343,-0.013,0.000,1.000,27.209,-0.295,-0.148,0.000,0,4,0,13,-444,3600,2200,-544,780,425,0,0,0
103.268,6.128,13.7,-0.013,0.000,-2.774,1.463,2.343,-0.013,0.000,1.000,27.209,-0.295,-0.148,0.000,0,4,0,13,-444,3600,2200,100,257,-1218,0,0,0
103.294,6.128,13.7,-0.013,0.000,-2.774,1.463,2.343,-0.013,0.000,1.000,27.209,-0.295,-0.148,0.000,0,4,0,13,-444,3600,2200,536,-834,-7,0,0,0
103.311,6.128,13.7,-0.013,0.000,-2.774,1.463,2.343,-0.013,0.000,1.000,27.209,-0.295,-0.148,0.000,0,4,0,13,-444,3600,2200,-5,314,1258,0,0,0
103.328,6.128,13.7,-0.013,0.000,-2.774,1.463,2.343,-0.013,0.000,1.000,27.209,-0.295,-0.148,0.000,0,4,0,13,-444,3600,2200,-533,864,668,0,0,0
103.350,6.128,13.7,-0.013,0.000,-2.774,1.463,2.343,-0.013,0.000,1.000,27.209,-0.295,-0.148,0.000,0,4,0,13,-444,3600,2200,-251,-527,-1159,0,0,0
103.366,6.128,13.7,-0.013,0.000,-2.774,1.463,2.343,-0.013,0.000,1.000,27.209,-0.295,-0.148,0.000,0,4,0,13,-444,3600,2200,357,-796,-947,0,0,0
103.383,6.128,13.7,-0.013,0.000,-2.774,1.463,2.343,-0.013,0.000,1.000,27.209,-0.295,-0.148,0.000,0,4,0,13,-444,3600,2200,554,352,576,0,0,0
103.399,6.128,13.7,-0.013,0.000,-2.774,1.463,2.343,-0.013,0.000,1.000,27.209,-0.295,-0.148,0.000,0,4,0,13,-444,3600,2200,111,874,1294,0,0,0
103.421,6.128,13.7,-0.013,0.000,-2.774,1.463,2.343,-0.013,0.000,1.000,27.209,-0.295,-0.148,0.000,0,4,0,13,-444,3600,2200,-553,-483,-196,0,0,0
103.438,6.128,13.7,-0.013,0.000,-2.774,1.463,2.343,-0.013,0.000,1.000,27.209,-0.295,-0.148,0.000,0,4,0,13,-444,3600,2200,-358,-795,-1287,0,0,0
103.455,6.128,13.7,-0.013,0.000,-2.774,1.463,2.343,-0.013,0.000,1.000,27.209,-0.295,-0.148,0.000,0,4,0,13,-444,3600,2200,275,357,-546,0,0,0
103.472,6.128,13.7,-0.013,0.000,-2.774,1.463,2.343,-0.013,0.000,1.000,27.209,-0.295,-0.148,0.000,0,4,0,13,-444,3600,2200,569,836,1009,0,0,0
103.493,6.128,13.7,-0.013,0.000,-2.774,1.463,2.343,-0.013,0.000,1.000,27.209,-0.295,-0.148,0.000,0,4,0,13,-444,3600,2200,-4,-536,822,0,0,0
103.511,6.128,13.7,-0.013,0.000,-2.774,1.463,2.343,-0.013,0.000,1.000,27.209,-0.295,-0.148,0.000,0,4,0,13,-444,3600,2200,-541,-731,-785,0,0,0
103.527,6.128,13.7,-0.013,0.000,-2.774,1.463,2.343,-0.013,0.000,1.000,27.209,-0.295,-0.148,0.000,0,4,0,13,-444,3600,2200,-401,434,-1233,0,0,0
103.544,6.128,13.7,-0.013,0.000,-2.774,1.463,2.343,-0.013,0.000,1.000,27.209,-0.295,-0.148,0.000,0,4,0,13,-444,3600,2200,206,835,-7,0,0,0
103.565,6.128,13.7,-0.013,0.000,-2.774,1.463,2.343,-0.013,0.000,1.000,27.209,-0.295,-0.148,0.000,0,4,0,13,-444,3600,2200,550,-589,1298,0,0,0
103.590,6.128,13.7,-0.013,0.000,-2.774,1.463,2.343,-0.013,0.000,1.000,27.209,-0.295,-0.148,0.000,0,4,0,13,-444,3600,2200,-226,-251,-410,0,0,0
103.621,6.128,13.7,-0.013,0.000,-2.774,1.463,2.343,-0.013,0.000,1.000,27.209,-0.295,-0.148,0.000,0,4,0,13,-444,3600,2200,-318,572,-596,0,0,0
103.642,6.128,13.7,-0.013,0.000,-2.774,1.463,2.343,-0.013,0.000,1.000,27.209,-0.295,-0.148,0.000,0,4,0,13,-444,3600,2200,442,-831,1172,0,0,0
103.669,6.128,13.7,-0.013,0.000,-2.774,1.463,2.343,-0.013,0.000,1.000,27.209,-0.295,-0.148,0.000,0,4,0,13,-444,3600,2200,239,325,23,0,0,0
103.686,6.128,13.7,-0.013,0.000,-2.774,1.463,2.343,-0.013,0.000,1.000,27.209,-0.295,-0.148,0.000,0,4,0,13,-444,3600,2200,-390,862,-1239,0,0,0
103.715,6.128,13.7,-0.013,0.000,-2.774,1.463,2.343,-0.013,0.000,1.000,27.209,-0.295,-0.148,0.000,0,4,0,13,-444,3600,2200,-201,-871,441,0,0,0
103.736,6.128,13.7,-0.013,0.000,-2.774,1.463,2.343,-0.013,0.000,1.000,27.209,-0.295,-0.148,0.000,0,4,0,13,-444,3600,2200,513,32,1212,0,0,0
103.754,6.128,13.7,-0.013,0.000,-2.774,1.463,2.343,-0.013,0.000,1.000,27.209,-0.295,-0.148,0.000,0,4,0,13,-444,3600,2200,427,900,-139,0,0,0
103.771,6.128,13.7,-0.013,0.000,-2.774,1.463,2.343,-0.013,0.000,1.000,27.209,-0.295,-0.148,0.000,0,4,0,13,-444,3600,2200,-192,71,-1280,0,0,0
103.787,6.128,13.7,-0.013,0.000,-2.774,1.463,2.343,-0.013,0.000,1.000,27.209,-0.295,-0.148,0.000,0,4,0,13,-444,3600,2200,-572,-883,-625,0,0,0
103.808,6.128,13.7,-0.013,0.000,-2.774,1.463,2.343,-0.013,0.000,1.000,27.209,-0.295,-0.148,0.000,0,4,0,13,-444,3600,2200,-118,73,1148,0,0,0
103.841,6.128,13.7,-0.013,0.000,-2.774,1.463,2.343,-0.013,0.000,1.000,27.209,-0.295,-0.148,0.000,0,4,0,13,-444,3600,2200,514,186,-488,0,0,0
103.871,6.128,13.7,-0.013,0.000,-2.774,1.463,2.343,-0.013,0.000,1.000,27.209,-0.295,-0.148,0.000,0,4,0,13,-444,3600,2200,-484,-555,-571,0,0,0
103.892,6.128,13.7,-0.013,0.000,-2.774,1.463,2.343,-0.013,0.000,1.000,27.209,-0.295,-0.148,0.000,0,4,0,13,-444,3600,2200,-362,835,1178,0,0,0
103.919,6.128,13.7,-0.013,0.000,-2.774,1.463,2.343,-0.013,0.000,1.000,27.209,-0.295,-0.148,0.000,0,4,0,13,-444,3600,2200,523,-328,19,0,0,0
103.936,6.128,13.7,-0.013,0.000,-2.774,1.463,2.343,-0.013,0.000,1.000,27.209,-0.295,-0.148,0.000,0,4,0,13,-444,3600,2200,384,-824,-1273,0,0,0
103.953,6.128,13.7,-0.013,0.000,-2.774,1.463,2.343,-0.013,0.000,1.000,27.209,-0.295,-0.148,0.000,0,4,0,13,-444,3600,2200,-215,233,-689,0,0,0
103.974,6.128,13.7,-0.013,0.000,-2.774,1.463,2.343,-0.013,0.000,1.000,27.209,-0.295,-0.148,0.000,0,4,0,13,-444,3600,2200,-557,781,1100,0,0,0
103.991,6.128,13.7,-0.013,0.000,-2.774,1.463,2.343,-0.013,0.000,1.000,27.209,-0.295,-0.148,0.000,0,4,0,13,-444,3600,2200,-94,-367,995,0,0,0
104.008,6.128,13.7,-0.013,0.000,-2.774,1.463,2.343,-0.013,0.000,1.000,27.209,-0.295,-0.148,0.000,0,4,0,13,-444,3600,2200,497,-832,-564,0,0,0
104.025,6.128,13.7,-0.013,0.000,-2.774,1.463,2.343,-0.013,0.000,1.000,27.209,-0.295,-0.148,0.000,0,4,0,13,-444,3600,2200,457,279,-1283,0,0,0
104.046,6.128,13.7,-0.013,0.000,-2.774,1.463,2.343,-0.013,0.000,1.000,27.209,-0.295,-0.148,0.000,0,4,0,13,-444,3600,2200,-273,769,174,0,0,0
104.063,6.128,13.7,-0.013,0.000,-2.774,1.463,2.343,-0.013,0.000,1.000,27.209,-0.295,-0.148,0.000,0,4,0,13,-444,3600,2200,-569,-444,1291,0,0,0
104.091,6.128,13.7,-0.013,0.000,-2.774,1.463,2.343,-0.013,0.000,1.000,27.209,-0.295,-0.148,0.000,0,4,0,13,-444,3600,2200,257,-186,-488,0,0,0
104.122,6.128,13.7,-0.013,0.000,-2.774,1.463,2.343,-0.013,0.000,1.000,27.209,-0.295,-0.148,0.000,0,4,0,13,-444,3600,2200,274,489,-480,0,0,0
104.145,6.128,13.7,-0.013,0.000,-2.774,1.463,2.343,-0.013,0.000,1.000,27.209,-0.295,-0.148,0.000,0,4,0,13,-444,3600,2200,-498,-886,1255,0,0,0
104.168,6.128,13.7,-0.013,0.000,-2.774,1.463,2.343,-0.013,0.000,1.000,27.209,-0.295,-0.148,0.000,0,4,0,13,-444,3600,2200,-257,288,71,0,0,0
104.185,6.128,13.7,-0.013,0.000,-2.774,1.463,2.343,-0.013,0.000,1.000,27.209,-0.295,-0.148,0.000,0,4,0,13,-444,3600,2200,360,881,-1206,0,0,0
104.215,6.128,13.7,-0.013,0.000,-2.774,1.463,2.343,-0.013,0.000,1.000,27.209,-0.295,-0.148,0.000,0,4,0,13,-444,3600,2200,200,-872,442,0,0,0
104.237,6.128,13.7,-0.013,0.000,-2.774,1.463,2.343,-0.013,0.000,1.000,27.209,-0.295,-0.148,0.000,0,4,0,13,-444,3600,2200,-517,50,1204,0,0,0
104.254,6.128,13.7,-0.013,0.000,-2.774,1.463,2.343,-0.013,0.000,1.000,27.209,-0.295,-0.148,0.000,0,4,0,13,-444,3600,2200,-410,899,-201,0,0,0
104.272,6.128,13.7,-0.013,0.000,-2.774,1.463,2.343,-0.013,0.000,1.000,27.209,-0.295,-0.148,0.000,0,4,0,13,-444,3600,2200,229,-8,-1293,0,0,0
104.288,6.128,13.7,-0.013,0.000,-2.774,1.463,2.343,-0.013,0.000,1.000,27.209,-0.295,-0.148,0.000,0,4,0,13,-444,3600,2200,574,-896,-528,0,0,0
104.310,6.128,13.7,-0.013,0.000,-2.774,1.463,2.343,-0.013,0.000,1.000,27.209,-0.295,-0.148,0.000,0,4,0,13,-444,3600,2200,51,206,1216,0,0,0
104.340,6.128,13.7,-0.013,0.000,-2.774,1.463,2.343,-0.013,0.000,1.000,27.209,-0.295,-0.148,0.000,0,4,0,13,-444,3600,2200,-522,224,-443,0,0,0
104.356,6.128,13.7,-0.013,0.000,-2.774,1.463,2.343,-0.013,0.000,1.000,27.209,-0.295,-0.148,0.000,0,4,0,13,-444,3600,2200,-19,-825,-1300,0,0,0
104.373,6.128,13.7,-0.013,0.000,-2.774,1.463,2.343,-0.013,0.000,1.000,27.209,-0.295,-0.148,0.000,0,4,0,13,-444,3600,2200,523,-420,-387,0,0,0
104.394,6.128,13.7,-0.013,0.000,-2.774,1.463,2.343,-0.013,0.000,1.000,27.209,-0.295,-0.148,0.000,0,4,0,13,-444,3600,2200,303,878,1243,0,0,0
104.411,6.128,13.7,-0.013,0.000,-2.774,1.463,2.343,-0.013,0.000,1.000,27.209,-0.295,-0.148,0.000,0,4,0,13,-444,3600,2200,-320,293,753,0,0,0
104.427,6.128,13.7,-0.013,0.000,-2.774,1.463,2.343,-0.013,0.000,1.000,27.209,-0.295,-0.148,0.000,0,4,0,13,-444,3600,2200,-567,-811,-764,0,0,0
104.445,6.128,13.7,-0.013,0.000,-2.774,1.463,2.343,-0.013,0.000,1.000,27.209,-0.295,-0.148,0.000,0,4,0,13,-444,3600,2200,-113,-415,-1209,0,0,0
104.465,6.128,13.7,-0.013,0.000,-2.774,1.463,2.343,-0.013,0.000,1.000,27.209,-0.295,-0.148,0.000,0,4,0,13,-444,3600,2200,537,869,432,0,0,0
104.483,6.128,13.7,-0.013,0.000,-2.774,1.463,2.343,-0.013,0.000,1.000,27.209,-0.295,-0.148,0.000,0,4,0,13,-444,3600,2200,377,249,1294,0,0,0
104.500,6.128,13.7,-0.013,0.000,-2.774,1.463,2.343,-0.013,0.000,1.000,27.209,-0.295,-0.148,0.000,0,4,0,13,-444,3600,2200,-279,-861,181,0,0,0
104.518,6.128,13.7,-0.013,0.000,-2.774,1.463,2.343,-0.013,0.000,1.000,27.209,-0.295,-0.148,0.000,0,4,0,13,-444,3600,2200,-569,-304,-1195,0,0,0
104.539,6.128,13.7,-0.013,0.000,-2.774,1.463,2.343,-0.013,0.000,1.000,27.209,-0.295,-0.148,0.000,0,4,0,13,-444,3600,2200,24,900,-459,0,0,0
104.557,6.128,13.7,-0.013,0.000,-2.774,1.463,2.343,-0.013,0.000,1.000,27.209,-0.295,-0.148,0.000,0,4,0,13,-444,3600,2200,546,50,1068,0,0,0
104.574,6.128,13.7,-0.013,0.000,-2.774,1.463,2.343,-0.013,0.000,1.000,27.209,-0.295,-0.148,0.000,0,4,0,13,-444,3600,2200,355,-898,974,0,0,0
104.591,6.128,13.7,-0.013,0.000,-2.774,1.463,2.343,-0.013,0.000,1.000,27.209,-0.295,-0.148,0.000,0,4,0,13,-444,3600,2200,-258,-183,-491,0,0,0
104.612,6.128,13.7,-0.013,0.000,-2.774,1.463,2.343,-0.013,0.000,1.000,27.209,-0.295,-0.148,0.000,0,4,0,13,-444,3600,2200,-538,897,-1190,0,0,0
104.629,6.128,13.7,-0.013,0.000,-2.774,1.463,2.343,-0.013,0.000,1.000,27.209,-0.295,-0.148,0.000,0,4,0,13,-444,3600,2200,-6,-41,199,0,0,0
104.646,6.128,13.7,-0.013,0.000,-2.774,1.463,2.343,-0.013,0.000,1.000,27.209,-0.295,-0.148,0.000,0,4,0,13,-444,3600,2200,527,-899,1287,0,0,0
104.663,6.128,13.7,-0.013,0.000,-2.774,1.463,2.343,-0.013,0.000,1.000,27.209,-0.295,-0.148,0.000,0,4,0,13,-444,3600,2200,414,-98,539,0,0,0
104.684,6.128,13.7,-0.013,0.000,-2.774,1.463,2.343,-0.013,0.000,1.000,27.209,-0.295,-0.148,0.000,0,4,0,13,-444,3600,2200,-345,888,-1189,0,0,0
104.715,6.128,13.7,-0.013,0.000,-2.774,1.463,2.343,-0.013,0.000,1.000,27.209,-0.295,-0.148,0.000,0,4,0,13,-444,3600,2200,-199,-872,446,0,0,0
104.747,6.128,13.7,-0.013,0.000,-2.774,1.463,2.343,-0.013,0.000,1.000,27.209,-0.295,-0.148,0.000,0,4,0,13,-444,3600,2200,556,732,527,0,0,0
104.767,6.128,13.7,-0.013,0.000,-2.774,1.463,2.343,-0.013,0.000,1.000,27.209,-0.295,-0.148,0.000,0,4,0,13,-444,3600,2200,-52,348,-1171,0,0,0
104.793,6.128,13.7,-0.013,0.000,-2.774,1.463,2.343,-0.013,0.000,1.000,27.209,-0.295,-0.148,0.000,0,4,0,13,-444,3600,2200,-550,-863,-113,0,0,0
104.810,6.128,13.7,-0.013,0.000,-2.774,1.463,2.343,-0.013,0.000,1.000,27.209,-0.295,-0.148,0.000,0,4,0,13,-444,3600,2200,-39,230,1227,0,0,0
104.827,6.128,13.7,-0.013,0.000,-2.774,1.463,2.343,-0.013,0.000,1.000,27.209,-0.295,-0.148,0.000,0,4,0,13,-444,3600,2200,503,892,806,0,0,0
104.849,6.128,13.7,-0.013,0.000,-2.774,1.463,2.343,-0.013,0.000,1.000,27.209,-0.295,-0.148,0.000,0,4,0,13,-444,3600,2200,308,-417,-1077,0,0,0
104.872,6.128,13.7,-0.013,0.000,-2.774,1.463,2.343,-0.013,0.000,1.000,27.209,-0.295,-0.148,0.000,0,4,0,13,-444,3600,2200,-495,-523,-526,0,0,0
104.889,6.128,13.7,-0.013,0.000,-2.774,1.463,2.343,-0.013,0.000,1.000,27.209,-0.295,-0.148,0.000,0,4,0,13,-444,3600,2200,-445,721,1027,0,0,0
104.906,6.128,13.7,-0.013,0.000,-2.774,1.463,2.343,-0.013,0.000,1.000,27.209,-0.295,-0.148,0.000,0,4,0,13,-444,3600,2200,140,627,1091,0,0,0
104.926,6.128,13.7,-0.013,0.000,-2.774,1.463,2.343,-0.013,0.000,1.000,27.209,-0.295,-0.148,0.000,0,4,0,13,-444,3600,2200,572,-777,-689,0,0,0
104.944,6.128,13.7,-0.013,0.000,-2.774,1.463,2.343,-0.013,0.000,1.000,27.209,-0.295,-0.148,0.000,0,4,0,13,-444,3600,2200,153,-486,-1243,0,0,0
104.965,6.128,13.7,-0.013,0.000,-2.774,1.463,2.343,-0.013,0.000,1.000,27.209,-0.295,-0.148,0.000,0,4,0,13,-444,3600,2200,-532,862,400,0,0,0
104.996,6.128,13.7,-0.013,0.000,-2.774,1.463,2.343,-0.013,0.000,1.000,27.209,-0.295,-0.148,0.000,0,4,0,13,-444,3600,2200,127,-712,564,0,0,0
105.017,6.128,13.7,-0.013,0.000,-2.774,1.463,2.343,-0.013,0.000,1.000,27.209,-0.295,-0.148,0.000,0,4,0,13,-444,3600,2200,572,-346,-1172,0,0,0
105.034,6.128,13.7,-0.013,0.000,-2.774,1.463,2.343,-0.013,0.000,1.000,27.209,-0.295,-0.148,0.000,0,4,0,13,-444,3600,2200,183,791,-896,0,0,0
105.050,6.128,13.7,-0.013,0.000,-2.774,1.463,2.343,-0.013,0.000,1.000,27.209,-0.295,-0.148,0.000,0,4,0,13,-444,3600,2200,-416,525,598,0,0,0
105.068,6.128,13.7,-0.013,0.000,-2.774,1.463,2.343,-0.013,0.000,1.000,27.209,-0.295,-0.148,0.000,0,4,0,13,-444,3600,2200,-518,-713,1267,0,0,0
105.089,6.128,13.7,-0.013,0.000,-2.774,1.463,2.343,-0.013,0.000,1.000,27.209,-0.295,-0.148,0.000,0,4,0,13,-444,3600,2200,182,-341,-297,0,0,0
105.121,6.128,13.7,-0.013,0.000,-2.774,1.463,2.343,-0.013,0.000,1.000,27.209,-0.295,-0.148,0.000,0,4,0,13,-444,3600,2200,304,546,-559,0,0,0
105.137,6.128,13.7,-0.013,0.000,-2.774,1.463,2.343,-0.013,0.000,1.000,27.209,-0.295,-0.148,0.000,0,4,0,13,-444,3600,2200,-298,-616,897,0,0,0
105.154,6.128,13.7,-0.013,0.000,-2.774,1.463,2.343,-0.013,0.000,1.000,27.209,-0.295,-0.148,0.000,0,4,0,13,-444,3600,2200,-571,-730,1184,0,0,0
105.174,6.128,13.7,-0.013,0.000,-2.774,1.463,2.343,-0.013,0.000,1.000,27.209,-0.295,-0.148,0.000,0,4,0,13,-444,3600,2200,-30,676,-499,0,0,0
105.191,6.128,13.7,-0.013,0.000,-2.774,1.463,2.343,-0.013,0.000,1.000,27.209,-0.295,-0.148,0.000,0,4,0,13,-444,3600,2200,510,666,-1297,0,0,0
105.216,6.128,13.7,-0.013,0.000,-2.774,1.463,2.343,-0.013,0.000,1.000,27.209,-0.295,-0.148,0.000,0,4,0,13,-444,3600,2200,180,-881,492,0,0,0
105.233,6.128,13.7,-0.013,0.000,-2.774,1.463,2.343,-0.013,0.000,1.000,27.209,-0.295,-0.148,0.000,0,4,0,13,-444,3600,2200,-434,-248,1293,0,0,0
105.253,6.128,13.7,-0.013,0.000,-2.774,1.463,2.343,-0.013,0.000,1.000,27.209,-0.295,-0.148,0.000,0,4,0,13,-444,3600,2200,-440,899,-89,0,0,0
105.270,6.128,13.7,-0.013,0.000,-2.774,1.463,2.343,-0.013,0.000,1.000,27.209,-0.295,-0.148,0.000,0,4,0,13,-444,3600,2200,155,149,-1259,0,0,0
105.293,6.128,13.7,-0.013,0.000,-2.774,1.463,2.343,-0.013,0.000,1.000,27.209,-0.295,-0.148,0.000,0,4,0,13,-444,3600,2200,544,-851,-63,0,0,0
105.311,6.128,13.7,-0.013,0.000,-2.774,1.463,2.343,-0.013,0.000,1.000,27.209,-0.295,-0.148,0.000,0,4,0,13,-444,3600,2200,21,264,1241,0,0,0
105.333,6.128,13.7,-0.013,0.000,-2.774,1.463,2.343,-0.013,0.000,1.000,27.209,-0.295,-0.148,0.000,0,4,0,13,-444,3600,2200,-574,688,235,0,0,0
105.350,6.128,13.7,-0.013,0.000,-2.774,1.463,2.343,-0.013,0.000,1.000,27.209,-0.295,-0.148,0.000,0,4,0,13,-444,3600,2200,-267,-498,-1138,0,0,0
105.372,6.128,13.7,-0.013,0.000,-2.774,1.463,2.343,-0.013,0.000,1.000,27.209,-0.295,-0.148,0.000,0,4,0,13,-444,3600,2200,496,-519,-521,0,0,0
105.388,6.128,13.7,-0.013,0.000,-2.774,1.463,2.343,-0.013,0.000,1.000,27.209,-0.295,-0.148,0.000,0,4,0,13,-444,3600,2200,469,672,965,0,0,0
105.410,6.128,13.7,-0.013,0.000,-2.774,1.463,2.343,-0.013,0.000,1.000,27.209,-0.295,-0.148,0.000,0,4,0,13,-444,3600,2200,-290,360,824,0,0,0
105.427,6.128,13.7,-0.013,0.000,-2.774,1.463,2.343,-0.013,0.000,1.000,27.209,-0.295,-0.148,0.000,0,4,0,13,-444,3600,2200,-567,-811,-764,0,0,0
105.445,6.128,13.7,-0.013,0.000,-2.774,1.463,2.343,-0.013,0.000,1.000,27.209,-0.295,-0.148,0.000,0,4,0,13,-444,3600,2200,-114,-417,-1210,0,0,0
105.465,6.128,13.7,-0.013,0.000,-2.774,1.463,2.343,-0.013,0.000,1.000,27.209,-0.295,-0.148,0.000,0,4,0,13,-444,3600,2200,532,863,404,0,0,0
105.486,6.128,13.7,-0.013,0.000,-2.774,1.463,2.343,-0.013,0.000,1.000,27.209,-0.295,-0.148,0.000,0,4,0,13,-444,3600,2200,286,31,1238,0,0,0
105.503,6.128,13.7,-0.013,0.000,-2.774,1.463,2.343,-0.013,0.000,1.000,27.209,-0.295,-0.148,0.000,0,4,0,13,-444,3600,2200,-355,-896,-46,0,0,0
105.520,6.128,13.7,-0.013,0.000,-2.774,1.463,2.343,-0.013,0.000,1.000,27.209,-0.295,-0.148,0.000,0,4,0,13,-444,3600,2200,-553,-150,-1259,0,0,0
105.543,6.128,13.7,-0.013,0.000,-2.774,1.463,2.343,-0.013,0.000,1.000,27.209,-0.295,-0.148,0.000,0,4,0,13,-444,3600,2200,166,863,-114,0,0,0
105.564,6.128,13.7,-0.013,0.000,-2.774,1.463,2.343,-0.013,0.000,1.000,27.209,-0.295,-0.148,0.000,0,4,0,13,-444,3600,2200,567,-468,1295,0,0,0
105.590,6.128,13.7,-0.013,0.000,-2.774,1.463,2.343,-0.013,0.000,1.000,27.209,-0.295,-0.148,0.000,0,4,0,13,-444,3600,2200,-242,-219,-449,0,0,0
105.606,6.128,13.7,-0.013,0.000,-2.774,1.463,2.343,-0.013,0.000,1.000,27.209,-0.295,-0.148,0.000,0,4,0,13,-444,3600,2200,-574,826,-1300,0,0,0
105.624,6.128,13.7,-0.013,0.000,-2.774,1.463,2.343,-0.013,0.000,1.000,27.209,-0.295,-0.148,0.000,0,4,0,13,-444,3600,2200,-221,386,-341,0,0,0
105.644,6.128,13.7,-0.013,0.000,-2.774,1.463,2.343,-0.013,0.000,1.000,27.209,-0.295,-0.148,0.000,0,4,0,13,-444,3600,2200,492,-882,1248,0,0,0
105.668,6.128,13.7,-0.013,0.000,-2.774,1.463,2.343,-0.013,0.000,1.000,27.209,-0.295,-0.148,0.000,0,4,0,13,-444,3600,2200,254,293,64,0,0,0
105.685,6.128,13.7,-0.013,0.000,-2.774,1.463,2.343,-0.013,0.000,1.000,27.209,-0.295,-0.148,0.000,0,4,0,13,-444,3600,2200,-377,871,-1225,0,0,0
105.715,6.128,13.7,-0.013,0.000,-2.774,1.463,2.343,-0.013,0.000,1.000,27.209,-0.295,-0.148,0.000,0,4,0,13,-444,3600,2200,-217,-862,402,0,0,0
105.736,6.128,13.7,-0.013,0.000,-2.774,1.463,2.343,-0.013,0.000,1.000,27.209,-0.295,-0.148,0.000,0,4,0,13,-444,3600,2200,501,-20,1234,0,0,0
105.753,6.128,13.7,-0.013,0.000,-2.774,1.463,2.343,-0.013,0.000,1.000,27.209,-0.295,-0.148,0.000,0,4,0,13,-444,3600,2200,438,899,-100,0,0,0
105.770,6.128,13.7,-0.013,0.000,-2.774,1.463,2.343,-0.013,0.000,1.000,27.209,-0.295,-0.148,0.000,0,4,0,13,-444,3600,2200,-155,149,-1259,0,0,0
105.786,6.128,13.7,-0.013,0.000,-2.774,1.463,2.343,-0.013,0.000,1.000,27.209,-0.295,-0.148,0.000,0,4,0,13,-444,3600,2200,-567,-864,-710,0,0,0
105.807,6.128,13.7,-0.013,0.000,-2.774,1.463,2.343,-0.013,0.000,1.000,27.209,-0.295,-0.148,0.000,0,4,0,13,-444,3600,2200,-152,3,1104,0,0,0
105.824,6.128,13.7,-0.013,0.000,-2.774,1.463,2.343,-0.013,0.000,1.000,27.209,-0.295,-0.148,0.000,0,4,0,13,-444,3600,2200,450,897,978,0,0,0
105.842,6.128,13.7,-0.013,0.000,-2.774,1.463,2.343,-0.013,0.000,1.000,27.209,-0.295,-0.148,0.000,0,4,0,13,-444,3600,2200,494,104,-582,0,0,0
105.872,6.128,13.7,-0.013,0.000,-2.774,1.463,2.343,-0.013,0.000,1.000,27.209,-0.295,-0.148,0.000,0,4,0,13,-444,3600,2200,-496,-519,-521,0,0,0
105.893,6.128,13.7,-0.013,0.000,-2.774,1.463,2.343,-0.013,0.000,1.000,27.209,-0.295,-0.148,0.000,0,4,0,13,-444,3600,2200,-356,841,1187,0,0,0
105.918,6.128,13.7,-0.013,0.000,-2.774,1.463,2.343,-0.013,0.000,1.000,27.209,-0.295,-0.148,0.000,0,4,0,13,-444,3600,2200,506,-254,116,0,0,0
105.935,6.128,13.7,-0.013,0.000,-2.774,1.463,2.343,-0.013,0.000,1.000,27.209,-0.295,-0.148,0.000,0,4,0,13,-444,3600,2200,434,-871,-1226,0,0,0
105.953,6.128,13.7,-0.013,0.000,-2.774,1.463,2.343,-0.013,0.000,1.000,27.209,-0.295,-0.148,0.000,0,4,0,13,-444,3600,2200,-199,199,-726,0,0,0
105.974,6.128,13.7,-0.013,0.000,-2.774,1.463,2.343,-0.013,0.000,1.000,27.209,-0.295,-0.148,0.000,0,4,0,13,-444,3600,2200,-558,788,1090,0,0,0
105.997,6.128,13.7,-0.013,0.000,-2.774,1.463,2.343,-0.013,0.000,1.000,27.209,-0.295,-0.148,0.000,0,4,0,13,-444,3600,2200,163,-755,480,0,0,0
106.015,6.128,13.7,-0.013,0.000,-2.774,1.463,2.343,-0.013,0.000,1.000,27.209,-0.295,-0.148,0.000,0,4,0,13,-444,3600,2200,573,-513,-1051,0,0,0
106.043,6.128,13.7,-0.013,0.000,-2.774,1.463,2.343,-0.013,0.000,1.000,27.209,-0.295,-0.148,0.000,0,4,0,13,-444,3600,2200,-183,852,-67,0,0,0
106.063,6.128,13.7,-0.013,0.000,-2.774,1.463,2.343,-0.013,0.000,1.000,27.209,-0.295,-0.148,0.000,0,4,0,13,-444,3600,2200,-568,-457,1293,0,0,0
106.090,6.128,13.7,-0.013,0.000,-2.774,1.463,2.343,-0.013,0.000,1.000,27.209,-0.295,-0.148,0.000,0,4,0,13,-444,3600,2200,224,-257,-403,0,0,0
106.122,6.128,13.7,-0.013,0.000,-2.774,1.463,2.343,-0.013,0.000,1.000,27.209,-0.295,-0.148,0.000,0,4,0,13,-444,3600,2200,280,500,-494,0,0,0
106.145,6.128,13.7,-0.013,0.000,-2.774,1.463,2.343,-0.013,0.000,1.000,27.209,-0.295,-0.148,0.000,0,4,0,13,-444,3600,2200,-508,-892,1268,0,0,0
106.169,6.128,13.7,-0.013,0.000,-2.774,1.463,2.343,-0.013,0.000,1.000,27.209,-0.295,-0.148,0.000,0,4,0,13,-444,3600,2200,-237,328,18,0,0,0
106.186,6.128,13.7,-0.013,0.000,-2.774,1.463,2.343,-0.013,0.000,1.000,27.209,-0.295,-0.148,0.000,0,4,0,13,-444,3600,2200,391,860,-1241,0,0,0
106.215,6.128,13.7,-0.013,0.000,-2.774,1.463,2.343,-0.013,0.000,1.000,27.209,-0.295,-0.148,0.000,0,4,0,13,-444,3600,2200,217,-862,402,0,0,0
106.237,6.128,13.7,-0.013,0.000,-2.774,1.463,2.343,-0.013,0.000,1.000,27.209,-0.295,-0.148,0.000,0,4,0,13,-444,3600,2200,-516,47,1205,0,0,0
106.254,6.128,13.7,-0.013,0.000,-2.774,1.463,2.343,-0.013,0.000,1.000,27.209,-0.295,-0.148,0.000,0,4,0,13,-444,3600,2200,-426,900,-145,0,0,0
106.270,6.128,13.7,-0.013,0.000,-2.774,1.463,2.343,-0.013,0.000,1.000,27.209,-0.295,-0.148,0.000,0,4,0,13,-444,3600,2200,175,107,-1271,0,0,0
106.286,6.128,13.7,-0.013,0.000,-2.774,1.463,2.343,-0.013,0.000,1.000,27.209,-0.295,-0.148,0.000,0,4,0,13,-444,3600,2200,567,-864,-710,0,0,0
106.308,6.128,13.7,-0.013,0.000,-2.774,1.463,2.343,-0.013,0.000,1.000,27.209,-0.295,-0.148,0.000,0,4,0,13,-444,3600,2200,120,68,1145,0,0,0
106.325,6.128,13.7,-0.013,0.000,-2.774,1.463,2.343,-0.013,0.000,1.000,27.209,-0.295,-0.148,0.000,0,4,0,13,-444,3600,2200,-461,899,949,0,0,0
106.342,6.128,13.7,-0.013,0.000,-2.774,1.463,2.343,-0.013,0.000,1.000,27.209,-0.295,-0.148,0.000,0,4,0,13,-444,3600,2200,-494,103,-583,0,0,0
106.371,6.128,13.7,-0.013,0.000,-2.774,1.463,2.343,-0.013,0.000,1.000,27.209,-0.295,-0.148,0.000,0,4,0,13,-444,3600,2200,486,-550,-564,0,0,0
106.393,6.128,13.7,-0.013,0.000,-2.774,1.463,2.343,-0.013,0.000,1.000,27.209,-0.295,-0.148,0.000,0,4,0,13,-444,3600,2200,332,861,1215,0,0,0
106.419,6.128,13.7,-0.013,0.000,-2.774,1.463,2.343,-0.013,0.000,1.000,27.209,-0.295,-0.148,0.000,0,4,0,13,-444,3600,2200,-523,-330,17,0,0,0
106.435,6.128,13.7,-0.013,0.000,-2.774,1.463,2.343,-0.013,0.000,1.000,27.209,-0.295,-0.148,0.000,0,4,0,13,-444,3600,2200,-433,-870,-1226,0,0,0
106.465,6.128,13.7,-0.013,0.000,-2.774,1.463,2.343,-0.013,0.000,1.000,27.209,-0.295,-0.148,0.000,0,4,0,13,-444,3600,2200,532,862,400,0,0,0
106.487,6.128,13.7,-0.013,0.000,-2.774,1.463,2.343,-0.013,0.000,1.000,27.209,-0.295,-0.148,0.000,0,4,0,13,-444,3600,2200,249,-54,1202,0,0,0
106.504,6.128,13.7,-0.013,0.000,-2.774,1.463,2.343,-0.013,0.000,1.000,27.209,-0.295,-0.148,0.000,0,4,0,13,-444,3600,2200,-395,-900,-175,0,0,0
106.521,6.128,13.7,-0.013,0.000,-2.774,1.463,2.343,-0.013,0.000,1.000,27.209,-0.295,-0.148,0.000,0,4,0,13,-444,3600,2200,-537,-46,-1285,0,0,0
106.538,6.128,13.7,-0.013,0.000,-2.774,1.463,2.343,-0.013,0.000,1.000,27.209,-0.295,-0.148,0.000,0,4,0,13,-444,3600,2200,-20,893,-558,0,0,0
106.560,6.128,13.7,-0.013,0.000,-2.774,1.463,2.343,-0.013,0.000,1.000,27.209,-0.295,-0.148,0.000,0,4,0,13,-444,3600,2200,571,-177,1203,0,0,0
106.591,6.128,13.7,-0.013,0.000,-2.774,1.463,2.343,-0.013,0.000,1.000,27.209,-0.295,-0.148,0.000,0,4,0,13,-444,3600,2200,-271,-154,-526,0,0,0
106.608,6.128,13.7,-0.013,0.000,-2.774,1.463,2.343,-0.013,0.000,1.000,27.209,-0.295,-0.148,0.000,0,4,0,13,-444,3600,2200,-574,861,-1295,0,0,0
106.625,6.128,13.7,-0.013,0.000,-2.774,1.463,2.343,-0.013,0.000,1.000,27.209,-0.295,-0.148,0.000,0,4,0,13,-444,3600,2200,-172,290,-216,0,0,0
106.647,6.128,13.7,-0.013,0.000,-2.774,1.463,2.343,-0.013,0.000,1.000,27.209,-0.295,-0.148,0.000,0,4,0,13,-444,3600,2200,536,-900,1294,0,0,0
106.668,6.128,13.7,-0.013,0.000,-2.774,1.463,2.343,-0.013,0.000,1.000,27.209,-0.295,-0.148,0.000,0,4,0,13,-444,3600,2200,262,276,87,0,0,0
106.686,6.128,13.7,-0.013,0.000,-2.774,1.463,2.343,-0.013,0.000,1.000,27.209,-0.295,-0.148,0.000,0,4,0,13,-444,3600,2200,-385,865,-1235,0,0,0
106.716,6.128,13.7,-0.013,0.000,-2.774,1.463,2.343,-0.013,0.000,1.000,27.209,-0.295,-0.148,0.000,0,4,0,13,-444,3600,2200,-169,-886,519,0,0,0
106.738,6.128,13.7,-0.013,0.000,-2.774,1.463,2.343,-0.013,0.000,1.000,27.209,-0.295,-0.148,0.000,0,4,0,13,-444,3600,2200,538,155,1149,0,0,0
106.756,6.128,13.7,-0.013,0.000,-2.774,1.463,2.343,-0.013,0.000,1.000,27.209,-0.295,-0.148,0.000,0,4,0,13,-444,3600,2200,374,889,-321,0,0,0
106.772,6.128,13.7,-0.013,0.000,-2.774,1.463,2.343,-0.013,0.000,1.000,27.209,-0.295,-0.148,0.000,0,4,0,13,-444,3600,2200,-243,-38,-1297,0,0,0
106.789,6.128,13.7,-0.013,0.000,-2.774,1.463,2.343,-0.013,0.000,1.000,27.209,-0.295,-0.148,0.000,0,4,0,13,-444,3600,2200,-574,-899,-464,0,0,0
106.810,6.128,13.7,-0.013,0.000,-2.774,1.463,2.343,-0.013,0.000,1.000,27.209,-0.295,-0.148,0.000,0,4,0,13,-444,3600,2200,-45,217,1221,0,0,0
106.840,6.128,13.7,-0.013,0.000,-2.774,1.463,2.343,-0.013,0.000,1.000,27.209,-0.295,-0.148,0.000,0,4,0,13,-444,3600,2200,524,232,-434,0,0,0
106.857,6.128,13.7,-0.013,0.000,-2.774,1.463,2.343,-0.013,0.000,1.000,27.209,-0.295,-0.148,0.000,0,4,0,13,-444,3600,2200,7,-834,-1300,0,0,0
106.874,6.128,13.7,-0.013,0.000,-2.774,1.463,2.343,-0.013,0.000,1.000,27.209,-0.295,-0.148,0.000,0,4,0,13,-444,3600,2200,-535,-364,-312,0,0,0
106.896,6.128,13.7,-0.013,0.000,-2.774,1.463,2.343,-0.013,0.000,1.000,27.209,-0.295,-0.148,0.000,0,4,0,13,-444,3600,2200,-249,897,1279,0,0,0
106.919,6.128,13.7,-0.013,0.000,-2.774,1.463,2.343,-0.013,0.000,1.000,27.209,-0.295,-0.148,0.000,0,4,0,13,-444,3600,2200,528,-350,-11,0,0,0
106.937,6.128,13.7,-0.013,0.000,-2.774,1.463,2.343,-0.013,0.000,1.000,27.209,-0.295,-0.148,0.000,0,4,0,13,-444,3600,2200,398,-840,-1262,0,0,0
106.966,6.128,13.7,-0.013,0.000,-2.774,1.463,2.343,-0.013,0.000,1.000,27.209,-0.295,-0.148,0.000,0,4,0,13,-444,3600,2200,-544,879,479,0,0,0
106.987,6.128,13.7,-0.013,0.000,-2.774,1.463,2.343,-0.013,0.000,1.000,27.209,-0.295,-0.148,0.000,0,4,0,13,-444,3600,2200,-252,-46,1206,0,0,0
107.004,6.128,13.7,-0.013,0.000,-2.774,1.463,2.343,-0.013,0.000,1.000,27.209,-0.295,-0.148,0.000,0,4,0,13,-444,3600,2200,380,-900,-126,0,0,0
107.021,6.128,13.7,-0.013,0.000,-2.774,1.463,2.343,-0.013,0.000,1.000,27.209,-0.295,-0.148,0.000,0,4,0,13,-444,3600,2200,543,-80,-1277,0,0,0
107.037,6.128,13.7,-0.013,0.000,-2.774,1.463,2.343,-0.013,0.000,1.000,27.209,-0.295,-0.148,0.000,0,4,0,13,-444,3600,2200,59,879,-645,0,0,0
107.058,6.128,13.7,-0.013,0.000,-2.774,1.463,2.343,-0.013,0.000,1.000,27.209,-0.295,-0.148,0.000,0,4,0,13,-444,3600,2200,-557,-23,1117,0,0,0
107.075,6.128,13.7,-0.013,0.000,-2.774,1.463,2.343,-0.013,0.000,1.000,27.209,-0.295,-0.148,0.000,0,4,0,13,-444,3600,2200,-331,-900,924,0,0,0
107.092,6.128,13.7,-0.013,0.000,-2.774,1.463,2.343,-0.013,0.000,1.000,27.209,-0.295,-0.148,0.000,0,4,0,13,-444,3600,2200,303,-81,-607,0,0,0
107.108,6.128,13.7,-0.013,0.000,-2.774,1.463,2.343,-0.013,0.000,1.000,27.209,-0.295,-0.148,0.000,0,4,0,13,-444,3600,2200,572,871,-1290,0,0,0
107.129,6.128,13.7,-0.013,0.000,-2.774,1.463,2.343,-0.013,0.000,1.000,27.209,-0.295,-0.148,0.000,0,4,0,13,-444,3600,2200,16,-21,174,0,0,0
107.146,6.128,13.7,-0.013,0.000,-2.774,1.463,2.343,-0.013,0.000,1.000,27.209,-0.295,-0.148,0.000,0,4,0,13,-444,3600,2200,-528,-900,1288,0,0,0
107.168,6.128,13.7,-0.013,0.000,-2.774,1.463,2.343,-0.013,0.000,1.000,27.209,-0.295,-0.148,0.000,0,4,0,13,-444,3600,2200,-270,261,107,0,0,0
107.185,6.128,13.7,-0.013,0.000,-2.774,1.463,2.343,-0.013,0.000,1.000,27.209,-0.295,-0.148,0.000,0,4,0,13,-444,3600,2200,361,880,-1208,0,0,0
107.205,6.128,13.7,-0.013,0.000,-2.774,1.463,2.343,-0.013,0.000,1.000,27.209,-0.295,-0.148,0.000,0,4,0,13,-444,3600,2200,496,-389,-506,0,0,0
107.221,6.128,13.7,-0.013,0.000,-2.774,1.463,2.343,-0.013,0.000,1.000,27.209,-0.295,-0.148,0.000,0,4,0,13,-444,3600,2200,-37,-864,938,0,0,0
107.246,6.128,13.7,-0.013,0.000,-2.774,1.463,2.343,-0.013,0.000,1.000,27.209,-0.295,-0.148,0.000,0,4,0,13,-444,3600,2200,-560,713,563,0,0,0
107.262,6.128,13.7,-0.013,0.000,-2.774,1.463,2.343,-0.013,0.000,1.000,27.209,-0.295,-0.148,0.000,0,4,0,13,-444,3600,2200,-140,662,-888,0,0,0
107.283,6.128,13.7,-0.013,0.000,-2.774,1.463,2.343,-0.013,0.000,1.000,27.209,-0.295,-0.148,0.000,0,4,0,13,-444,3600,2200,538,-773,-928,0,0,0
107.301,6.128,13.7,-0.013,0.000,-2.774,1.463,2.343,-0.013,0.000,1.000,27.209,-0.295,-0.148,0.000,0,4,0,13,-444,3600,2200,382,-495,638,0,0,0
107.318,6.128,13.7,-0.013,0.000,-2.774,1.463,2.343,-0.013,0.000,1.000,27.209,-0.295,-0.148,0.000,0,4,0,13,-444,3600,2200,-266,735,1256,0,0,0
107.341,6.128,13.7,-0.013,0.000,-2.774,1.463,2.343,-0.013,0.000,1.000,27.209,-0.295,-0.148,0.000,0,4,0,13,-444,3600,2200,-513,181,-494,0,0,0
107.362,6.128,13.7,-0.013,0.000,-2.774,1.463,2.343,-0.013,0.000,1.000,27.209,-0.295,-0.148,0.000,0,4,0,13,-444,3600,2200,200,-897,-1192,0,0,0
107.379,6.128,13.7,-0.013,0.000,-2.774,1.463,2.343,-0.013,0.000,1.000,27.209,-0.295,-0.148,0.000,0,4,0,13,-444,3600,2200,574,-4,143,0,0,0
107.395,6.128,13.7,-0.013,0.000,-2.774,1.463,2.343,-0.013,0.000,1.000,27.209,-0.295,-0.148,0.000,0,4,0,13,-444,3600,2200,264,893,1270,0,0,0
107.418,6.128,13.7,-0.013,0.000,-2.774,1.463,2.343,-0.013,0.000,1.000,27.209,-0.295,-0.148,0.000,0,4,0,13,-444,3600,2200,-514,-290,68,0,0,0
107.440,6.128,13.7,-0.013,0.000,-2.774,1.463,2.343,-0.013,0.000,1.000,27.209,-0.295,-0.148,0.000,0,4,0,13,-444,3600,2200,-298,-716,-1300,0,0,0
107.465,6.128,13.7,-0.013,0.000,-2.774,1.463,2.343,-0.013,0.000,1.000,27.209,-0.295,-0.148,0.000,0,4,0,13,-444,3600,2200,539,873,447,0,0,0
107.497,6.128,13.7,-0.013,0.000,-2.774,1.463,2.343,-0.013,0.000,1.000,27.209,-0.295,-0.148,0.000,0,4,0,13,-444,3600,2200,-144,-733,525,0,0,0
107.518,6.128,13.7,-0.013,0.000,-2.774,1.463,2.343,-0.013,0.000,1.000,27.209,-0.295,-0.148,0.000,0,4,0,13,-444,3600,2200,-569,-298,-1198,0,0,0
107.543,6.128,13.7,-0.013,0.000,-2.774,1.463,2.343,-0.013,0.000,1.000,27.209,-0.295,-0.148,0.000,0,4,0,13,-444,3600,2200,164,864,-118,0,0,0
107.560,6.128,13.7,-0.013,0.000,-2.774,1.463,2.343,-0.013,0.000,1.000,27.209,-0.295,-0.148,0.000,0,4,0,13,-444,3600,2200,571,-186,1207,0,0,0
107.590,6.128,13.7,-0.013,0.000,-2.774,1.463,2.343,-0.013,0.000,1.000,27.209,-0.295,-0.148,0.000,0,4,0,13,-444,3600,2200,-222,-260,-400,0,0,0
107.610,6.128,13.7,-0.013,0.000,-2.774,1.463,2.343,-0.013,0.000,1.000,27.209,-0.295,-0.148,0.000,0,4,0,13,-444,3600,2200,-560,897,-1253,0,0,0
107.628,6.128,13.7,-0.013,0.000,-2.774,1.463,2.343,-0.013,0.000,1.000,27.209,-0.295,-0.148,0.000,0,4,0,13,-444,3600,2200,-68,83,46,0,0,0
107.644,6.128,13.7,-0.013,0.000,-2.774,1.463,2.343,-0.013,0.000,1.000,27.209,-0.295,-0.148,0.000,0,4,0,13,-444,3600,2200,491,-880,1246,0,0,0
107.668,6.128,13.7,-0.013,0.000,-2.774,1.463,2.343,-0.013,0.000,1.000,27.209,-0.295,-0.148,0.000,0,4,0,13,-444,3600,2200,273,254,115,0,0,0
107.688,6.128,13.7,-0.013,0.000,-2.774,1.463,2.343,-0.013,0.000,1.000,27.209,-0.295,-0.148,0.000,0,4,0,13,-444,3600,2200,-464,771,-1294,0,0,0
107.705,6.128,13.7,-0.013,0.000,-2.774,1.463,2.343,-0.013,0.000,1.000,27.209,-0.295,-0.148,0.000,0,4,0,13,-444,3600,2200,-507,-349,-556,0,0,0
107.721,6.128,13.7,-0.013,0.000,-2.774,1.463,2.343,-0.013,0.000,1.000,27.209,-0.295,-0.148,0.000,0,4,0,13,-444,3600,2200,37,-864,939,0,0,0
107.746,6.128,13.7,-0.013,0.000,-2.774,1.463,2.343,-0.013,0.000,1.000,27.209,-0.295,-0.148,0.000,0,4,0,13,-444,3600,2200,561,710,568,0,0,0
107.767,6.128,13.7,-0.013,0.000,-2.774,1.463,2.343,-0.013,0.000,1.000,27.209,-0.295,-0.148,0.000,0,4,0,13,-444,3600,2200,-30,389,-1145,0,0,0
107.793,6.128,13.7,-0.013,0.000,-2.774,1.463,2.343,-0.013,0.000,1.000,27.209,-0.295,-0.148,0.000,0,4,0,13,-444,3600,2200,-544,-851,-63,0,0,0
107.811,6.128,13.7,-0.013,0.000,-2.774,1.463,2.343,-0.013,0.000,1.000,27.209,-0.295,-0.148,0.000,0,4,0,13,-444,3600,2200,-21,265,1241,0,0,0
107.828,6.128,13.7,-0.013,0.000,-2.774,1.463,2.343,-0.013,0.000,1.000,27.209,-0.295,-0.148,0.000,0,4,0,13,-444,3600,2200,532,865,674,0,0,0
107.849,6.128,13.7,-0.013,0.000,-2.774,1.463,2.343,-0.013,0.000,1.000,27.209,-0.295,-0.148,0.000,0,4,0,13,-444,3600,2200,299,-435,-1091,0,0,0
107.872,6.128,13.7,-0.013,0.000,-2.774,1.463,2.343,-0.013,0.000,1.000,27.209,-0.295,-0.148,0.000,0,4,0,13,-444,3600,2200,-495,-523,-526,0,0,0
107.888,6.128,13.7,-0.013,0.000,-2.774,1.463,2.343,-0.013,0.000,1.000,27.209,-0.295,-0.148,0.000,0,4,0,13,-444,3600,2200,-470,669,961,0,0,0
107.905,6.128,13.7,-0.013,0.000,-2.774,1.463,2.343,-0.013,0.000,1.000,27.209,-0.295,-0.148,0.000,0,4,0,13,-444,3600,2200,125,649,1111,0,0,0
107.926,6.128,13.7,-0.013,0.000,-2.774,1.463,2.343,-0.013,0.000,1.000,27.209,-0.295,-0.148,0.000,0,4,0,13,-444,3600,2200,573,-758,-651,0,0,0
107.943,6.128,13.7,-0.013,0.000,-2.774,1.463,2.343,-0.013,0.000,1.000,27.209,-0.295,-0.148,0.000,0,4,0,13,-444,3600,2200,190,-549,-1267,0,0,0
107.966,6.128,13.7,-0.013,0.000,-2.774,1.463,2.343,-0.013,0.000,1.000,27.209,-0.295,-0.148,0.000,0,4,0,13,-444,3600,2200,-545,881,492,0,0,0
107.996,6.128,13.7,-0.013,0.000,-2.774,1.463,2.343,-0.013,0.000,1.000,27.209,-0.295,-0.148,0.000,0,4,0,13,-444,3600,2200,124,-709,570,0,0,0
108.018,6.128,13.7,-0.013,0.000,-2.774,1.463,2.343,-0.013,0.000,1.000,27.209,-0.295,-0.148,0.000,0,4,0,13,-444,3600,2200,570,-318,-1187,0,0,0
108.043,6.128,13.7,-0.013,0.000,-2.774,1.463,2.343,-0.013,0.000,1.000,27.209,-0.295,-0.148,0.000,0,4,0,13,-444,3600,2200,-183,852,-67,0,0,0
108.060,6.128,13.7,-0.013,0.000,-2.774,1.463,2.343,-0.013,0.000,1.000,27.209,-0.295,-0.148,0.000,0,4,0,13,-444,3600,2200,-573,-228,1226,0,0,0
108.090,6.128,13.7,-0.013,0.000,-2.774,1.463,2.343,-0.013,0.000,1.000,27.209,-0.295,-0.148,0.000,0,4,0,13,-444,3600,2200,224,-255,-405,0,0,0
108.114,6.128,13.7,-0.013,0.000,-2.774,1.463,2.343,-0.013,0.000,1.000,27.209,-0.295,-0.148,0.000,0,4,0,13,-444,3600,2200,507,871,-1104,0,0,0
108.130,6.128,13.7,-0.013,0.000,-2.774,1.463,2.343,-0.013,0.000,1.000,27.209,-0.295,-0.148,0.000,0,4,0,13,-444,3600,2200,-33,-118,293,0,0,0
108.147,6.128,13.7,-0.013,0.000,-2.774,1.463,2.343,-0.013,0.000,1.000,27.209,-0.295,-0.148,0.000,0,4,0,13,-444,3600,2200,-541,-899,1297,0,0,0
108.163,6.128,13.7,-0.013,0.000,-2.774,1.463,2.343,-0.013,0.000,1.000,27.209,-0.295,-0.148,0.000,0,4,0,13,-444,3600,2200,-413,-96,537,0,0,0
108.187,6.128,13.7,-0.013,0.000,-2.774,1.463,2.343,-0.013,0.000,1.000,27.209,-0.295,-0.148,0.000,0,4,0,13,-444,3600,2200,424,828,-1270,0,0,0
108.204,6.128,13.7,-0.013,0.000,-2.774,1.463,2.343,-0.013,0.000,1.000,27.209,-0.295,-0.148,0.000,0,4,0,13,-444,3600,2200,524,-275,-642,0,0,0
108.221,6.128,13.7,-0.013,0.000,-2.774,1.463,2.343,-0.013,0.000,1.000,27.209,-0.295,-0.148,0.000,0,4,0,13,-444,3600,2200,-22,-872,912,0,0,0
108.238,6.128,13.7,-0.013,0.000,-2.774,1.463,2.343,-0.013,0.000,1.000,27.209,-0.295,-0.148,0.000,0,4,0,13,-444,3600,2200,-536,144,1155,0,0,0
108.259,6.128,13.7,-0.013,0.000,-2.774,1.463,2.343,-0.013,0.000,1.000,27.209,-0.295,-0.148,0.000,0,4,0,13,-444,3600,2200,-254,800,-649,0,0,0
108.276,6.128,13.7,-0.013,0.000,-2.774,1.463,2.343,-0.013,0.000,1.000,27.209,-0.295,-0.148,0.000,0,4,0,13,-444,3600,2200,364,-318,-1274,0,0,0
108.293,6.128,13.7,-0.013,0.000,-2.774,1.463,2.343,-0.013,0.000,1.000,27.209,-0.295,-0.148,0.000,0,4,0,13,-444,3600,2200,550,-862,-111,0,0,0
108.310,6.128,13.7,-0.013,0.000,-2.774,1.463,2.343,-0.013,0.000,1.000,27.209,-0.295,-0.148,0.000,0,4,0,13,-444,3600,2200,60,189,1209,0,0,0
108.334,6.128,13.7,-0.013,0.000,-2.774,1.463,2.343,-0.013,0.000,1.000,27.209,-0.295,-0.148,0.000,0,4,0,13,-444,3600,2200,-574,665,194,0,0,0
108.350,6.128,13.7,-0.013,0.000,-2.774,1.463,2.343,-0.013,0.000,1.000,27.209,-0.295,-0.148,0.000,0,4,0,13,-444,3600,2200,-247,-533,-1163,0,0,0
108.371,6.128,13.7,-0.013,0.000,-2.774,1.463,2.343,-0.013,0.000,1.000,27.209,-0.295,-0.148,0.000,0,4,0,13,-444,3600,2200,489,-541,-552,0,0,0
108.388,6.128,13.7,-0.013,0.000,-2.774,1.463,2.343,-0.013,0.000,1.000,27.209,-0.295,-0.148,0.000,0,4,0,13,-444,3600,2200,481,642,929,0,0,0
108.409,6.128,13.7,-0.013,0.000,-2.774,1.463,2.343,-0.013,0.000,1.000,27.209,-0.295,-0.148,0.000,0,4,0,13,-444,3600,2200,-245,449,916,0,0,0
108.426,6.128,13.7,-0.013,0.000,-2.774,1.463,2.343,-0.013,0.000,1.000,27.209,-0.295,-0.148,0.000,0,4,0,13,-444,3600,2200,-573,-752,-640,0,0,0
108.443,6.128,13.7,-0.013,0.000,-2.774,1.463,2.343,-0.013,0.000,1.000,27.209,-0.295,-0.148,0.000,0,4,0,13,-444,3600,2200,-171,-516,-1255,0,0,0
108.465,6.128,13.7,-0.013,0.000,-2.774,1.463,2.343,-0.013,0.000,1.000,27.209,-0.295,-0.148,0.000,0,4,0,13,-444,3600,2200,532,863,403,0,0,0
108.485,6.128,13.7,-0.013,0.000,-2.774,1.463,2.343,-0.013,0.000,1.000,27.209,-0.295,-0.148,0.000,0,4,0,13,-444,3600,2200,289,37,1241,0,0,0
108.503,6.128,13.7,-0.013,0.000,-2.774,1.463,2.343,-0.013,0.000,1.000,27.209,-0.295,-0.148,0.000,0,4,0,13,-444,3600,2200,-355,-896,-47,0,0,0
108.520,6.128,13.7,-0.013,0.000,-2.774,1.463,2.343,-0.013,0.000,1.000,27.209,-0.295,-0.148,0.000,0,4,0,13,-444,3600,2200,-548,-109,-1270,0,0,0
108.537,6.128,13.7,-0.013,0.000,-2.774,1.463,2.343,-0.013,0.000,1.000,27.209,-0.295,-0.148,0.000,0,4,0,13,-444,3600,2200,-72,873,-672,0,0,0
108.558,6.128,13.7,-0.013,0.000,-2.774,1.463,2.343,-0.013,0.000,1.000,27.209,-0.295,-0.148,0.000,0,4,0,13,-444,3600,2200,556,-16,1113,0,0,0
108.574,6.128,13.7,-0.013,0.000,-2.774,1.463,2.343,-0.013,0.000,1.000,27.209,-0.295,-0.148,0.000,0,4,0,13,-444,3600,2200,358,-897,980,0,0,0
108.591,6.128,13.7,-0.013,0.000,-2.774,1.463,2.343,-0.013,0.000,1.000,27.209,-0.295,-0.148,0.000,0,4,0,13,-444,3600,2200,-278,-138,-543,0,0,0
108.621,6.128,13.7,-0.013,0.000,-2.774,1.463,2.343,-0.013,0.000,1.000,27.209,-0.295,-0.148,0.000,0,4,0,13,-444,3600,2200,-306,548,-562,0,0,0
108.644,6.128,13.7,-0.013,0.000,-2.774,1.463,2.343,-0.013,0.000,1.000,27.209,-0.295,-0.148,0.000,0,4,0,13,-444,3600,2200,480,-872,1232,0,0,0
108.668,6.128,13.7,-0.013,0.000,-2.774,1.463,2.343,-0.013,0.000,1.000,27.209,-0.295,-0.148,0.000,0,4,0,13,-444,3600,2200,257,288,71,0,0,0
108.686,6.128,13.7,-0.013,0.000,-2.774,1.463,2.343,-0.013,0.000,1.000,27.209,-0.295,-0.148,0.000,0,4,0,13,-444,3600,2200,-390,861,-1240,0,0,0
108.715,6.128,13.7,-0.013,0.000,-2.774,1.463,2.343,-0.013,0.000,1.000,27.209,-0.295,-0.148,0.000,0,4,0,13,-444,3600,2200,-218,-861,397,0,0,0
108.737,6.128,13.7,-0.013,0.000,-2.774,1.463,2.343,-0.013,0.000,1.000,27.209,-0.295,-0.148,0.000,0,4,0,13,-444,3600,2200,521,67,1196,0,0,0
108.754,6.128,13.7,-0.013,0.000,-2.774,1.463,2.343,-0.013,0.000,1.000,27.209,-0.295,-0.148,0.000,0,4,0,13,-444,3600,2200,427,900,-141,0,0,0
108.770,6.128,13.7,-0.013,0.000,-2.774,1.463,2.343,-0.013,0.000,1.000,27.209,-0.295,-0.148,0.000,0,4,0,13,-444,3600,2200,-172,114,-1269,0,0,0
108.786,6.128,13.7,-0.013,0.000,-2.774,1.463,2.343,-0.013,0.000,1.000,27.209,-0.295,-0.148,0.000,0,4,0,13,-444,3600,2200,-567,-863,-715,0,0,0
108.809,6.128,13.7,-0.013,0.000,-2.774,1.463,2.343,-0.013,0.000,1.000,27.209,-0.295,-0.148,0.000,0,4,0,13,-444,3600,2200,-88,133,1181,0,0,0
108.840,6.128,13.7,-0.013,0.000,-2.774,1.463,2.343,-0.013,0.000,1.000,27.209,-0.295,-0.148,0.000,0,4,0,13,-444,3600,2200,519,208,-463,0,0,0
108.857,6.128,13.7,-0.013,0.000,-2.774,1.463,2.343,-0.013,0.000,1.000,27.209,-0.295,-0.148,0.000,0,4,0,13,-444,3600,2200,-1,-840,-1300,0,0,0
108.879,6.128,13.7,-0.013,0.000,-2.774,1.463,2.343,-0.013,0.000,1.000,27.209,-0.295,-0.148,0.000,0,4,0,13,-444,3600,2200,-574,13,164,0,0,0
108.896,6.128,13.7,-0.013,0.000,-2.774,1.463,2.343,-0.013,0.000,1.000,27.209,-0.295,-0.148,0.000,0,4,0,13,-444,3600,2200,-230,899,1287,0,0,0
108.919,6.128,13.7,-0.013,0.000,-2.774,1.463,2.343,-0.013,0.000,1.000,27.209,-0.295,-0.148,0.000,0,4,0,13,-444,3600,2200,524,-334,11,0,0,0
108.935,6.128,13.7,-0.013,0.000,-2.774,1.463,2.343,-0.013,0.000,1.000,27.209,-0.295,-0.148,0.000,0,4,0,13,-444,3600,2200,445,-879,-1210,0,0,0
108.957,6.128,13.7,-0.013,0.000,-2.774,1.463,2.343,-0.013,0.000,1.000,27.209,-0.295,-0.148,0.000,0,4,0,13,-444,3600,2200,-361,537,-303,0,0,0
108.975,6.128,13.7,-0.013,0.000,-2.774,1.463,2.343,-0.013,0.000,1.000,27.209,-0.295,-0.148,0.000,0,4,0,13,-444,3600,2200,-542,727,1160,0,0,0
108.996,6.128,13.7,-0.013,0.000,-2.774,1.463,2.343,-0.013,0.000,1.000,27.209,-0.295,-0.148,0.000,0,4,0,13,-444,3600,2200,123,-708,572,0,0,0
109.014,6.128,13.7,-0.013,0.000,-2.774,1.463,2.343,-0.013,0.000,1.000,27.209,-0.295,-0.148,0.000,0,4,0,13,-444,3600,2200,568,-578,-988,0,0,0
109.035,6.128,13.7,-0.013,0.000,-2.774,1.463,2.343,-0.013,0.000,1.000,27.209,-0.295,-0.148,0.000,0,4,0,13,-444,3600,2200,122,843,-777,0,0,0
109.053,6.128,13.7,-0.013,0.000,-2.774,1.463,2.343,-0.013,0.000,1.000,27.209,-0.295,-0.148,0.000,0,4,0,13,-444,3600,2200,-477,358,799,0,0,0
109.069,6.128,13.7,-0.013,0.000,-2.774,1.463,2.343,-0.013,0.000,1.000,27.209,-0.295,-0.148,0.000,0,4,0,13,-444,3600,2200,-489,-779,1226,0,0,0
109.087,6.128,13.7,-0.013,0.000,-2.774,1.463,2.343,-0.013,0.000,1.000,27.209,-0.295,-0.148,0.000,0,4,0,13,-444,3600,2200,107,-478,-109,0,0,0
109.108,6.128,13.7,-0.013,0.000,-2.774,1.463,2.343,-0.013,0.000,1.000,27.209,-0.295,-0.148,0.000,0,4,0,13,-444,3600,2200,571,875,-1288,0,0,0
109.125,6.128,13.7,-0.013,0.000,-2.774,1.463,2.343,-0.013,0.000,1.000,27.209,-0.295,-0.148,0.000,0,4,0,13,-444,3600,2200,164,274,-195,0,0,0
109.142,6.128,13.7,-0.013,0.000,-2.774,1.463,2.343,-0.013,0.000,1.000,27.209,-0.295,-0.148,0.000,0,4,0,13,-444,3600,2200,-446,-835,1178,0,0,0
109.159,6.128,13.7,-0.013,0.000,-2.774,1.463,2.343,-0.013,0.000,1.000,27.209,-0.295,-0.148,0.000,0,4,0,13,-444,3600,2200,-512,-420,887,0,0,0
109.182,6.128,13.7,-0.013,0.000,-2.774,1.463,2.343,-0.013,0.000,1.000,27.209,-0.295,-0.148,0.000,0,4,0,13,-444,3600,2200,257,898,-1063,0,0,0
109.198,6.128,13.7,-0.013,0.000,-2.774,1.463,2.343,-0.013,0.000,1.000,27.209,-0.295,-0.148,0.000,0,4,0,13,-444,3600,2200,574,155,-1043,0,0,0
109.216,6.128,13.7,-0.013,0.000,-2.774,1.463,2.343,-0.013,0.000,1.000,27.209,-0.295,-0.148,0.000,0,4,0,13,-444,3600,2200,182,-881,488,0,0,0
109.233,6.128,13.7,-0.013,0.000,-2.774,1.463,2.343,-0.013,0.000,1.000,27.209,-0.295,-0.148,0.000,0,4,0,13,-444,3600,2200,-441,-226,1290,0,0,0
109.256,6.128,13.7,-0.013,0.000,-2.774,1.463,2.343,-0.013,0.000,1.000,27.209,-0.295,-0.148,0.000,0,4,0,13,-444,3600,2200,-367,886,-341,0,0,0
109.273,6.128,13.7,-0.013,0.000,-2.774,1.463,2.343,-0.013,0.000,1.000,27.209,-0.295,-0.148,0.000,0,4,0,13,-444,3600,2200,285,-133,-1300,0,0,0
109.290,6.128,13.7,-0.013,0.000,-2.774,1.463,2.343,-0.013,0.000,1.000,27.209,-0.295,-0.148,0.000,0,4,0,13,-444,3600,2200,573,-900,-405,0,0,0
109.306,6.128,13.7,-0.013,0.000,-2.774,1.463,2.343,-0.013,0.000,1.000,27.209,-0.295,-0.148,0.000,0,4,0,13,-444,3600,2200,196,-88,1041,0,0,0
109.327,6.128,13.7,-0.013,0.000,-2.774,1.463,2.343,-0.013,0.000,1.000,27.209,-0.295,-0.148,0.000,0,4,0,13,-444,3600,2200,-510,888,778,0,0,0
109.345,6.128,13.7,-0.013,0.000,-2.774,1.463,2.343,-0.013,0.000,1.000,27.209,-0.295,-0.148,0.000,0,4,0,13,-444,3600,2200,-424,-129,-824,0,0,0
109.372,6.128,13.7,-0.013,0.000,-2.774,1.463,2.343,-0.013,0.000,1.000,27.209,-0.295,-0.148,0.000,0,4,0,13,-444,3600,2200,504,-492,-484,0,0,0
109.388,6.128,13.7,-0.013,0.000,-2.774,1.463,2.343,-0.013,0.000,1.000,27.209,-0.295,-0.148,0.000,0,4,0,13,-444,3600,2200,470,668,961,0,0,0
109.411,6.128,13.7,-0.013,0.000,-2.774,1.463,2.343,-0.013,0.000,1.000,27.209,-0.295,-0.148,0.000,0,4,0,13,-444,3600,2200,-339,248,706,0,0,0
109.429,6.128,13.7,-0.013,0.000,-2.774,1.463,2.343,-0.013,0.000,1.000,27.209,-0.295,-0.148,0.000,0,4,0,13,-444,3600,2200,-554,-855,-878,0,0,0
109.445,6.128,13.7,-0.013,0.000,-2.774,1.463,2.343,-0.013,0.000,1.000,27.209,-0.295,-0.148,0.000,0,4,0,13,-444,3600,2200,-95,-381,-1191,0,0,0
109.465,6.128,13.7,-0.013,0.000,-2.774,1.463,2.343,-0.013,0.000,1.000,27.209,-0.295,-0.148,0.000,0,4,0,13,-444,3600,2200,539,873,447,0,0,0
109.488,6.128,13.7,-0.013,0.000,-2.774,1.463,2.343,-0.013,0.000,1.000,27.209,-0.295,-0.148,0.000,0,4,0,13,-444,3600,2200,212,-134,1161,0,0,0
109.504,6.128,13.7,-0.013,0.000,-2.774,1.463,2.343,-0.013,0.000,1.000,27.209,-0.295,-0.148,0.000,0,4,0,13,-444,3600,2200,-400,-899,-194,0,0,0
109.522,6.128,13.7,-0.013,0.000,-2.774,1.463,2.343,-0.013,0.000,1.000,27.209,-0.295,-0.148,0.000,0,4,0,13,-444,3600,2200,-528,5,-1293,0,0,0
109.543,6.128,13.7,-0.013,0.000,-2.774,1.463,2.343,-0.013,0.000,1.000,27.209,-0.295,-0.148,0.000,0,4,0,13,-444,3600,2200,182,853,-72,0,0,0
109.563,6.128,13.7,-0.013,0.000,-2.774,1.463,2.343,-0.013,0.000,1.000,27.209,-0.295,-0.148,0.000,0,4,0,13,-444,3600,2200,568,-461,1294,0,0,0
109.590,6.128,13.7,-0.013,0.000,-2.774,1.463,2.343,-0.013,0.000,1.000,27.209,-0.295,-0.148,0.000,0,4,0,13,-444,3600,2200,-242,-219,-449,0,0,0
109.607,6.128,13.7,-0.013,0.000,-2.774,1.463,2.343,-0.013,0.000,1.000,27.209,-0.295,-0.148,0.000,0,4,0,13,-444,3600,2200,-574,840,-1300,0,0,0
109.623,6.128,13.7,-0.013,0.000,-2.774,1.463,2.343,-0.013,0.000,1.000,27.209,-0.295,-0.148,0.000,0,4,0,13,-444,3600,2200,-238,420,-386,0,0,0
109.645,6.128,13.7,-0.013,0.000,-2.774,1.463,2.343,-0.013,0.000,1.000,27.209,-0.295,-0.148,0.000,0,4,0,13,-444,3600,2200,496,-885,1254,0,0,0
109.668,6.128,13.7,-0.013,0.000,-2.774,1.463,2.343,-0.013,0.000,1.000,27.209,-0.295,-0.148,0.000,0,4,0,13,-444,3600,2200,254,293,65,0,0,0
109.686,6.128,13.7,-0.013,0.000,-2.774,1.463,2.343,-0.013,0.000,1.000,27.209,-0.295,-0.148,0.000,0,4,0,13,-444,3600,2200,-392,860,-1242,0,0,0
109.702,6.128,13.7,-0.013,0.000,-2.774,1.463,2.343,-0.013,0.000,1.000,27.209,-0.295,-0.148,0.000,0,4,0,13,-444,3600,2200,-545,-160,-765,0,0,0
109.723,6.128,13.7,-0.013,0.000,-2.774,1.463,2.343,-0.013,0.000,1.000,27.209,-0.295,-0.148,0.000,0,4,0,13,-444,3600,2200,110,-811,1055,0,0,0
109.747,6.128,13.7,-0.013,0.000,-2.774,1.463,2.343,-0.013,0.000,1.000,27.209,-0.295,-0.148,0.000,0,4,0,13,-444,3600,2200,556,732,526,0,0,0
109.764,6.128,13.7,-0.013,0.000,-2.774,1.463,2.343,-0.013,0.000,1.000,27.209,-0.295,-0.148,0.000,0,4,0,13,-444,3600,2200,62,544,-1022,0,0,0
109.782,6.128,13.7,-0.013,0.000,-2.774,1.463,2.343,-0.013,0.000,1.000,27.209,-0.295,-0.148,0.000,0,4,0,13,-444,3600,2200,-512,-698,-1035,0,0,0
109.803,6.128,13.7,-0.013,0.000,-2.774,1.463,2.343,-0.013,0.000,1.000,27.209,-0.295,-0.148,0.000,0,4,0,13,-444,3600,2200,-327,-372,783,0,0,0
109.820,6.128,13.7,-0.013,0.000,-2.774,1.463,2.343,-0.013,0.000,1.000,27.209,-0.295,-0.148,0.000,0,4,0,13,-444,3600,2200,333,814,1192,0,0,0
109.840,6.128,13.7,-0.013,0.000,-2.774,1.463,2.343,-0.013,0.000,1.000,27.209,-0.295,-0.148,0.000,0,4,0,13,-444,3600,2200,520,215,-454,0,0,0
109.857,6.128,13.7,-0.013,0.000,-2.774,1.463,2.343,-0.013,0.000,1.000,27.209,-0.295,-0.148,0.000,0,4,0,13,-444,3600,2200,-20,-853,-1298,0,0,0
109.878,6.128,13.7,-0.013,0.000,-2.774,1.463,2.343,-0.013,0.000,1.000,27.209,-0.295,-0.148,0.000,0,4,0,13,-444,3600,2200,-571,-75,57,0,0,0
109.895,6.128,13.7,-0.013,0.000,-2.774,1.463,2.343,-0.013,0.000,1.000,27.209,-0.295,-0.148,0.000,0,4,0,13,-444,3600,2200,-283,887,1258,0,0,0
109.918,6.128,13.7,-0.013,0.000,-2.774,1.463,2.343,-0.013,0.000,1.000,27.209,-0.295,-0.148,0.000,0,4,0,13,-444,3600,2200,505,-251,120,0,0,0
109.934,6.128,13.7,-0.013,0.000,-2.774,1.463,2.343,-0.013,0.000,1.000,27.209,-0.295,-0.148,0.000,0,4,0,13,-444,3600,2200,471,-893,-1168,0,0,0
109.955,6.128,13.7,-0.013,0.000,-2.774,1.463,2.343,-0.013,0.000,1.000,27.209,-0.295,-0.148,0.000,0,4,0,13,-444,3600,2200,-284,377,-522,0,0,0
109.973,6.128,13.7,-0.013,0.000,-2.774,1.463,2.343,-0.013,0.000,1.000,27.209,-0.295,-0.148,0.000,0,4,0,13,-444,3600,2200,-567,824,1032,0,0,0
109.989,6.128,13.7,-0.013,0.000,-2.774,1.463,2.343,-0.013,0.000,1.000,27.209,-0.295,-0.148,0.000,0,4,0,13,-444,3600,2200,-151,-259,1081,0,0,0
110.006,6.128,13.7,-0.013,0.000,-2.774,1.463,2.343,-0.013,0.000,1.000,27.209,-0.295,-0.148,0.000,0,4,0,13,-444,3600,2200,453,-879,-385,0,0,0
110.028,6.128,13.7,-0.013,0.000,-2.774,1.463,2.343,-0.013,0.000,1.000,27.209,-0.295,-0.148,0.000,0,4,0,13,-444,3600,2200,376,493,-1204,0,0,0
110.046,6.128,13.7,-0.013,0.000,-2.774,1.463,2.343,-0.013,0.000,1.000,27.209,-0.295,-0.148,0.000,0,4,0,13,-444,3600,2200,-274,768,176,0,0,0
110.063,6.128,13.7,-0.013,0.000,-2.774,1.463,2.343,-0.013,0.000,1.000,27.209,-0.295,-0.148,0.000,0,4,0,13,-444,3600,2200,-569,-445,1291,0,0,0
110.090,6.128,13.7,-0.013,0.000,-2.774,1.463,2.343,-0.013,0.000,1.000,27.209,-0.295,-0.148,0.000,0,4,0,13,-444,3600,2200,224,-257,-403,0,0,0
110.115,6.128,13.7,-0.013,0.000,-2.774,1.463,2.343,-0.013,0.000,1.000,27.209,-0.295,-0.148,0.000,0,4,0,13,-444,3600,2200,489,851,-1055,0,0,0
110.132,6.128,13.7,-0.013,0.000,-2.774,1.463,2.343,-0.013,0.000,1.000,27.209,-0.295,-0.148,0.000,0,4,0,13,-444,3600,2200,-90,-230,429,0,0,0
110.149,6.128,13.7,-0.013,0.000,-2.774,1.463,2.343,-0.013,0.000,1.000,27.209,-0.295,-0.148,0.000,0,4,0,13,-444,3600,2200,-558,-885,1299,0,0,0
110.165,6.128,13.7,-0.013,0.000,-2.774,1.463,2.343,-0.013,0.000,1.000,27.209,-0.295,-0.148,0.000,0,4,0,13,-444,3600,2200,-355,61,354,0,0,0
110.188,6.128,13.7,-0.013,0.000,-2.774,1.463,2.343,-0.013,0.000,1.000,27.209,-0.295,-0.148,0.000,0,4,0,13,-444,3600,2200,443,804,-1284,0,0,0
110.215,6.128,13.7,-0.013,0.000,-2.774,1.463,2.343,-0.013,0.000,1.000,27.209,-0.295,-0.148,0.000,0,4,0,13,-444,3600,2200,198,-873,447,0,0,0
110.232,6.128,13.7,-0.013,0.000,-2.774,1.463,2.343,-0.013,0.000,1.000,27.209,-0.295,-0.148,0.000,0,4,0,13,-444,3600,2200,-420,-287,1298,0,0,0
110.250,6.128,13.7,-0.013,0.000,-2.774,1.463,2.343,-0.013,0.000,1.000,27.209,-0.295,-0.148,0.000,0,4,0,13,-444,3600,2200,-515,843,249,0,0,0
110.270,6.128,13.7,-0.013,0.000,-2.774,1.463,2.343,-0.013,0.000,1.000,27.209,-0.295,-0.148,0.000,0,4,0,13,-444,3600,2200,163,132,-1264,0,0,0
110.293,6.128,13.7,-0.013,0.000,-2.774,1.463,2.343,-0.013,0.000,1.000,27.209,-0.295,-0.148,0.000,0,4,0,13,-444,3600,2200,544,-851,-64,0,0,0
110.310,6.128,13.7,-0.013,0.000,-2.774,1.463,2.343,-0.013,0.000,1.000,27.209,-0.295,-0.148,0.000,0,4,0,13,-444,3600,2200,41,226,1225,0,0,0
110.340,6.128,13.7,-0.013,0.000,-2.774,1.463,2.343,-0.013,0.000,1.000,27.209,-0.295,-0.148,0.000,0,4,0,13,-444,3600,2200,-522,221,-447,0,0,0
110.368,6.128,13.7,-0.013,0.000,-2.774,1.463,2.343,-0.013,0.000,1.000,27.209,-0.295,-0.148,0.000,0,4,0,13,-444,3600,2200,413,-715,-810,0,0,0
110.385,5.575,12.5,0.421,0.000,-2.774,1.313,2.311,0.396,0.000,1.000,27.209,-0.082,-0.236,0.000,0,4,0,-398,-399,3600,-2200,488,451,695,0,0,4050
110.401,5.575,12.5,0.421,0.000,-2.774,1.313,2.311,0.396,0.000,1.000,27.209,-0.082,-0.236,0.000,0,4,0,-398,-399,3600,-2200,35,828,1264,0,0,4254
110.432,4.788,10.7,0.436,0.000,-1.702,1.106,2.267,0.354,0.000,1.000,17.819,0.221,-0.361,0.000,0,4,0,-376,-336,3600,-2200,-398,-899,-1076,0,0,2181
110.453,4.788,10.7,0.436,0.000,-1.702,1.106,2.267,0.354,0.000,1.000,17.819,0.221,-0.361,0.000,0,4,0,-376,-336,3600,-2200,163,220,-703,0,0,3085
110.470,4.788,10.7,0.436,0.000,-1.702,1.106,2.267,0.354,0.000,1.000,17.819,0.221,-0.361,0.000,0,4,0,-376,-336,3600,-2200,448,890,826,0,0,4191
110.497,4.116,9.2,0.485,0.000,-1.057,0.936,2.232,0.341,0.000,1.000,12.033,0.495,-0.475,0.000,0,4,0,-384,-284,3600,-2200,-96,-732,527,0,0,3043
110.514,4.116,9.2,0.485,0.000,-1.057,0.936,2.232,0.341,0.000,1.000,12.033,0.495,-0.475,0.000,0,4,0,-384,-284,3600,-2200,-382,-578,-988,0,0,2277
110.537,3.610,8.1,0.575,0.000,-1.293,0.814,2.212,0.362,0.000,1.000,17.124,0.154,-0.578,0.000,0,4,0,-425,-247,3600,-2200,-45,871,0,0,0,3506
110.554,3.610,8.1,0.575,0.000,-1.293,0.814,2.212,0.362,0.000,1.000,17.124,0.154,-0.578,0.000,0,4,0,-425,-247,3600,-2200,299,243,0,0,0,3357
110.572,3.610,8.1,0.575,0.000,-1.293,0.814,2.212,0.362,0.000,1.000,17.124,0.154,-0.578,0.000,0,4,0,-425,-247,3600,-2200,254,-858,0,0,0,2817
110.588,3.593,8.0,0.703,0.000,-0.032,0.175,0.477,0.456,0.000,0.000,43.370,-0.242,-0.503,0.000,0,4,0,-2076,-212,0,0,-86,0,0,0,0,3033
110.609,3.593,8.0,0.703,0.000,-0.032,0.175,0.477,0.456,0.000,0.000,43.370,-0.242,-0.503,0.000,0,4,0,-2076,-212,0,0,-332,0,0,0,0,2896
110.626,3.581,8.0,0.880,0.000,-0.033,0.217,0.595,0.607,0.000,0.000,2.544,-0.515,-0.308,0.000,0,4,0,-2592,-264,0,0,-22,0,0,0,0,3017
110.643,3.581,8.0,0.880,0.000,-0.033,0.217,0.595,0.607,0.000,0.000,2.544,-0.515,-0.308,0.000,0,4,0,-2592,-264,0,0,82,0,0,0,0,3044
110.668,3.581,8.0,0.880,0.000,-0.033,0.217,0.595,0.607,0.000,0.000,2.544,-0.515,-0.308,0.000,0,4,0,-2592,-264,0,0,45,0,0,0,0,2997
110.690,3.568,8.0,1.000,0.000,-0.021,0.245,0.674,0.727,0.000,0.000,1.623,-0.171,-0.131,0.000,0,4,0,-2940,-297,0,0,-61,0,0,0,0,2924
110.706,3.568,8.0,1.000,0.000,-0.021,0.245,0.674,0.727,0.000,0.000,1.623,-0.171,-0.131,0.000,0,4,0,-2940,-297,0,0,-59,0,0,0,0,2906
110.723,3.568,8.0,1.000,0.000,-0.021,0.245,0.674,0.727,0.000,0.000,1.623,-0.171,-0.131,0.000,0,4,0,-2940,-297,0,0,12,0,0,0,0,2918
110.747,3.553,7.9,1.000,0.000,-0.027,0.243,0.671,0.724,0.000,0.000,1.914,0.140,0.029,0.000,0,4,0,-2934,-295,0,0,77,0,0,0,0,2920
110.767,3.553,7.9,1.000,0.000,-0.027,0.243,0.671,0.724,0.000,0.000,1.914,0.140,0.029,0.000,0,4,0,-2934,-295,0,0,-9,0,0,0,0,2856
110.784,3.538,7.9,0.841,0.000,-0.041,0.203,0.562,0.564,0.000,0.000,2.627,0.422,0.174,0.000,0,4,0,-2462,-246,0,0,-96,0,0,0,0,2797
110.801,3.538,7.9,0.841,0.000,-0.041,0.203,0.562,0.564,0.000,0.000,2.627,0.422,0.174,0.000,0,4,0,-2462,-246,0,0,-68,0,0,0,0,2790
110.817,3.538,7.9,0.841,0.000,-0.041,0.203,0.562,0.564,0.000,0.000,2.627,0.422,0.174,0.000,0,4,0,-2462,-246,0,0,41,0,0,0,0,2820
110.839,3.520,7.9,0.688,0.000,-0.034,0.164,0.457,0.435,0.000,0.000,2.138,0.749,0.342,0.000,0,4,0,-2010,-199,0,0,82,0,0,0,0,2814
110.855,3.520,7.9,0.688,0.000,-0.034,0.164,0.457,0.435,0.000,0.000,2.138,0.749,0.342,0.000,0,4,0,-2010,-199,0,0,9,0,0,0,0,2760
110.872,3.520,7.9,0.688,0.000,-0.034,0.164,0.457,0.435,0.000,0.000,2.138,0.749,0.342,0.000,0,4,0,-2010,-199,0,0,-76,0,0,0,0,2702
110.889,3.506,7.8,0.661,0.000,-0.028,0.156,0.438,0.413,0.000,0.000,1.648,0.383,0.457,0.000,0,4,0,-1927,-190,0,0,-57,0,0,0,0,2692
110.910,3.506,7.8,0.661,0.000,-0.028,0.156,0.438,0.413,0.000,0.000,1.648,0.383,0.457,0.000,0,4,0,-1927,-190,0,0,37,0,0,0,0,2709
110.928,3.491,7.8,0.706,0.000,-0.039,0.166,0.466,0.445,0.000,0.000,2.158,0.052,0.562,0.000,0,4,0,-2053,-201,0,0,84,0,0,0,0,2710
110.945,3.491,7.8,0.706,0.000,-0.039,0.166,0.466,0.445,0.000,0.000,2.158,0.052,0.562,0.000,0,4,0,-2053,-201,0,0,17,0,0,0,0,2659
110.965,3.491,7.8,0.706,0.000,-0.039,0.166,0.466,0.445,0.000,0.000,2.158,0.052,0.562,0.000,0,4,0,-2053,-201,0,0,-80,0,0,0,0,2592
110.987,3.476,7.8,0.787,0.000,-0.026,0.183,0.517,0.508,0.000,0.000,1.468,-0.248,0.657,0.000,0,4,0,-2285,-223,0,0,-28,0,0,0,0,2590
111.004,3.476,7.8,0.787,0.000,-0.026,0.183,0.517,0.508,0.000,0.000,1.468,-0.248,0.657,0.000,0,4,0,-2285,-223,0,0,43,0,0,0,0,2602
111.021,3.476,7.8,0.787,0.000,-0.026,0.183,0.517,0.508,0.000,0.000,1.468,-0.248,0.657,0.000,0,4,0,-2285,-223,0,0,61,0,0,0,0,2589
111.038,3.463,7.7,0.909,0.000,-0.027,0.210,0.595,0.614,0.000,0.000,1.873,-0.520,0.743,0.000,0,4,0,-2634,-255,0,0,4,0,0,0,0,2544
111.059,3.463,7.7,0.909,0.000,-0.027,0.210,0.595,0.614,0.000,0.000,1.873,-0.520,0.743,0.000,0,4,0,-2634,-255,0,0,-75,0,0,0,0,2483
111.091,3.446,7.7,1.000,0.000,-0.032,0.228,0.650,0.702,0.000,0.000,2.598,0.000,0.000,0.000,0,4,0,-2889,-277,0,0,45,0,0,0,0,2500
111.107,3.446,7.7,1.000,0.000,-0.032,0.228,0.650,0.702,0.000,0.000,2.598,0.000,0.000,0.000,0,4,0,-2889,-277,0,0,98,0,0,0,0,2505
111.124,3.434,7.7,1.000,0.000,-0.037,0.227,0.648,0.700,0.000,0.000,3.161,0.000,0.000,0.000,0,4,0,-2884,-276,0,0,40,0,0,0,0,2459
111.145,3.434,7.7,1.000,0.000,-0.037,0.227,0.648,0.700,0.000,0.000,3.161,0.000,0.000,0.000,0,4,0,-2884,-276,0,0,-102,0,0,0,0,2370
111.168,3.434,7.7,1.000,0.000,-0.037,0.227,0.648,0.700,0.000,0.000,3.161,0.000,0.000,0.000,0,4,0,-2884,-276,0,0,-54,0,0,0,0,2365
111.184,3.421,7.7,0.918,0.000,-0.021,0.207,0.593,0.615,0.000,0.000,1.619,0.000,0.000,0.000,0,4,0,-2644,-251,0,0,39,0,0,0,0,2388
111.216,3.421,7.7,0.918,0.000,-0.021,0.207,0.593,0.615,0.000,0.000,1.619,0.000,0.000,0.000,0,4,0,-2644,-251,0,0,21,0,0,0,0,2342
111.238,3.409,7.6,0.905,0.000,-0.023,0.202,0.582,0.600,0.000,0.000,1.724,0.000,0.000,0.000,0,4,0,-2600,-246,0,0,-67,0,0,0,0,2276
111.255,3.409,7.6,0.905,0.000,-0.023,0.202,0.582,0.600,0.000,0.000,1.724,0.000,0.000,0.000,0,4,0,-2600,-246,0,0,-49,0,0,0,0,2264
111.272,3.409,7.6,0.905,0.000,-0.023,0.202,0.582,0.600,0.000,0.000,1.724,0.000,0.000,0.000,0,4,0,-2600,-246,0,0,28,0,0,0,0,2280
111.288,3.397,7.6,0.954,0.000,-0.025,0.212,0.612,0.646,0.000,0.000,1.996,0.000,0.000,0.000,0,4,0,-2738,-257,0,0,79,0,0,0,0,2283
111.309,3.397,7.6,0.954,0.000,-0.025,0.212,0.612,0.646,0.000,0.000,1.996,0.000,0.000,0.000,0,4,0,-2738,-257,0,0,13,0,0,0,0,2229
111.340,3.380,7.6,1.000,0.000,-0.033,0.220,0.637,0.689,0.000,0.000,2.570,0.000,0.000,0.000,0,4,0,-2862,-267,0,0,-87,0,0,0,0,2147
111.357,3.380,7.6,1.000,0.000,-0.033,0.220,0.637,0.689,0.000,0.000,2.570,0.000,0.000,0.000,0,4,0,-2862,-267,0,0,4,0,0,0,0,2167
111.373,3.380,7.6,1.000,0.000,-0.033,0.220,0.637,0.689,0.000,0.000,2.570,0.000,0.000,0.000,0,4,0,-2862,-267,0,0,87,0,0,0,0,2186
111.396,3.368,7.5,1.000,0.000,-0.022,0.218,0.636,0.686,0.000,0.000,1.832,0.000,0.000,0.000,0,4,0,-2857,-265,0,0,31,0,0,0,0,2135
111.412,3.368,7.5,1.000,0.000,-0.022,0.218,0.636,0.686,0.000,0.000,1.832,0.000,0.000,0.000,0,4,0,-2857,-265,0,0,-47,0,0,0,0,2080
111.429,3.355,7.5,1.000,0.000,-0.037,0.217,0.633,0.684,0.000,0.000,3.011,0.000,0.000,0.000,0,4,0,-2852,-263,0,0,-103,0,0,0,0,2035
111.447,3.355,7.5,1.000,0.000,-0.037,0.217,0.633,0.684,0.000,0.000,3.011,0.000,0.000,0.000,0,4,0,-2852,-263,0,0,-7,0,0,0,0,2058
111.467,3.355,7.5,1.000,0.000,-0.037,0.217,0.633,0.684,0.000,0.000,3.011,0.000,0.000,0.000,0,4,0,-2852,-263,0,0,105,0,0,0,0,2084
111.484,3.343,7.5,1.000,0.000,-0.023,0.215,0.631,0.681,0.000,0.000,1.838,0.000,0.000,0.000,0,4,0,-2846,-261,0,0,44,0,0,0,0,2037
111.501,3.343,7.5,1.000,0.000,-0.023,0.215,0.631,0.681,0.000,0.000,1.838,0.000,0.000,0.000,0,4,0,-2846,-261,0,0,-38,0,0,0,0,1980
111.518,3.343,7.5,1.000,0.000,-0.023,0.215,0.631,0.681,0.000,0.000,1.838,0.000,0.000,0.000,0,4,0,-2846,-261,0,0,-72,0,0,0,0,1944
111.540,8.166,18.3,1.000,0.000,8.721,0.083,0.099,1.665,1.000,0.000,86.312,-0.280,-0.145,0.000,0,4,0,-1213,-25,0,0,84,39,0,0,0,2006
111.569,8.166,18.3,1.000,0.000,8.721,0.083,0.099,1.665,1.000,0.000,86.312,-0.280,-0.145,0.000,0,4,0,-1213,-25,0,0,665,493,0,3565,0,4055
111.590,8.165,18.3,1.000,0.000,-0.002,1.279,1.536,1.664,0.000,0.000,4.100,0.131,0.061,0.000,0,4,0,-4852,-1552,0,0,-143,0,0,3010,0,3189
111.611,8.165,18.3,1.000,0.000,-0.002,1.279,1.536,1.664,0.000,0.000,4.100,0.131,0.061,0.000,0,4,0,-4852,-1552,0,0,-323,0,0,2263,0,2745
111.629,8.172,18.3,1.000,0.000,0.019,1.280,1.536,1.666,0.000,0.000,15.101,0.414,0.203,0.000,0,4,0,-4855,-1554,0,0,-10,0,0,1781,0,2647
111.647,8.172,18.3,1.000,0.000,0.019,1.280,1.536,1.666,0.000,0.000,15.101,0.414,0.203,0.000,0,4,0,-4855,-1554,0,0,713,0,0,1407,0,2785
111.668,8.172,18.3,1.000,0.000,0.019,1.280,1.536,1.666,0.000,0.000,15.101,0.414,0.203,0.000,0,4,0,-4855,-1554,0,0,363,0,0,1060,0,2445
111.688,8.179,18.3,1.000,0.000,0.012,1.282,1.537,1.667,0.000,0.000,9.994,0.080,0.331,0.000,0,4,0,-4858,-1556,0,0,-604,0,0,807,0,1869
111.715,8.179,18.3,1.000,0.000,0.012,1.282,1.537,1.667,0.000,0.000,9.994,0.080,0.331,0.000,0,4,0,-4858,-1556,0,0,-290,0,0,563,0,1870
111.747,8.177,18.3,1.000,0.000,-0.004,1.282,1.538,1.667,0.000,0.000,13.167,-0.307,0.480,0.000,0,4,0,-4857,-1557,0,0,735,0,0,364,0,2204
111.769,8.177,18.3,1.000,0.000,-0.004,1.282,1.538,1.667,0.000,0.000,13.167,-0.307,0.480,0.000,0,4,0,-4857,-1557,0,0,-166,0,0,271,0,1729
111.793,8.184,18.3,1.000,0.000,0.015,1.283,1.538,1.668,0.000,0.000,13.037,-0.574,0.583,0.000,0,4,0,-4860,-1558,0,0,-734,0,0,197,0,1411
111.810,8.184,18.3,1.000,0.000,0.015,1.283,1.538,1.668,0.000,0.000,13.037,-0.574,0.583,0.000,0,4,0,-4860,-1558,0,0,-80,0,0,0,0,1598
111.840,8.192,18.3,1.000,0.000,0.016,1.286,1.539,1.670,0.000,0.000,12.875,0.000,0.000,0.000,0,4,0,-4863,-1561,0,0,707,0,0,0,0,1918
111.860,8.192,18.3,1.000,0.000,0.016,1.286,1.539,1.670,0.000,0.000,12.875,0.000,0.000,0.000,0,4,0,-4863,-1561,0,0,-197,0,0,0,0,1485
111.878,8.192,18.3,1.000,0.000,0.016,1.286,1.539,1.670,0.000,0.000,12.875,0.000,0.000,0.000,0,4,0,-4863,-1561,0,0,-763,0,0,0,0,1209
111.895,8.192,18.3,0.994,0.000,0.001,1.280,1.533,1.656,0.000,0.000,14.133,0.000,0.000,0.000,0,4,0,-4837,-1554,0,0,-347,0,0,0,0,1375
111.912,8.192,18.3,0.994,0.000,0.001,1.280,1.533,1.656,0.000,0.000,14.133,0.000,0.000,0.000,0,4,0,-4837,-1554,0,0,472,0,0,0,0,1727
111.934,8.192,18.3,0.994,0.000,0.001,1.280,1.533,1.656,0.000,0.000,14.133,0.000,0.000,0.000,0,4,0,-4837,-1554,0,0,630,0,0,0,0,1773
111.965,8.198,18.3,0.957,0.000,0.008,1.233,1.475,1.566,0.000,0.000,8.077,0.000,0.000,0.000,0,4,0,-4658,-1497,0,0,-591,0,0,0,0,1183
111.997,8.202,18.3,0.918,0.000,0.012,1.183,1.415,1.474,0.000,0.000,16.831,0.000,0.000,0.000,0,4,0,-4467,-1437,0,0,196,0,0,0,0,1502
112.018,8.202,18.3,0.918,0.000,0.012,1.183,1.415,1.474,0.000,0.000,16.831,0.000,0.000,0.000,0,4,0,-4467,-1437,0,0,759,0,0,0,0,1732
112.044,8.202,18.3,0.918,0.000,0.012,1.183,1.415,1.474,0.000,0.000,16.831,0.000,0.000,0.000,0,4,0,-4467,-1437,0,0,-271,0,0,0,0,1236
112.061,8.198,18.3,0.871,0.000,-0.006,1.123,1.344,1.371,0.000,0.000,10.692,0.000,0.000,0.000,0,4,0,-4239,-1364,0,0,-769,0,0,0,0,99
112.078,8.198,18.3,0.871,0.000,-0.006,1.123,1.344,1.371,0.000,0.000,10.692,0.000,0.000,0.000,0,4,0,-4239,-1364,0,0,-321,0,0,0,0,1172
112.099,8.198,18.3,0.802,0.000,0.000,1.034,1.238,1.229,0.000,0.000,12.599,0.000,0.000,0.000,0,4,0,-3905,-1256,0,0,661,0,0,0,0,1593
112.122,8.198,18.3,0.802,0.000,0.000,1.034,1.238,1.229,0.000,0.000,12.599,0.000,0.000,0.000,0,4,0,-3905,-1256,0,0,367,0,0,0,0,1432
112.139,8.198,18.3,0.802,0.000,0.000,1.034,1.238,1.229,0.000,0.000,12.599,0.000,0.000,0.000,0,4,0,-3905,-1256,0,0,-461,0,0,0,0,1038
112.156,8.196,18.3,0.726,0.000,-0.004,0.935,1.119,1.082,0.000,0.000,7.548,0.000,0.000,0.000,0,4,0,-3531,-1135,0,0,-573,0,0,0,0,74
112.177,8.196,18.3,0.726,0.000,-0.004,0.935,1.119,1.082,0.000,0.000,7.548,0.000,0.000,0.000,0,4,0,-3531,-1135,0,0,99,0,0,0,0,1246
112.194,8.196,18.3,0.726,0.000,-0.004,0.935,1.119,1.082,0.000,0.000,7.548,0.000,0.000,0.000,0,4,0,-3531,-1135,0,0,576,0,0,0,0,1441
112.215,8.186,18.3,0.666,0.000,-0.017,0.857,1.027,0.974,0.000,0.000,8.686,-0.195,-0.097,0.000,0,4,0,-3239,-1040,0,0,225,0,0,0,0,1258
112.231,8.186,18.3,0.666,0.000,-0.017,0.857,1.027,0.974,0.000,0.000,8.686,-0.195,-0.097,0.000,0,4,0,-3239,-1040,0,0,-463,0,0,0,0,31
112.252,8.186,18.3,0.666,0.000,-0.017,0.857,1.027,0.974,0.000,0.000,8.686,-0.195,-0.097,0.000,0,4,0,-3239,-1040,0,0,-554,0,0,0,0,-41
112.269,8.180,18.3,0.617,0.000,-0.011,0.793,0.950,0.889,0.000,0.000,6.921,0.000,0.000,0.000,0,4,0,-2999,-962,0,0,110,0,0,0,0,1144
112.293,8.180,18.3,0.617,0.000,-0.011,0.793,0.950,0.889,0.000,0.000,6.921,0.000,0.000,0.000,0,4,0,-2999,-962,0,0,522,0,0,0,0,1301
112.309,8.173,18.3,0.558,0.000,-0.018,0.716,0.859,0.792,0.000,0.000,8.094,0.000,0.000,0.000,0,4,0,-2712,-869,0,0,82,0,0,0,0,1083
112.332,8.173,18.3,0.558,0.000,-0.018,0.716,0.859,0.792,0.000,0.000,8.094,0.000,0.000,0.000,0,4,0,-2712,-869,0,0,-625,0,0,0,0,-1064
112.350,8.173,18.3,0.558,0.000,-0.018,0.716,0.859,0.792,0.000,0.000,8.094,0.000,0.000,0.000,0,4,0,-2712,-869,0,0,-292,0,0,0,0,-37
112.372,8.159,18.3,0.493,0.000,-0.022,0.630,0.758,0.689,0.000,0.000,6.196,0.012,-0.189,0.000,0,4,0,-2393,-766,0,0,425,0,0,0,0,1164
112.389,8.159,18.3,0.493,0.000,-0.022,0.630,0.758,0.689,0.000,0.000,6.196,0.012,-0.189,0.000,0,4,0,-2393,-766,0,0,393,0,0,0,0,1130
112.411,8.150,18.2,0.436,0.000,-0.025,0.556,0.670,0.602,0.000,0.000,6.457,0.000,0.000,0.000,0,4,0,-2115,-676,0,0,-305,0,0,0,0,-124
112.429,8.150,18.2,0.436,0.000,-0.025,0.556,0.670,0.602,0.000,0.000,6.457,0.000,0.000,0.000,0,4,0,-2115,-676,0,0,-492,0,0,0,0,-1117
112.446,8.150,18.2,0.436,0.000,-0.025,0.556,0.670,0.602,0.000,0.000,6.457,0.000,0.000,0.000,0,4,0,-2115,-676,0,0,-48,0,0,0,0,-41
112.465,8.139,18.2,0.389,0.000,-0.020,0.495,0.597,0.532,0.000,0.000,4.281,0.000,0.000,0.000,0,4,0,-1884,-601,0,0,327,0,0,0,0,122
112.487,8.139,18.2,0.389,0.000,-0.020,0.495,0.597,0.532,0.000,0.000,4.281,0.000,0.000,0.000,0,4,0,-1884,-601,0,0,137,0,0,0,0,-2
112.505,8.139,18.2,0.389,0.000,-0.020,0.495,0.597,0.532,0.000,0.000,4.281,0.000,0.000,0.000,0,4,0,-1884,-601,0,0,-256,0,0,0,0,-1100
112.522,8.123,18.2,0.349,0.000,-0.029,0.443,0.535,0.474,0.000,0.000,4.801,0.000,0.000,0.000,0,4,0,-1690,-538,0,0,-357,0,0,0,0,-1166
112.543,8.123,18.2,0.349,0.000,-0.029,0.443,0.535,0.474,0.000,0.000,4.801,0.000,0.000,0.000,0,4,0,-1690,-538,0,0,112,0,0,0,0,-87
112.563,8.123,18.2,0.349,0.000,-0.029,0.443,0.535,0.474,0.000,0.000,4.801,0.000,0.000,0.000,0,4,0,-1690,-538,0,0,386,0,0,0,0,24
112.579,8.111,18.1,0.303,0.000,-0.021,0.382,0.462,0.407,0.000,0.000,3.070,0.000,0.000,0.000,0,4,0,-1462,-464,0,0,84,0,0,0,0,-148
112.596,8.111,18.1,0.303,0.000,-0.021,0.382,0.462,0.407,0.000,0.000,3.070,0.000,0.000,0.000,0,4,0,-1462,-464,0,0,-193,0,0,0,0,-1179
112.622,8.099,18.1,0.253,0.000,-0.029,0.319,0.386,0.339,0.000,0.000,3.358,0.000,0.000,0.000,0,4,0,-1222,-387,0,0,-135,0,0,0,0,-1183
112.643,8.099,18.1,0.253,0.000,-0.029,0.319,0.386,0.339,0.000,0.000,3.358,0.000,0.000,0.000,0,4,0,-1222,-387,0,0,232,0,0,0,0,-1042
112.659,8.099,18.1,0.253,0.000,-0.029,0.319,0.386,0.339,0.000,0.000,3.358,0.000,0.000,0.000,0,4,0,-1222,-387,0,0,251,0,0,0,0,-1052
112.677,8.082,18.1,0.193,0.000,-0.033,0.242,0.293,0.256,0.000,0.000,2.761,0.000,0.000,0.000,0,4,0,-928,-293,0,0,-31,0,0,0,0,-1201
112.693,8.082,18.1,0.193,0.000,-0.033,0.242,0.293,0.256,0.000,0.000,2.761,0.000,0.000,0.000,0,4,0,-928,-293,0,0,-231,0,0,0,0,-1311
112.714,8.082,18.1,0.193,0.000,-0.033,0.242,0.293,0.256,0.000,0.000,2.761,0.000,0.000,0.000,0,4,0,-928,-293,0,0,-98,0,0,0,0,-1275
112.731,8.068,18.0,0.129,0.000,-0.025,0.162,0.197,0.171,0.000,0.000,1.405,0.000,0.000,0.000,0,4,0,-623,-197,0,0,96,0,0,0,0,-1207
112.748,8.068,18.0,0.129,0.000,-0.025,0.162,0.197,0.171,0.000,0.000,1.405,0.000,0.000,0.000,0,4,0,-623,-197,0,0,136,0,0,0,0,-1210
112.766,8.068,18.0,0.129,0.000,-0.025,0.162,0.197,0.171,0.000,0.000,1.405,0.000,0.000,0.000,0,4,0,-623,-197,0,0,0,0,0,0,0,-1271
112.787,8.055,18.0,0.076,0.000,-0.025,0.095,0.116,0.100,0.000,0.000,0.817,0.000,0.000,0.000,0,4,0,-367,-116,0,0,-103,0,0,0,0,-1293
112.804,8.055,18.0,0.076,0.000,-0.025,0.095,0.116,0.100,0.000,0.000,0.817,0.000,0.000,0.000,0,4,0,-367,-116,0,0,-51,0,0,0,0,-1249
112.821,8.055,18.0,0.076,0.000,-0.025,0.095,0.116,0.100,0.000,0.000,0.817,0.000,0.000,0.000,0,4,0,-367,-116,0,0,63,0,0,0,0,-1178
112.841,8.037,18.0,0.038,0.000,-0.034,0.047,0.057,0.049,0.000,0.000,0.625,0.000,0.000,0.000,0,4,0,-181,-57,0,0,80,0,0,0,0,-1146
112.863,8.037,18.0,0.038,0.000,-0.034,0.047,0.057,0.049,0.000,0.000,0.625,0.000,0.000,0.000,0,4,0,-181,-57,0,0,-37,0,0,0,0,-1173
112.880,8.023,17.9,0.015,0.000,-0.035,0.018,0.022,0.019,0.000,0.000,0.407,0.000,0.000,0.000,0,4,0,-70,-22,0,0,-74,0,0,0,0,-1170
112.897,8.023,17.9,0.015,0.000,-0.035,0.018,0.022,0.019,0.000,0.000,0.407,0.000,0.000,0.000,0,4,0,-70,-22,0,0,-27,0,0,0,0,-1129
112.918,8.023,17.9,0.015,0.000,-0.035,0.018,0.022,0.019,0.000,0.000,0.407,0.000,0.000,0.000,0,4,0,-70,-22,0,0,65,0,0,0,0,-1063
112.939,8.009,17.9,0.004,0.000,-0.024,0.004,0.005,0.005,0.000,0.000,0.237,0.000,0.000,0.000,0,4,0,-17,-5,0,0,35,0,0,0,0,-1051
112.965,8.009,17.9,0.004,0.000,-0.024,0.004,0.005,0.005,0.000,0.000,0.237,0.000,0.000,0.000,0,4,0,-17,-5,0,0,-58,0,0,0,0,-1062
112.982,8.009,17.9,0.004,0.000,-0.024,0.004,0.005,0.005,0.000,0.000,0.237,0.000,0.000,0.000,0,4,0,-17,-5,0,0,-44,0,0,0,0,-1037
112.998,7.991,17.9,0.000,0.002,-0.031,0.000,0.000,0.000,0.000,0.000,0.304,0.000,0.000,0.000,0,4,0,-1,0,0,0,23,0,0,0,0,-96
113.020,7.991,17.9,0.000,0.002,-0.031,0.000,0.000,0.000,0.000,0.000,0.304,0.000,0.000,0.000,0,4,0,-1,0,0,0,64,0,0,0,0,-47
113.044,7.977,17.8,0.000,0.077,-0.031,0.000,0.000,0.000,0.000,0.000,0.302,0.000,0.000,0.000,0,4,0,0,0,0,0,-23,0,0,0,0,-60
113.061,7.977,17.8,0.000,0.077,-0.031,0.000,0.000,0.000,0.000,0.000,0.302,0.000,0.000,0.000,0,4,0,0,0,0,0,-66,0,0,0,0,-59
113.077,7.977,17.8,0.000,0.077,-0.031,0.000,0.000,0.000,0.000,0.000,0.302,0.000,0.000,0.000,0,4,0,0,0,0,0,-29,0,0,0,0,-19
113.099,7.963,17.8,0.000,0.186,-0.025,0.000,0.000,0.000,0.000,0.000,0.249,0.000,0.000,0.000,0,4,0,1,0,0,0,54,0,0,0,0,27
113.121,7.963,17.8,0.000,0.186,-0.025,0.000,0.000,0.000,0.000,0.000,0.249,0.000,0.000,0.000,0,4,0,1,0,0,0,33,0,0,0,0,17
113.139,7.963,17.8,0.000,0.186,-0.025,0.000,0.000,0.000,0.000,0.000,0.249,0.000,0.000,0.000,0,4,0,1,0,0,0,-37,0,0,0,0,-18
113.155,7.945,17.8,0.000,0.494,-0.033,0.000,0.000,0.000,0.000,0.000,0.326,0.000,0.000,0.000,0,4,0,1,0,0,0,-66,0,0,0,0,-33
113.177,7.945,17.8,0.000,0.494,-0.033,0.000,0.000,0.000,0.000,0.000,0.326,0.000,0.000,0.000,0,4,0,1,0,0,0,9,0,0,0,0,5
113.194,7.931,17.7,0.000,0.683,-0.036,0.000,0.000,0.000,0.000,0.000,0.357,0.000,0.000,0.000,0,4,0,0,0,0,0,67,0,0,0,0,34
113.210,7.931,17.7,0.000,0.683,-0.036,0.000,0.000,0.000,0.000,0.000,0.357,0.000,0.000,0.000,0,4,0,0,0,0,0,45,0,0,0,0,22
113.226,7.931,17.7,0.000,0.683,-0.036,0.000,0.000,0.000,0.000,0.000,0.357,0.000,0.000,0.000,0,4,0,0,0,0,0,-28,0,0,0,0,-14
113.248,7.918,17.7,0.000,0.702,-0.025,0.000,0.000,0.000,0.000,0.000,0.249,0.000,0.000,0.000,0,4,0,0,0,0,0,-59,0,0,0,0,-29
113.265,7.918,17.7,0.000,0.702,-0.025,0.000,0.000,0.000,0.000,0.000,0.249,0.000,0.000,0.000,0,4,0,0,0,0,0,-2,0,0,0,0,-1
113.294,7.918,17.7,0.000,0.702,-0.025,0.000,0.000,0.000,0.000,0.000,0.249,0.000,0.000,0.000,0,4,0,0,0,0,0,58,0,0,0,0,29
113.311,7.900,17.7,0.000,0.825,-0.030,0.000,0.000,0.000,0.000,0.000,0.292,0.000,0.000,0.000,0,4,0,1,0,0,0,2,0,0,0,0,2
113.333,7.900,17.7,0.000,0.825,-0.030,0.000,0.000,0.000,0.000,0.000,0.292,0.000,0.000,0.000,0,4,0,1,0,0,0,-65,0,0,0,0,-32
113.350,7.886,17.6,0.000,0.839,-0.036,0.000,-0.001,-0.001,0.000,0.000,0.352,0.000,0.000,0.000,0,4,0,2,0,0,0,-32,0,0,0,0,-15
113.371,7.886,17.6,0.000,0.839,-0.036,0.000,-0.001,-0.001,0.000,0.000,0.352,0.000,0.000,0.000,0,4,0,2,0,0,0,58,0,0,0,0,30
113.388,7.886,17.6,0.000,0.839,-0.036,0.000,-0.001,-0.001,0.000,0.000,0.352,0.000,0.000,0.000,0,4,0,2,0,0,0,58,0,0,0,0,30
113.409,7.872,17.6,-0.001,0.853,-0.023,-0.001,-0.001,-0.001,0.000,0.000,0.230,0.000,0.000,0.000,0,4,0,3,1,0,0,-29,0,0,0,0,-13
113.426,7.872,17.6,-0.001,0.853,-0.023,-0.001,-0.001,-0.001,0.000,0.000,0.230,0.000,0.000,0.000,0,4,0,3,1,0,0,-60,0,0,0,0,-28
113.442,7.872,17.6,-0.001,0.853,-0.023,-0.001,-0.001,-0.001,0.000,0.000,0.230,0.000,0.000,0.000,0,4,0,3,1,0,0,-22,0,0,0,0,-9
113.465,7.854,17.6,-0.001,1.000,-0.033,-0.001,-0.001,-0.001,0.000,0.000,0.324,0.000,0.000,0.000,0,4,0,3,1,0,0,62,0,0,0,0,34
113.487,7.854,17.6,-0.001,1.000,-0.033,-0.001,-0.001,-0.001,0.000,0.000,0.324,0.000,0.000,0.000,0,4,0,3,1,0,0,28,0,0,0,0,16
113.504,7.854,17.6,-0.001,1.000,-0.033,-0.001,-0.001,-0.001,0.000,0.000,0.324,0.000,0.000,0.000,0,4,0,3,1,0,0,-45,0,0,0,0,-20
113.520,7.840,17.5,-0.001,1.000,-0.026,-0.001,-0.001,-0.001,0.000,0.000,0.252,0.000,0.000,0.000,0,4,0,3,1,0,0,-59,0,0,0,0,-27
113.536,7.840,17.5,-0.001,1.000,-0.026,-0.001,-0.001,-0.001,0.000,0.000,0.252,0.000,0.000,0.000,0,4,0,3,1,0,0,-12,0,0,0,0,-4
113.557,7.827,17.5,-0.001,1.000,-0.038,-0.001,-0.001,-0.001,0.000,0.000,0.370,0.000,0.000,0.000,0,4,0,3,1,0,0,67,0,0,0,0,35
113.575,7.827,17.5,-0.001,1.000,-0.038,-0.001,-0.001,-0.001,0.000,0.000,0.370,0.000,0.000,0.000,0,4,0,3,1,0,0,41,0,0,0,0,23
113.591,7.827,17.5,-0.001,1.000,-0.038,-0.001,-0.001,-0.001,0.000,0.000,0.370,0.000,0.000,0.000,0,4,0,3,1,0,0,-34,0,0,0,0,-15
113.622,7.809,17.5,-0.001,1.000,-0.028,-0.001,-0.001,-0.001,0.000,0.000,0.279,0.000,0.000,0.000,0,4,0,3,1,0,0,-32,0,0,0,0,-14
113.643,7.809,17.5,-0.001,1.000,-0.028,-0.001,-0.001,-0.001,0.000,0.000,0.279,0.000,0.000,0.000,0,4,0,3,1,0,0,51,0,0,0,0,28
113.668,7.795,17.4,-0.001,1.000,-0.030,-0.001,-0.001,-0.001,0.000,0.000,0.297,0.000,0.000,0.000,0,4,0,3,1,0,0,29,0,0,0,0,16
113.686,7.795,17.4,-0.001,1.000,-0.030,-0.001,-0.001,-0.001,0.000,0.000,0.297,0.000,0.000,0.000,0,4,0,3,1,0,0,-44,0,0,0,0,-20
113.715,7.781,17.4,-0.001,1.000,-0.030,-0.001,-0.001,-0.001,0.000,0.000,0.296,0.000,0.000,0.000,0,4,0,3,1,0,0,-24,0,0,0,0,-10
113.736,7.781,17.4,-0.001,1.000,-0.030,-0.001,-0.001,-0.001,0.000,0.000,0.296,0.000,0.000,0.000,0,4,0,3,1,0,0,57,0,0,0,0,31
113.753,7.781,17.4,-0.001,1.000,-0.030,-0.001,-0.001,-0.001,0.000,0.000,0.296,0.000,0.000,0.000,0,4,0,3,1,0,0,50,0,0,0,0,27
113.769,7.763,17.4,-0.001,1.000,-0.034,-0.001,-0.001,-0.001,0.000,0.000,0.337,0.000,0.000,0.000,0,4,0,3,1,0,0,-16,0,0,0,0,-6
113.794,7.763,17.4,-0.001,1.000,-0.034,-0.001,-0.001,-0.001,0.000,0.000,0.337,0.000,0.000,0.000,0,4,0,3,1,0,0,-62,0,0,0,0,-29
113.814,7.763,17.4,-0.001,1.000,-0.034,-0.001,-0.001,-0.001,0.000,0.000,0.337,0.000,0.000,0.000,0,4,0,3,1,0,0,14,0,0,0,0,9
113.831,7.749,17.3,-0.001,1.000,-0.023,-0.001,-0.001,-0.001,0.000,0.000,0.224,0.000,0.000,0.000,0,4,0,3,1,0,0,57,0,0,0,0,31
113.848,7.749,17.3,-0.001,1.000,-0.023,-0.001,-0.001,-0.001,0.000,0.000,0.224,0.000,0.000,0.000,0,4,0,3,1,0,0,32,0,0,0,0,18
113.872,7.735,17.3,-0.001,1.000,-0.033,-0.001,-0.001,-0.001,0.000,0.000,0.328,0.000,0.000,0.000,0,4,0,3,1,0,0,-57,0,0,0,0,-26
113.893,7.735,17.3,-0.001,1.000,-0.033,-0.001,-0.001,-0.001,0.000,0.000,0.328,0.000,0.000,0.000,0,4,0,3,1,0,0,-40,0,0,0,0,-18
113.918,7.735,17.3,-0.001,1.000,-0.033,-0.001,-0.001,-0.001,0.000,0.000,0.328,0.000,0.000,0.000,0,4,0,3,1,0,0,58,0,0,0,0,31
113.935,7.717,17.3,-0.001,1.000,-0.029,-0.001,-0.001,-0.001,0.000,0.000,0.289,0.000,0.000,0.000,0,4,0,3,1,0,0,48,0,0,0,0,26
113.966,7.717,17.3,-0.001,1.000,-0.029,-0.001,-0.001,-0.001,0.000,0.000,0.289,0.000,0.000,0.000,0,4,0,3,1,0,0,-60,0,0,0,0,-28
113.987,7.703,17.2,-0.001,1.000,-0.027,-0.001,-0.001,-0.001,0.000,0.000,0.265,0.000,0.000,0.000,0,4,0,3,1,0,0,-24,0,0,0,0,-10
114.004,7.703,17.2,-0.001,1.000,-0.027,-0.001,-0.001,-0.001,0.000,0.000,0.265,0.000,0.000,0.000,0,4,0,3,1,0,0,41,0,0,0,0,23
114.020,7.703,17.2,-0.001,1.000,-0.027,-0.001,-0.001,-0.001,0.000,0.000,0.265,0.000,0.000,0.000,0,4,0,3,1,0,0,58,0,0,0,0,31
114.044,7.690,17.2,-0.001,1.000,-0.025,-0.001,-0.001,-0.001,0.000,0.000,0.243,0.000,0.000,0.000,0,4,0,3,1,0,0,-21,0,0,0,0,-8
114.064,7.690,17.2,-0.001,1.000,-0.025,-0.001,-0.001,-0.001,0.000,0.000,0.243,0.000,0.000,0.000,0,4,0,3,1,0,0,-59,0,0,0,0,-27
114.090,7.672,17.2,-0.001,1.000,-0.040,-0.001,-0.001,-0.001,0.000,0.000,0.391,0.000,0.000,0.000,0,4,0,3,1,0,0,27,0,0,0,0,16
114.122,7.672,17.2,-0.001,1.000,-0.040,-0.001,-0.001,-0.001,0.000,0.000,0.391,0.000,0.000,0.000,0,4,0,3,1,0,0,35,0,0,0,0,20
114.144,7.658,17.1,-0.001,1.000,-0.026,-0.001,-0.001,-0.001,0.000,0.000,0.254,0.000,0.000,0.000,0,4,0,3,0,0,0,-51,0,0,0,0,-24
114.168,7.658,17.1,-0.001,1.000,-0.026,-0.001,-0.001,-0.001,0.000,0.000,0.254,0.000,0.000,0.000,0,4,0,3,0,0,0,-29,0,0,0,0,-13
114.185,7.644,17.1,0.000,1.000,-0.034,0.000,-0.001,-0.001,0.000,0.000,0.336,0.000,0.000,0.000,0,4,0,2,0,0,0,41,0,0,0,0,22
114.215,7.644,17.1,0.000,1.000,-0.034,0.000,-0.001,-0.001,0.000,0.000,0.336,0.000,0.000,0.000,0,4,0,2,0,0,0,22,0,0,0,0,12
114.237,7.626,17.1,0.000,1.000,-0.035,0.000,0.000,0.000,0.000,0.000,0.342,0.000,0.000,0.000,0,4,0,0,0,0,0,-61,0,0,0,0,-30
114.254,7.626,17.1,0.000,1.000,-0.035,0.000,0.000,0.000,0.000,0.000,0.342,0.000,0.000,0.000,0,4,0,0,0,0,0,-47,0,0,0,0,-24
114.272,7.626,17.1,0.000,1.000,-0.035,0.000,0.000,0.000,0.000,0.000,0.342,0.000,0.000,0.000,0,4,0,0,0,0,0,26,0,0,0,0,13
114.293,7.612,17.0,0.004,1.000,-0.025,0.004,0.005,0.005,0.000,0.000,0.250,0.000,0.000,0.000,0,4,0,-17,-5,0,0,57,0,0,0,0,18
114.314,7.612,17.0,0.004,1.000,-0.025,0.004,0.005,0.005,0.000,0.000,0.250,0.000,0.000,0.000,0,4,0,-17,-5,0,0,-12,0,0,0,0,-17
114.332,7.612,17.0,0.004,1.000,-0.025,0.004,0.005,0.005,0.000,0.000,0.250,0.000,0.000,0.000,0,4,0,-17,-5,0,0,-59,0,0,0,0,-40
114.349,7.599,17.0,0.016,1.000,-0.025,0.018,0.023,0.020,0.000,0.000,0.285,0.000,0.000,0.000,0,4,0,-73,-21,0,0,-32,0,0,0,0,-49
114.372,7.599,17.0,0.016,1.000,-0.025,0.018,0.023,0.020,0.000,0.000,0.285,0.000,0.000,0.000,0,4,0,-73,-21,0,0,54,0,0,0,0,-20
114.394,7.580,17.0,0.036,1.000,-0.042,0.040,0.052,0.045,0.000,0.000,0.687,0.000,0.000,0.000,0,4,0,-167,-49,0,0,49,0,0,0,0,-50
114.418,7.580,17.0,0.036,1.000,-0.042,0.040,0.052,0.045,0.000,0.000,0.687,0.000,0.000,0.000,0,4,0,-167,-49,0,0,-79,0,0,0,0,-147
114.435,7.580,17.0,0.036,1.000,-0.042,0.040,0.052,0.045,0.000,0.000,0.687,0.000,0.000,0.000,0,4,0,-167,-49,0,0,-67,0,0,0,0,-141
114.466,7.567,16.9,0.064,1.000,-0.019,0.070,0.091,0.079,0.000,0.000,0.488,0.000,0.000,0.000,0,4,0,-294,-85,0,0,71,0,0,0,0,-112
114.487,7.567,16.9,0.064,1.000,-0.019,0.070,0.091,0.079,0.000,0.000,0.488,0.000,0.000,0.000,0,4,0,-294,-85,0,0,33,0,0,0,0,-1043
114.503,7.553,16.9,0.100,1.000,-0.036,0.109,0.142,0.123,0.000,0.000,1.364,0.000,0.000,0.000,0,4,0,-458,-133,0,0,-86,0,0,0,0,-1117
114.520,7.553,16.9,0.100,1.000,-0.036,0.109,0.142,0.123,0.000,0.000,1.364,0.000,0.000,0.000,0,4,0,-458,-133,0,0,-126,0,0,0,0,-1155
114.537,7.553,16.9,0.100,1.000,-0.036,0.109,0.142,0.123,0.000,0.000,1.364,0.000,0.000,0.000,0,4,0,-458,-133,0,0,-11,0,0,0,0,-1123
114.558,7.535,16.9,0.139,1.000,-0.034,0.151,0.197,0.171,0.000,0.000,1.739,0.000,0.000,0.000,0,4,0,-637,-184,0,0,154,0,0,0,0,-1073
114.575,7.535,16.9,0.139,1.000,-0.034,0.151,0.197,0.171,0.000,0.000,1.739,0.000,0.000,0.000,0,4,0,-637,-184,0,0,94,0,0,0,0,-1119
114.591,7.535,16.9,0.139,1.000,-0.034,0.151,0.197,0.171,0.000,0.000,1.739,0.000,0.000,0.000,0,4,0,-637,-184,0,0,-77,0,0,0,0,-1216
114.622,7.522,16.8,0.181,1.000,-0.021,0.197,0.257,0.224,0.000,0.000,1.446,0.000,0.000,0.000,0,4,0,-831,-239,0,0,-70,0,0,0,0,-1249
114.643,7.522,16.8,0.181,1.000,-0.021,0.197,0.257,0.224,0.000,0.000,1.446,0.000,0.000,0.000,0,4,0,-831,-239,0,0,110,0,0,0,0,-1192
114.668,7.509,16.8,0.218,1.000,-0.028,0.237,0.309,0.270,0.000,0.000,2.364,0.000,0.000,0.000,0,4,0,-1001,-287,0,0,88,0,0,0,0,-1232
114.685,7.509,16.8,0.218,1.000,-0.028,0.237,0.309,0.270,0.000,0.000,2.364,0.000,0.000,0.000,0,4,0,-1001,-287,0,0,-131,0,0,0,0,-1351
114.715,7.492,16.8,0.255,1.000,-0.037,0.275,0.360,0.316,0.000,0.000,3.611,0.000,0.000,0.000,0,4,0,-1167,-334,0,0,-103,0,0,0,0,-1373
114.737,7.492,16.8,0.255,1.000,-0.037,0.275,0.360,0.316,0.000,0.000,3.611,0.000,0.000,0.000,0,4,0,-1167,-334,0,0,255,0,0,0,0,-1237
114.754,7.492,16.8,0.255,1.000,-0.037,0.275,0.360,0.316,0.000,0.000,3.611,0.000,0.000,0.000,0,4,0,-1167,-334,0,0,208,0,0,0,0,-1278
114.771,7.480,16.7,0.291,1.000,-0.022,0.312,0.410,0.360,0.000,0.000,2.566,0.000,0.000,0.000,0,4,0,-1328,-379,0,0,-79,0,0,0,0,-1429
114.793,7.480,16.7,0.291,1.000,-0.022,0.312,0.410,0.360,0.000,0.000,2.566,0.000,0.000,0.000,0,4,0,-1328,-379,0,0,-202,0,0,0,0,-1510
114.814,7.468,16.7,0.322,1.000,-0.029,0.345,0.453,0.400,0.000,0.000,3.747,0.000,0.000,0.000,0,4,0,-1469,-419,0,0,53,0,0,0,0,-1420
114.831,7.468,16.7,0.322,1.000,-0.029,0.345,0.453,0.400,0.000,0.000,3.747,0.000,0.000,0.000,0,4,0,-1469,-419,0,0,281,0,0,0,0,-1335
114.847,7.468,16.7,0.322,1.000,-0.029,0.345,0.453,0.400,0.000,0.000,3.747,0.000,0.000,0.000,0,4,0,-1469,-419,0,0,175,0,0,0,0,-1403
114.871,7.451,16.7,0.347,1.000,-0.029,0.370,0.487,0.432,0.000,0.000,3.932,0.000,0.000,0.000,0,4,0,-1581,-449,0,0,-254,0,0,0,0,-1626
114.893,7.451,16.7,0.347,1.000,-0.029,0.370,0.487,0.432,0.000,0.000,3.932,0.000,0.000,0.000,0,4,0,-1581,-449,0,0,-175,0,0,0,0,-1616
114.918,7.440,16.6,0.363,1.000,-0.026,0.386,0.509,0.452,0.000,0.000,3.846,0.000,0.000,0.000,0,4,0,-1652,-468,0,0,259,0,0,0,0,-1449
114.935,7.440,16.6,0.363,1.000,-0.026,0.386,0.509,0.452,0.000,0.000,3.846,0.000,0.000,0.000,0,4,0,-1652,-468,0,0,228,0,0,0,0,-1483
114.951,7.440,16.6,0.363,1.000,-0.026,0.386,0.509,0.452,0.000,0.000,3.846,0.000,0.000,0.000,0,4,0,-1652,-468,0,0,-75,0,0,0,0,-1639
114.973,7.428,16.6,0.368,1.000,-0.022,0.389,0.514,0.457,0.000,0.000,3.280,0.000,0.000,0.000,0,4,0,-1671,-473,0,0,-253,0,0,0,0,-1745
114.997,7.428,16.6,0.368,1.000,-0.022,0.389,0.514,0.457,0.000,0.000,3.280,0.000,0.000,0.000,0,4,0,-1671,-473,0,0,74,0,0,0,0,-1626
115.014,7.428,16.6,0.368,1.000,-0.022,0.389,0.514,0.457,0.000,0.000,3.280,0.000,0.000,0.000,0,4,0,-1671,-473,0,0,255,0,0,0,0,-1564
115.031,7.409,16.6,0.369,1.000,-0.032,0.389,0.516,0.458,0.000,0.000,4.139,0.000,0.000,0.000,0,4,0,-1677,-473,0,0,150,0,0,0,0,-1631
115.052,7.409,16.6,0.369,1.000,-0.032,0.389,0.516,0.458,0.000,0.000,4.139,0.000,0.000,0.000,0,4,0,-1677,-473,0,0,-256,0,0,0,0,-1840
115.069,7.396,16.5,0.381,1.000,-0.036,0.400,0.531,0.472,0.000,0.000,4.863,0.000,0.000,0.000,0,4,0,-1726,-486,0,0,-304,0,0,0,0,-1881
115.087,7.396,16.5,0.381,1.000,-0.036,0.400,0.531,0.472,0.000,0.000,4.863,0.000,0.000,0.000,0,4,0,-1726,-486,0,0,68,0,0,0,0,-1734
115.103,7.396,16.5,0.381,1.000,-0.036,0.400,0.531,0.472,0.000,0.000,4.863,0.000,0.000,0.000,0,4,0,-1726,-486,0,0,349,0,0,0,0,-1626
115.128,7.382,16.5,0.399,1.000,-0.024,0.418,0.555,0.496,0.000,0.000,3.242,0.000,0.000,0.000,0,4,0,-1807,-507,0,0,29,0,0,0,0,-1799
115.145,7.382,16.5,0.399,1.000,-0.024,0.418,0.555,0.496,0.000,0.000,3.242,0.000,0.000,0.000,0,4,0,-1807,-507,0,0,-220,0,0,0,0,-1932
115.168,7.382,16.5,0.399,1.000,-0.024,0.418,0.555,0.496,0.000,0.000,3.242,0.000,0.000,0.000,0,4,0,-1807,-507,0,0,-111,0,0,0,0,-1910
115.185,7.357,16.5,0.422,1.000,-0.045,0.439,0.585,0.525,0.000,0.000,4.786,0.000,0.000,0.000,0,4,0,-1907,-533,0,0,222,0,0,0,0,-1779
115.206,7.357,16.5,0.422,1.000,-0.045,0.439,0.585,0.525,0.000,0.000,4.786,0.000,0.000,0.000,0,4,0,-1907,-533,0,0,289,0,0,0,0,-1774
115.224,7.340,16.4,0.448,1.000,-0.043,0.464,0.620,0.558,0.000,0.000,5.505,0.000,0.000,0.000,0,4,0,-2021,-564,0,0,-94,0,0,0,0,-1968
115.240,7.340,16.4,0.448,1.000,-0.043,0.464,0.620,0.558,0.000,0.000,5.505,0.000,0.000,0.000,0,4,0,-2021,-564,0,0,-387,0,0,0,0,-2119
115.256,7.340,16.4,0.448,1.000,-0.043,0.464,0.620,0.558,0.000,0.000,5.505,0.000,0.000,0.000,0,4,0,-2021,-564,0,0,-244,0,0,0,0,-2074
115.278,7.324,16.4,0.479,1.000,-0.030,0.494,0.662,0.599,0.000,0.000,4.218,0.000,0.000,0.000,0,4,0,-2159,-600,0,0,234,0,0,0,0,-1883
115.296,7.324,16.4,0.479,1.000,-0.030,0.494,0.662,0.599,0.000,0.000,4.218,0.000,0.000,0.000,0,4,0,-2159,-600,0,0,275,0,0,0,0,-1886
115.313,7.324,16.4,0.479,1.000,-0.030,0.494,0.662,0.599,0.000,0.000,4.218,0.000,0.000,0.000,0,4,0,-2159,-600,0,0,-33,0,0,0,0,-2045
115.329,7.298,16.3,0.510,1.000,-0.053,0.521,0.701,0.638,0.000,0.000,6.277,0.000,0.000,0.000,0,4,0,-2289,-633,0,-193,-416,0,0,0,0,-2237
115.350,7.298,16.3,0.510,1.000,-0.053,0.521,0.701,0.638,0.000,0.000,6.277,0.000,0.000,0.000,0,4,0,-2289,-633,0,-193,-199,0,0,0,0,-2165
115.372,7.298,16.3,0.510,1.000,-0.053,0.521,0.701,0.638,0.000,0.000,6.277,0.000,0.000,0.000,0,4,0,-2289,-633,0,-193,384,0,0,0,0,-1926
115.389,7.283,16.3,0.538,1.000,-0.025,0.548,0.738,0.676,0.000,0.000,4.188,0.000,0.000,0.000,0,4,0,-2411,-665,0,0,242,0,0,0,0,-2011
115.405,7.283,16.3,0.538,1.000,-0.025,0.548,0.738,0.676,0.000,0.000,4.188,0.000,0.000,0.000,0,4,0,-2411,-665,0,0,-64,0,0,0,0,-2168
115.427,7.283,16.3,0.538,1.000,-0.025,0.548,0.738,0.676,0.000,0.000,4.188,0.000,0.000,0.000,0,4,0,-2411,-665,0,0,-307,0,0,0,0,-2303
115.444,7.269,16.3,0.566,1.000,-0.026,0.575,0.776,0.716,0.000,0.000,4.871,0.000,0.000,0.000,0,4,0,-2537,-698,0,0,-95,0,0,0,0,-2228
115.466,7.269,16.3,0.566,1.000,-0.026,0.575,0.776,0.716,0.000,0.000,4.871,0.000,0.000,0.000,0,4,0,-2537,-698,0,0,335,0,0,0,0,-2059
115.496,7.246,16.2,0.594,1.000,-0.045,0.599,0.811,0.753,0.000,0.000,6.908,0.195,0.097,0.000,0,4,0,-2655,-727,0,0,-112,0,0,0,0,-2298
115.518,7.246,16.2,0.594,1.000,-0.045,0.599,0.811,0.753,0.000,0.000,6.908,0.195,0.097,0.000,0,4,0,-2655,-727,0,0,-478,0,0,0,0,-2488
115.534,7.246,16.2,0.594,1.000,-0.045,0.599,0.811,0.753,0.000,0.000,6.908,0.195,0.097,0.000,0,4,0,-2655,-727,0,0,-133,0,0,0,0,-2351
115.552,7.236,16.2,0.618,1.000,-0.020,0.622,0.843,0.788,0.000,0.000,5.099,-0.119,-0.059,0.000,0,4,0,-2762,-755,0,0,293,0,0,0,0,-2179
115.568,7.236,16.2,0.618,1.000,-0.020,0.622,0.843,0.788,0.000,0.000,5.099,-0.119,-0.059,0.000,0,4,0,-2762,-755,0,0,325,0,0,0,0,-2184
115.589,7.225,16.2,0.638,1.000,-0.030,0.640,0.869,0.817,0.000,0.000,8.021,0.188,0.094,0.000,0,4,0,-2848,-777,0,0,-191,0,0,0,0,-2443
115.605,7.225,16.2,0.638,1.000,-0.030,0.640,0.869,0.817,0.000,0.000,8.021,0.188,0.094,0.000,0,4,0,-2848,-777,0,0,-549,0,0,0,0,-2624
115.622,7.225,16.2,0.638,1.000,-0.030,0.640,0.869,0.817,0.000,0.000,8.021,0.188,0.094,0.000,0,4,0,-2848,-777,0,0,-272,0,0,0,0,-2518
115.639,7.211,16.1,0.650,1.000,-0.028,0.649,0.883,0.833,0.000,0.000,7.682,0.000,0.000,0.000,0,4,0,-2896,-788,0,0,339,0,0,0,0,-2262
115.660,7.211,16.1,0.650,1.000,-0.028,0.649,0.883,0.833,0.000,0.000,7.682,0.000,0.000,0.000,0,4,0,-2896,-788,0,0,448,0,0,0,0,-2236
115.677,7.211,16.1,0.650,1.000,-0.028,0.649,0.883,0.833,0.000,0.000,7.682,0.000,0.000,0.000,0,4,0,-2896,-788,0,0,-94,0,0,0,0,-2502
115.695,7.203,16.1,0.664,1.000,-0.014,0.662,0.901,0.854,0.000,0.000,5.458,0.000,0.000,0.020,0,4,0,-2957,-803,0,0,-396,0,0,0,0,-2660
115.711,7.203,16.1,0.664,1.000,-0.014,0.662,0.901,0.854,0.000,0.000,5.458,0.000,0.000,0.020,0,4,0,-2957,-803,0,0,-231,0,0,0,0,-2604
115.732,7.203,16.1,0.664,1.000,-0.014,0.662,0.901,0.854,0.000,0.000,5.458,0.000,0.000,0.020,0,4,0,-2957,-803,0,0,297,0,0,0,0,-2390
115.748,7.195,16.1,0.679,1.000,-0.015,0.675,0.920,0.876,0.000,0.000,5.704,0.000,0.000,0.032,0,4,0,-3021,-819,0,0,398,0,0,0,0,-2363
115.766,7.195,16.1,0.679,1.000,-0.015,0.675,0.920,0.876,0.000,0.000,5.704,0.000,0.000,0.032,0,4,0,-3021,-819,0,0,-29,0,0,0,0,-2577
115.783,7.195,16.1,0.679,1.000,-0.015,0.675,0.920,0.876,0.000,0.000,5.704,0.000,0.000,0.032,0,4,0,-3021,-819,0,0,-402,0,0,0,0,-2766
115.805,7.179,16.1,0.696,1.000,-0.028,0.688,0.940,0.899,0.000,0.000,7.530,0.000,0.000,0.049,0,4,0,-3090,-836,0,0,-223,0,0,0,0,-2711
115.823,7.179,16.1,0.696,1.000,-0.028,0.688,0.940,0.899,0.000,0.000,7.530,0.000,0.000,0.049,0,4,0,-3090,-836,0,0,401,0,0,0,0,-2449
115.840,7.179,16.1,0.696,1.000,-0.028,0.688,0.940,0.899,0.000,0.000,7.530,0.000,0.000,0.049,0,4,0,-3090,-836,0,0,500,0,0,0,0,-2425
115.856,7.169,16.0,0.715,1.000,-0.021,0.705,0.965,0.928,0.000,0.000,6.371,0.000,0.000,0.061,0,4,0,-3172,-857,0,0,8,0,0,0,0,-2667
115.878,7.169,16.0,0.715,1.000,-0.021,0.705,0.965,0.928,0.000,0.000,6.371,0.000,0.000,0.061,0,4,0,-3172,-857,0,0,-489,0,0,0,0,-2917
115.895,7.169,16.0,0.715,1.000,-0.021,0.705,0.965,0.928,0.000,0.000,6.371,0.000,0.000,0.061,0,4,0,-3172,-857,0,0,-219,0,0,0,0,-2816
115.918,7.158,16.0,0.738,1.000,-0.019,0.727,0.996,0.965,0.000,0.000,5.449,0.000,0.000,0.074,0,4,0,-3274,-882,0,0,393,0,0,0,0,-2565
115.934,7.158,16.0,0.738,1.000,-0.019,0.727,0.996,0.965,0.000,0.000,5.449,0.000,0.000,0.074,0,4,0,-3274,-882,0,0,359,0,0,0,0,-2599
115.957,7.137,16.0,0.763,1.000,-0.053,0.746,1.025,1.002,0.000,0.000,11.553,0.000,0.000,0.091,0,4,0,-3375,-906,0,-195,-455,0,0,0,0,-2995
115.974,7.137,16.0,0.763,1.000,-0.053,0.746,1.025,1.002,0.000,0.000,11.553,0.000,0.000,0.091,0,4,0,-3375,-906,0,-195,-718,0,0,0,0,-3133
115.990,7.137,16.0,0.763,1.000,-0.053,0.746,1.025,1.002,0.000,0.000,11.553,0.000,0.000,0.091,0,4,0,-3375,-906,0,-195,-131,0,0,0,0,-2887
116.007,7.125,15.9,0.781,1.000,-0.025,0.762,1.049,1.032,0.000,0.000,6.972,0.000,0.000,0.104,0,4,0,-3453,-925,0,0,469,0,0,0,0,-2635
116.029,7.125,15.9,0.781,1.000,-0.025,0.762,1.049,1.032,0.000,0.000,6.972,0.000,0.000,0.104,0,4,0,-3453,-925,0,0,346,0,0,0,0,-2716
116.045,7.125,15.9,0.781,1.000,-0.025,0.762,1.049,1.032,0.000,0.000,6.972,0.000,0.000,0.104,0,4,0,-3453,-925,0,0,-257,0,0,0,0,-2998
116.062,7.113,15.9,0.798,1.000,-0.023,0.776,1.070,1.059,0.000,0.000,6.469,0.000,0.000,0.117,0,4,0,-3524,-942,0,0,-535,0,0,0,0,-3144
116.079,7.113,15.9,0.798,1.000,-0.023,0.776,1.070,1.059,0.000,0.000,6.469,0.000,0.000,0.117,0,4,0,-3524,-942,0,0,-184,0,0,0,0,-3005
116.101,7.113,15.9,0.798,1.000,-0.023,0.776,1.070,1.059,0.000,0.000,6.469,0.000,0.000,0.117,0,4,0,-3524,-942,0,0,498,0,0,0,0,-2696
116.121,7.092,15.9,0.812,1.000,-0.036,0.784,1.085,1.079,0.000,0.000,8.041,0.000,0.000,0.134,0,4,0,-3577,-952,0,0,339,0,0,0,0,-2792
116.138,7.092,15.9,0.812,1.000,-0.036,0.784,1.085,1.079,0.000,0.000,8.041,0.000,0.000,0.134,0,4,0,-3577,-952,0,0,-376,0,0,0,0,-3121
116.154,7.092,15.9,0.812,1.000,-0.036,0.784,1.085,1.079,0.000,0.000,8.041,0.000,0.000,0.134,0,4,0,-3577,-952,0,0,-638,0,0,0,0,-3239
116.175,7.079,15.8,0.819,1.000,-0.025,0.789,1.093,1.090,0.000,0.000,6.759,0.000,0.000,0.146,0,4,0,-3606,-958,0,0,10,0,0,0,0,-2961
116.192,7.079,15.8,0.819,1.000,-0.025,0.789,1.093,1.090,0.000,0.000,6.759,0.000,0.000,0.146,0,4,0,-3606,-958,0,0,539,0,0,0,0,-2721
116.209,7.079,15.8,0.819,1.000,-0.025,0.789,1.093,1.090,0.000,0.000,6.759,0.000,0.000,0.146,0,4,0,-3606,-958,0,0,408,0,0,0,0,-2781
116.226,7.065,15.8,0.819,1.000,-0.028,0.786,1.091,1.088,0.000,0.000,7.024,0.000,0.000,0.158,0,4,0,-3601,-954,0,0,-248,0,0,0,0,-3074
116.248,7.065,15.8,0.819,1.000,-0.028,0.786,1.091,1.088,0.000,0.000,7.024,0.000,0.000,0.158,0,4,0,-3601,-954,0,0,-570,0,0,0,0,-3220
116.264,7.041,15.8,0.819,1.000,-0.064,0.780,1.087,1.084,0.000,0.000,12.642,0.000,0.000,0.173,0,4,0,-3593,-947,0,-235,-72,0,0,0,0,-3014
116.282,7.041,15.8,0.819,1.000,-0.064,0.780,1.087,1.084,0.000,0.000,12.642,0.000,0.000,0.173,0,4,0,-3593,-947,0,-235,717,0,0,0,0,-2678
116.298,7.041,15.8,0.819,1.000,-0.064,0.780,1.087,1.084,0.000,0.000,12.642,0.000,0.000,0.173,0,4,0,-3593,-947,0,-235,615,0,0,0,0,-2743
116.319,7.025,15.7,0.820,1.000,-0.029,0.778,1.086,1.083,0.000,0.000,6.551,0.000,0.000,0.184,0,4,0,-3591,-945,0,0,-305,0,0,0,0,-3135
116.336,7.025,15.7,0.820,1.000,-0.029,0.778,1.086,1.083,0.000,0.000,6.551,0.000,0.000,0.184,0,4,0,-3591,-945,0,0,-581,0,0,0,0,-3240
116.353,7.025,15.7,0.820,1.000,-0.029,0.778,1.086,1.083,0.000,0.000,6.551,0.000,0.000,0.184,0,4,0,-3591,-945,0,0,-142,0,0,0,0,-3022
116.370,7.009,15.7,0.822,1.000,-0.033,0.776,1.086,1.084,0.000,0.000,6.873,0.000,0.000,0.194,0,4,0,-3593,-942,0,0,486,0,0,0,0,-2733
116.391,7.009,15.7,0.822,1.000,-0.033,0.776,1.086,1.084,0.000,0.000,6.873,0.000,0.000,0.194,0,4,0,-3593,-942,0,0,427,0,0,0,0,-2759
116.418,7.009,15.7,0.822,1.000,-0.033,0.776,1.086,1.084,0.000,0.000,6.873,0.000,0.000,0.194,0,4,0,-3593,-942,0,0,-553,0,0,0,0,-3203
116.435,6.981,15.6,0.826,1.000,-0.043,0.774,1.087,1.087,0.000,0.000,7.276,0.000,0.000,0.206,0,4,0,-3602,-939,0,0,-480,0,0,0,0,-3173
116.453,6.981,15.6,0.826,1.000,-0.043,0.774,1.087,1.087,0.000,0.000,7.276,0.000,0.000,0.206,0,4,0,-3602,-939,0,0,230,0,0,0,0,-2852
116.474,6.963,15.6,0.834,1.000,-0.048,0.778,1.096,1.098,0.000,0.000,9.201,0.000,0.000,0.215,0,4,0,-3631,-944,0,0,737,0,0,0,0,-2637
116.497,6.963,15.6,0.834,1.000,-0.048,0.778,1.096,1.098,0.000,0.000,9.201,0.000,0.000,0.215,0,4,0,-3631,-944,0,0,-222,0,0,0,0,-3072
116.514,6.963,15.6,0.834,1.000,-0.048,0.778,1.096,1.098,0.000,0.000,9.201,0.000,0.000,0.215,0,4,0,-3631,-944,0,0,-763,0,0,0,0,-3316
116.531,6.944,15.5,0.850,1.000,-0.034,0.788,1.114,1.123,0.000,0.000,6.437,0.000,0.000,0.223,0,4,0,-3694,-957,0,0,-308,0,0,0,0,-3130
116.552,6.944,15.5,0.850,1.000,-0.034,0.788,1.114,1.123,0.000,0.000,6.437,0.000,0.000,0.223,0,4,0,-3694,-957,0,0,481,0,0,0,0,-2787
116.569,6.944,15.5,0.850,1.000,-0.034,0.788,1.114,1.123,0.000,0.000,6.437,0.000,0.000,0.223,0,4,0,-3694,-957,0,0,522,0,0,0,0,-2769
116.590,6.920,15.5,0.870,1.000,-0.042,0.800,1.134,1.155,0.000,0.000,8.437,-0.378,-0.006,0.117,0,4,0,-3771,-971,0,0,-271,0,0,0,0,-3153
116.622,6.920,15.5,0.870,1.000,-0.042,0.800,1.134,1.155,0.000,0.000,8.437,-0.378,-0.006,0.117,0,4,0,-3771,-971,0,0,-320,0,0,0,0,-3191
116.644,6.908,15.5,0.892,1.000,-0.022,0.818,1.162,1.194,0.000,0.000,7.139,-0.047,-0.153,0.121,0,4,0,-3863,-993,0,0,477,0,0,0,0,-2856
116.668,6.908,15.5,0.892,1.000,-0.022,0.818,1.162,1.194,0.000,0.000,7.139,-0.047,-0.153,0.121,0,4,0,-3863,-993,0,0,261,0,0,0,0,-2980
116.685,6.897,15.4,0.918,1.000,-0.027,0.839,1.193,1.240,0.000,0.000,9.338,0.000,0.000,0.124,0,4,0,-3970,-1018,0,0,-467,0,0,0,0,-3331
116.716,6.897,15.4,0.918,1.000,-0.027,0.839,1.193,1.240,0.000,0.000,9.338,0.000,0.000,0.124,0,4,0,-3970,-1018,0,0,-209,0,0,0,0,-3249
116.737,6.888,15.4,0.941,1.000,-0.017,0.856,1.220,1.282,0.000,0.000,10.299,0.000,0.000,0.000,0,4,0,-4065,-1040,0,0,595,0,0,0,0,-2911
116.755,6.888,15.4,0.941,1.000,-0.017,0.856,1.220,1.282,0.000,0.000,10.299,0.000,0.000,0.000,0,4,0,-4065,-1040,0,0,441,0,0,0,0,-3001
116.772,6.888,15.4,0.941,1.000,-0.017,0.856,1.220,1.282,0.000,0.000,10.299,0.000,0.000,0.000,0,4,0,-4065,-1040,0,0,-285,0,0,0,0,-3340
116.788,6.886,15.4,0.967,1.000,-0.004,0.879,1.252,1.334,0.000,0.000,7.903,0.000,0.000,0.000,0,4,0,-4176,-1068,0,0,-518,0,0,0,0,-3464
116.809,6.886,15.4,0.967,1.000,-0.004,0.879,1.252,1.334,0.000,0.000,7.903,0.000,0.000,0.000,0,4,0,-4176,-1068,0,0,-68,0,0,0,0,-3284
116.827,6.886,15.4,0.967,1.000,-0.004,0.879,1.252,1.334,0.000,0.000,7.903,0.000,0.000,0.000,0,4,0,-4176,-1068,0,0,458,0,0,0,0,-3066
116.843,6.885,15.4,0.989,1.000,-0.003,0.900,1.282,1.381,0.000,0.000,7.506,0.000,0.000,0.000,0,4,0,-4274,-1092,0,0,392,0,0,0,0,-3115
116.872,6.885,15.4,0.989,1.000,-0.003,0.900,1.282,1.381,0.000,0.000,7.506,0.000,0.000,0.000,0,4,0,-4274,-1092,0,0,-431,0,0,0,0,-3522
116.892,6.878,15.4,1.000,1.000,-0.014,0.908,1.294,1.402,0.000,0.000,11.425,0.000,0.000,0.000,0,4,0,-4317,-1102,0,0,-405,0,0,0,0,-3533
116.918,6.878,15.4,1.000,1.000,-0.014,0.908,1.294,1.402,0.000,0.000,11.425,0.000,0.000,0.000,0,4,0,-4317,-1102,0,0,582,0,0,0,0,-3090
116.936,6.878,15.4,1.000,1.000,-0.014,0.908,1.294,1.402,0.000,0.000,11.425,0.000,0.000,0.000,0,4,0,-4317,-1102,0,0,466,0,0,0,0,-3141
116.965,6.877,15.4,1.000,1.000,-0.002,0.907,1.294,1.402,0.000,0.000,5.696,0.000,0.000,0.000,0,4,0,-4316,-1101,0,0,-362,0,0,0,0,-3516
116.986,6.877,15.4,1.000,1.000,-0.002,0.907,1.294,1.402,0.000,0.000,5.696,0.000,0.000,0.000,0,4,0,-4316,-1101,0,0,-181,0,0,0,0,-3435
117.002,6.876,15.4,1.000,1.000,-0.004,0.907,1.294,1.402,0.000,0.000,11.017,0.000,0.000,0.000,0,4,0,-4316,-1101,0,0,388,0,0,0,0,-3176
117.020,6.876,15.4,1.000,1.000,-0.004,0.907,1.294,1.402,0.000,0.000,11.017,0.000,0.000,0.000,0,4,0,-4316,-1101,0,0,618,0,0,0,0,-3072
117.037,6.876,15.4,1.000,1.000,-0.004,0.907,1.294,1.402,0.000,0.000,11.017,0.000,0.000,0.000,0,4,0,-4316,-1101,0,0,49,0,0,0,0,-3330
117.059,6.869,15.4,1.000,1.000,-0.013,0.905,1.293,1.400,0.000,0.000,9.924,0.000,0.000,0.000,0,4,0,-4313,-1099,0,0,-628,0,0,0,0,-3634
117.090,6.869,15.4,1.000,1.000,-0.013,0.905,1.293,1.400,0.000,0.000,9.924,0.000,0.000,0.000,0,4,0,-4313,-1099,0,0,276,0,0,0,0,-3225
117.121,6.868,15.4,1.000,1.000,-0.002,0.905,1.292,1.400,0.000,0.000,6.651,0.000,0.000,0.000,0,4,0,-4312,-1098,0,0,244,0,0,0,0,-3239
117.142,6.868,15.4,1.000,1.000,-0.002,0.905,1.292,1.400,0.000,0.000,6.651,0.000,0.000,0.000,0,4,0,-4312,-1098,0,0,-330,0,0,0,0,-3498
117.169,6.866,15.4,1.000,1.000,-0.003,0.904,1.292,1.400,0.000,0.000,8.646,0.000,0.000,0.000,0,4,0,-4312,-1098,0,0,-224,0,0,0,0,-3450
117.186,6.866,15.4,1.000,1.000,-0.003,0.904,1.292,1.400,0.000,0.000,8.646,0.000,0.000,0.000,0,4,0,-4312,-1098,0,0,402,0,0,0,0,-3167
117.203,6.859,15.3,1.000,1.000,-0.021,0.903,1.291,1.398,0.000,0.000,16.099,0.000,0.000,0.000,0,4,0,-4309,-1096,0,0,600,0,0,0,0,-3074
117.224,6.859,15.3,1.000,1.000,-0.021,0.903,1.291,1.398,0.000,0.000,16.099,0.000,0.000,0.000,0,4,0,-4309,-1096,0,0,-172,0,0,0,0,-3424
117.246,6.859,15.3,1.000,1.000,-0.021,0.903,1.291,1.398,0.000,0.000,16.099,0.000,0.000,0.000,0,4,0,-4309,-1096,0,0,-630,0,0,0,0,-3632
117.263,6.858,15.3,1.000,1.000,-0.002,0.902,1.290,1.398,0.000,0.000,6.900,0.000,0.000,0.000,0,4,0,-4308,-1095,0,0,-90,0,0,0,0,-3387
117.293,6.858,15.3,1.000,1.000,-0.002,0.902,1.290,1.398,0.000,0.000,6.900,0.000,0.000,0.000,0,4,0,-4308,-1095,0,0,429,0,0,0,0,-3151
117.315,6.857,15.3,1.000,1.000,-0.002,0.902,1.290,1.398,0.000,0.000,8.004,0.000,0.000,0.000,0,4,0,-4308,-1095,0,0,-121,0,0,0,0,-3400
117.340,6.857,15.3,1.000,1.000,-0.002,0.902,1.290,1.398,0.000,0.000,8.004,0.000,0.000,0.000,0,4,0,-4308,-1095,0,0,-479,0,0,0,0,-3562
117.371,6.849,15.3,1.000,1.000,-0.013,0.900,1.289,1.396,0.000,0.000,9.682,0.000,0.000,0.000,0,4,0,-4305,-1093,0,0,519,0,0,0,0,-3109
117.391,6.849,15.3,1.000,1.000,-0.013,0.900,1.289,1.396,0.000,0.000,9.682,0.000,0.000,0.000,0,4,0,-4305,-1093,0,0,432,0,0,0,0,-3148
117.418,6.848,15.3,1.000,1.000,-0.003,0.899,1.288,1.396,0.000,0.000,8.689,0.000,0.000,0.000,0,4,0,-4304,-1092,0,0,-508,0,0,0,0,-3572
117.436,6.848,15.3,1.000,1.000,-0.003,0.899,1.288,1.396,0.000,0.000,8.689,0.000,0.000,0.000,0,4,0,-4304,-1092,0,0,-406,0,0,0,0,-3526
117.465,6.847,15.3,1.000,1.000,-0.003,0.899,1.288,1.396,0.000,0.000,8.855,0.000,0.000,0.000,0,4,0,-4304,-1092,0,0,535,0,0,0,0,-3100
117.486,6.847,15.3,1.000,1.000,-0.003,0.899,1.288,1.396,0.000,0.000,8.855,0.000,0.000,0.000,0,4,0,-4304,-1092,0,0,276,0,0,0,0,-3217
117.502,6.847,15.3,1.000,1.000,-0.003,0.899,1.288,1.396,0.000,0.000,8.855,0.000,0.000,0.000,0,4,0,-4304,-1092,0,0,-347,0,0,0,0,-3499
117.520,6.840,15.3,1.000,1.000,-0.013,0.897,1.287,1.394,0.000,0.000,10.034,0.000,0.000,0.000,0,4,0,-4301,-1090,0,0,-613,0,0,0,0,-3618
117.536,6.840,15.3,1.000,1.000,-0.013,0.897,1.287,1.394,0.000,0.000,10.034,0.000,0.000,0.000,0,4,0,-4301,-1090,0,0,-112,0,0,0,0,-3391
117.556,6.840,15.3,1.000,1.000,-0.013,0.897,1.287,1.394,0.000,0.000,10.034,0.000,0.000,0.000,0,4,0,-4301,-1090,0,0,606,0,0,0,0,-3065
117.573,6.838,15.3,1.000,1.000,-0.003,0.897,1.287,1.394,0.000,0.000,7.709,0.000,0.000,0.000,0,4,0,-4300,-1089,0,0,333,0,0,0,0,-3189
117.591,6.838,15.3,1.000,1.000,-0.003,0.897,1.287,1.394,0.000,0.000,7.709,0.000,0.000,0.000,0,4,0,-4300,-1089,0,0,-234,0,0,0,0,-3446
117.621,6.837,15.3,1.000,1.000,-0.003,0.896,1.286,1.394,0.000,0.000,8.379,0.000,0.000,0.000,0,4,0,-4300,-1089,0,0,-280,0,0,0,0,-3466
117.646,6.837,15.3,1.000,1.000,-0.003,0.896,1.286,1.394,0.000,0.000,8.379,0.000,0.000,0.000,0,4,0,-4300,-1089,0,0,488,0,0,0,0,-3118
117.668,6.837,15.3,1.000,1.000,-0.003,0.896,1.286,1.394,0.000,0.000,8.379,0.000,0.000,0.000,0,4,0,-4300,-1089,0,0,250,0,0,0,0,-3226
117.685,6.829,15.3,1.000,1.000,-0.012,0.895,1.285,1.392,0.000,0.000,8.688,0.000,0.000,0.000,0,4,0,-4297,-1087,0,0,-360,0,0,0,0,-3500
117.715,6.829,15.3,1.000,1.000,-0.012,0.895,1.285,1.392,0.000,0.000,8.688,0.000,0.000,0.000,0,4,0,-4297,-1087,0,0,-183,0,0,0,0,-3419
117.736,6.828,15.3,1.000,1.000,-0.003,0.894,1.285,1.392,0.000,0.000,8.012,0.000,0.000,0.000,0,4,0,-4296,-1086,0,0,463,0,0,0,0,-3126
117.753,6.828,15.3,1.000,1.000,-0.003,0.894,1.285,1.392,0.000,0.000,8.012,0.000,0.000,0.000,0,4,0,-4296,-1086,0,0,392,0,0,0,0,-3159
117.771,6.828,15.3,1.000,1.000,-0.003,0.894,1.285,1.392,0.000,0.000,8.012,0.000,0.000,0.000,0,4,0,-4296,-1086,0,0,-182,0,0,0,0,-3418
117.787,6.827,15.3,1.000,1.000,-0.003,0.894,1.284,1.392,0.000,0.000,8.045,0.000,0.000,0.000,0,4,0,-4295,-1085,0,0,-520,0,0,0,0,-3571
117.809,6.827,15.3,1.000,1.000,-0.003,0.894,1.284,1.392,0.000,0.000,8.045,0.000,0.000,0.000,0,4,0,-4295,-1085,0,0,-78,0,0,0,0,-3370
117.840,6.819,15.3,1.000,1.000,-0.014,0.892,1.283,1.390,0.000,0.000,10.224,0.000,0.000,0.000,0,4,0,-4292,-1083,0,0,583,0,0,0,0,-3069
117.856,6.819,15.3,1.000,1.000,-0.014,0.892,1.283,1.390,0.000,0.000,10.224,0.000,0.000,0.000,0,4,0,-4292,-1083,0,0,31,0,0,0,0,-3319
117.873,6.819,15.3,1.000,1.000,-0.014,0.892,1.283,1.390,0.000,0.000,10.224,0.000,0.000,0.000,0,4,0,-4292,-1083,0,0,-586,0,0,0,0,-3599
117.894,6.818,15.3,1.000,1.000,-0.003,0.891,1.283,1.390,0.000,0.000,7.558,0.000,0.000,0.000,0,4,0,-4292,-1082,0,0,-257,0,0,0,0,-3449
117.918,6.818,15.3,1.000,1.000,-0.003,0.891,1.283,1.390,0.000,0.000,7.558,0.000,0.000,0.000,0,4,0,-4292,-1082,0,0,445,0,0,0,0,-3131
117.936,6.816,15.2,1.000,1.000,-0.004,0.891,1.282,1.389,0.000,0.000,9.786,0.000,0.000,0.000,0,4,0,-4291,-1082,0,0,450,0,0,0,0,-3129
117.966,6.816,15.2,1.000,1.000,-0.004,0.891,1.282,1.389,0.000,0.000,9.786,0.000,0.000,0.000,0,4,0,-4291,-1082,0,0,-599,0,0,0,0,-3603
117.987,6.809,15.2,1.000,1.000,-0.015,0.889,1.281,1.388,0.000,0.000,10.663,0.000,0.000,0.000,0,4,0,-4288,-1080,0,0,-278,0,0,0,0,-3456
118.004,6.809,15.2,1.000,1.000,-0.015,0.889,1.281,1.388,0.000,0.000,10.663,0.000,0.000,0.000,0,4,0,-4288,-1080,0,0,442,0,0,0,0,-3130
118.021,6.809,15.2,1.000,1.000,-0.015,0.889,1.281,1.388,0.000,0.000,10.663,0.000,0.000,0.000,0,4,0,-4288,-1080,0,0,605,0,0,0,0,-3056
118.043,6.807,15.2,1.000,1.000,-0.003,0.889,1.281,1.388,0.000,0.000,7.163,0.000,0.000,0.000,0,4,0,-4287,-1079,0,0,-158,0,0,0,0,-3400
118.064,6.807,15.2,1.000,1.000,-0.003,0.889,1.281,1.388,0.000,0.000,7.163,0.000,0.000,0.000,0,4,0,-4287,-1079,0,0,-457,0,0,0,0,-3536
118.090,6.806,15.2,1.000,1.000,-0.003,0.888,1.280,1.387,0.000,0.000,8.758,0.000,0.000,0.000,0,4,0,-4287,-1079,0,0,230,0,0,0,0,-3225
118.106,6.806,15.2,1.000,1.000,-0.003,0.888,1.280,1.387,0.000,0.000,8.758,0.000,0.000,0.000,0,4,0,-4287,-1079,0,0,563,0,0,0,0,-3074
118.123,6.806,15.2,1.000,1.000,-0.003,0.888,1.280,1.387,0.000,0.000,8.758,0.000,0.000,0.000,0,4,0,-4287,-1079,0,0,242,0,0,0,0,-3219
118.144,6.798,15.2,1.000,1.000,-0.014,0.887,1.280,1.386,0.000,0.000,10.210,0.000,0.000,0.000,0,4,0,-4284,-1077,0,0,-527,0,0,0,0,-3565
118.160,6.798,15.2,1.000,1.000,-0.014,0.887,1.280,1.386,0.000,0.000,10.210,0.000,0.000,0.000,0,4,0,-4284,-1077,0,0,-546,0,0,0,0,-3573
118.176,6.798,15.2,1.000,1.000,-0.014,0.887,1.280,1.386,0.000,0.000,10.210,0.000,0.000,0.000,0,4,0,-4284,-1077,0,0,54,0,0,0,0,-3302
118.193,6.797,15.2,1.000,1.000,-0.003,0.886,1.279,1.385,0.000,0.000,8.299,0.000,0.000,0.000,0,4,0,-4283,-1076,0,0,503,0,0,0,0,-3098
118.216,6.797,15.2,1.000,1.000,-0.003,0.886,1.279,1.385,0.000,0.000,8.299,0.000,0.000,0.000,0,4,0,-4283,-1076,0,0,174,0,0,0,0,-3247
118.236,6.797,15.2,1.000,1.000,-0.003,0.886,1.279,1.385,0.000,0.000,8.299,0.000,0.000,0.000,0,4,0,-4283,-1076,0,0,-478,0,0,0,0,-3542
118.254,6.795,15.2,1.000,1.000,-0.003,0.886,1.279,1.385,0.000,0.000,6.466,0.000,0.000,0.000,0,4,0,-4282,-1075,0,0,-308,0,0,0,0,-3465
118.271,6.795,15.2,1.000,1.000,-0.003,0.886,1.279,1.385,0.000,0.000,6.466,0.000,0.000,0.000,0,4,0,-4282,-1075,0,0,137,0,0,0,0,-3263
118.293,6.795,15.2,1.000,1.000,-0.003,0.886,1.279,1.385,0.000,0.000,6.466,0.000,0.000,0.000,0,4,0,-4282,-1075,0,0,405,0,0,0,0,-3141
118.314,6.788,15.2,1.000,1.000,-0.013,0.884,1.277,1.384,0.000,0.000,9.058,0.000,0.000,0.000,0,4,0,-4279,-1073,0,0,-116,0,0,0,0,-3375
118.331,6.788,15.2,1.000,1.000,-0.013,0.884,1.277,1.384,0.000,0.000,9.058,0.000,0.000,0.000,0,4,0,-4279,-1073,0,0,-563,0,0,0,0,-3578
118.348,6.788,15.2,1.000,1.000,-0.013,0.884,1.277,1.384,0.000,0.000,9.058,0.000,0.000,0.000,0,4,0,-4279,-1073,0,0,-344,0,0,0,0,-3478
118.371,6.786,15.2,1.000,1.000,-0.003,0.883,1.277,1.383,0.000,0.000,7.131,0.000,0.000,0.000,0,4,0,-4278,-1072,0,0,388,0,0,0,0,-3146
118.392,6.786,15.2,1.000,1.000,-0.003,0.883,1.277,1.383,0.000,0.000,7.131,0.000,0.000,0.000,0,4,0,-4278,-1072,0,0,290,0,0,0,0,-3190
118.418,6.784,15.2,1.000,1.000,-0.004,0.883,1.276,1.383,0.000,0.000,8.618,0.000,0.000,0.000,0,4,0,-4278,-1072,0,0,-493,0,0,0,0,-3544
118.436,6.784,15.2,1.000,1.000,-0.004,0.883,1.276,1.383,0.000,0.000,8.618,0.000,0.000,0.000,0,4,0,-4278,-1072,0,0,-410,0,0,0,0,-3507
118.466,6.777,15.2,1.000,1.000,-0.016,0.881,1.275,1.381,0.000,0.000,11.235,0.000,0.000,0.000,0,4,0,-4275,-1070,0,0,601,0,0,0,0,-3047
118.486,6.777,15.2,1.000,1.000,-0.016,0.881,1.275,1.381,0.000,0.000,11.235,0.000,0.000,0.000,0,4,0,-4275,-1070,0,0,293,0,0,0,0,-3187
118.504,6.777,15.2,1.000,1.000,-0.016,0.881,1.275,1.381,0.000,0.000,11.235,0.000,0.000,0.000,0,4,0,-4275,-1070,0,0,-420,0,0,0,0,-3509
118.520,6.775,15.2,1.000,1.000,-0.003,0.880,1.275,1.381,0.000,0.000,7.412,0.000,0.000,0.000,0,4,0,-4274,-1069,0,0,-460,0,0,0,0,-3526
118.537,6.775,15.2,1.000,1.000,-0.003,0.880,1.275,1.381,0.000,0.000,7.412,0.000,0.000,0.000,0,4,0,-4274,-1069,0,0,-66,0,0,0,0,-3349
118.558,6.773,15.2,1.000,1.000,-0.005,0.880,1.274,1.381,0.000,0.000,10.756,0.000,0.000,0.000,0,4,0,-4273,-1068,0,0,615,0,0,0,0,-3039
118.590,6.773,15.2,1.000,1.000,-0.005,0.880,1.274,1.381,0.000,0.000,10.756,0.000,0.000,0.000,0,4,0,-4273,-1068,0,0,-259,0,0,0,0,-3435
118.606,6.773,15.2,1.000,1.000,-0.005,0.880,1.274,1.381,0.000,0.000,10.756,0.000,0.000,0.000,0,4,0,-4273,-1068,0,0,-634,0,0,0,0,-3605
118.623,6.766,15.1,1.000,1.000,-0.012,0.878,1.273,1.379,0.000,0.000,8.142,0.000,0.000,0.000,0,4,0,-4270,-1066,0,0,-225,0,0,0,0,-3417
118.644,6.766,15.1,1.000,1.000,-0.012,0.878,1.273,1.379,0.000,0.000,8.142,0.000,0.000,0.000,0,4,0,-4270,-1066,0,0,434,0,0,0,0,-3119
118.669,6.764,15.1,1.000,1.000,-0.004,0.877,1.272,1.378,0.000,0.000,8.743,0.000,0.000,0.000,0,4,0,-4268,-1065,0,0,218,0,0,0,0,-3215
118.686,6.764,15.1,1.000,1.000,-0.004,0.877,1.272,1.378,0.000,0.000,8.743,0.000,0.000,0.000,0,4,0,-4268,-1065,0,0,-390,0,0,0,0,-3490
118.715,6.762,15.1,1.000,1.000,-0.004,0.877,1.272,1.378,0.000,0.000,8.744,0.000,0.000,0.000,0,4,0,-4267,-1065,0,0,-198,0,0,0,0,-3403
118.736,6.762,15.1,1.000,1.000,-0.004,0.877,1.272,1.378,0.000,0.000,8.744,0.000,0.000,0.000,0,4,0,-4267,-1065,0,0,485,0,0,0,0,-3093
118.753,6.762,15.1,1.000,1.000,-0.004,0.877,1.272,1.378,0.000,0.000,8.744,0.000,0.000,0.000,0,4,0,-4267,-1065,0,0,439,0,0,0,0,-3114
118.770,6.755,15.1,1.000,1.000,-0.014,0.875,1.271,1.376,0.000,0.000,9.761,0.000,0.000,0.000,0,4,0,-4264,-1062,0,0,-189,0,0,0,0,-3397
118.793,6.755,15.1,1.000,1.000,-0.014,0.875,1.271,1.376,0.000,0.000,9.761,0.000,0.000,0.000,0,4,0,-4264,-1062,0,0,-593,0,0,0,0,-3580
118.814,6.755,15.1,1.000,1.000,-0.014,0.875,1.271,1.376,0.000,0.000,9.761,0.000,0.000,0.000,0,4,0,-4264,-1062,0,0,115,0,0,0,0,-3258
118.831,6.753,15.1,0.999,1.000,-0.003,0.874,1.270,1.375,0.000,0.000,6.639,0.000,0.000,0.000,0,4,0,-4262,-1061,0,0,422,0,0,0,0,-3118
118.848,6.753,15.1,0.999,1.000,-0.003,0.874,1.270,1.375,0.000,0.000,6.639,0.000,0.000,0.000,0,4,0,-4262,-1061,0,0,252,0,0,0,0,-3196
118.871,6.751,15.1,0.999,1.000,-0.005,0.873,1.269,1.375,0.000,0.000,9.676,0.000,0.000,0.000,0,4,0,-4261,-1061,0,0,-520,0,0,0,0,-3544
118.893,6.751,15.1,0.999,1.000,-0.005,0.873,1.269,1.375,0.000,0.000,9.676,0.000,0.000,0.000,0,4,0,-4261,-1061,0,0,-374,0,0,0,0,-3478
118.918,6.751,15.1,0.999,1.000,-0.005,0.873,1.269,1.375,0.000,0.000,9.676,0.000,0.000,0.000,0,4,0,-4261,-1061,0,0,550,0,0,0,0,-3060
118.935,6.743,15.1,0.999,1.000,-0.012,0.871,1.268,1.372,0.000,0.000,8.391,0.000,0.000,0.000,0,4,0,-4256,-1058,0,0,404,0,0,0,0,-3122
118.952,6.743,15.1,0.999,1.000,-0.012,0.871,1.268,1.372,0.000,0.000,8.391,0.000,0.000,0.000,0,4,0,-4256,-1058,0,0,-169,0,0,0,0,-3382
118.973,6.741,15.1,0.999,1.000,-0.005,0.871,1.267,1.372,0.000,0.000,10.569,0.000,0.000,0.000,0,4,0,-4256,-1057,0,0,-621,0,0,0,0,-3586
118.997,6.741,15.1,0.999,1.000,-0.005,0.871,1.267,1.372,0.000,0.000,10.569,0.000,0.000,0.000,0,4,0,-4256,-1057,0,0,186,0,0,0,0,-3221
119.015,6.741,15.1,0.999,1.000,-0.005,0.871,1.267,1.372,0.000,0.000,10.569,0.000,0.000,0.000,0,4,0,-4256,-1057,0,0,631,0,0,0,0,-3019
119.043,6.739,15.1,0.999,1.000,-0.003,0.870,1.266,1.371,0.000,0.000,5.733,0.000,0.000,0.000,0,4,0,-4254,-1056,0,0,-109,0,0,0,0,-3353
119.063,6.739,15.1,0.999,1.000,-0.003,0.870,1.266,1.371,0.000,0.000,5.733,0.000,0.000,0.000,0,4,0,-4254,-1056,0,0,-376,0,0,0,0,-3474
119.091,6.731,15.1,0.999,1.000,-0.017,0.868,1.265,1.369,0.000,0.000,10.955,0.000,0.000,0.000,0,4,0,-4250,-1054,0,0,286,0,0,0,0,-3171
119.122,6.731,15.1,0.999,1.000,-0.017,0.868,1.265,1.369,0.000,0.000,10.955,0.000,0.000,0.000,0,4,0,-4250,-1054,0,0,318,0,0,0,0,-3157
119.144,6.729,15.1,0.998,1.000,-0.004,0.867,1.264,1.368,0.000,0.000,7.500,0.000,0.000,0.000,0,4,0,-4248,-1053,0,0,-406,0,0,0,0,-3483
119.168,6.729,15.1,0.998,1.000,-0.004,0.867,1.264,1.368,0.000,0.000,7.500,0.000,0.000,0.000,0,4,0,-4248,-1053,0,0,-228,0,0,0,0,-3402
119.184,6.727,15.0,0.998,1.000,-0.005,0.867,1.264,1.368,0.000,0.000,9.847,0.000,0.000,0.000,0,4,0,-4247,-1052,0,0,376,0,0,0,0,-3128
119.215,6.727,15.0,0.998,1.000,-0.005,0.867,1.264,1.368,0.000,0.000,9.847,0.000,0.000,0.000,0,4,0,-4247,-1052,0,0,212,0,0,0,0,-3203
119.236,6.720,15.0,0.998,1.000,-0.015,0.865,1.262,1.366,0.000,0.000,10.090,0.000,0.000,0.000,0,4,0,-4243,-1050,0,0,-561,0,0,0,0,-3550
119.253,6.720,15.0,0.998,1.000,-0.015,0.865,1.262,1.366,0.000,0.000,10.090,0.000,0.000,0.000,0,4,0,-4243,-1050,0,0,-473,0,0,0,0,-3510
119.271,6.720,15.0,0.998,1.000,-0.015,0.865,1.262,1.366,0.000,0.000,10.090,0.000,0.000,0.000,0,4,0,-4243,-1050,0,0,204,0,0,0,0,-3203
119.293,6.718,15.0,0.998,1.000,-0.004,0.864,1.261,1.365,0.000,0.000,6.986,0.000,0.000,0.000,0,4,0,-4240,-1049,0,0,430,0,0,0,0,-3100
119.313,6.718,15.0,0.998,1.000,-0.004,0.864,1.261,1.365,0.000,0.000,6.986,0.000,0.000,0.000,0,4,0,-4240,-1049,0,0,-70,0,0,0,0,-3326
119.331,6.718,15.0,0.998,1.000,-0.004,0.864,1.261,1.365,0.000,0.000,6.986,0.000,0.000,0.000,0,4,0,-4240,-1049,0,0,-442,0,0,0,0,-3494
119.348,7.069,15.8,0.997,1.000,0.651,0.908,1.260,1.435,0.026,0.000,9.487,0.000,0.000,0.000,0,4,0,-4299,-1081,0,0,-357,0,0,0,0,-3475
119.371,7.069,15.8,0.997,1.000,0.651,0.908,1.260,1.435,0.026,0.000,9.487,0.000,0.000,0.000,0,4,0,-4299,-1081,0,0,528,0,0,0,0,-3096
119.392,7.513,16.8,0.996,1.000,1.039,1.047,1.367,1.523,0.006,0.000,17.552,-0.012,-0.192,0.000,0,4,0,-4542,-1265,0,0,469,0,0,0,0,-3147
119.418,7.513,16.8,0.996,1.000,1.039,1.047,1.367,1.523,0.006,0.000,17.552,-0.012,-0.192,0.000,0,4,0,-4542,-1265,0,0,-637,0,0,0,0,-3679
119.436,7.513,16.8,0.996,1.000,1.039,1.047,1.367,1.523,0.006,0.000,17.552,-0.012,-0.192,0.000,0,4,0,-4542,-1265,0,0,-506,0,0,0,0,-3640
119.465,7.840,17.5,0.995,1.000,0.451,1.124,1.407,1.586,0.032,0.000,8.028,0.000,0.000,0.000,0,4,0,-4583,-1333,0,0,565,0,0,0,0,-3190
119.486,7.840,17.5,0.995,1.000,0.451,1.124,1.407,1.586,0.032,0.000,8.028,0.000,0.000,0.000,0,4,0,-4583,-1333,0,0,272,0,0,0,0,-3348
119.504,8.152,18.2,0.993,1.000,0.827,1.217,1.464,1.644,0.031,0.000,16.179,0.000,0.000,0.000,0,4,0,-4700,-1443,0,0,-523,0,0,0,0,-3728
119.520,8.152,18.2,0.993,1.000,0.827,1.217,1.464,1.644,0.031,0.000,16.179,0.000,0.000,0.000,0,4,0,-4700,-1443,0,0,-732,0,0,0,0,-3842
119.536,8.152,18.2,0.993,1.000,0.827,1.217,1.464,1.644,0.031,0.000,16.179,0.000,0.000,0.000,0,4,0,-4700,-1443,0,0,-137,0,0,0,0,-3591
119.557,8.558,19.1,0.989,1.000,0.787,1.357,1.555,1.717,0.012,0.000,17.368,-0.198,0.099,0.000,0,4,0,-4918,-1633,0,0,760,0,0,0,0,-3209
119.573,8.558,19.1,0.989,1.000,0.787,1.357,1.555,1.717,0.012,0.000,17.368,-0.198,0.099,0.000,0,4,0,-4918,-1633,0,0,555,0,0,0,0,-3322
119.604,8.864,19.8,0.987,1.000,0.649,1.436,1.589,1.771,0.034,0.000,14.793,0.000,0.000,0.000,0,4,0,-4946,-1699,0,0,-822,0,0,0,0,-3982
119.621,8.864,19.8,0.987,1.000,0.649,1.436,1.589,1.771,0.034,0.000,14.793,0.000,0.000,0.000,0,4,0,-4946,-1699,0,0,-436,0,0,0,0,-3827
119.642,8.864,19.8,0.987,1.000,0.649,1.436,1.589,1.771,0.034,0.000,14.793,0.000,0.000,0.000,0,4,0,-4946,-1699,0,0,642,0,0,0,0,-3363
119.668,9.165,20.5,0.983,1.000,0.484,1.531,1.639,1.820,0.033,0.000,11.912,0.000,0.000,0.000,0,4,0,-4984,-1813,0,0,397,0,0,0,0,-3504
119.685,9.165,20.5,0.983,1.000,0.484,1.531,1.639,1.820,0.033,0.000,11.912,0.000,0.000,0.000,0,4,0,-4984,-1813,0,0,-574,0,0,0,0,-3964
119.702,9.542,21.3,0.979,1.000,1.115,1.676,1.723,1.884,0.012,0.000,31.066,0.000,0.000,0.000,0,4,0,-5045,-2017,0,0,-845,0,0,0,0,-4107
119.724,9.542,21.3,0.979,1.000,1.115,1.676,1.723,1.884,0.012,0.000,31.066,0.000,0.000,0.000,0,4,0,-5045,-2017,0,0,237,0,0,0,0,-3643
119.746,9.542,21.3,0.979,1.000,1.115,1.676,1.723,1.884,0.012,0.000,31.066,0.000,0.000,0.000,0,4,0,-5045,-2017,0,0,870,0,0,0,0,-3383
119.764,9.834,22.0,0.973,1.000,0.484,1.752,1.747,1.925,0.029,0.000,13.544,0.000,0.000,0.000,0,4,0,-4950,-2080,0,0,117,0,0,0,0,-3744
119.793,9.834,22.0,0.973,1.000,0.484,1.752,1.747,1.925,0.029,0.000,13.544,0.000,0.000,0.000,0,4,0,-4950,-2080,0,0,-869,0,0,0,0,-4225
119.815,10.123,22.6,0.970,1.000,0.578,1.852,1.794,1.971,0.028,0.000,17.434,0.000,0.000,0.000,0,4,0,-4937,-2201,0,0,235,0,0,0,0,-3751
119.831,10.123,22.6,0.970,1.000,0.578,1.852,1.794,1.971,0.028,0.000,17.434,0.000,0.000,0.000,0,4,0,-4937,-2201,0,0,935,0,0,0,0,-3454
119.847,10.123,22.6,0.970,1.000,0.578,1.852,1.794,1.971,0.028,0.000,17.434,0.000,0.000,0.000,0,4,0,-4937,-2201,0,0,567,0,0,0,0,-3639
119.871,10.477,23.4,0.966,1.000,0.639,2.000,1.873,2.029,0.007,0.000,21.123,-0.378,0.189,0.000,0,4,0,-4999,-2416,0,0,-837,0,0,0,0,-4303
119.893,10.477,23.4,0.966,1.000,0.639,2.000,1.873,2.029,0.007,0.000,21.123,-0.378,0.189,0.000,0,4,0,-4999,-2416,0,0,-560,0,0,0,0,-4203
119.918,10.748,24.0,0.962,1.000,0.594,2.077,1.896,2.067,0.023,0.000,19.393,0.000,0.000,0.000,0,4,0,-4916,-2479,0,0,894,0,0,0,0,-3574
119.935,10.748,24.0,0.962,1.000,0.594,2.077,1.896,2.067,0.023,0.000,19.393,0.000,0.000,0.000,0,4,0,-4916,-2479,0,0,750,0,0,0,0,-3659
119.965,11.006,24.6,0.960,1.000,0.554,2.177,1.941,2.110,0.021,0.000,18.750,0.000,0.000,0.000,0,4,0,-4913,-2603,0,0,-974,0,0,0,0,-4475
119.986,11.006,24.6,0.960,1.000,0.554,2.177,1.941,2.110,0.021,0.000,18.750,0.000,0.000,0.000,0,4,0,-4913,-2603,0,0,-454,0,0,0,0,-4265
120.003,11.006,24.6,0.960,1.000,0.554,2.177,1.941,2.110,0.021,0.000,18.750,0.000,0.000,0.000,0,4,0,-4913,-2603,0,0,651,0,0,0,0,-3784
120.019,11.307,25.3,0.957,1.000,0.569,2.317,2.010,2.160,0.000,0.000,21.622,0.000,0.000,0.000,0,4,0,-4977,-2813,0,0,1027,0,0,0,0,-3633
120.036,11.307,25.3,0.957,1.000,0.569,2.317,2.010,2.160,0.000,0.000,21.622,0.000,0.000,0.000,0,4,0,-4977,-2813,0,0,188,0,0,0,0,-4032
120.056,11.307,25.3,0.957,1.000,0.569,2.317,2.010,2.160,0.000,0.000,21.622,0.000,0.000,0.000,0,4,0,-4977,-2813,0,0,-995,0,0,0,0,-4592
120.073,11.522,25.8,0.957,1.000,0.405,2.391,2.035,2.200,0.015,0.000,15.799,0.000,0.000,0.000,0,4,0,-4921,-2871,0,0,-719,0,0,0,0,-4487
120.090,11.522,25.8,0.957,1.000,0.405,2.391,2.035,2.200,0.015,0.000,15.799,0.000,0.000,0.000,0,4,0,-4921,-2871,0,0,433,0,0,0,0,-3985
120.121,11.709,26.2,0.955,1.000,0.397,2.472,2.071,2.230,0.010,0.000,16.974,-0.289,0.145,0.000,0,4,0,-4932,-2980,0,0,575,0,0,0,0,-3958
120.142,11.709,26.2,0.955,1.000,0.397,2.472,2.071,2.230,0.010,0.000,16.974,-0.289,0.145,0.000,0,4,0,-4932,-2980,0,0,-861,0,0,0,0,-4632
120.168,11.709,26.2,0.955,1.000,0.397,2.472,2.071,2.230,0.010,0.000,16.974,-0.289,0.145,0.000,0,4,0,-4932,-2980,0,0,-506,0,0,0,0,-4502
120.185,11.909,26.6,0.954,1.000,0.318,2.575,2.121,2.265,0.000,0.000,16.817,0.000,0.000,0.000,0,4,0,-4963,-3127,0,0,744,0,0,0,0,-3956
120.215,11.909,26.6,0.954,1.000,0.318,2.575,2.121,2.265,0.000,0.000,16.817,0.000,0.000,0.000,0,4,0,-4963,-3127,0,0,405,0,0,0,0,-4144
120.236,12.038,26.9,0.954,1.000,0.260,2.622,2.137,2.287,0.000,0.000,15.466,0.000,0.000,0.000,0,4,0,-4958,-3183,0,0,-999,0,0,0,0,-4805
120.253,12.038,26.9,0.954,1.000,0.260,2.622,2.137,2.287,0.000,0.000,15.466,0.000,0.000,0.000,0,4,0,-4958,-3183,0,0,-875,0,0,0,0,-4769
120.270,12.038,26.9,0.954,1.000,0.260,2.622,2.137,2.287,0.000,0.000,15.466,0.000,0.000,0.000,0,4,0,-4958,-3183,0,0,358,0,0,0,0,-4231
120.293,12.141,27.2,0.953,1.000,0.184,2.670,2.157,2.302,0.000,0.000,13.796,0.000,0.000,-0.155,0,4,0,-4953,-3242,0,0,1279,0,0,0,0,-3841
120.316,12.141,27.2,0.953,1.000,0.184,2.670,2.157,2.302,0.000,0.000,13.796,0.000,0.000,-0.155,0,4,0,-4953,-3242,0,0,-404,0,0,0,0,-4630
120.341,12.213,27.3,0.952,1.000,0.155,2.717,2.183,2.315,0.000,0.000,20.473,0.000,0.000,-0.118,0,4,0,-4952,-3300,0,0,-1153,0,0,0,0,-4998
120.372,12.213,27.3,0.952,1.000,0.155,2.717,2.183,2.315,0.000,0.000,20.473,0.000,0.000,-0.118,0,4,0,-4952,-3300,0,0,1138,0,0,0,0,-3998
120.394,12.244,27.4,0.949,1.000,0.059,2.721,2.180,2.309,0.000,0.000,14.002,0.000,0.000,-0.089,0,4,0,-4934,-3304,0,0,694,0,0,0,0,-4224
120.418,12.244,27.4,0.949,1.000,0.059,2.721,2.180,2.309,0.000,0.000,14.002,0.000,0.000,-0.089,0,4,0,-4934,-3304,0,0,-1126,0,0,0,0,-5077
120.435,12.242,27.4,0.947,1.000,-0.004,2.723,2.182,2.303,0.000,0.000,17.638,0.000,0.000,-0.060,0,4,0,-4926,-3306,0,0,-914,0,0,0,0,-5001
120.465,12.242,27.4,0.947,1.000,-0.004,2.723,2.182,2.303,0.000,0.000,17.638,0.000,0.000,-0.060,0,4,0,-4926,-3306,0,0,1161,0,0,0,0,-4097
120.488,12.171,27.2,0.943,1.000,-0.140,2.688,2.167,2.274,0.000,0.000,18.730,0.000,0.000,-0.021,0,4,0,-4903,-3264,0,-513,414,0,0,0,0,-4462
120.505,12.171,27.2,0.943,1.000,-0.140,2.688,2.167,2.274,0.000,0.000,18.730,0.000,0.000,-0.021,0,4,0,-4903,-3264,0,-513,-858,0,0,0,0,-5058
120.522,12.171,27.2,0.943,1.000,-0.140,2.688,2.167,2.274,0.000,0.000,18.730,0.000,0.000,-0.021,0,4,0,-4903,-3264,0,-513,-1046,0,0,0,0,-5164
120.543,12.088,27.0,0.937,1.000,-0.153,2.644,2.146,2.239,0.000,0.000,13.778,0.000,0.000,0.009,0,4,0,-4873,-3210,0,-560,348,0,0,0,0,-4556
120.564,12.088,27.0,0.937,1.000,-0.153,2.644,2.146,2.239,0.000,0.000,13.778,0.000,0.000,0.009,0,4,0,-4873,-3210,0,-560,1129,0,0,0,0,-4228
120.590,11.969,26.8,0.929,1.000,-0.255,2.577,2.112,2.189,0.000,0.000,16.412,0.000,0.000,0.040,0,4,0,-4830,-3129,0,-935,-517,0,0,0,0,-5004
120.607,11.969,26.8,0.929,1.000,-0.255,2.577,2.112,2.189,0.000,0.000,16.412,0.000,0.000,0.040,0,4,0,-4830,-3129,0,-935,-1174,0,0,0,0,-5320
120.624,11.969,26.8,0.929,1.000,-0.255,2.577,2.112,2.189,0.000,0.000,16.412,0.000,0.000,0.040,0,4,0,-4830,-3129,0,-935,-396,0,0,0,0,-4989
120.646,11.734,26.2,0.916,1.000,-0.432,2.444,2.043,2.103,0.000,0.000,19.745,-0.383,0.006,0.081,0,4,0,-4762,-2967,0,-1586,1093,0,0,0,0,-4341
120.668,11.734,26.2,0.916,1.000,-0.432,2.444,2.043,2.103,0.000,0.000,19.745,-0.383,0.006,0.081,0,4,0,-4762,-2967,0,-1586,521,0,0,0,0,-4626
120.686,11.734,26.2,0.916,1.000,-0.432,2.444,2.043,2.103,0.000,0.000,19.745,-0.383,0.006,0.081,0,4,0,-4762,-2967,0,-1586,-832,0,0,0,0,-5259
120.716,11.533,25.8,0.899,1.000,-0.293,2.333,1.985,2.014,0.000,0.000,12.086,0.000,0.000,0.111,0,4,0,-4676,-2834,0,-1074,-365,0,0,0,0,-5012
120.737,11.533,25.8,0.899,1.000,-0.293,2.333,1.985,2.014,0.000,0.000,12.086,0.000,0.000,0.111,0,4,0,-4676,-2834,0,-1074,1110,0,0,0,0,-4320
120.754,11.315,25.3,0.887,1.000,-0.585,2.221,1.926,1.941,0.000,0.000,22.505,0.000,0.000,0.070,0,4,0,-4615,-2697,0,-2143,839,0,-292,0,0,-4595
120.771,11.315,25.3,0.887,1.000,-0.585,2.221,1.926,1.941,0.000,0.000,22.505,0.000,0.000,0.070,0,4,0,-4615,-2697,0,-2143,-438,0,114,0,0,-5010
120.793,11.315,25.3,0.887,1.000,-0.585,2.221,1.926,1.941,0.000,0.000,22.505,0.000,0.000,0.070,0,4,0,-4615,-2697,0,-2143,-1095,0,325,0,0,-5237
120.815,10.976,24.6,0.881,1.000,-0.570,2.067,1.848,1.863,0.000,0.000,19.666,0.000,0.000,0.089,0,4,0,-4581,-2510,0,-2089,264,0,-134,0,0,-4855
120.840,10.976,24.6,0.881,1.000,-0.570,2.067,1.848,1.863,0.000,0.000,19.666,0.000,0.000,0.089,0,4,0,-4581,-2510,0,-2089,1040,0,-220,0,0,-4573
120.856,10.725,24.0,0.875,1.000,-0.610,1.975,1.806,1.803,0.000,0.000,21.514,0.000,0.000,0.103,0,4,0,-4549,-2398,0,-2200,11,0,186,0,0,-4874
120.874,10.725,24.0,0.875,1.000,-0.610,1.975,1.806,1.803,0.000,0.000,21.514,0.000,0.000,0.103,0,4,0,-4549,-2398,0,-2200,-1046,0,406,0,0,-5273
120.896,10.725,24.0,0.875,1.000,-0.610,1.975,1.806,1.803,0.000,0.000,21.514,0.000,0.000,0.103,0,4,0,-4549,-2398,0,-2200,-458,0,-124,0,0,-5273
120.919,10.474,23.4,0.871,1.000,-0.411,1.876,1.757,1.750,0.000,0.000,14.526,0.000,0.000,0.115,0,4,0,-4528,-2278,0,-1506,1022,0,0,0,0,-4520
120.936,10.474,23.4,0.871,1.000,-0.411,1.876,1.757,1.750,0.000,0.000,14.526,0.000,0.000,0.115,0,4,0,-4528,-2278,0,-1506,776,0,0,0,0,-4612
120.952,10.810,24.2,0.867,1.000,1.022,1.914,1.737,1.796,0.000,0.000,213.194,0.000,0.000,0.206,0,4,0,-4510,-2324,0,0,-413,0,0,0,0,-5130
120.973,10.810,24.2,0.867,1.000,1.022,1.914,1.737,1.796,0.000,0.000,213.194,0.000,0.000,0.206,0,4,0,-4510,-2324,0,0,-1232,0,0,5986,0,-2768
120.996,10.810,24.2,0.867,1.000,1.022,1.914,1.737,1.796,0.000,0.000,213.194,0.000,0.000,0.206,0,4,0,-4510,-2324,0,0,248,0,0,7628,0,-1327
121.013,11.069,24.8,0.868,1.000,0.433,1.991,1.765,1.841,0.000,0.000,14.717,0.000,0.000,0.216,0,4,0,-4513,-2418,0,0,1282,0,0,6027,0,-1564
121.030,11.069,24.8,0.868,1.000,0.433,1.991,1.765,1.841,0.000,0.000,14.717,0.000,0.000,0.216,0,4,0,-4513,-2418,0,0,726,0,0,4827,0,-2338
121.052,11.069,24.8,0.868,1.000,0.433,1.991,1.765,1.841,0.000,0.000,14.717,0.000,0.000,0.216,0,4,0,-4513,-2418,0,0,-1062,0,0,3568,0,-3692
121.070,11.318,25.3,0.886,1.000,0.449,2.129,1.845,1.938,0.000,0.000,15.735,0.000,0.000,0.224,0,4,0,-4609,-2585,0,0,-1104,0,0,2817,0,-4029
121.090,11.318,25.3,0.886,1.000,0.449,2.129,1.845,1.938,0.000,0.000,15.735,0.000,0.000,0.224,0,4,0,-4609,-2585,0,0,578,0,0,2138,0,-3552
121.121,11.605,26.0,0.894,1.000,0.569,2.282,1.929,2.012,0.000,0.000,22.274,0.000,0.000,0.232,0,4,0,-4651,-2771,0,0,723,0,0,1408,0,-3780
121.142,11.605,26.0,0.894,1.000,0.569,2.282,1.929,2.012,0.000,0.000,22.274,0.000,0.000,0.232,0,4,0,-4651,-2771,0,0,-1072,0,0,1064,0,-4724
121.169,11.815,26.4,0.891,1.000,0.451,2.343,1.945,2.038,0.000,0.000,18.039,0.000,0.000,0.236,0,4,0,-4634,-2845,0,0,-564,0,0,743,0,-4608
121.185,11.815,26.4,0.891,1.000,0.451,2.343,1.945,2.038,0.000,0.000,18.039,0.000,0.000,0.236,0,4,0,-4634,-2845,0,0,942,0,0,595,0,-3973
121.215,12.010,26.9,0.878,1.000,0.431,2.388,1.951,2.028,0.000,0.000,19.151,0.000,0.000,0.000,0,4,0,-4564,-2900,0,0,409,0,0,0,0,-4450
121.237,12.010,26.9,0.878,1.000,0.431,2.388,1.951,2.028,0.000,0.000,19.151,0.000,0.000,0.000,0,4,0,-4564,-2900,0,0,-1030,0,0,0,0,-5075
121.254,12.010,26.9,0.878,1.000,0.431,2.388,1.951,2.028,0.000,0.000,19.151,0.000,0.000,0.000,0,4,0,-4564,-2900,0,0,-796,0,0,0,0,-4948
121.272,12.223,27.3,0.862,1.000,0.381,2.449,1.966,2.014,0.000,0.000,19.648,0.000,0.000,0.000,0,4,0,-4482,-2974,0,0,472,0,0,0,0,-4354
121.288,12.223,27.3,0.862,1.000,0.381,2.449,1.966,2.014,0.000,0.000,19.648,0.000,0.000,0.000,0,4,0,-4482,-2974,0,0,1146,0,0,0,0,-4029
121.309,12.223,27.3,0.862,1.000,0.381,2.449,1.966,2.014,0.000,0.000,19.648,0.000,0.000,0.000,0,4,0,-4482,-2974,0,0,140,0,0,0,0,-4459
121.326,12.368,27.7,0.850,1.000,0.274,2.465,1.955,2.001,0.000,0.000,15.330,0.000,0.000,0.000,0,4,0,-4421,-2993,0,0,-986,0,0,0,0,-4950
121.343,12.368,27.7,0.850,1.000,0.274,2.465,1.955,2.001,0.000,0.000,15.330,0.000,0.000,0.000,0,4,0,-4421,-2993,0,0,-920,0,0,0,0,-4900
121.371,12.488,27.9,0.846,1.000,0.269,2.506,1.969,2.007,0.000,0.000,17.548,0.000,0.000,0.000,0,4,0,-4400,-3043,0,0,998,0,0,0,0,-3999
121.393,12.488,27.9,0.846,1.000,0.269,2.506,1.969,2.007,0.000,0.000,17.548,0.000,0.000,0.000,0,4,0,-4400,-3043,0,0,722,0,0,0,0,-4098
121.419,12.488,27.9,0.846,1.000,0.269,2.506,1.969,2.007,0.000,0.000,17.548,0.000,0.000,0.000,0,4,0,-4400,-3043,0,0,-1074,0,0,0,0,-4880
121.435,12.601,28.2,0.846,1.000,0.180,2.564,1.996,2.024,0.000,0.000,16.642,0.000,0.000,0.000,0,4,0,-4397,-3114,0,0,-864,0,0,0,0,-4766
121.452,12.601,28.2,0.846,1.000,0.180,2.564,1.996,2.024,0.000,0.000,16.642,0.000,0.000,0.000,0,4,0,-4397,-3114,0,0,387,0,0,0,0,-4180
121.473,12.670,28.3,0.845,1.000,0.189,2.587,2.003,2.033,0.000,0.000,21.253,0.000,0.000,0.000,0,4,0,-4394,-3142,0,0,1170,0,0,0,0,-3801
121.496,12.670,28.3,0.845,1.000,0.189,2.587,2.003,2.033,0.000,0.000,21.253,0.000,0.000,0.000,0,4,0,-4394,-3142,0,0,-236,0,0,0,0,-4418
121.513,12.670,28.3,0.845,1.000,0.189,2.587,2.003,2.033,0.000,0.000,21.253,0.000,0.000,0.000,0,4,0,-4394,-3142,0,0,-1172,0,0,0,0,-4842
121.530,12.715,28.4,0.845,1.000,0.080,2.611,2.014,2.040,0.000,0.000,13.660,0.000,0.000,0.000,0,4,0,-4394,-3170,0,0,-667,0,0,0,0,-4625
121.551,12.715,28.4,0.845,1.000,0.080,2.611,2.014,2.040,0.000,0.000,13.660,0.000,0.000,0.000,0,4,0,-4394,-3170,0,0,880,0,0,0,0,-3925
121.567,12.715,28.4,0.845,1.000,0.080,2.611,2.014,2.040,0.000,0.000,13.660,0.000,0.000,0.000,0,4,0,-4394,-3170,0,0,1085,0,0,0,0,-3833
121.584,12.718,28.5,0.844,1.000,0.007,2.620,2.021,2.039,0.000,0.000,18.904,0.000,0.000,0.000,0,4,0,-4391,-3182,0,0,3,0,0,0,0,-4326
121.600,12.718,28.5,0.844,1.000,0.007,2.620,2.021,2.039,0.000,0.000,18.904,0.000,0.000,0.000,0,4,0,-4391,-3182,0,0,-1083,0,0,0,0,-4818
121.622,12.718,28.5,0.844,1.000,0.007,2.620,2.021,2.039,0.000,0.000,18.904,0.000,0.000,0.000,0,4,0,-4391,-3182,0,0,-605,0,0,0,0,-4602
121.639,12.703,28.4,0.844,1.000,-0.028,2.615,2.020,2.035,0.000,0.000,14.084,0.000,0.000,0.000,0,4,0,-4389,-3176,0,0,729,0,0,0,0,-3994
121.668,12.703,28.4,0.844,1.000,-0.028,2.615,2.020,2.035,0.000,0.000,14.084,0.000,0.000,0.000,0,4,0,-4389,-3176,0,0,549,0,0,0,0,-4076
121.685,12.662,28.3,0.844,1.000,-0.092,2.603,2.017,2.028,0.000,0.000,16.913,0.000,0.000,0.000,0,4,0,-4388,-3160,0,-338,-762,0,0,0,0,-4689
121.705,12.662,28.3,0.844,1.000,-0.092,2.603,2.017,2.028,0.000,0.000,16.913,0.000,0.000,0.000,0,4,0,-4388,-3160,0,-338,-1020,0,0,0,0,-4830
121.723,12.662,28.3,0.844,1.000,-0.092,2.603,2.017,2.028,0.000,0.000,16.913,0.000,0.000,0.000,0,4,0,-4388,-3160,0,-338,214,0,0,0,0,-4292
121.746,12.548,28.1,0.843,1.000,-0.189,2.559,2.001,2.008,0.000,0.000,17.039,0.000,0.000,0.000,0,4,0,-4385,-3107,0,-695,1153,0,0,0,0,-3895
121.763,12.548,28.1,0.843,1.000,-0.189,2.559,2.001,2.008,0.000,0.000,17.039,0.000,0.000,0.000,0,4,0,-4385,-3107,0,-695,228,0,0,0,0,-4333
121.784,12.548,28.1,0.843,1.000,-0.189,2.559,2.001,2.008,0.000,0.000,17.039,0.000,0.000,0.000,0,4,0,-4385,-3107,0,-695,-1129,0,0,0,0,-4972
121.801,12.444,27.8,0.843,1.000,-0.192,2.525,1.991,1.991,0.000,0.000,14.424,0.000,0.000,0.000,0,4,0,-4385,-3066,0,-704,-730,0,0,0,0,-4812
121.818,12.444,27.8,0.843,1.000,-0.192,2.525,1.991,1.991,0.000,0.000,14.424,0.000,0.000,0.000,0,4,0,-4385,-3066,0,-704,558,0,0,0,0,-4249
121.835,12.444,27.8,0.843,1.000,-0.192,2.525,1.991,1.991,0.000,0.000,14.424,0.000,0.000,0.000,0,4,0,-4385,-3066,0,-704,1164,0,0,0,0,-3994
121.856,12.312,27.5,0.842,1.000,-0.248,2.472,1.970,1.965,0.000,0.000,15.064,0.000,0.000,0.000,0,4,0,-4376,-3002,0,-908,91,0,0,0,0,-4504
121.872,12.312,27.5,0.842,1.000,-0.248,2.472,1.970,1.965,0.000,0.000,15.064,0.000,0.000,0.000,0,4,0,-4376,-3002,0,-908,-1026,0,0,0,0,-5030
121.890,12.079,27.0,0.841,1.000,-0.691,2.377,1.930,1.925,0.000,0.000,32.559,0.000,0.000,0.000,0,4,0,-4373,-2886,0,-2200,-845,0,-625,0,0,-5251
121.918,12.079,27.0,0.841,1.000,-0.691,2.377,1.930,1.925,0.000,0.000,32.559,0.000,0.000,0.000,0,4,0,-4373,-2886,0,-2200,1023,0,366,0,0,-3991
121.939,12.079,27.0,0.841,1.000,-0.691,2.377,1.930,1.925,0.000,0.000,32.559,0.000,0.000,0.000,0,4,0,-4373,-2886,0,-2200,610,0,506,0,0,-4138
121.955,11.890,26.6,0.837,1.000,-0.294,2.305,1.902,1.883,0.000,0.000,13.067,0.000,0.000,0.000,0,4,0,-4352,-2799,0,-1078,-576,0,0,0,0,-4885
121.973,11.890,26.6,0.837,1.000,-0.294,2.305,1.902,1.883,0.000,0.000,13.067,0.000,0.000,0.000,0,4,0,-4352,-2799,0,-1078,-1102,0,0,0,0,-5123
121.989,11.890,26.6,0.837,1.000,-0.294,2.305,1.902,1.883,0.000,0.000,13.067,0.000,0.000,0.000,0,4,0,-4352,-2799,0,-1078,-305,0,0,0,0,-4762
122.011,11.686,26.1,0.835,1.000,-0.378,2.224,1.867,1.845,0.000,0.000,15.482,0.000,0.000,0.000,0,4,0,-4341,-2701,0,-1386,1026,0,0,0,0,-4185
122.042,11.686,26.1,0.835,1.000,-0.378,2.224,1.867,1.845,0.000,0.000,15.482,0.000,0.000,0.000,0,4,0,-4341,-2701,0,-1386,-295,0,0,0,0,-4821
122.059,11.368,25.4,0.833,1.000,-0.663,2.093,1.806,1.789,0.000,0.000,24.381,0.000,0.000,0.000,0,4,0,-4331,-2542,0,-2200,-1058,0,-185,0,0,-5270
122.080,11.368,25.4,0.833,1.000,-0.663,2.093,1.806,1.789,0.000,0.000,24.381,0.000,0.000,0.000,0,4,0,-4331,-2542,0,-2200,-265,0,-521,0,0,-5088
122.098,11.133,24.9,0.827,1.000,-0.623,2.007,1.769,1.736,0.000,0.000,23.372,0.000,0.000,0.000,0,4,0,-4301,-2437,0,-2200,860,0,47,0,0,-4343
122.121,11.133,24.9,0.827,1.000,-0.623,2.007,1.769,1.736,0.000,0.000,23.372,0.000,0.000,0.000,0,4,0,-4301,-2437,0,-2200,544,0,428,0,0,-4340
122.138,11.133,24.9,0.827,1.000,-0.623,2.007,1.769,1.736,0.000,0.000,23.372,0.000,0.000,0.000,0,4,0,-4301,-2437,0,-2200,-612,0,-7,0,0,-5081
122.160,10.895,24.4,0.822,1.000,-0.388,1.913,1.722,1.686,0.000,0.000,14.508,0.000,0.000,0.000,0,4,0,-4277,-2323,0,-1422,-859,0,0,0,0,-5163
122.177,10.895,24.4,0.822,1.000,-0.388,1.913,1.722,1.686,0.000,0.000,14.508,0.000,0.000,0.000,0,4,0,-4277,-2323,0,-1422,181,0,0,0,0,-4672
122.195,10.895,24.4,0.822,1.000,-0.388,1.913,1.722,1.686,0.000,0.000,14.508,0.000,0.000,0.000,0,4,0,-4277,-2323,0,-1422,1005,0,0,0,0,-4279
122.211,11.230,25.1,0.817,1.000,0.669,1.947,1.701,1.723,0.000,0.000,141.559,0.000,0.000,0.000,0,4,0,-4248,-2364,0,0,605,0,0,0,0,-4440
122.233,11.230,25.1,0.817,1.000,0.669,1.947,1.701,1.723,0.000,0.000,141.559,0.000,0.000,0.000,0,4,0,-4248,-2364,0,0,-783,0,0,4286,0,-3104
122.249,11.230,25.1,0.817,1.000,0.669,1.947,1.701,1.723,0.000,0.000,141.559,0.000,0.000,0.000,0,4,0,-4248,-2364,0,0,-967,0,0,5855,0,-2458
122.266,11.488,25.7,0.816,1.000,0.477,2.020,1.725,1.761,0.000,0.000,16.324,0.000,0.000,0.000,0,4,0,-4245,-2453,0,0,50,0,0,4626,0,-2533
122.283,11.488,25.7,0.816,1.000,0.477,2.020,1.725,1.761,0.000,0.000,16.324,0.000,0.000,0.000,0,4,0,-4245,-2453,0,0,1012,0,0,3679,0,-2506
122.305,11.488,25.7,0.816,1.000,0.477,2.020,1.725,1.761,0.000,0.000,16.324,0.000,0.000,0.000,0,4,0,-4245,-2453,0,0,429,0,0,2742,0,-3169
122.323,11.735,26.3,0.823,1.000,0.446,2.128,1.779,1.819,0.000,0.000,15.732,0.000,0.000,0.000,0,4,0,-4281,-2584,0,0,-799,0,0,2161,0,-3967
122.354,11.735,26.3,0.823,1.000,0.446,2.128,1.779,1.819,0.000,0.000,15.732,0.000,0.000,0.000,0,4,0,-4281,-2584,0,0,-170,0,0,1415,0,-3982
122.375,12.023,26.9,0.826,1.000,0.561,2.263,1.846,1.871,0.000,0.000,22.050,0.000,0.000,0.000,0,4,0,-4295,-2747,0,0,1081,0,0,1069,0,-3549
122.393,12.023,26.9,0.826,1.000,0.561,2.263,1.846,1.871,0.000,0.000,22.050,0.000,0.000,0.000,0,4,0,-4295,-2747,0,0,670,0,0,843,0,-3816
122.418,12.234,27.4,0.825,1.000,0.496,2.328,1.867,1.902,0.000,0.000,19.870,0.000,0.000,0.000,0,4,0,-4292,-2827,0,0,-1038,0,0,597,0,-4670
122.435,12.234,27.4,0.825,1.000,0.496,2.328,1.867,1.902,0.000,0.000,19.870,0.000,0.000,0.000,0,4,0,-4292,-2827,0,0,-854,0,0,476,0,-4622
122.456,12.234,27.4,0.825,1.000,0.496,2.328,1.867,1.902,0.000,0.000,19.870,0.000,0.000,0.000,0,4,0,-4292,-2827,0,0,622,0,0,361,0,-3982
122.473,12.425,27.8,0.822,1.000,0.358,2.396,1.892,1.922,0.000,0.000,15.529,0.000,0.000,0.000,0,4,0,-4275,-2910,0,0,1146,0,0,0,0,-3888
122.496,12.425,27.8,0.822,1.000,0.358,2.396,1.892,1.922,0.000,0.000,15.529,0.000,0.000,0.000,0,4,0,-4275,-2910,0,0,-236,0,0,0,0,-4487
122.512,12.425,27.8,0.822,1.000,0.358,2.396,1.892,1.922,0.000,0.000,15.529,0.000,0.000,0.000,0,4,0,-4275,-2910,0,0,-1134,0,0,0,0,-4873
122.534,12.631,28.3,0.820,1.000,0.344,2.489,1.933,1.947,0.000,0.000,18.056,0.000,0.000,0.000,0,4,0,-4263,-3022,0,0,-360,0,0,0,0,-4498
122.551,12.631,28.3,0.820,1.000,0.344,2.489,1.933,1.947,0.000,0.000,18.056,0.000,0.000,0.000,0,4,0,-4263,-3022,0,0,923,0,0,0,0,-3896
122.567,12.770,28.6,0.817,1.000,0.425,2.527,1.941,1.959,0.000,0.000,24.212,0.000,0.000,0.000,0,4,0,-4248,-3069,0,0,1088,0,0,0,0,-3803
122.590,12.770,28.6,0.817,1.000,0.425,2.527,1.941,1.959,0.000,0.000,24.212,0.000,0.000,0.000,0,4,0,-4248,-3069,0,0,-518,0,0,0,0,-4503
122.611,12.770,28.6,0.817,1.000,0.425,2.527,1.941,1.959,0.000,0.000,24.212,0.000,0.000,0.000,0,4,0,-4248,-3069,0,0,-1147,0,0,0,0,-4764
122.628,12.883,28.8,0.817,1.000,0.190,2.577,1.962,1.965,0.000,0.000,12.838,0.000,0.000,0.000,0,4,0,-4247,-3129,0,0,-122,0,0,0,0,-4294
122.645,12.883,28.8,0.817,1.000,0.190,2.577,1.962,1.965,0.000,0.000,12.838,0.000,0.000,0.000,0,4,0,-4247,-3129,0,0,1061,0,0,0,0,-3758
122.668,12.883,28.8,0.817,1.000,0.190,2.577,1.962,1.965,0.000,0.000,12.838,0.000,0.000,0.000,0,4,0,-4247,-3129,0,0,515,0,0,0,0,-4005
122.690,12.984,29.0,0.816,1.000,0.166,2.617,1.977,1.948,0.000,0.000,16.718,0.000,0.000,0.000,0,4,0,-4242,-3178,0,0,-1065,0,0,0,0,-4740
122.716,12.984,29.0,0.816,1.000,0.166,2.617,1.977,1.948,0.000,0.000,16.718,0.000,0.000,0.000,0,4,0,-4242,-3178,0,0,-362,0,0,0,0,-4422
122.747,13.041,29.2,0.815,1.000,0.102,2.616,1.968,1.937,0.000,0.000,13.711,0.000,0.000,0.000,0,4,0,-4237,-3176,0,0,1178,0,0,0,0,-3722
122.768,13.041,29.2,0.815,1.000,0.102,2.616,1.968,1.937,0.000,0.000,13.711,0.000,0.000,0.000,0,4,0,-4237,-3176,0,0,-173,0,0,0,0,-4334
122.793,13.071,29.2,0.813,1.000,0.067,2.605,1.955,1.928,0.000,0.000,16.921,0.000,0.000,0.000,0,4,0,-4228,-3163,0,0,-1167,0,0,0,0,-4774
122.810,13.071,29.2,0.813,1.000,0.067,2.605,1.955,1.928,0.000,0.000,16.921,0.000,0.000,0.000,0,4,0,-4228,-3163,0,0,-65,0,0,0,0,-4275
122.827,13.071,29.2,0.813,1.000,0.067,2.605,1.955,1.928,0.000,0.000,16.921,0.000,0.000,0.000,0,4,0,-4228,-3163,0,0,1072,0,0,0,0,-3760
122.848,13.055,29.2,0.810,1.000,-0.029,2.587,1.944,1.924,0.000,0.000,18.667,0.000,0.000,0.000,0,4,0,-4213,-3142,0,0,670,0,0,0,0,-3925
122.865,13.055,29.2,0.810,1.000,-0.029,2.587,1.944,1.924,0.000,0.000,18.667,0.000,0.000,0.000,0,4,0,-4213,-3142,0,0,-679,0,0,0,0,-4536
122.881,13.026,29.1,0.804,1.000,-0.091,2.564,1.931,1.913,0.000,0.000,24.037,0.000,0.000,0.000,0,4,0,-4180,-3113,0,-335,-1212,0,0,0,0,-4796
122.898,13.026,29.1,0.804,1.000,-0.091,2.564,1.931,1.913,0.000,0.000,24.037,0.000,0.000,0.000,0,4,0,-4180,-3113,0,-335,-329,0,0,0,0,-4417
122.919,13.026,29.1,0.804,1.000,-0.091,2.564,1.931,1.913,0.000,0.000,24.037,0.000,0.000,0.000,0,4,0,-4180,-3113,0,-335,1132,0,0,0,0,-3781
122.936,12.967,29.0,0.779,1.000,-0.111,2.478,1.875,1.862,0.000,0.000,14.962,0.000,0.000,0.000,0,4,0,-4050,-3009,0,-407,894,0,0,0,0,-3875
122.965,12.967,29.0,0.779,1.000,-0.111,2.478,1.875,1.862,0.000,0.000,14.962,0.000,0.000,0.000,0,4,0,-4050,-3009,0,-407,-1127,0,0,0,0,-4789
122.997,12.830,28.7,0.733,1.000,-0.228,2.326,1.778,1.713,0.000,0.000,18.380,0.000,0.000,0.000,0,4,0,-3810,-2824,0,-837,308,0,0,0,0,-4143
123.018,12.830,28.7,0.733,1.000,-0.228,2.326,1.778,1.713,0.000,0.000,18.380,0.000,0.000,0.000,0,4,0,-3810,-2824,0,-837,1193,0,0,0,0,-3742
123.043,12.711,28.4,0.669,1.000,-0.264,2.092,1.614,1.519,0.000,0.000,19.342,0.000,0.000,0.000,0,4,0,-3478,-2540,0,-968,-343,0,0,0,0,-4408
123.060,12.711,28.4,0.669,1.000,-0.264,2.092,1.614,1.519,0.000,0.000,19.342,0.000,0.000,0.000,0,4,0,-3478,-2540,0,-968,-1185,0,0,0,0,-4769
123.077,12.711,28.4,0.669,1.000,-0.264,2.092,1.614,1.519,0.000,0.000,19.342,0.000,0.000,0.000,0,4,0,-3478,-2540,0,-968,-530,0,0,0,0,-4451
123.099,12.938,28.9,0.582,1.000,0.412,1.836,1.392,1.315,0.000,0.000,105.229,0.000,0.000,0.000,0,4,0,-3027,-2229,0,0,1046,0,0,0,0,-3713
123.116,12.938,28.9,0.582,1.000,0.412,1.836,1.392,1.315,0.000,0.000,105.229,0.000,0.000,0.000,0,4,0,-3027,-2229,0,0,983,0,0,2541,0,-2571
123.133,12.938,28.9,0.582,1.000,0.412,1.836,1.392,1.315,0.000,0.000,105.229,0.000,0.000,0.000,0,4,0,-3027,-2229,0,0,-318,0,0,4545,0,-2233
123.150,13.212,29.6,0.465,1.000,0.544,1.503,1.116,1.046,0.000,0.000,18.944,0.000,0.000,0.000,0,4,0,-2420,-1825,0,0,-1228,0,0,3615,0,-3045
123.171,13.212,29.6,0.465,1.000,0.544,1.503,1.116,1.046,0.000,0.000,18.944,0.000,0.000,0.000,0,4,0,-2420,-1825,0,0,-319,0,0,2730,0,-3009
123.188,13.212,29.6,0.465,1.000,0.544,1.503,1.116,1.046,0.000,0.000,18.944,0.000,0.000,0.000,0,4,0,-2420,-1825,0,0,962,0,0,2183,0,-2658
123.215,13.409,30.0,0.342,1.000,0.309,1.109,0.811,0.764,0.000,0.000,8.301,0.000,0.000,0.000,0,4,0,-1777,-1346,0,0,358,0,0,1506,0,-3206
123.232,13.409,30.0,0.342,1.000,0.309,1.109,0.811,0.764,0.000,0.000,8.301,0.000,0.000,0.000,0,4,0,-1777,-1346,0,0,-758,0,0,1205,0,-3828
123.255,13.592,30.4,0.223,1.000,0.474,0.722,0.521,0.498,0.000,0.000,9.507,0.000,0.000,0.000,0,4,0,-1159,-877,0,0,-845,0,0,887,0,-3984
123.272,13.592,30.4,0.223,1.000,0.474,0.722,0.521,0.498,0.000,0.000,9.507,0.000,0.000,0.000,0,4,0,-1159,-877,0,0,492,0,0,704,0,-3441
123.288,13.592,30.4,0.223,1.000,0.474,0.722,0.521,0.498,0.000,0.000,9.507,0.000,0.000,0.000,0,4,0,-1159,-877,0,0,1213,0,0,568,0,-3158
123.304,13.833,30.9,0.117,1.000,0.500,0.377,0.267,0.262,0.000,0.000,6.776,0.383,-0.192,0.000,0,4,0,-607,-457,0,0,447,0,0,458,0,-3535
123.325,13.833,30.9,0.117,1.000,0.500,0.377,0.267,0.262,0.000,0.000,6.776,0.383,-0.192,0.000,0,4,0,-607,-457,0,0,-754,0,0,342,0,-4106
123.343,13.833,30.9,0.117,1.000,0.500,0.377,0.267,0.262,0.000,0.000,6.776,0.383,-0.192,0.000,0,4,0,-607,-457,0,0,-743,0,0,271,0,-4113
123.359,14.023,31.4,0.041,1.000,0.352,0.133,0.093,0.091,0.000,0.000,7.429,0.052,-0.321,-0.362,0,4,0,-214,-162,0,0,223,0,0,218,0,-3681
123.376,14.023,31.4,0.041,1.000,0.352,0.133,0.093,0.091,0.000,0.000,7.429,0.052,-0.321,-0.362,0,4,0,-214,-162,0,0,1516,0,0,0,0,-3174
123.398,14.023,31.4,0.041,1.000,0.352,0.133,0.093,0.091,0.000,0.000,7.429,0.052,-0.321,-0.362,0,4,0,-214,-162,0,0,373,0,0,0,0,-3665
123.415,14.209,31.8,0.003,1.000,0.336,0.008,0.006,0.005,0.000,0.000,3.296,-0.248,-0.439,-0.367,0,4,0,-13,-10,0,0,-838,0,0,0,0,-4193
123.433,14.209,31.8,0.003,1.000,0.336,0.008,0.006,0.005,0.000,0.000,3.296,-0.248,-0.439,-0.367,0,4,0,-13,-10,0,0,-907,0,0,0,0,-4204
123.465,14.453,32.3,-0.013,1.000,0.502,-0.043,-0.029,-0.029,0.000,0.000,4.937,0.159,-0.575,-0.372,0,4,0,70,53,0,0,1206,0,0,0,0,-3209
123.486,14.453,32.3,-0.013,1.000,0.502,-0.043,-0.029,-0.029,0.000,0.000,4.937,0.159,-0.575,-0.372,0,4,0,70,53,0,0,638,0,0,0,0,-3442
123.503,14.453,32.3,-0.013,1.000,0.502,-0.043,-0.029,-0.029,0.000,0.000,4.937,0.159,-0.575,-0.372,0,4,0,70,53,0,0,-851,0,0,0,0,-4096
123.520,14.635,32.7,-0.080,1.000,0.337,-0.260,-0.174,-0.170,0.000,0.000,3.965,0.000,0.000,-0.373,0,4,0,418,316,0,0,-1145,0,0,0,0,-4210
123.537,14.635,32.7,-0.080,1.000,0.337,-0.260,-0.174,-0.170,0.000,0.000,3.965,0.000,0.000,-0.373,0,4,0,418,316,0,0,-141,0,0,0,0,-3734
123.557,14.812,33.1,-0.216,1.000,0.478,-0.700,-0.464,-0.453,0.000,0.000,9.862,0.000,0.000,-0.368,0,4,0,1126,850,0,0,1900,0,0,0,0,-2787
123.575,14.812,33.1,-0.216,1.000,0.478,-0.700,-0.464,-0.453,0.000,0.000,9.862,0.000,0.000,-0.368,0,4,0,1126,850,0,0,1110,0,0,0,0,-3123
123.593,14.812,33.1,-0.216,1.000,0.478,-0.700,-0.464,-0.453,0.000,0.000,9.862,0.000,0.000,-0.368,0,4,0,1126,850,0,0,-1126,0,0,0,0,-4115
123.609,15.032,33.6,-0.414,1.000,0.434,-1.334,-0.870,-0.854,0.000,0.000,19.088,0.012,-0.189,0.174,0,4,0,2154,1620,0,0,-1667,0,0,0,0,-4340
123.630,15.032,33.6,-0.414,1.000,0.434,-1.334,-0.870,-0.854,0.000,0.000,19.088,0.012,-0.189,0.174,0,4,0,2154,1620,0,0,110,0,0,0,0,-3511
123.647,15.032,33.6,-0.414,1.000,0.434,-1.334,-0.870,-0.854,0.000,0.000,19.088,0.012,-0.189,0.174,0,4,0,2154,1620,0,0,1580,0,0,0,0,-2826
123.668,15.214,34.0,-0.670,1.000,0.316,-2.168,-1.398,-1.365,0.000,0.000,14.939,-0.284,-0.319,0.162,0,4,0,3484,2632,0,0,798,0,0,0,0,-3155
123.685,15.214,34.0,-0.670,1.000,0.316,-2.168,-1.398,-1.365,0.000,0.000,14.939,-0.284,-0.319,0.162,0,4,0,3484,2632,0,0,-1071,0,0,0,0,-3982
123.706,15.214,34.0,-0.670,1.000,0.316,-2.168,-1.398,-1.365,0.000,0.000,14.939,-0.284,-0.319,0.162,0,4,0,3484,2632,0,0,-1424,0,0,0,0,-4116
123.723,15.371,34.4,-0.994,1.000,0.290,-3.211,-2.049,-2.005,0.000,0.000,8.999,0.038,-0.436,0.155,0,4,0,5170,3400,0,0,317,0,0,0,0,-3308
123.746,15.371,34.4,-0.994,1.000,0.290,-3.211,-2.049,-2.005,0.000,0.000,8.999,0.038,-0.436,0.155,0,4,0,5170,3400,0,0,1539,0,0,0,0,-2729
123.763,15.371,34.4,-0.994,1.000,0.290,-3.211,-2.049,-2.005,0.000,0.000,8.999,0.038,-0.436,0.155,0,4,0,5170,3400,0,0,265,0,0,0,0,-3284
123.784,15.525,34.7,-1.000,1.000,0.259,-3.211,-2.029,-1.997,0.000,0.000,11.147,0.021,-0.575,0.000,0,4,0,5199,3400,0,0,-1383,0,0,0,0,-4006
123.801,15.525,34.7,-1.000,1.000,0.259,-3.211,-2.029,-1.997,0.000,0.000,11.147,0.021,-0.575,0.000,0,4,0,5199,3400,0,0,-925,0,0,0,0,-3778
123.818,15.611,34.9,-1.000,1.000,0.252,-3.214,-2.020,-1.986,0.000,0.000,14.272,0.000,0.000,0.000,0,4,0,5199,3400,0,0,685,0,0,0,0,-3029
123.835,15.611,34.9,-1.000,1.000,0.252,-3.214,-2.020,-1.986,0.000,0.000,14.272,0.000,0.000,0.000,0,4,0,5199,3400,0,0,1461,0,0,0,0,-2659
123.855,15.611,34.9,-1.000,1.000,0.252,-3.214,-2.020,-1.986,0.000,0.000,14.272,0.000,0.000,0.000,0,4,0,5199,3400,0,0,194,0,0,0,0,-3209
123.872,15.637,35.0,-0.925,1.000,0.051,-2.962,-1.858,-1.833,0.000,0.000,11.377,0.000,0.000,0.000,0,4,0,4809,3400,0,0,-1271,0,0,0,0,-3852
123.888,15.637,35.0,-0.925,1.000,0.051,-2.962,-1.858,-1.833,0.000,0.000,11.377,0.000,0.000,0.000,0,4,0,4809,3400,0,0,-1195,0,0,0,0,-3799
123.905,15.637,35.0,-0.925,1.000,0.051,-2.962,-1.858,-1.833,0.000,0.000,11.377,0.000,0.000,0.000,0,4,0,4809,3400,0,0,314,0,0,0,0,-3095
123.927,15.561,34.8,-0.772,1.000,-0.140,-2.461,-1.551,-1.538,0.000,0.000,19.571,-0.383,-0.192,0.000,0,4,0,4013,2988,0,514,1437,0,0,0,0,-2561
123.944,15.561,34.8,-0.772,1.000,-0.140,-2.461,-1.551,-1.538,0.000,0.000,19.571,-0.383,-0.192,0.000,0,4,0,4013,2988,0,514,330,0,0,0,0,-3042
123.965,15.561,34.8,-0.772,1.000,-0.140,-2.461,-1.551,-1.538,0.000,0.000,19.571,-0.383,-0.192,0.000,0,4,0,4013,2988,0,514,-1358,0,0,0,0,-3781
123.982,15.524,34.7,-0.876,1.000,-0.069,-2.794,-1.766,-1.749,0.000,0.000,12.786,0.000,0.000,0.000,0,4,0,4556,3393,0,253,-1022,0,0,0,0,-3610
124.004,15.524,34.7,-0.876,1.000,-0.069,-2.794,-1.766,-1.749,0.000,0.000,12.786,0.000,0.000,0.000,0,4,0,4556,3393,0,253,1010,0,0,0,0,-2664
124.022,15.524,34.7,-0.876,1.000,-0.069,-2.794,-1.766,-1.749,0.000,0.000,12.786,0.000,0.000,0.000,0,4,0,4556,3393,0,253,1332,0,0,0,0,-2497
124.043,15.524,34.7,-1.000,1.000,0.000,-3.196,-2.020,-1.997,0.000,0.000,8.074,0.000,0.000,0.000,0,4,0,5199,3400,0,0,-349,0,0,0,0,-3234
124.060,15.524,34.7,-1.000,1.000,0.000,-3.196,-2.020,-1.997,0.000,0.000,8.074,0.000,0.000,0.000,0,4,0,5199,3400,0,0,-1186,0,0,0,0,-3592
124.081,15.466,34.6,-1.000,1.000,-0.152,-3.189,-2.023,-2.004,0.000,0.000,16.720,0.000,0.000,0.000,0,4,0,5199,3400,0,556,-217,0,0,0,0,-3128
124.097,15.466,34.6,-1.000,1.000,-0.152,-3.189,-2.023,-2.004,0.000,0.000,16.720,0.000,0.000,0.000,0,4,0,5199,3400,0,556,1125,0,0,0,0,-2502
124.122,15.466,34.6,-1.000,1.000,-0.152,-3.189,-2.023,-2.004,0.000,0.000,16.720,0.000,0.000,0.000,0,4,0,5199,3400,0,556,731,0,0,0,0,-2652
124.139,15.394,34.4,-1.000,1.000,-0.127,-3.182,-2.027,-2.014,0.000,0.000,8.618,0.000,0.000,0.000,0,4,0,5199,3400,0,466,-792,0,0,0,0,-3321
124.160,15.394,34.4,-1.000,1.000,-0.127,-3.182,-2.027,-2.014,0.000,0.000,8.618,0.000,0.000,0.000,0,4,0,5199,3400,0,466,-1095,0,0,0,0,-3434
124.177,15.394,34.4,-1.000,1.000,-0.127,-3.182,-2.027,-2.014,0.000,0.000,8.618,0.000,0.000,0.000,0,4,0,5199,3400,0,466,165,0,0,0,0,-2843
124.194,15.293,34.2,-1.000,1.000,-0.190,-3.175,-2.037,-2.027,0.000,0.000,9.117,0.000,0.000,0.000,0,4,0,5199,3400,0,698,1270,0,0,0,0,-2323
124.215,15.293,34.2,-1.000,1.000,-0.190,-3.175,-2.037,-2.027,0.000,0.000,9.117,0.000,0.000,0.000,0,4,0,5199,3400,0,698,449,0,0,0,0,-2669
124.236,15.103,33.8,-1.000,1.000,-0.459,-3.175,-2.062,-2.052,0.000,0.000,15.646,0.000,0.000,0.000,0,4,0,5199,3400,0,1684,-1244,0,-24,0,0,-3422
124.253,15.103,33.8,-1.000,1.000,-0.459,-3.175,-2.062,-2.052,0.000,0.000,15.646,0.000,0.000,0.000,0,4,0,5199,3400,0,1684,-1077,0,-6,0,0,-3318
124.271,15.103,33.8,-1.000,1.000,-0.459,-3.175,-2.062,-2.052,0.000,0.000,15.646,0.000,0.000,0.000,0,4,0,5199,3400,0,1684,481,0,21,0,0,-2580
124.293,14.933,33.4,-1.000,1.000,-0.304,-3.160,-2.076,-2.076,0.000,0.000,8.792,0.000,0.000,0.000,0,4,0,5199,3400,0,1116,1187,0,0,0,0,-2243
124.314,14.933,33.4,-1.000,1.000,-0.304,-3.160,-2.076,-2.076,0.000,0.000,8.792,0.000,0.000,0.000,0,4,0,5199,3400,0,1116,-262,0,0,0,0,-2874
124.340,14.734,33.0,-1.000,1.000,-0.424,-3.154,-2.100,-2.104,0.000,0.000,10.504,0.000,0.000,0.000,0,4,0,5199,3400,0,1554,-1239,0,0,0,0,-3285
124.357,14.734,33.0,-1.000,1.000,-0.424,-3.154,-2.100,-2.104,0.000,0.000,10.504,0.000,0.000,0.000,0,4,0,5199,3400,0,1554,56,0,0,0,0,-2680
124.375,14.734,33.0,-1.000,1.000,-0.424,-3.154,-2.100,-2.104,0.000,0.000,10.504,0.000,0.000,0.000,0,4,0,5199,3400,0,1554,1311,0,0,0,0,-2091
124.396,14.414,32.2,-1.000,1.000,-0.594,-3.160,-2.151,-2.151,0.000,0.000,12.288,-0.383,-0.192,0.000,0,4,0,5199,3400,0,2178,589,0,183,0,0,-2311
124.418,14.414,32.2,-1.000,1.000,-0.594,-3.160,-2.151,-2.151,0.000,0.000,12.288,-0.383,-0.192,0.000,0,4,0,5199,3400,0,2178,-1215,0,-349,0,0,-3341
124.435,14.414,32.2,-1.000,1.000,-0.594,-3.160,-2.151,-2.151,0.000,0.000,12.288,-0.383,-0.192,0.000,0,4,0,5199,3400,0,2178,-1017,0,-230,0,0,-3178
124.466,14.148,31.6,-1.000,1.000,-0.386,-3.137,-2.176,-2.191,0.000,0.000,7.222,0.000,0.000,0.000,0,4,0,5199,3400,0,1416,932,0,0,0,0,-2156
124.488,14.148,31.6,-1.000,1.000,-0.386,-3.137,-2.176,-2.191,0.000,0.000,7.222,0.000,0.000,0.000,0,4,0,5199,3400,0,1416,365,0,0,0,0,-2387
124.505,13.860,31.0,-1.000,1.000,-0.742,-3.131,-2.216,-2.236,0.000,0.000,14.532,0.000,0.000,-0.277,0,4,0,5199,3400,0,2200,-1285,0,475,0,0,-2898
124.523,13.860,31.0,-1.000,1.000,-0.742,-3.131,-2.216,-2.236,0.000,0.000,14.532,0.000,0.000,-0.277,0,4,0,5199,3400,0,2200,-1522,0,692,0,0,-2886
124.544,13.860,31.0,-1.000,1.000,-0.742,-3.131,-2.216,-2.236,0.000,0.000,14.532,0.000,0.000,-0.277,0,4,0,5199,3400,0,2200,613,0,-322,0,0,-2354
124.564,13.419,30.0,-1.000,1.000,-0.765,-3.143,-2.298,-2.310,0.000,0.000,11.665,0.000,0.000,-0.268,0,4,0,5199,3400,0,2200,1617,0,-754,0,0,-2071
124.581,13.419,30.0,-1.000,1.000,-0.765,-3.143,-2.298,-2.310,0.000,0.000,11.665,0.000,0.000,-0.268,0,4,0,5199,3400,0,2200,360,0,70,0,0,-2248
124.597,13.419,30.0,-1.000,1.000,-0.765,-3.143,-2.298,-2.310,0.000,0.000,11.665,0.000,0.000,-0.268,0,4,0,5199,3400,0,2200,-1315,0,795,0,0,-2658
124.622,13.063,29.2,-1.000,1.000,-0.629,-3.112,-2.337,-2.373,0.000,0.000,8.932,0.000,0.000,-0.260,0,4,0,5199,3400,0,2200,-739,0,-18,0,0,-2737
124.643,13.063,29.2,-1.000,1.000,-0.629,-3.112,-2.337,-2.373,0.000,0.000,8.932,0.000,0.000,-0.260,0,4,0,5199,3400,0,2200,1166,0,-466,0,0,-2052
124.668,12.679,28.4,-1.000,1.000,-0.842,-3.103,-2.401,-2.445,0.000,0.000,11.143,0.000,0.000,-0.251,0,4,0,5199,3400,0,2200,676,0,397,0,0,-1853
124.686,12.679,28.4,-1.000,1.000,-0.842,-3.103,-2.401,-2.445,0.000,0.000,11.143,0.000,0.000,-0.251,0,4,0,5199,3400,0,2200,-1057,0,1007,0,0,-2341
124.702,12.679,28.4,-1.000,1.000,-0.842,-3.103,-2.401,-2.445,0.000,0.000,11.143,0.000,0.000,-0.251,0,4,0,5199,3400,0,2200,-1474,0,219,0,0,-2868
124.723,11.983,26.8,-1.000,1.000,-1.299,-2.841,-2.325,-2.443,0.000,0.000,15.042,-0.195,-0.097,-0.236,0,4,0,5199,3400,0,2200,252,0,-1275,0,0,-2739
124.746,11.983,26.8,-1.000,1.000,-1.299,-2.841,-2.325,-2.443,0.000,0.000,15.042,-0.195,-0.097,-0.236,0,4,0,5199,3400,0,2200,1397,0,-2,0,0,-1616
124.763,11.311,25.3,-1.000,1.000,-1.693,-2.599,-2.254,-2.306,0.000,0.000,18.359,0.000,0.000,-0.222,0,4,0,5199,3156,0,2200,228,0,1246,0,0,-1561
124.780,11.311,25.3,-1.000,1.000,-1.693,-2.599,-2.254,-2.306,0.000,0.000,18.359,0.000,0.000,-0.222,0,4,0,5199,3156,0,2200,-1127,0,709,0,0,-2396
124.801,11.311,25.3,-1.000,1.000,-1.693,-2.599,-2.254,-2.306,0.000,0.000,18.359,0.000,0.000,-0.222,0,4,0,5199,3156,0,2200,-882,0,-1070,0,0,-3067
124.817,10.516,23.5,-1.000,1.000,-1.502,-2.281,-2.128,-2.144,0.000,0.000,15.622,0.000,0.000,-0.205,0,4,0,5199,2770,0,2200,497,0,-1043,0,0,-2412
124.840,10.516,23.5,-1.000,1.000,-1.502,-2.281,-2.128,-2.144,0.000,0.000,15.622,0.000,0.000,-0.205,0,4,0,5199,2770,0,2200,1123,0,902,0,0,-1220
124.856,10.516,23.5,-1.000,1.000,-1.502,-2.281,-2.128,-2.144,0.000,0.000,15.622,0.000,0.000,-0.205,0,4,0,5199,2770,0,2200,27,0,1174,0,0,-1574
124.877,9.353,20.9,-1.000,1.000,-1.979,-2.088,-2.190,-1.907,0.000,0.140,19.999,-0.378,-0.189,-0.181,0,4,0,4653,2269,-504,2200,-1050,0,-559,0,0,-2822
124.895,9.353,20.9,-1.000,1.000,-1.979,-2.088,-2.190,-1.907,0.000,0.140,19.999,-0.378,-0.189,-0.181,0,4,0,4653,2269,-504,2200,-517,0,-1274,0,0,-2883
124.918,8.461,18.9,-1.000,1.000,-2.238,-1.927,-2.234,-1.725,0.000,0.378,22.372,-0.637,-0.023,-0.163,0,4,0,3563,1676,-1363,2200,835,-338,466,0,0,-1610
124.934,8.461,18.9,-1.000,1.000,-2.238,-1.927,-2.234,-1.725,0.000,0.378,22.372,-0.637,-0.023,-0.163,0,4,0,3563,1676,-1363,2200,751,-83,1299,0,0,-1135
124.955,8.461,18.9,-1.000,1.000,-2.238,-1.927,-2.234,-1.725,0.000,0.378,22.372,-0.637,-0.023,-0.163,0,4,0,3563,1676,-1363,2200,-435,340,11,0,0,-2041
124.972,7.563,16.9,-1.000,1.000,-1.695,-1.755,-2.277,-1.542,0.000,0.616,16.800,-0.873,0.126,-0.145,0,4,0,2475,1147,-2218,2200,-824,46,-1252,0,0,-2901
124.996,7.563,16.9,-1.000,1.000,-1.695,-1.755,-2.277,-1.542,0.000,0.616,16.800,-0.873,0.126,-0.145,0,4,0,2475,1147,-2218,2200,157,-499,-50,0,0,-2131
125.013,7.563,16.9,-1.000,1.000,-1.695,-1.755,-2.277,-1.542,0.000,0.616,16.800,-0.873,0.126,-0.145,0,4,0,2475,1147,-2218,2200,817,226,1246,0,0,3
125.035,6.352,14.2,-1.000,1.000,-1.971,-1.509,-2.330,-1.295,0.000,0.932,19.521,-0.383,0.117,0.000,0,4,0,1232,551,-3356,2200,163,634,338,0,0,-1394
125.052,6.352,14.2,-1.000,1.000,-1.971,-1.509,-2.330,-1.295,0.000,0.932,19.521,-0.383,0.117,0.000,0,4,0,1232,551,-3356,2200,-473,-518,-1122,0,0,-2845
125.069,5.450,12.2,-1.000,1.000,-2.678,-1.316,-2.369,-1.111,0.000,1.000,26.311,-0.052,0.254,0.000,0,4,0,931,399,-3600,2200,-443,-748,-949,0,0,-2836
125.085,5.450,12.2,-1.000,1.000,-2.678,-1.316,-2.369,-1.111,0.000,1.000,26.311,-0.052,0.254,0.000,0,4,0,931,399,-3600,2200,47,408,537,0,0,-1400
125.106,5.450,12.2,-1.000,1.000,-2.678,-1.316,-2.369,-1.111,0.000,1.000,26.311,-0.052,0.254,0.000,0,4,0,931,399,-3600,2200,510,688,1198,0,0,1060
125.123,4.597,10.3,-1.000,1.000,-1.595,-1.127,-2.404,-0.937,0.000,1.000,15.652,0.242,0.375,0.000,0,4,0,842,342,-3600,2200,177,-560,-194,0,0,-2065
125.139,4.597,10.3,-1.000,1.000,-1.595,-1.127,-2.404,-0.937,0.000,1.000,15.652,0.242,0.375,0.000,0,4,0,842,342,-3600,2200,-272,-785,-1271,0,0,-2839
125.156,4.597,10.3,-1.000,1.000,-1.595,-1.127,-2.404,-0.937,0.000,1.000,15.652,0.242,0.375,0.000,0,4,0,842,342,-3600,2200,-417,341,-671,0,0,-2104
125.177,3.531,7.9,-1.000,1.000,-2.020,-0.882,-2.450,-0.720,0.000,1.000,19.994,0.596,0.323,0.000,0,4,0,731,268,-3600,2200,50,694,0,0,0,-1403
125.194,3.531,7.9,-1.000,1.000,-2.020,-0.882,-2.450,-0.720,0.000,1.000,19.994,0.596,0.323,0.000,0,4,0,731,268,-3600,2200,323,-534,0,0,0,-1816
125.216,3.531,7.9,-1.000,1.000,-2.020,-0.882,-2.450,-0.720,0.000,1.000,19.994,0.596,0.323,0.000,0,4,0,731,268,-3600,2200,102,-521,0,0,0,-1885
125.246,2.818,6.3,-1.000,1.000,-1.051,-0.713,-2.482,-0.574,0.000,0.000,10.567,0.245,0.145,0.000,0,4,0,2628,866,0,2200,-258,0,0,0,0,-1775
125.266,2.818,6.3,-1.000,1.000,-1.051,-0.713,-2.482,-0.574,0.000,0.000,10.567,0.245,0.145,0.000,0,4,0,2628,866,0,2200,12,0,0,0,0,-1630
125.294,2.202,4.9,-1.000,1.000,-1.320,-0.564,-2.513,-0.449,0.000,0.000,13.488,-0.074,-0.016,0.000,0,4,0,2372,685,0,2200,192,0,0,0,0,-1516
125.310,2.202,4.9,-1.000,1.000,-1.320,-0.564,-2.513,-0.449,0.000,0.000,13.488,-0.074,-0.016,0.000,0,4,0,2372,685,0,2200,13,0,0,0,0,-1578
125.327,2.202,4.9,-1.000,1.000,-1.320,-0.564,-2.513,-0.449,0.000,0.000,13.488,-0.074,-0.016,0.000,0,4,0,2372,685,0,2200,-182,0,0,0,0,-1647
125.350,1.537,3.4,-1.000,1.000,-1.218,-0.400,-2.551,-0.313,0.000,0.000,12.285,-0.442,-0.008,0.000,0,4,0,2095,485,0,2200,-68,0,0,0,0,-1568
125.371,1.537,3.4,-1.000,1.000,-1.218,-0.400,-2.551,-0.313,0.000,0.000,12.285,-0.442,-0.008,0.000,0,4,0,2095,485,0,2200,119,0,0,0,0,-1459
125.387,1.079,2.4,-1.000,1.000,-1.236,-0.284,-2.579,-0.220,0.000,0.000,12.212,-0.105,0.140,0.000,0,4,0,1905,344,0,2200,86,0,0,0,0,-1454
125.403,1.079,2.4,-1.000,1.000,-1.236,-0.284,-2.579,-0.220,0.000,0.000,12.212,-0.105,0.140,0.000,0,4,0,1905,344,0,2200,-8,0,0,0,0,-1478
125.424,1.079,2.4,-1.000,1.000,-1.236,-0.284,-2.579,-0.220,0.000,0.000,12.212,-0.105,0.140,0.000,0,4,0,1905,344,0,2200,-101,0,0,0,0,-1496
125.442,0.626,1.4,-1.000,1.000,-0.847,-0.166,-2.606,-0.128,0.000,0.000,8.328,0.200,0.275,0.000,0,4,0,1716,202,0,2200,-19,0,0,0,0,-1438
125.465,0.626,1.4,-1.000,1.000,-0.847,-0.166,-2.606,-0.128,0.000,0.000,8.328,0.200,0.275,0.000,0,4,0,1716,202,0,2200,47,0,0,0,0,-1381
125.496,0.117,0.3,-1.000,1.000,-0.957,-0.030,-2.539,0.000,0.000,0.000,10.618,0.164,0.430,0.000,0,4,0,1504,37,0,2200,-2,0,0,0,0,-1366
125.517,0.117,0.3,-1.000,1.000,-0.957,-0.030,-2.539,0.000,0.000,0.000,10.618,0.164,0.430,0.000,0,4,0,1504,37,0,2200,-11,0,0,0,0,-1345
125.544,0.424,0.9,-1.000,1.000,0.653,-0.105,-2.437,0.000,0.000,0.000,9.087,-0.147,0.242,0.000,0,4,0,1632,128,0,0,14,0,0,0,0,-1303
125.561,0.424,0.9,-1.000,1.000,0.653,-0.105,-2.437,0.000,0.000,0.000,9.087,-0.147,0.242,0.000,0,4,0,1632,128,0,0,36,0,0,0,0,-1273
125.590,0.858,1.9,-1.000,1.000,0.960,-0.209,-2.385,-0.175,0.000,0.000,9.471,-0.428,0.072,0.000,0,4,0,1813,253,0,0,-32,0,0,0,0,-1268
125.610,0.858,1.9,-1.000,1.000,0.960,-0.209,-2.385,-0.175,0.000,0.000,9.471,-0.428,0.072,0.000,0,4,0,1813,253,0,0,-74,0,0,0,0,-1264
125.628,0.858,1.9,-1.000,1.000,0.960,-0.209,-2.385,-0.175,0.000,0.000,9.471,-0.428,0.072,0.000,0,4,0,1813,253,0,0,-10,0,0,0,0,-1215
125.645,1.431,3.2,-1.000,1.000,1.062,-0.353,-2.418,-0.292,0.000,0.000,10.512,0.007,-0.129,0.000,0,4,0,2051,428,0,0,118,0,0,0,0,-1136
125.669,1.431,3.2,-1.000,1.000,1.062,-0.353,-2.418,-0.292,0.000,0.000,10.512,0.007,-0.129,0.000,0,4,0,2051,428,0,0,57,0,0,0,0,-1136
125.689,1.431,3.2,-1.000,1.000,1.062,-0.353,-2.418,-0.292,0.000,0.000,10.512,0.007,-0.129,0.000,0,4,0,2051,428,0,0,-111,0,0,0,0,-1189
125.716,1.846,4.1,-1.000,1.000,0.601,-0.461,-2.452,-0.376,0.000,0.000,6.181,0.302,-0.264,0.000,0,4,0,2224,560,0,0,-36,0,0,0,0,-1123
125.747,2.245,5.0,-1.000,1.000,1.312,-0.568,-2.484,-0.458,0.000,0.000,14.018,0.563,-0.384,0.000,0,4,0,2390,690,0,0,204,0,0,0,0,-86
125.768,2.245,5.0,-1.000,1.000,1.312,-0.568,-2.484,-0.458,0.000,0.000,14.018,0.563,-0.384,0.000,0,4,0,2390,690,0,0,-28,0,0,0,0,-1058
125.785,2.245,5.0,-1.000,1.000,1.312,-0.568,-2.484,-0.458,0.000,0.000,14.018,0.563,-0.384,0.000,0,4,0,2390,690,0,0,-203,0,0,0,0,-1117
125.802,2.770,6.2,-1.000,1.000,0.964,-0.713,-2.525,-0.565,0.000,0.000,10.968,0.111,-0.529,0.000,0,4,0,2608,866,0,0,-153,0,0,0,0,-1075
125.819,2.770,6.2,-1.000,1.000,0.964,-0.713,-2.525,-0.565,0.000,0.000,10.968,0.111,-0.529,0.000,0,4,0,2608,866,0,0,134,0,0,0,0,-27
125.839,2.770,6.2,-1.000,1.000,0.964,-0.713,-2.525,-0.565,0.000,0.000,10.968,0.111,-0.529,0.000,0,4,0,2608,866,0,0,243,0,0,0,0,54
125.871,3.154,7.1,-1.000,1.000,0.568,-0.821,-2.554,-0.643,0.000,1.000,6.726,-0.195,-0.627,0.000,0,4,0,692,249,-3600,0,-172,736,0,0,0,1057
125.889,3.154,7.1,-1.000,1.000,0.568,-0.821,-2.554,-0.643,0.000,1.000,6.726,-0.195,-0.627,0.000,0,4,0,692,249,-3600,0,-165,-492,0,0,0,-1317
125.918,3.525,7.9,-1.000,1.000,0.804,-0.928,-2.581,-0.718,0.000,1.000,10.151,-0.472,-0.716,0.000,0,4,0,731,282,-3600,0,294,29,0,0,0,-9
125.940,3.525,7.9,-1.000,1.000,0.804,-0.928,-2.581,-0.718,0.000,1.000,10.151,-0.472,-0.716,0.000,0,4,0,731,282,-3600,0,167,833,0,0,0,1172
125.965,3.979,8.9,-1.000,1.000,0.985,-1.061,-2.616,-0.811,0.000,1.000,13.842,-0.037,-0.441,0.000,0,4,0,778,322,-3600,0,-349,-771,0,0,0,-1616
125.997,3.979,8.9,-1.000,1.000,0.985,-1.061,-2.616,-0.811,0.000,1.000,13.842,-0.037,-0.441,0.000,0,4,0,778,322,-3600,0,103,581,0,0,0,69
126.018,4.313,9.6,-1.000,1.000,0.641,-1.161,-2.640,-0.879,0.000,1.000,9.554,-0.329,-0.252,0.000,0,4,0,812,352,-3600,0,382,499,0,0,0,141
126.034,4.313,9.6,-1.000,1.000,0.641,-1.161,-2.640,-0.879,0.000,1.000,9.554,-0.329,-0.252,0.000,0,4,0,812,352,-3600,0,114,-659,0,0,0,-1437
126.051,4.313,9.6,-1.000,1.000,0.641,-1.161,-2.640,-0.879,0.000,1.000,9.554,-0.329,-0.252,0.000,0,4,0,812,352,-3600,0,-287,-693,0,0,0,-1653
126.067,4.626,10.3,-1.000,1.000,0.652,-1.256,-2.664,-0.943,0.000,1.000,10.669,-0.003,-0.081,0.000,0,4,0,845,381,-3600,0,-399,490,0,0,0,-1188
126.087,4.626,10.3,-1.000,1.000,0.652,-1.256,-2.664,-0.943,0.000,1.000,10.669,-0.003,-0.081,0.000,0,4,0,845,381,-3600,0,99,639,0,0,0,-21
126.105,4.626,10.3,-1.000,1.000,0.652,-1.256,-2.664,-0.943,0.000,1.000,10.669,-0.003,-0.081,0.000,0,4,0,845,381,-3600,0,429,-600,0,0,0,-1351
126.122,4.991,11.2,-1.000,1.000,0.677,-1.370,-2.693,-1.017,0.000,1.000,13.008,-0.380,0.118,0.000,0,4,0,883,416,-3600,0,227,-688,0,0,0,-1503
126.139,4.991,11.2,-1.000,1.000,0.677,-1.370,-2.693,-1.017,0.000,1.000,13.008,-0.380,0.118,0.000,0,4,0,883,416,-3600,0,-291,529,0,0,0,-1207
126.159,4.991,11.2,-1.000,1.000,0.677,-1.370,-2.693,-1.017,0.000,1.000,13.008,-0.380,0.118,0.000,0,4,0,883,416,-3600,0,-414,614,0,0,0,-1248
126.177,5.254,11.8,-1.000,1.000,0.491,-1.453,-2.714,-1.071,0.000,1.000,10.254,-0.640,0.254,0.000,0,4,0,910,441,-3600,0,57,-633,0,0,0,-1619
126.194,5.254,11.8,-1.000,1.000,0.491,-1.453,-2.714,-1.071,0.000,1.000,10.254,-0.640,0.254,0.000,0,4,0,910,441,-3600,0,478,-656,0,0,0,-1459
126.216,5.491,12.3,-1.000,1.000,0.620,-1.530,-2.734,-1.119,0.000,1.000,14.782,-0.284,0.378,0.000,0,4,0,935,465,-3600,0,167,789,0,0,0,-79
126.236,5.491,12.3,-1.000,1.000,0.620,-1.530,-2.734,-1.119,0.000,1.000,14.782,-0.284,0.378,0.000,0,4,0,935,465,-3600,0,-456,238,0,0,0,-1526
126.254,5.491,12.3,-1.000,1.000,0.620,-1.530,-2.734,-1.119,0.000,1.000,14.782,-0.284,0.378,0.000,0,4,0,935,465,-3600,0,-385,-859,0,0,0,-2013
126.271,5.750,12.9,-1.000,1.000,0.475,-1.617,-2.759,-1.172,0.000,1.000,14.441,0.134,0.140,0.000,0,4,0,962,491,-3600,0,193,-291,0,0,0,-1514
126.287,5.750,12.9,-1.000,1.000,0.475,-1.617,-2.759,-1.172,0.000,1.000,14.441,0.134,0.140,0.000,0,4,0,962,491,-3600,0,536,793,0,0,0,15
126.308,5.750,12.9,-1.000,1.000,0.475,-1.617,-2.759,-1.172,0.000,1.000,14.441,0.134,0.140,0.000,0,4,0,962,491,-3600,0,106,171,0,0,0,-1388
126.340,5.926,13.3,-1.000,1.000,0.261,-1.678,-2.777,-1.208,0.000,1.000,8.914,0.416,-0.020,0.000,0,4,0,980,509,-3600,0,-454,-464,0,0,0,-1966
126.357,5.926,13.3,-1.000,1.000,0.261,-1.678,-2.777,-1.208,0.000,1.000,8.914,0.416,-0.020,0.000,0,4,0,980,509,-3600,0,15,735,0,0,0,-1231
126.374,6.071,13.6,-1.000,1.000,0.442,-1.729,-2.794,-1.238,0.000,1.000,18.495,0.089,-0.163,0.000,0,4,0,995,525,-3600,0,523,608,0,0,0,-1078
126.394,6.071,13.6,-1.000,1.000,0.442,-1.729,-2.794,-1.238,0.000,1.000,18.495,0.089,-0.163,0.000,0,4,0,995,525,-3600,0,297,-792,0,0,0,-1838
126.418,6.071,13.6,-1.000,1.000,0.442,-1.729,-2.794,-1.238,0.000,1.000,18.495,0.089,-0.163,0.000,0,4,0,995,525,-3600,0,-508,34,0,0,0,-1857
126.435,6.206,13.9,-1.000,1.000,0.225,-1.781,-2.815,-1.265,0.000,1.000,14.322,-0.305,-0.335,0.000,0,4,0,1009,541,-3600,0,-456,897,0,0,0,-1462
126.466,6.206,13.9,-1.000,1.000,0.225,-1.781,-2.815,-1.265,0.000,1.000,14.322,-0.305,-0.335,0.000,0,4,0,1009,541,-3600,0,551,-791,0,0,0,-1807
126.487,6.289,14.1,-1.000,1.000,0.163,-1.815,-2.831,-1.282,0.000,1.000,12.773,-0.572,-0.451,0.000,0,4,0,1018,551,-3600,0,246,-181,0,0,0,-1694
126.505,6.289,14.1,-1.000,1.000,0.163,-1.815,-2.831,-1.282,0.000,1.000,12.773,-0.572,-0.451,0.000,0,4,0,1018,551,-3600,0,-421,880,0,0,0,-1536
126.522,6.289,14.1,-1.000,1.000,0.163,-1.815,-2.831,-1.282,0.000,1.000,12.773,-0.572,-0.451,0.000,0,4,0,1018,551,-3600,0,-534,215,0,0,0,-1909
126.544,6.340,14.2,-1.000,1.000,0.091,-1.839,-2.845,-1.292,0.000,1.000,11.966,-0.223,-0.556,0.000,0,4,0,1023,558,-3600,0,203,-897,0,0,0,-2104
126.564,6.340,14.2,-1.000,1.000,0.091,-1.839,-2.845,-1.292,0.000,1.000,11.966,-0.223,-0.556,0.000,0,4,0,1023,558,-3600,0,585,254,0,0,0,-1434
126.581,6.339,14.2,-1.000,1.000,-0.004,-1.850,-2.863,-1.292,0.000,1.000,24.752,0.182,-0.301,0.000,0,4,0,1023,562,-3600,0,139,884,0,0,0,-1349
126.597,6.339,14.2,-1.000,1.000,-0.004,-1.850,-2.863,-1.292,0.000,1.000,24.752,0.182,-0.301,0.000,0,4,0,1023,562,-3600,0,-468,-65,0,0,0,-2053
126.622,6.339,14.2,-1.000,1.000,-0.004,-1.850,-2.863,-1.292,0.000,1.000,24.752,0.182,-0.301,0.000,0,4,0,1023,562,-3600,0,-288,-688,0,0,0,-2254
126.643,6.325,14.1,-1.000,1.000,-0.022,-1.855,-2.876,-1.289,0.000,1.000,11.290,-0.131,-0.125,0.000,0,4,0,1022,563,-3600,0,483,750,0,0,0,-1254
126.669,6.325,14.1,-1.000,1.000,-0.022,-1.855,-2.876,-1.289,0.000,1.000,11.290,-0.131,-0.125,0.000,0,4,0,1022,563,-3600,0,250,-69,0,0,0,-1730
126.686,6.286,14.1,-1.000,1.000,-0.092,-1.851,-2.889,-1.281,0.000,1.000,16.753,-0.414,0.035,0.000,0,4,0,1018,562,-3600,337,-415,-899,0,0,0,-2386
126.702,6.286,14.1,-1.000,1.000,-0.092,-1.851,-2.889,-1.281,0.000,1.000,16.753,-0.414,0.035,0.000,0,4,0,1018,562,-3600,337,-561,-104,0,0,0,-2073
126.723,6.286,14.1,-1.000,1.000,-0.092,-1.851,-2.889,-1.281,0.000,1.000,16.753,-0.414,0.035,0.000,0,4,0,1018,562,-3600,337,92,894,0,0,0,-1303
126.747,6.178,13.8,-1.000,1.000,-0.183,-1.829,-2.904,-1.259,0.000,1.000,16.139,-0.352,0.219,0.000,0,4,0,1006,555,-3600,670,562,-548,0,0,0,-1714
126.764,6.178,13.8,-1.000,1.000,-0.183,-1.829,-2.904,-1.259,0.000,1.000,16.139,-0.352,0.219,0.000,0,4,0,1006,555,-3600,670,87,-752,0,0,0,-2001
126.780,6.178,13.8,-1.000,1.000,-0.183,-1.829,-2.904,-1.259,0.000,1.000,16.139,-0.352,0.219,0.000,0,4,0,1006,555,-3600,670,-484,403,0,0,0,-1717
126.801,6.094,13.6,-1.000,1.000,-0.158,-1.811,-2.915,-1.242,0.000,1.000,13.843,-0.024,0.346,0.000,0,4,0,998,550,-3600,578,-372,672,0,0,0,-1521
126.818,6.094,13.6,-1.000,1.000,-0.158,-1.811,-2.915,-1.242,0.000,1.000,13.843,-0.024,0.346,0.000,0,4,0,998,550,-3600,578,262,-556,0,0,0,-1769
126.835,6.094,13.6,-1.000,1.000,-0.158,-1.811,-2.915,-1.242,0.000,1.000,13.843,-0.024,0.346,0.000,0,4,0,998,550,-3600,578,571,-771,0,0,0,-1707
126.852,5.992,13.4,-1.000,1.000,-0.202,-1.787,-2.926,-1.221,0.000,1.000,14.897,0.274,0.166,0.000,0,4,0,987,543,-3600,741,175,442,0,0,0,-1316
126.873,5.992,13.4,-1.000,1.000,-0.202,-1.787,-2.926,-1.221,0.000,1.000,14.897,0.274,0.166,0.000,0,4,0,987,543,-3600,741,-501,661,0,0,0,-1499
126.890,5.811,13.0,-0.989,1.000,-0.492,-1.740,-2.937,-1.164,0.000,1.000,27.521,-0.143,-0.046,0.000,0,4,0,957,528,-3600,1805,-416,-557,74,0,0,-1959
126.907,5.811,13.0,-0.989,1.000,-0.492,-1.740,-2.937,-1.164,0.000,1.000,27.521,-0.143,-0.046,0.000,0,4,0,957,528,-3600,1805,164,-747,99,0,0,-1751
126.924,5.811,13.0,-0.989,1.000,-0.492,-1.740,-2.937,-1.164,0.000,1.000,27.521,-0.143,-0.046,0.000,0,4,0,957,528,-3600,1805,543,455,-19,0,0,-1068
126.945,5.683,12.7,-0.951,1.000,-0.237,-1.703,-2.940,-1.076,0.000,1.000,14.047,-0.425,-0.189,0.000,0,4,0,909,517,-3600,869,104,621,0,0,0,-1163
126.965,5.683,12.7,-0.951,1.000,-0.237,-1.703,-2.940,-1.076,0.000,1.000,14.047,-0.425,-0.189,0.000,0,4,0,909,517,-3600,869,-501,-779,0,0,0,-2071
126.982,5.683,12.7,-0.951,1.000,-0.237,-1.703,-2.940,-1.076,0.000,1.000,14.047,-0.425,-0.189,0.000,0,4,0,909,517,-3600,869,-376,-545,0,0,0,-1908
126.999,5.552,12.4,-0.893,1.000,-0.248,-1.660,-2.933,-0.960,0.000,1.000,14.120,-0.675,-0.316,0.000,0,4,0,840,504,-3600,909,199,673,0,0,0,-1115
127.021,5.552,12.4,-0.893,1.000,-0.248,-1.660,-2.933,-0.960,0.000,1.000,14.120,-0.675,-0.316,0.000,0,4,0,840,504,-3600,909,490,315,0,0,0,-1145
127.043,5.552,12.4,-0.893,1.000,-0.248,-1.660,-2.933,-0.960,0.000,1.000,14.120,-0.675,-0.316,0.000,0,4,0,840,504,-3600,909,-149,-900,0,0,0,-1985
127.060,5.351,12.0,-0.825,1.000,-0.332,-1.589,-2.912,-0.832,0.000,1.000,16.920,-0.209,-0.469,0.000,0,4,0,759,482,-3600,1217,-501,-21,0,0,0,-1725
127.090,5.351,12.0,-0.825,1.000,-0.332,-1.589,-2.912,-0.832,0.000,1.000,16.920,-0.209,-0.469,0.000,0,4,0,759,482,-3600,1217,214,449,0,0,0,-1153
127.112,5.226,11.7,-0.747,1.000,-0.248,-1.537,-2.886,-0.714,0.000,1.000,15.069,0.106,-0.278,0.000,0,4,0,678,467,-3600,909,461,-880,0,0,0,-1669
127.129,5.226,11.7,-0.747,1.000,-0.248,-1.537,-2.886,-0.714,0.000,1.000,15.069,0.106,-0.278,0.000,0,4,0,678,467,-3600,909,6,-214,0,0,0,-1593
127.146,5.226,11.7,-0.747,1.000,-0.248,-1.537,-2.886,-0.714,0.000,1.000,15.069,0.106,-0.278,0.000,0,4,0,678,467,-3600,909,-442,842,0,0,0,-1338
127.168,5.114,11.4,-0.651,1.000,-0.205,-1.484,-2.846,-0.592,0.000,1.000,13.719,0.391,-0.104,0.000,0,4,0,583,450,-3600,751,-226,-6,0,0,0,-1650
127.190,5.114,11.4,-0.651,1.000,-0.205,-1.484,-2.846,-0.592,0.000,1.000,13.719,0.391,-0.104,0.000,0,4,0,583,450,-3600,751,406,-847,0,0,0,-1770
127.215,4.969,11.1,-0.557,0.965,-0.309,-1.408,-2.779,-0.480,0.000,1.000,21.020,-0.033,0.097,0.000,0,4,0,490,427,-3600,1134,158,779,0,0,0,-1176
127.232,4.969,11.1,-0.557,0.965,-0.309,-1.408,-2.779,-0.480,0.000,1.000,21.020,-0.033,0.097,0.000,0,4,0,490,427,-3600,1134,-331,543,0,0,0,-1505
127.249,4.969,11.1,-0.557,0.965,-0.309,-1.408,-2.779,-0.480,0.000,1.000,21.020,-0.033,0.097,0.000,0,4,0,490,427,-3600,1134,-424,-700,0,0,0,-2109
127.272,4.311,9.6,-0.469,0.965,-1.191,-1.194,-2.718,-0.344,0.000,1.000,12.385,-0.326,-0.059,0.000,0,4,0,381,363,-3600,2200,161,-245,-1245,0,0,-2176
127.294,4.311,9.6,-0.469,0.965,-1.191,-1.194,-2.718,-0.344,0.000,1.000,12.385,-0.326,-0.059,0.000,0,4,0,381,363,-3600,2200,378,896,484,0,0,1048
127.311,3.619,8.1,-0.407,0.965,-1.806,-0.978,-2.650,-0.248,0.000,1.000,18.702,-0.590,-0.201,0.000,0,4,0,301,297,-3600,2200,12,-14,0,0,0,-1530
127.327,3.619,8.1,-0.407,0.965,-1.806,-0.978,-2.650,-0.248,0.000,1.000,18.702,-0.590,-0.201,0.000,0,4,0,301,297,-3600,2200,-298,-890,0,0,0,-2048
127.348,3.619,8.1,-0.407,0.965,-1.806,-0.978,-2.650,-0.248,0.000,1.000,18.702,-0.590,-0.201,0.000,0,4,0,301,297,-3600,2200,-200,102,0,0,0,-1529
127.372,2.660,5.9,-0.348,0.965,-1.585,-0.693,-2.555,-0.154,0.000,0.000,16.246,-0.897,-0.366,0.000,0,4,0,891,841,0,2200,221,0,0,0,0,-1356
127.389,2.660,5.9,-0.348,0.965,-1.585,-0.693,-2.555,-0.154,0.000,0.000,16.246,-0.897,-0.366,0.000,0,4,0,891,841,0,2200,200,0,0,0,0,-1346
127.418,1.920,4.3,-0.306,0.965,-1.644,-0.486,-2.480,-0.097,0.000,0.000,16.911,-1.108,-0.479,0.000,0,4,0,689,590,0,2200,-162,0,0,0,0,-1475
127.440,1.920,4.3,-0.306,0.965,-1.644,-0.486,-2.480,-0.097,0.000,0.000,16.911,-1.108,-0.479,0.000,0,4,0,689,590,0,2200,-86,0,0,0,0,-1415
127.465,1.187,2.7,-0.271,0.965,-1.608,-0.291,-2.404,-0.053,0.000,0.000,16.657,-0.708,-0.287,0.000,0,4,0,529,353,0,2200,103,0,0,0,0,-1300
127.482,1.187,2.7,-0.271,0.965,-1.608,-0.291,-2.404,-0.053,0.000,0.000,16.657,-0.708,-0.287,0.000,0,4,0,529,353,0,2200,78,0,0,0,0,-1292
127.498,1.187,2.7,-0.271,0.965,-1.608,-0.291,-2.404,-0.053,0.000,0.000,16.657,-0.708,-0.287,0.000,0,4,0,529,353,0,2200,-40,0,0,0,0,-1326
127.520,0.000,0.0,-0.247,0.965,-2.203,0.000,0.000,0.000,0.000,0.000,21.613,-0.239,-0.060,0.000,0,4,0,360,0,0,2200,0,0,0,0,0,-1283
127.543,0.000,0.0,-0.247,0.965,-2.203,0.000,0.000,0.000,0.000,0.000,21.613,-0.239,-0.060,0.000,0,4,0,360,0,0,2200,0,0,0,0,0,-1256
127.559,0.000,0.0,-0.247,0.965,-2.203,0.000,0.000,0.000,0.000,0.000,21.613,-0.239,-0.060,0.000,0,4,0,360,0,0,2200,0,0,0,0,0,-1236
127.576,0.000,0.0,-0.230,0.965,-2.203,0.000,0.000,0.000,0.000,0.000,21.613,0.079,0.093,0.000,0,4,0,335,0,0,2200,0,0,0,0,0,-1217
127.598,0.000,0.0,-0.230,0.965,-2.203,0.000,0.000,0.000,0.000,0.000,21.613,0.079,0.093,0.000,0,4,0,335,0,0,2200,0,0,0,0,0,-1191
127.615,0.000,0.0,-0.230,0.965,-2.203,0.000,0.000,0.000,0.000,0.000,21.613,0.079,0.093,0.000,0,4,0,335,0,0,2200,0,0,0,0,0,-1171
127.631,0.000,0.0,-0.218,0.965,-2.203,0.000,0.000,0.000,0.000,0.000,21.613,0.361,0.229,0.000,0,4,0,317,0,0,2200,0,0,0,0,0,-1152
127.648,0.000,0.0,-0.218,0.965,-2.203,0.000,0.000,0.000,0.000,0.000,21.613,0.361,0.229,0.000,0,4,0,317,0,0,2200,0,0,0,0,0,-1132
127.669,0.000,0.0,-0.218,0.965,-2.203,0.000,0.000,0.000,0.000,0.000,21.613,0.361,0.229,0.000,0,4,0,317,0,0,2200,0,0,0,0,0,-1107
127.686,0.000,0.0,-0.209,0.965,-2.203,0.000,0.000,0.000,0.000,0.000,21.613,0.700,0.393,0.000,0,4,0,305,0,0,2200,0,0,0,0,0,-1086
127.715,0.000,0.0,-0.209,0.965,-2.203,0.000,0.000,0.000,0.000,0.000,21.613,0.700,0.393,0.000,0,4,0,305,0,0,2200,0,0,0,0,0,-1052
127.746,0.000,0.0,-0.203,0.965,-2.203,0.000,0.000,0.000,0.000,0.000,21.613,0.930,0.504,0.000,0,4,0,296,0,0,2200,0,0,0,0,0,-128
127.768,0.000,0.0,-0.203,0.965,-2.203,0.000,0.000,0.000,0.000,0.000,21.613,0.930,0.504,0.000,0,4,0,296,0,0,2200,0,0,0,0,0,-100
127.793,0.000,0.0,-0.198,0.965,-2.203,0.000,0.000,0.000,0.000,0.000,21.613,0.547,0.604,0.000,0,4,0,288,0,0,2200,0,0,0,0,0,-68
127.810,0.000,0.0,-0.198,0.965,-2.203,0.000,0.000,0.000,0.000,0.000,21.613,0.547,0.604,0.000,0,4,0,288,0,0,2200,0,0,0,0,0,-45
127.827,0.000,0.0,-0.198,0.965,-2.203,0.000,0.000,0.000,0.000,0.000,21.613,0.547,0.604,0.000,0,4,0,288,0,0,2200,0,0,0,0,0,-24
127.848,0.000,0.0,-0.190,0.965,-2.203,0.000,0.000,0.000,0.000,0.000,21.613,0.104,0.720,0.000,0,4,0,276,0,0,2200,0,0,0,0,0,4
127.871,0.000,0.0,-0.190,0.965,-2.203,0.000,0.000,0.000,0.000,0.000,21.613,0.104,0.720,0.000,0,4,0,276,0,0,2200,0,0,0,0,0,34
127.888,0.000,0.0,-0.179,0.965,-2.203,0.000,0.000,0.000,0.000,0.000,21.613,-0.201,0.800,0.000,0,4,0,260,0,0,2200,0,0,0,0,0,56
127.918,0.000,0.0,-0.179,0.965,-2.203,0.000,0.000,0.000,0.000,0.000,21.613,-0.201,0.800,0.000,0,4,0,260,0,0,2200,0,0,0,0,0,95
127.939,0.000,0.0,-0.168,0.965,-2.203,0.000,0.000,0.000,0.000,0.000,21.613,-0.478,0.577,0.000,0,4,0,244,0,0,2200,0,0,0,0,0,122
127.956,0.000,0.0,-0.168,0.965,-2.203,0.000,0.000,0.000,0.000,0.000,21.613,-0.478,0.577,0.000,0,4,0,244,0,0,2200,0,0,0,0,0,145
127.973,0.000,0.0,-0.168,0.965,-2.203,0.000,0.000,0.000,0.000,0.000,21.613,-0.478,0.577,0.000,0,4,0,244,0,0,2200,0,0,0,0,0,1050
127.997,0.000,0.0,-0.155,0.879,-2.203,0.000,0.000,0.000,0.000,0.000,21.613,-0.798,0.319,0.000,0,4,0,226,0,0,2200,0,0,0,0,0,1079
128.018,0.000,0.0,-0.155,0.879,-2.203,0.000,0.000,0.000,0.000,0.000,21.613,-0.798,0.319,0.000,0,4,0,226,0,0,2200,0,0,0,0,0,1104
128.044,0.000,0.0,-0.137,0.679,-2.203,0.000,0.000,0.000,0.000,0.000,21.613,-0.428,0.141,0.000,0,4,0,200,0,0,2200,0,0,0,0,0,0
128.061,0.000,0.0,-0.137,0.679,-2.203,0.000,0.000,0.000,0.000,0.000,21.613,-0.428,0.141,0.000,0,4,0,200,0,0,2200,0,0,0,0,0,0
128.091,0.437,1.0,-0.116,0.391,0.078,0.000,0.000,0.000,0.000,0.000,0.766,-0.092,-0.019,0.000,0,4,0,189,0,0,0,2,0,0,0,0,1120
128.112,0.437,1.0,-0.116,0.391,0.078,0.000,0.000,0.000,0.000,0.000,0.766,-0.092,-0.019,0.000,0,4,0,189,0,0,0,5,0,0,0,0,1096
128.130,0.437,1.0,-0.116,0.391,0.078,0.000,0.000,0.000,0.000,0.000,0.766,-0.092,-0.019,0.000,0,4,0,189,0,0,0,0,0,0,0,0,1073
128.146,1.023,2.3,-0.094,0.178,1.076,-0.001,-0.011,-0.016,0.000,0.000,10.557,0.302,-0.209,0.000,0,4,0,177,1,0,0,-88,0,0,0,0,125
128.164,1.023,2.3,-0.094,0.178,1.076,-0.001,-0.011,-0.016,0.000,0.000,10.557,0.302,-0.209,0.000,0,4,0,177,1,0,0,-67,0,0,0,0,113
128.185,1.023,2.3,-0.094,0.178,1.076,-0.001,-0.011,-0.016,0.000,0.000,10.557,0.302,-0.209,0.000,0,4,0,177,1,0,0,62,0,0,0,0,1036
128.215,1.191,2.7,-0.074,0.069,0.248,-0.003,-0.021,-0.014,0.000,0.000,2.428,0.569,-0.337,0.000,0,4,0,144,3,0,0,11,0,0,0,0,85
128.232,1.191,2.7,-0.074,0.069,0.248,-0.003,-0.021,-0.014,0.000,0.000,2.428,0.569,-0.337,0.000,0,4,0,144,3,0,0,-23,0,0,0,0,62
128.249,1.182,2.6,-0.056,0.004,-0.026,-0.002,-0.013,-0.011,0.000,0.000,0.270,0.806,-0.450,0.000,0,4,0,110,2,0,0,-9,0,0,0,0,52
128.270,1.182,2.6,-0.056,0.004,-0.026,-0.002,-0.013,-0.011,0.000,0.000,0.270,0.806,-0.450,0.000,0,4,0,110,2,0,0,3,0,0,0,0,57
128.287,1.182,2.6,-0.056,0.004,-0.026,-0.002,-0.013,-0.011,0.000,0.000,0.270,0.806,-0.450,0.000,0,4,0,110,2,0,0,9,0,0,0,0,61
128.304,1.161,2.6,-0.042,0.000,-0.040,-0.001,-0.009,-0.008,0.000,0.000,0.394,0.324,-0.587,0.000,0,4,0,81,1,0,0,5,0,0,0,0,44
128.321,1.161,2.6,-0.042,0.000,-0.040,-0.001,-0.009,-0.008,0.000,0.000,0.394,0.324,-0.587,0.000,0,4,0,81,1,0,0,-7,0,0,0,0,38
128.343,1.161,2.6,-0.042,0.000,-0.040,-0.001,-0.009,-0.008,0.000,0.000,0.394,0.324,-0.587,0.000,0,4,0,81,1,0,0,-8,0,0,0,0,37
128.371,1.145,2.6,-0.030,0.000,-0.025,-0.001,-0.007,-0.006,0.000,0.000,0.245,-0.001,-0.384,0.000,0,4,0,58,1,0,0,7,0,0,0,0,33
128.387,1.145,2.6,-0.030,0.000,-0.025,-0.001,-0.007,-0.006,0.000,0.000,0.245,-0.001,-0.384,0.000,0,4,0,58,1,0,0,8,0,0,0,0,33
128.403,1.128,2.5,-0.021,0.000,-0.052,-0.001,-0.004,-0.004,0.000,0.000,0.506,-0.297,-0.200,0.000,0,4,0,40,1,0,189,-1,0,0,0,0,50
128.425,1.128,2.5,-0.021,0.000,-0.052,-0.001,-0.004,-0.004,0.000,0.000,0.506,-0.297,-0.200,0.000,0,4,0,40,1,0,189,-11,0,0,0,0,72
128.442,1.128,2.5,-0.021,0.000,-0.052,-0.001,-0.004,-0.004,0.000,0.000,0.506,-0.297,-0.200,0.000,0,4,0,40,1,0,189,-4,0,0,0,0,99
128.466,1.107,2.5,-0.013,0.000,-0.034,0.000,-0.003,-0.002,0.000,0.000,0.331,-0.638,0.012,0.000,0,4,0,25,0,0,0,9,0,0,0,0,75
128.496,1.107,2.5,-0.013,0.000,-0.034,0.000,-0.003,-0.002,0.000,0.000,0.331,-0.638,0.012,0.000,0,4,0,25,0,0,0,-2,0,0,0,0,30
128.518,1.093,2.4,-0.007,0.000,-0.027,0.000,-0.001,-0.001,0.000,0.000,0.267,-0.874,0.159,0.000,0,4,0,14,0,0,0,-9,0,0,0,0,3
128.535,1.093,2.4,-0.007,0.000,-0.027,0.000,-0.001,-0.001,0.000,0.000,0.267,-0.874,0.159,0.000,0,4,0,14,0,0,0,-2,0,0,0,0,6
128.552,1.093,2.4,-0.007,0.000,-0.027,0.000,-0.001,-0.001,0.000,0.000,0.267,-0.874,0.159,0.000,0,4,0,14,0,0,0,7,0,0,0,0,10
128.569,1.079,2.4,-0.003,0.000,-0.028,0.000,-0.001,0.000,0.000,0.000,0.278,-0.496,0.292,0.000,0,4,0,5,0,0,0,7,0,0,0,0,6
128.590,1.079,2.4,-0.003,0.000,-0.028,0.000,-0.001,0.000,0.000,0.000,0.278,-0.496,0.292,0.000,0,4,0,5,0,0,0,-4,0,0,0,0,1
128.622,1.059,2.4,0.000,0.000,-0.040,0.000,0.000,0.000,0.000,0.000,0.396,-0.059,0.445,0.000,0,4,0,0,0,0,0,-5,0,0,0,0,-2
128.639,1.059,2.4,0.000,0.000,-0.040,0.000,0.000,0.000,0.000,0.000,0.396,-0.059,0.445,0.000,0,4,0,0,0,0,0,6,0,0,0,0,3
128.660,1.059,2.4,0.000,0.000,-0.040,0.000,0.000,0.000,0.000,0.000,0.396,-0.059,0.445,0.000,0,4,0,0,0,0,0,8,0,0,0,0,4
128.677,1.043,2.3,0.000,0.000,-0.028,0.000,0.000,0.000,0.000,0.000,0.277,0.242,0.256,0.000,0,4,0,-1,0,0,0,-1,0,0,0,0,-1
128.693,1.043,2.3,0.000,0.000,-0.028,0.000,0.000,0.000,0.000,0.000,0.277,0.242,0.256,0.000,0,4,0,-1,0,0,0,-8,0,0,0,0,-4
128.711,1.043,2.3,0.000,0.000,-0.028,0.000,0.000,0.000,0.000,0.000,0.277,0.242,0.256,0.000,0,4,0,-1,0,0,0,-5,0,0,0,0,-3
128.732,1.028,2.3,0.003,0.000,-0.028,0.000,0.001,0.001,0.000,0.000,0.271,0.514,0.084,0.000,0,4,0,-6,0,0,0,6,0,0,0,0,0
128.749,1.028,2.3,0.003,0.000,-0.028,0.000,0.001,0.001,0.000,0.000,0.271,0.514,0.084,0.000,0,4,0,-6,0,0,0,8,0,0,0,0,1
128.765,1.010,2.3,0.008,0.000,-0.057,0.000,0.002,0.001,0.000,0.000,0.560,0.439,-0.118,0.000,0,4,0,-16,0,0,-209,0,0,0,0,0,-24
128.782,1.010,2.3,0.008,0.000,-0.057,0.000,0.002,0.001,0.000,0.000,0.560,0.439,-0.118,0.000,0,4,0,-16,0,0,-209,-10,0,0,0,0,-51
128.803,1.010,2.3,0.008,0.000,-0.057,0.000,0.002,0.001,0.000,0.000,0.560,0.439,-0.118,0.000,0,4,0,-16,0,0,-209,-6,0,0,0,0,-77
128.820,0.996,2.2,0.015,0.000,-0.026,0.000,0.003,0.002,0.000,0.000,0.254,0.103,-0.254,0.000,0,4,0,-28,0,0,0,5,0,0,0,0,-50
128.840,0.996,2.2,0.015,0.000,-0.026,0.000,0.003,0.002,0.000,0.000,0.254,0.103,-0.254,0.000,0,4,0,-28,0,0,0,7,0,0,0,0,-23
128.871,0.996,2.2,0.021,0.000,0.000,0.000,0.004,0.003,0.000,0.000,0.004,-0.196,-0.376,0.000,0,4,0,-40,0,0,0,-5,0,0,0,0,-23
128.893,0.996,2.2,0.021,0.000,0.000,0.000,0.004,0.003,0.000,0.000,0.004,-0.196,-0.376,0.000,0,4,0,-40,0,0,0,-3,0,0,0,0,-22
128.919,0.996,2.2,0.021,0.000,0.000,0.000,0.004,0.003,0.000,0.000,0.004,-0.196,-0.376,0.000,0,4,0,-40,0,0,0,5,0,0,0,0,-18
128.935,0.996,2.2,0.028,0.000,0.000,0.001,0.005,0.005,0.000,0.000,0.007,0.000,0.000,0.000,0,4,0,-53,-1,0,0,4,0,0,0,0,-25
128.951,0.996,2.2,0.028,0.000,0.000,0.001,0.005,0.005,0.000,0.000,0.007,0.000,0.000,0.000,0,4,0,-53,-1,0,0,-1,0,0,0,0,-28
128.972,0.996,2.2,0.028,0.000,0.000,0.001,0.005,0.005,0.000,0.000,0.007,0.000,0.000,0.000,0,4,0,-53,-1,0,0,-6,0,0,0,0,-30
128.996,0.996,2.2,0.037,0.000,0.000,0.001,0.007,0.006,0.000,0.000,0.005,0.000,0.000,0.000,0,4,0,-70,-1,0,0,1,0,0,0,0,-35
129.014,0.996,2.2,0.037,0.000,0.000,0.001,0.007,0.006,0.000,0.000,0.005,0.000,0.000,0.000,0,4,0,-70,-1,0,0,6,0,0,0,0,-32
129.044,0.996,2.2,0.046,0.000,0.000,0.001,0.009,0.007,0.000,0.000,0.008,0.000,0.000,0.000,0,4,0,-86,-1,0,0,-2,0,0,0,0,-44
129.065,0.996,2.2,0.046,0.000,0.000,0.001,0.009,0.007,0.000,0.000,0.008,0.000,0.000,0.000,0,4,0,-86,-1,0,0,-5,0,0,0,0,-46
129.081,0.996,2.2,0.053,0.000,0.000,0.001,0.010,0.009,0.000,0.000,0.016,0.000,0.000,0.000,0,4,0,-99,-1,0,0,-1,0,0,0,0,-51
129.098,0.996,2.2,0.053,0.000,0.000,0.001,0.010,0.009,0.000,0.000,0.016,0.000,0.000,0.000,0,4,0,-99,-1,0,0,5,0,0,0,0,-48
129.114,0.996,2.2,0.053,0.000,0.000,0.001,0.010,0.009,0.000,0.000,0.016,0.000,0.000,0.000,0,4,0,-99,-1,0,0,5,0,0,0,0,-47
129.131,0.996,2.2,0.055,0.000,0.000,0.001,0.010,0.009,0.000,0.000,0.010,0.000,0.000,0.000,0,4,0,-103,-1,0,0,0,0,0,0,0,-52
129.152,0.996,2.2,0.055,0.000,0.000,0.001,0.010,0.009,0.000,0.000,0.010,0.000,0.000,0.000,0,4,0,-103,-1,0,0,-6,0,0,0,0,-55
129.169,0.996,2.2,0.055,0.000,0.000,0.001,0.010,0.009,0.000,0.000,0.010,0.000,0.000,0.000,0,4,0,-103,-1,0,0,-2,0,0,0,0,-53
129.187,0.996,2.2,0.054,0.000,0.000,0.001,0.010,0.009,0.000,0.000,0.008,0.000,0.000,0.000,0,4,0,-101,-1,0,0,4,0,0,0,0,-49
129.215,0.996,2.2,0.054,0.000,0.000,0.001,0.010,0.009,0.000,0.000,0.008,0.000,0.000,0.000,0,4,0,-101,-1,0,0,2,0,0,0,0,-50
129.236,0.996,2.2,0.054,0.000,0.000,0.001,0.010,0.009,0.000,0.000,0.013,0.000,0.000,0.000,0,4,0,-101,-1,0,0,-5,0,0,0,0,-54
129.253,0.996,2.2,0.054,0.000,0.000,0.001,0.010,0.009,0.000,0.000,0.013,0.000,0.000,0.000,0,4,0,-101,-1,0,0,-4,0,0,0,0,-53
129.271,0.996,2.2,0.054,0.000,0.000,0.001,0.010,0.009,0.000,0.000,0.013,0.000,0.000,0.000,0,4,0,-101,-1,0,0,2,0,0,0,0,-50
129.294,0.996,2.2,0.054,0.000,0.000,0.001,0.010,0.009,0.000,0.000,0.008,0.000,0.000,0.000,0,4,0,-101,-1,0,0,5,0,0,0,0,-48
129.315,0.996,2.2,0.054,0.000,0.000,0.001,0.010,0.009,0.000,0.000,0.008,0.000,0.000,0.000,0,4,0,-101,-1,0,0,-1,0,0,0,0,-52
129.331,0.996,2.2,0.054,0.000,0.000,0.001,0.010,0.009,0.000,0.000,0.008,0.000,0.000,0.000,0,4,0,-101,-1,0,0,-6,0,0,0,0,-54
129.347,0.996,2.2,0.054,0.000,0.000,0.001,0.010,0.009,0.000,0.000,0.009,0.000,0.000,0.000,0,4,0,-101,-1,0,0,-3,0,0,0,0,-53
129.371,0.996,2.2,0.054,0.000,0.000,0.001,0.010,0.009,0.000,0.000,0.009,0.000,0.000,0.000,0,4,0,-101,-1,0,0,5,0,0,0,0,-49
129.392,0.996,2.2,0.054,0.000,0.000,0.001,0.010,0.009,0.000,0.000,0.014,0.000,0.000,0.000,0,4,0,-101,-1,0,0,4,0,0,0,0,-49
129.409,0.996,2.2,0.054,0.000,0.000,0.001,0.010,0.009,0.000,0.000,0.014,0.000,0.000,0.000,0,4,0,-101,-1,0,0,-3,0,0,0,0,-52
129.426,0.996,2.2,0.054,0.000,0.000,0.001,0.010,0.009,0.000,0.000,0.014,0.000,0.000,0.000,0,4,0,-101,-1,0,0,-6,0,0,0,0,-54
129.442,0.996,2.2,0.054,0.000,0.000,0.001,0.010,0.009,0.000,0.000,0.009,0.000,0.000,0.000,0,4,0,-101,-1,0,0,-2,0,0,0,0,-52
129.463,0.996,2.2,0.054,0.000,0.000,0.001,0.010,0.009,0.000,0.000,0.009,0.000,0.000,0.000,0,4,0,-101,-1,0,0,5,0,0,0,0,-49
129.481,0.996,2.2,0.054,0.000,0.000,0.001,0.010,0.009,0.000,0.000,0.009,0.000,0.000,0.000,0,4,0,-101,-1,0,0,4,0,0,0,0,-49
129.498,0.996,2.2,0.054,0.000,0.000,0.001,0.010,0.009,0.000,0.000,0.008,0.000,0.000,0.000,0,4,0,-101,-1,0,0,-2,0,0,0,0,-52
129.514,0.996,2.2,0.054,0.000,0.000,0.001,0.010,0.009,0.000,0.000,0.008,0.000,0.000,0.000,0,4,0,-101,-1,0,0,-6,0,0,0,0,-54
129.539,0.996,2.2,0.054,0.000,0.000,0.001,0.010,0.009,0.000,0.000,0.008,0.000,0.000,0.000,0,4,0,-101,-1,0,0,0,0,0,0,0,-51
129.556,0.996,2.2,0.055,0.000,0.000,0.001,0.010,0.009,0.000,0.000,0.011,0.000,0.000,0.000,0,4,0,-103,-1,0,0,5,0,0,0,0,-49
129.573,0.996,2.2,0.055,0.000,0.000,0.001,0.010,0.009,0.000,0.000,0.011,0.000,0.000,0.000,0,4,0,-103,-1,0,0,4,0,0,0,0,-50
129.591,0.996,2.2,0.055,0.000,0.000,0.001,0.010,0.009,0.000,0.000,0.011,0.000,0.000,0.000,0,4,0,-103,-1,0,0,-3,0,0,0,0,-53
129.617,0.996,2.2,0.058,0.000,0.000,0.001,0.011,0.009,0.000,0.000,0.008,0.000,0.000,0.000,0,4,0,-109,-1,0,0,-4,0,0,0,0,-57
129.634,0.996,2.2,0.058,0.000,0.000,0.001,0.011,0.009,0.000,0.000,0.008,0.000,0.000,0.000,0,4,0,-109,-1,0,0,2,0,0,0,0,-54
129.650,0.996,2.2,0.058,0.000,0.000,0.001,0.011,0.009,0.000,0.000,0.008,0.000,0.000,0.000,0,4,0,-109,-1,0,0,6,0,0,0,0,-52
129.667,0.996,2.2,0.062,0.000,0.000,0.001,0.012,0.010,0.000,0.000,0.011,0.000,0.000,0.000,0,4,0,-117,-1,0,0,3,0,0,0,0,-58
129.689,0.996,2.2,0.062,0.000,0.000,0.001,0.012,0.010,0.000,0.000,0.011,0.000,0.000,0.000,0,4,0,-117,-1,0,0,-5,0,0,0,0,-61
129.715,0.996,2.2,0.067,0.000,0.000,0.001,0.013,0.011,0.000,0.000,0.016,0.000,0.000,0.000,0,4,0,-126,-2,0,0,-2,0,0,0,0,-65
129.732,0.996,2.2,0.067,0.000,0.000,0.001,0.013,0.011,0.000,0.000,0.016,0.000,0.000,0.000,0,4,0,-126,-2,0,0,4,0,0,0,0,-62
129.749,0.996,2.2,0.067,0.000,0.000,0.001,0.013,0.011,0.000,0.000,0.016,0.000,0.000,0.000,0,4,0,-126,-2,0,0,5,0,0,0,0,-61
129.772,0.996,2.2,0.073,0.000,0.000,0.001,0.014,0.012,0.000,0.000,0.011,0.000,0.000,0.000,0,4,0,-136,-2,0,0,-2,0,0,0,0,-70
129.789,0.996,2.2,0.073,0.000,0.000,0.001,0.014,0.012,0.000,0.000,0.011,0.000,0.000,0.000,0,4,0,-136,-2,0,0,-6,0,0,0,0,-72
129.806,0.996,2.2,0.082,0.000,0.000,0.002,0.015,0.013,0.000,0.000,0.021,0.000,0.000,0.000,0,4,0,-153,-2,0,0,-2,0,0,0,0,-78
129.824,0.996,2.2,0.082,0.000,0.000,0.002,0.015,0.013,0.000,0.000,0.021,0.000,0.000,0.000,0,4,0,-153,-2,0,0,4,0,0,0,0,-75
129.845,0.996,2.2,0.082,0.000,0.000,0.002,0.015,0.013,0.000,0.000,0.021,0.000,0.000,0.000,0,4,0,-153,-2,0,0,4,0,0,0,0,-75
129.872,0.996,2.2,0.089,0.000,0.000,0.002,0.017,0.014,0.000,0.000,0.016,0.000,0.000,0.000,0,4,0,-167,-2,0,0,-5,0,0,0,0,-87
129.889,0.996,2.2,0.089,0.000,0.000,0.002,0.017,0.014,0.000,0.000,0.016,0.000,0.000,0.000,0,4,0,-167,-2,0,0,-5,0,0,0,0,-87
129.905,0.996,2.2,0.089,0.000,0.000,0.002,0.017,0.014,0.000,0.000,0.016,0.000,0.000,0.000,0,4,0,-167,-2,0,0,1,0,0,0,0,-84
129.926,0.996,2.2,0.095,0.000,0.000,0.002,0.018,0.015,0.000,0.000,0.015,0.000,0.000,0.000,0,4,0,-177,-2,0,0,6,0,0,0,0,-87
129.942,0.996,2.2,0.095,0.000,0.000,0.002,0.018,0.015,0.000,0.000,0.015,0.000,0.000,0.000,0,4,0,-177,-2,0,0,2,0,0,0,0,-88
129.959,0.996,2.2,0.095,0.000,0.000,0.002,0.018,0.015,0.000,0.000,0.015,0.000,0.000,0.000,0,4,0,-177,-2,0,0,-4,0,0,0,0,-92
129.977,0.996,2.2,0.097,0.000,0.000,0.002,0.018,0.016,0.000,0.000,0.017,0.000,0.000,0.000,0,4,0,-182,-2,0,0,-5,0,0,0,0,-95
129.998,0.996,2.2,0.097,0.000,0.000,0.002,0.018,0.016,0.000,0.000,0.017,0.000,0.000,0.000,0,4,0,-182,-2,0,0,2,0,0,0,0,-91
130.014,0.996,2.2,0.097,0.000,0.000,0.002,0.018,0.016,0.000,0.000,0.017,0.000,0.000,0.000,0,4,0,-182,-2,0,0,6,0,0,0,0,-89
130.043,0.996,2.2,0.097,0.000,0.000,0.002,0.018,0.016,0.000,0.000,0.017,0.000,0.000,0.000,0,4,0,-182,-2,0,0,-2,0,0,0,0,-93
130.060,0.996,2.2,0.097,0.000,0.000,0.002,0.018,0.016,0.000,0.000,0.017,0.000,0.000,0.000,0,4,0,-182,-2,0,0,-6,0,0,0,0,-95
130.081,0.996,2.2,0.097,0.000,0.000,0.002,0.018,0.016,0.000,0.000,0.022,0.000,0.000,0.000,0,4,0,-182,-2,0,0,-1,0,0,0,0,-93
130.098,0.996,2.2,0.097,0.000,0.000,0.002,0.018,0.016,0.000,0.000,0.022,0.000,0.000,0.000,0,4,0,-182,-2,0,0,5,0,0,0,0,-90
130.122,0.996,2.2,0.097,0.000,0.000,0.002,0.018,0.016,0.000,0.000,0.021,0.000,0.000,0.000,0,4,0,-182,-2,0,0,3,0,0,0,0,-91
130.139,0.996,2.2,0.097,0.000,0.000,0.002,0.018,0.016,0.000,0.000,0.021,0.000,0.000,0.000,0,4,0,-182,-2,0,0,-4,0,0,0,0,-94
130.160,0.996,2.2,0.097,0.000,0.000,0.002,0.018,0.016,0.000,0.000,0.021,0.000,0.000,0.000,0,4,0,-182,-2,0,0,-5,0,0,0,0,-94
130.177,0.996,2.2,0.097,0.000,0.000,0.002,0.018,0.016,0.000,0.000,0.021,0.000,0.000,0.000,0,4,0,-182,-2,0,0,1,0,0,0,0,-92
130.194,0.996,2.2,0.097,0.000,0.000,0.002,0.018,0.016,0.000,0.000,0.021,0.000,0.000,0.000,0,4,0,-182,-2,0,0,6,0,0,0,0,-89
130.216,0.996,2.2,0.097,0.000,0.000,0.002,0.018,0.016,0.000,0.000,0.021,0.000,0.000,0.000,0,4,0,-182,-2,0,0,2,0,0,0,0,-91
130.239,0.996,2.2,0.097,0.000,0.000,0.002,0.018,0.016,0.000,0.000,0.014,0.000,0.000,0.000,0,4,0,-182,-2,0,0,-6,0,0,0,0,-95
130.256,0.996,2.2,0.097,0.000,0.000,0.002,0.018,0.016,0.000,0.000,0.014,0.000,0.000,0.000,0,4,0,-182,-2,0,0,-4,0,0,0,0,-94
130.273,0.996,2.2,0.097,0.000,0.000,0.002,0.018,0.016,0.000,0.000,0.014,0.000,0.000,0.000,0,4,0,-182,-2,0,0,3,0,0,0,0,-91
130.293,0.996,2.2,0.097,0.000,0.000,0.002,0.018,0.016,0.000,0.000,0.016,0.000,0.000,0.000,0,4,0,-182,-2,0,0,5,0,0,0,0,-89
130.315,0.996,2.2,0.097,0.000,0.000,0.002,0.018,0.016,0.000,0.000,0.016,0.000,0.000,0.000,0,4,0,-182,-2,0,0,-1,0,0,0,0,-93
130.332,0.996,2.2,0.097,0.000,0.000,0.002,0.018,0.016,0.000,0.000,0.029,0.000,0.000,0.000,0,4,0,-182,-2,0,0,-6,0,0,0,0,-95
130.349,0.996,2.2,0.097,0.000,0.000,0.002,0.018,0.016,0.000,0.000,0.029,0.000,0.000,0.000,0,4,0,-182,-2,0,0,-3,0,0,0,0,-93
130.372,0.996,2.2,0.097,0.000,0.000,0.002,0.018,0.016,0.000,0.000,0.029,0.000,0.000,0.000,0,4,0,-182,-2,0,0,5,0,0,0,0,-89
130.393,0.996,2.2,0.097,0.000,0.000,0.002,0.018,0.016,0.000,0.000,0.014,0.000,0.000,0.000,0,4,0,-182,-2,0,0,3,0,0,0,0,-90
130.410,0.996,2.2,0.097,0.000,0.000,0.002,0.018,0.016,0.000,0.000,0.014,0.000,0.000,0.000,0,4,0,-182,-2,0,0,-3,0,0,0,0,-93
130.427,0.996,2.2,0.097,0.000,0.000,0.002,0.018,0.016,0.000,0.000,0.014,0.000,0.000,0.000,0,4,0,-182,-2,0,0,-6,0,0,0,0,-95
130.444,0.996,2.2,0.097,0.000,0.000,0.002,0.018,0.016,0.000,0.000,0.017,0.000,0.000,0.000,0,4,0,-182,-2,0,0,-1,0,0,0,0,-93
130.465,0.996,2.2,0.097,0.000,0.000,0.002,0.018,0.016,0.000,0.000,0.017,0.000,0.000,0.000,0,4,0,-182,-2,0,0,5,0,0,0,0,-89
130.496,0.997,2.2,0.098,0.000,0.000,0.002,0.018,0.016,0.000,0.000,0.022,0.000,0.000,0.000,0,4,0,-183,-2,0,0,-1,0,0,0,0,-93
130.513,0.997,2.2,0.098,0.000,0.000,0.002,0.018,0.016,0.000,0.000,0.022,0.000,0.000,0.000,0,4,0,-183,-2,0,0,-6,0,0,0,0,-95
130.529,0.997,2.2,0.098,0.000,0.000,0.002,0.018,0.016,0.000,0.000,0.022,0.000,0.000,0.000,0,4,0,-183,-2,0,0,-3,0,0,0,0,-94
130.550,0.997,2.2,0.098,0.000,0.000,0.002,0.018,0.016,0.000,0.000,0.016,0.000,0.000,0.000,0,4,0,-183,-2,0,0,4,0,0,0,0,-90
130.567,0.997,2.2,0.098,0.000,0.000,0.002,0.018,0.016,0.000,0.000,0.016,0.000,0.000,0.000,0,4,0,-183,-2,0,0,5,0,0,0,0,-90
130.590,0.997,2.2,0.097,0.000,0.000,0.002,0.018,0.016,0.000,0.000,0.021,0.000,0.000,0.000,0,4,0,-182,-2,0,0,-2,0,0,0,0,-93
130.606,0.997,2.2,0.097,0.000,0.000,0.002,0.018,0.016,0.000,0.000,0.021,0.000,0.000,0.000,0,4,0,-182,-2,0,0,-6,0,0,0,0,-95
130.627,0.997,2.2,0.097,0.000,0.000,0.002,0.018,0.016,0.000,0.000,0.021,0.000,0.000,0.000,0,4,0,-182,-2,0,0,-1,0,0,0,0,-93
130.644,0.997,2.2,0.097,0.000,0.000,0.002,0.018,0.016,0.000,0.000,0.021,0.000,0.000,0.000,0,4,0,-181,-2,0,0,5,0,0,0,0,-89
130.668,0.997,2.2,0.097,0.000,0.000,0.002,0.018,0.016,0.000,0.000,0.021,0.000,0.000,0.000,0,4,0,-181,-2,0,0,3,0,0,0,0,-90
130.685,0.997,2.2,0.097,0.000,0.000,0.002,0.018,0.016,0.000,0.000,0.021,0.000,0.000,0.000,0,4,0,-181,-2,0,0,-4,0,0,0,0,-94
130.707,0.997,2.2,0.093,0.000,0.000,0.002,0.017,0.015,0.000,0.000,0.013,0.000,0.000,0.000,0,4,0,-174,-2,0,0,-5,0,0,0,0,-91
130.725,0.997,2.2,0.093,0.000,0.000,0.002,0.017,0.015,0.000,0.000,0.013,0.000,0.000,0.000,0,4,0,-174,-2,0,0,2,0,0,0,0,-87
130.741,0.997,2.2,0.093,0.000,0.000,0.002,0.017,0.015,0.000,0.000,0.013,0.000,0.000,0.000,0,4,0,-174,-2,0,0,6,0,0,0,0,-85
130.758,0.997,2.2,0.086,0.000,0.000,0.002,0.016,0.014,0.000,0.000,0.014,0.000,0.000,0.000,0,4,0,-161,-2,0,0,3,0,0,0,0,-80
130.779,0.997,2.2,0.086,0.000,0.000,0.002,0.016,0.014,0.000,0.000,0.014,0.000,0.000,0.000,0,4,0,-161,-2,0,0,-5,0,0,0,0,-84
130.796,0.997,2.2,0.075,0.000,0.000,0.001,0.014,0.012,0.000,0.000,0.023,0.000,0.000,0.000,0,4,0,-141,-2,0,0,-5,0,0,0,0,-74
130.814,0.997,2.2,0.075,0.000,0.000,0.001,0.014,0.012,0.000,0.000,0.023,0.000,0.000,0.000,0,4,0,-141,-2,0,0,1,0,0,0,0,-71
130.840,0.997,2.2,0.075,0.000,0.000,0.001,0.014,0.012,0.000,0.000,0.023,0.000,0.000,0.000,0,4,0,-141,-2,0,0,5,0,0,0,0,-69
130.861,0.997,2.2,0.065,0.000,0.000,0.001,0.012,0.011,0.000,0.000,0.009,0.000,0.000,0.000,0,4,0,-122,-2,0,0,-2,0,0,0,0,-62
130.878,0.997,2.2,0.065,0.000,0.000,0.001,0.012,0.011,0.000,0.000,0.009,0.000,0.000,0.000,0,4,0,-122,-2,0,0,-6,0,0,0,0,-64
130.895,0.997,2.2,0.065,0.000,0.000,0.001,0.012,0.011,0.000,0.000,0.009,0.000,0.000,0.000,0,4,0,-122,-2,0,0,-3,0,0,0,0,-63
130.918,0.997,2.2,0.054,0.000,0.000,0.001,0.010,0.009,0.000,0.000,0.008,0.000,0.000,0.000,0,4,0,-100,-1,0,0,5,0,0,0,0,-48
130.939,0.997,2.2,0.054,0.000,0.000,0.001,0.010,0.009,0.000,0.000,0.008,0.000,0.000,0.000,0,4,0,-100,-1,0,0,3,0,0,0,0,-49
130.966,0.997,2.2,0.043,0.000,0.000,0.001,0.008,0.007,0.000,0.000,0.010,0.000,0.000,0.000,0,4,0,-80,-1,0,0,-5,0,0,0,0,-43
130.996,0.997,2.2,0.043,0.000,0.000,0.001,0.008,0.007,0.000,0.000,0.010,0.000,0.000,0.000,0,4,0,-80,-1,0,0,1,0,0,0,0,-40
131.018,0.997,2.2,0.034,0.000,0.000,0.001,0.006,0.005,0.000,0.000,0.006,0.000,0.000,0.000,0,4,0,-63,-1,0,0,6,0,0,0,0,-29
131.043,0.997,2.2,0.034,0.000,0.000,0.001,0.006,0.005,0.000,0.000,0.006,0.000,0.000,0.000,0,4,0,-63,-1,0,0,-2,0,0,0,0,-33
131.060,0.997,2.2,0.028,0.000,0.000,0.001,0.005,0.004,0.000,0.000,0.006,0.000,0.000,0.000,0,4,0,-52,-1,0,0,-6,0,0,0,0,-29
131.090,0.997,2.2,0.028,0.000,0.000,0.001,0.005,0.004,0.000,0.000,0.006,0.000,0.000,0.000,0,4,0,-52,-1,0,0,2,0,0,0,0,-25
131.112,0.997,2.2,0.023,0.000,0.000,0.000,0.004,0.004,0.000,0.000,0.005,0.000,0.000,0.000,0,4,0,-43,-1,0,0,5,0,0,0,0,-19
131.129,0.997,2.2,0.023,0.000,0.000,0.000,0.004,0.004,0.000,0.000,0.005,0.000,0.000,0.000,0,4,0,-43,-1,0,0,0,0,0,0,0,-21
131.146,0.997,2.2,0.023,0.000,0.000,0.000,0.004,0.004,0.000,0.000,0.005,0.000,0.000,0.000,0,4,0,-43,-1,0,0,-5,0,0,0,0,-24
131.168,0.997,2.2,0.017,0.000,0.000,0.000,0.003,0.003,0.000,0.000,0.003,0.000,0.000,0.000,0,4,0,-31,0,0,0,-2,0,0,0,0,-17
131.190,0.997,2.2,0.017,0.000,0.000,0.000,0.003,0.003,0.000,0.000,0.003,0.000,0.000,0.000,0,4,0,-31,0,0,0,5,0,0,0,0,-13
131.215,0.997,2.2,0.010,0.000,0.000,0.000,0.002,0.002,0.000,0.000,0.002,0.000,0.000,0.000,0,4,0,-19,0,0,0,2,0,0,0,0,-8
131.232,0.997,2.2,0.010,0.000,0.000,0.000,0.002,0.002,0.000,0.000,0.002,0.000,0.000,0.000,0,4,0,-19,0,0,0,-4,0,0,0,0,-11
131.249,0.997,2.2,0.010,0.000,0.000,0.000,0.002,0.002,0.000,0.000,0.002,0.000,0.000,0.000,0,4,0,-19,0,0,0,-5,0,0,0,0,-12
131.272,0.997,2.2,0.005,0.000,0.000,0.000,0.001,0.001,0.000,0.000,0.001,0.000,0.000,0.000,0,4,0,-9,0,0,0,2,0,0,0,0,-3
131.293,0.997,2.2,0.005,0.000,0.000,0.000,0.001,0.001,0.000,0.000,0.001,0.000,0.000,0.000,0,4,0,-9,0,0,0,5,0,0,0,0,-2
131.309,0.997,2.2,0.005,0.000,0.000,0.000,0.001,0.001,0.000,0.000,0.001,0.000,0.000,0.000,0,4,0,-9,0,0,0,1,0,0,0,0,-4
131.326,0.997,2.2,0.002,0.000,0.000,0.000,0.000,0.000,0.000,0.000,0.000,0.000,0.000,0.000,0,4,0,-3,0,0,0,-5,0,0,0,0,-4
131.347,0.997,2.2,0.002,0.000,0.000,0.000,0.000,0.000,0.000,0.000,0.000,0.000,0.000,0.000,0,4,0,-3,0,0,0,-4,0,0,0,0,-3
131.371,0.997,2.2,0.001,0.000,0.000,0.000,0.000,0.000,0.000,0.000,0.000,0.000,0.000,0.000,0,4,0,-1,0,0,0,5,0,0,0,0,2
131.389,0.997,2.2,0.001,0.000,0.000,0.000,0.000,0.000,0.000,0.000,0.000,0.000,0.000,0.000,0,4,0,-1,0,0,0,4,0,0,0,0,2
131.418,0.997,2.2,0.001,0.000,0.000,0.000,0.000,0.000,0.000,0.000,0.000,0.000,0.000,0.000,0,4,0,-1,0,0,0,-5,0,0,0,0,-3
131.440,0.997,2.2,0.000,0.000,0.000,0.000,0.000,0.000,0.000,0.000,0.001,0.000,0.000,0.000,0,4,0,-1,0,0,0,-3,0,0,0,0,-2
131.465,0.997,2.2,0.000,0.000,0.000,0.000,0.000,0.000,0.000,0.000,0.001,0.000,0.000,0.000,0,4,0,-1,0,0,0,5,0,0,0,0,2
131.496,0.997,2.2,0.000,0.000,0.000,0.000,0.000,0.000,0.000,0.000,0.000,0.000,0.000,0.000,0,4,0,-1,0,0,0,-1,0,0,0,0,-1
131.520,0.997,2.2,0.000,0.000,0.000,0.000,0.000,0.000,0.000,0.000,0.000,0.000,0.000,0.000,0,4,0,-1,0,0,0,-5,0,0,0,0,-3
131.543,0.997,2.2,0.000,0.000,0.000,0.000,0.000,0.000,0.000,0.000,0.000,0.000,0.000,0.000,0,4,0,-1,0,0,0,2,0,0,0,0,1
131.560,0.997,2.2,0.000,0.000,0.000,0.000,0.000,0.000,0.000,0.000,0.000,0.000,0.000,0.000,0,4,0,-1,0,0,0,6,0,0,0,0,3
131.590,0.997,2.2,0.000,0.000,0.000,0.000,0.000,0.000,0.000,0.000,0.001,0.000,0.000,0.000,0,4,0,-1,0,0,0,-2,0,0,0,0,-2
131.611,0.997,2.2,0.000,0.000,0.000,0.000,0.000,0.000,0.000,0.000,0.001,0.000,0.000,0.000,0,4,0,-1,0,0,0,-5,0,0,0,0,-3
131.628,0.997,2.2,0.000,0.000,0.000,0.000,0.000,0.000,0.000,0.000,0.001,0.000,0.000,0.000,0,4,0,-1,0,0,0,0,0,0,0,0,0
131.645,0.997,2.2,0.000,0.000,0.000,0.000,0.000,0.000,0.000,0.000,0.000,0.000,0.000,0.000,0,4,0,-1,0,0,0,5,0,0,0,0,2
131.669,0.997,2.2,0.000,0.000,0.000,0.000,0.000,0.000,0.000,0.000,0.000,0.000,0.000,0.000,0,4,0,-1,0,0,0,2,0,0,0,0,1
131.689,0.997,2.2,0.000,0.000,0.000,0.000,0.000,0.000,0.000,0.000,0.001,0.000,0.000,0.000,0,4,0,-1,0,0,0,-5,0,0,0,0,-3
131.715,0.997,2.2,0.000,0.000,0.000,0.000,0.000,0.000,0.000,0.000,0.001,0.000,0.000,0.000,0,4,0,-1,0,0,0,-2,0,0,0,0,-1
131.746,0.997,2.2,0.000,0.000,0.000,0.000,0.000,0.000,0.000,0.000,0.001,0.000,0.000,0.000,0,4,0,-1,0,0,0,5,0,0,0,0,2
131.767,0.997,2.2,0.000,0.000,0.000,0.000,0.000,0.000,0.000,0.000,0.001,0.000,0.000,0.000,0,4,0,-1,0,0,0,0,0,0,0,0,-1
131.793,0.997,2.2,0.000,0.000,0.000,0.000,0.000,0.000,0.000,0.000,0.000,0.000,0.000,0.000,0,4,0,-1,0,0,0,-5,0,0,0,0,-3
131.810,0.997,2.2,0.000,0.000,0.000,0.000,0.000,0.000,0.000,0.000,0.000,0.000,0.000,0.000,0,4,0,-1,0,0,0,0,0,0,0,0,0
131.840,0.997,2.2,0.000,0.000,0.000,0.000,0.000,0.000,0.000,0.000,0.000,0.000,0.000,0.000,0,4,0,-1,0,0,0,5,0,0,0,0,2
131.861,0.997,2.2,0.000,0.000,0.000,0.000,0.000,0.000,0.000,0.000,0.000,0.000,0.000,0.000,0,4,0,-1,0,0,0,-2,0,0,0,0,-1
131.878,0.997,2.2,0.000,0.000,0.000,0.000,0.000,0.000,0.000,0.000,0.000,0.000,0.000,0.000,0,4,0,-1,0,0,0,-6,0,0,0,0,-3
131.895,0.997,2.2,0.000,0.000,0.000,0.000,0.000,0.000,0.000,0.000,0.001,0.000,0.000,0.000,0,4,0,-1,0,0,0,-3,0,0,0,0,-2
131.918,0.997,2.2,0.000,0.000,0.000,0.000,0.000,0.000,0.000,0.000,0.001,0.000,0.000,0.000,0,4,0,-1,0,0,0,5,0,0,0,0,2
131.939,0.997,2.2,0.000,0.000,0.000,0.000,0.000,0.000,0.000,0.000,0.001,0.000,0.000,0.000,0,4,0,-1,0,0,0,3,0,0,0,0,1
131.965,0.997,2.2,0.000,0.000,0.000,0.000,0.000,0.000,0.000,0.000,0.000,0.000,0.000,0.000,0,4,0,-1,0,0,0,-5,0,0,0,0,-3
131.996,0.997,2.2,0.000,0.000,0.000,0.000,0.000,0.000,0.000,0.000,0.001,0.000,0.000,0.000,0,4,0,-1,0,0,0,1,0,0,0,0,0
132.017,0.997,2.2,0.000,0.000,0.000,0.000,0.000,0.000,0.000,0.000,0.001,0.000,0.000,0.000,0,4,0,-1,0,0,0,6,0,0,0,0,2
132.035,0.997,2.2,0.000,0.000,0.000,0.000,0.000,0.000,0.000,0.000,0.001,0.000,0.000,0.000,0,4,0,-1,0,0,0,1,0,0,0,0,0
132.052,0.997,2.2,0.000,0.000,0.000,0.000,0.000,0.000,0.000,0.000,0.001,0.000,0.000,0.000,0,4,0,-1,0,0,0,-5,0,0,0,0,-3
132.069,0.997,2.2,0.000,0.000,0.000,0.000,0.000,0.000,0.000,0.000,0.001,0.000,0.000,0.000,0,4,0,-1,0,0,0,-5,0,0,0,0,-3
132.090,0.997,2.2,0.000,0.000,0.000,0.000,0.000,0.000,0.000,0.000,0.001,0.000,0.000,0.000,0,4,0,-1,0,0,0,2,0,0,0,0,1
132.121,0.997,2.2,0.000,0.000,0.000,0.000,0.000,0.000,0.000,0.000,0.000,0.000,0.000,0.000,0,4,0,-1,0,0,0,3,0,0,0,0,1
132.138,0.997,2.2,0.000,0.000,0.000,0.000,0.000,0.000,0.000,0.000,0.000,0.000,0.000,0.000,0,4,0,-1,0,0,0,-3,0,0,0,0,-2
132.169,0.997,2.2,0.000,0.000,0.000,0.000,0.000,0.000,0.000,0.000,0.000,0.000,0.000,0.000,0,4,0,-1,0,0,0,-2,0,0,0,0,-1
132.190,0.997,2.2,0.000,0.000,0.000,0.000,0.000,0.000,0.000,0.000,0.000,0.000,0.000,0.000,0,4,0,-1,0,0,0,5,0,0,0,0,2
132.216,0.998,2.2,0.000,0.000,0.000,0.000,0.000,0.000,0.000,0.000,0.001,0.000,0.000,0.000,0,4,0,-1,0,0,0,2,0,0,0,0,1
132.246,0.998,2.2,0.000,0.000,0.000,0.000,0.000,0.000,0.000,0.000,0.001,0.000,0.000,0.000,0,4,0,-1,0,0,0,-6,0,0,0,0,-3
132.267,0.998,2.2,0.000,0.000,0.000,0.000,0.000,0.000,0.000,0.000,0.000,0.000,0.000,0.000,0,4,0,-1,0,0,0,1,0,0,0,0,0
132.293,0.998,2.2,0.000,0.000,0.000,0.000,0.000,0.000,0.000,0.000,0.000,0.000,0.000,0.000,0,4,0,-1,0,0,0,5,0,0,0,0,2
132.310,0.998,2.2,0.000,0.000,0.000,0.000,0.000,0.000,0.000,0.000,0.000,0.000,0.000,0.000,0,4,0,-1,0,0,0,0,0,0,0,0,0
132.340,0.998,2.2,0.000,0.000,0.000,0.000,0.000,0.000,0.000,0.000,0.000,0.000,0.000,0.000,0,4,0,-1,0,0,0,-5,0,0,0,0,-3
132.360,0.998,2.2,0.000,0.000,0.000,0.000,0.000,0.000,0.000,0.000,0.001,0.000,0.000,0.000,0,4,0,-1,0,0,0,1,0,0,0,0,0
132.376,0.998,2.2,0.000,0.000,0.000,0.000,0.000,0.000,0.000,0.000,0.001,0.000,0.000,0.000,0,4,0,-1,0,0,0,6,0,0,0,0,2
132.393,0.998,2.2,0.000,0.000,0.000,0.000,0.000,0.000,0.000,0.000,0.001,0.000,0.000,0.000,0,4,0,-1,0,0,0,3,0,0,0,0,1
132.418,0.998,2.2,0.000,0.000,0.000,0.000,0.000,0.000,0.000,0.000,0.000,0.000,0.000,0.000,0,4,0,-1,0,0,0,-5,0,0,0,0,-3
132.440,0.998,2.2,0.000,0.000,0.000,0.000,0.000,0.000,0.000,0.000,0.000,0.000,0.000,0.000,0,4,0,-1,0,0,0,-3,0,0,0,0,-2
132.465,0.998,2.2,0.000,0.000,0.000,0.000,0.000,0.000,0.000,0.000,0.000,0.000,0.000,0.000,0,4,0,-1,0,0,0,5,0,0,0,0,2
132.496,0.998,2.2,0.000,0.000,0.000,0.000,0.000,0.000,0.000,0.000,0.000,0.000,0.000,0.000,0,4,0,-1,0,0,0,-1,0,0,0,0,-1
132.516,0.998,2.2,0.000,0.000,0.000,0.000,0.000,0.000,0.000,0.000,0.001,0.000,0.000,0.000,0,4,0,-1,0,0,0,-6,0,0,0,0,-3
132.543,0.998,2.2,0.000,0.000,0.000,0.000,0.000,0.000,0.000,0.000,0.001,0.000,0.000,0.000,0,4,0,-1,0,0,0,2,0,0,0,0,1
132.561,0.998,2.2,0.000,0.000,0.000,0.000,0.000,0.000,0.000,0.000,0.001,0.000,0.000,0.000,0,4,0,-1,0,0,0,6,0,0,0,0,3
132.590,0.998,2.2,0.000,0.000,0.000,0.000,0.000,0.000,0.000,0.000,0.000,0.000,0.000,0.000,0,4,0,-1,0,0,0,-2,0,0,0,0,-1
132.610,0.998,2.2,0.000,0.000,0.000,0.000,0.000,0.000,0.000,0.000,0.000,0.000,0.000,0.000,0,4,0,-1,0,0,0,-5,0,0,0,0,-3
132.627,0.998,2.2,0.000,0.000,0.000,0.000,0.000,0.000,0.000,0.000,0.001,0.000,0.000,0.000,0,4,0,-1,0,0,0,-1,0,0,0,0,-1
132.645,0.998,2.2,0.000,0.000,0.000,0.000,0.000,0.000,0.000,0.000,0.001,0.000,0.000,0.000,0,4,0,-1,0,0,0,5,0,0,0,0,2
132.668,0.998,2.2,0.000,0.000,0.000,0.000,0.000,0.000,0.000,0.000,0.001,0.000,0.000,0.000,0,4,0,-1,0,0,0,3,0,0,0,0,1
132.689,0.998,2.2,0.000,0.000,0.000,0.000,0.000,0.000,0.000,0.000,0.001,0.000,0.000,0.000,0,4,0,-1,0,0,0,-5,0,0,0,0,-3
132.715,0.998,2.2,0.000,0.000,0.000,0.000,0.000,0.000,0.000,0.000,0.001,0.000,0.000,0.000,0,4,0,-1,0,0,0,-2,0,0,0,0,-1
132.747,0.998,2.2,0.000,0.000,0.000,0.000,0.000,0.000,0.000,0.000,0.000,0.000,0.000,0.000,0,4,0,-1,0,0,0,5,0,0,0,0,2
132.767,0.998,2.2,0.000,0.000,0.000,0.000,0.000,0.000,0.000,0.000,0.000,0.000,0.000,0.000,0,4,0,-1,0,0,0,0,0,0,0,0,0
132.793,0.998,2.2,0.000,0.000,0.000,0.000,0.000,0.000,0.000,0.000,0.000,0.000,0.000,0.000,0,4,0,-1,0,0,0,-5,0,0,0,0,-3
132.810,0.998,2.2,0.000,0.000,0.000,0.000,0.000,0.000,0.000,0.000,0.000,0.000,0.000,0.000,0,4,0,-1,0,0,0,0,0,0,0,0,0
132.841,0.998,2.2,0.000,0.000,0.000,0.000,0.000,0.000,0.000,0.000,0.001,0.000,0.000,0.000,0,4,0,-1,0,0,0,5,0,0,0,0,2
132.862,0.998,2.2,0.000,0.000,0.000,0.000,0.000,0.000,0.000,0.000,0.001,0.000,0.000,0.000,0,4,0,-1,0,0,0,-2,0,0,0,0,-1
132.878,0.998,2.2,0.000,0.000,0.000,0.000,0.000,0.000,0.000,0.000,0.001,0.000,0.000,0.000,0,4,0,-1,0,0,0,-6,0,0,0,0,-3
132.896,0.998,2.2,0.000,0.000,0.000,0.000,0.000,0.000,0.000,0.000,0.000,0.000,0.000,0.000,0,4,0,-1,0,0,0,-2,0,0,0,0,-1
132.912,0.998,2.2,0.000,0.000,0.000,0.000,0.000,0.000,0.000,0.000,0.000,0.000,0.000,0.000,0,4,0,-1,0,0,0,4,0,0,0,0,2
132.933,0.998,2.2,0.000,0.000,0.000,0.000,0.000,0.000,0.000,0.000,0.000,0.000,0.000,0.000,0,4,0,-1,0,0,0,5,0,0,0,0,2
132.966,0.998,2.2,0.000,0.000,0.000,0.000,0.000,0.000,0.000,0.000,0.000,0.000,0.000,0.000,0,4,0,-1,0,0,0,-5,0,0,0,0,-3
132.996,0.998,2.2,0.000,0.000,0.000,0.000,0.000,0.000,0.000,0.000,0.000,0.000,0.000,0.000,0,4,0,-1,0,0,0,1,0,0,0,0,0
133.017,0.998,2.2,0.000,0.000,0.000,0.000,0.000,0.000,0.000,0.000,0.000,0.000,0.000,0.000,0,4,0,-1,0,0,0,6,0,0,0,0,2
133.034,0.998,2.2,0.000,0.000,0.000,0.000,0.000,0.000,0.000,0.000,0.000,0.000,0.000,0.000,0,4,0,-1,0,0,0,2,0,0,0,0,1
133.050,0.998,2.2,0.000,0.000,0.000,0.000,0.000,0.000,0.000,0.000,0.000,0.000,0.000,0.000,0,4,0,-1,0,0,0,-4,0,0,0,0,-2
133.067,0.998,2.2,0.000,0.000,0.000,0.000,0.000,0.000,0.000,0.000,0.000,0.000,0.000,0.000,0,4,0,-1,0,0,0,-5,0,0,0,0,-3
133.087,0.998,2.2,0.000,0.000,0.000,0.000,0.000,0.000,0.000,0.000,0.000,0.000,0.000,0.000,0,4,0,-1,0,0,0,1,0,0,0,0,0
133.105,0.998,2.2,0.000,0.000,0.000,0.000,0.000,0.000,0.000,0.000,0.000,0.000,0.000,0.000,0,4,0,-1,0,0,0,6,0,0,0,0,2
133.122,0.998,2.2,0.000,0.000,0.000,0.000,0.000,0.000,0.000,0.000,0.000,0.000,0.000,0.000,0,4,0,-1,0,0,0,3,0,0,0,0,1
133.139,0.998,2.2,0.000,0.000,0.000,0.000,0.000,0.000,0.000,0.000,0.000,0.000,0.000,0.000,0,4,0,-1,0,0,0,-4,0,0,0,0,-2
133.160,0.998,2.2,0.000,0.000,0.000,0.000,0.000,0.000,0.000,0.000,0.000,0.000,0.000,0.000,0,4,0,-1,0,0,0,-5,0,0,0,0,-3
133.177,0.998,2.2,0.000,0.000,0.000,0.000,0.000,0.000,0.000,0.000,0.000,0.000,0.000,0.000,0,4,0,-1,0,0,0,1,0,0,0,0,0
133.194,0.998,2.2,0.000,0.000,0.000,0.000,0.000,0.000,0.000,0.000,0.000,0.000,0.000,0.000,0,4,0,-1,0,0,0,5,0,0,0,0,2
133.210,0.998,2.2,0.000,0.000,0.000,0.000,0.000,0.000,0.000,0.000,0.000,0.000,0.000,0.000,0,4,0,-1,0,0,0,4,0,0,0,0,1
133.232,0.998,2.2,0.000,0.000,0.000,0.000,0.000,0.000,0.000,0.000,0.000,0.000,0.000,0.000,0,4,0,-1,0,0,0,-4,0,0,0,0,-2
133.250,0.998,2.2,0.000,0.000,0.000,0.000,0.000,0.000,0.000,0.000,0.000,0.000,0.000,0.000,0,4,0,-1,0,0,0,-5,0,0,0,0,-3
133.267,0.998,2.2,0.000,0.000,0.000,0.000,0.000,0.000,0.000,0.000,0.000,0.000,0.000,0.000,0,4,0,-1,0,0,0,0,0,0,0,0,0
133.293,0.998,2.2,0.000,0.000,0.000,0.000,0.000,0.000,0.000,0.000,0.000,0.000,0.000,0.000,0,4,0,-1,0,0,0,5,0,0,0,0,2
133.314,0.998,2.2,0.000,0.000,0.000,0.000,0.000,0.000,0.000,0.000,0.000,0.000,0.000,0.000,0,4,0,-1,0,0,0,-1,0,0,0,0,-1
133.340,0.998,2.2,0.000,0.000,0.000,0.000,0.000,0.000,0.000,0.000,0.000,0.000,0.000,0.000,0,4,0,-1,0,0,0,-5,0,0,0,0,-3
133.371,0.998,2.2,0.000,0.000,0.000,0.000,0.000,0.000,0.000,0.000,0.000,0.000,0.000,0.000,0,4,0,-1,0,0,0,5,0,0,0,0,2
133.393,0.998,2.2,0.000,0.000,0.000,0.000,0.000,0.000,0.000,0.000,0.000,0.000,0.000,0.000,0,4,0,-1,0,0,0,3,0,0,0,0,1
133.418,0.998,2.2,0.000,0.000,0.000,0.000,0.000,0.000,0.000,0.000,0.000,0.000,0.000,0.000,0,4,0,-1,0,0,0,-5,0,0,0,0,-3
133.436,0.998,2.2,0.000,0.000,0.000,0.000,0.000,0.000,0.000,0.000,0.000,0.000,0.000,0.000,0,4,0,-1,0,0,0,-4,0,0,0,0,-2
133.465,0.998,2.2,0.000,0.000,0.000,0.000,0.000,0.000,0.000,0.000,0.000,0.000,0.000,0.000,0,4,0,-1,0,0,0,5,0,0,0,0,2
133.486,0.998,2.2,0.000,0.000,0.000,0.000,0.000,0.000,0.000,0.000,0.000,0.000,0.000,0.000,0,4,0,-1,0,0,0,3,0,0,0,0,1
133.504,0.998,2.2,0.000,0.000,0.000,0.000,0.000,0.000,0.000,0.000,0.000,0.000,0.000,0.000,0,4,0,-1,0,0,0,-4,0,0,0,0,-2
133.521,0.998,2.2,0.000,0.000,0.000,0.000,0.000,0.000,0.000,0.000,0.000,0.000,0.000,0.000,0,4,0,-1,0,0,0,-5,0,0,0,0,-3
133.544,0.998,2.2,0.000,0.000,0.000,0.000,0.000,0.000,0.000,0.000,0.000,0.000,0.000,0.000,0,4,0,-1,0,0,0,2,0,0,0,0,1
133.564,0.998,2.2,0.000,0.000,0.000,0.000,0.000,0.000,0.000,0.000,0.000,0.000,0.000,0.000,0,4,0,-1,0,0,0,5,0,0,0,0,2
133.581,0.998,2.2,0.000,0.000,0.000,0.000,0.000,0.000,0.000,0.000,0.000,0.000,0.000,0.000,0,4,0,-1,0,0,0,1,0,0,0,0,0
133.598,0.998,2.2,0.000,0.000,0.000,0.000,0.000,0.000,0.000,0.000,0.000,0.000,0.000,0.000,0,4,0,-1,0,0,0,-5,0,0,0,0,-3
133.622,0.998,2.2,0.000,0.000,0.000,0.000,0.000,0.000,0.000,0.000,0.001,0.000,0.000,0.000,0,4,0,-1,0,0,0,-3,0,0,0,0,-2
133.643,0.998,2.2,0.000,0.000,0.000,0.000,0.000,0.000,0.000,0.000,0.001,0.000,0.000,0.000,0,4,0,-1,0,0,0,5,0,0,0,0,2
133.668,0.998,2.2,0.000,0.000,0.000,0.000,0.000,0.000,0.000,0.000,0.001,0.000,0.000,0.000,0,4,0,-1,0,0,0,2,0,0,0,0,1
133.686,0.998,2.2,0.000,0.000,0.000,0.000,0.000,0.000,0.000,0.000,0.001,0.000,0.000,0.000,0,4,0,-1,0,0,0,-4,0,0,0,0,-2
133.715,0.998,2.2,0.000,0.000,0.000,0.000,0.000,0.000,0.000,0.000,0.001,0.000,0.000,0.000,0,4,0,-1,0,0,0,-2,0,0,0,0,-1
133.736,0.998,2.2,0.000,0.000,0.000,0.000,0.000,0.000,0.000,0.000,0.001,0.000,0.000,0.000,0,4,0,-1,0,0,0,5,0,0,0,0,2
133.752,0.998,2.2,0.000,0.000,0.000,0.000,0.000,0.000,0.000,0.000,0.001,0.000,0.000,0.000,0,4,0,-1,0,0,0,5,0,0,0,0,2
133.769,0.987,2.2,0.000,0.000,-0.020,0.000,0.000,0.000,0.000,0.000,0.378,0.000,0.000,0.017,0,4,0,-1,0,0,0,-2,0,0,0,0,-1
133.793,0.987,2.2,0.000,0.000,-0.020,0.000,0.000,0.000,0.000,0.000,0.378,0.000,0.000,0.017,0,4,0,-1,0,0,0,-10,0,0,0,0,-5
133.815,0.987,2.2,0.000,0.000,-0.020,0.000,0.000,0.000,0.000,0.000,0.378,0.000,0.000,0.017,0,4,0,-1,0,0,0,3,0,0,0,0,1
133.840,0.979,2.2,0.000,0.000,-0.011,0.000,0.000,0.000,0.000,0.000,0.112,0.000,0.000,0.017,0,4,0,-1,0,0,0,8,0,0,0,0,4
133.872,0.971,2.2,0.000,0.000,-0.024,0.000,0.000,0.000,0.000,0.000,0.239,0.000,0.000,0.017,0,4,0,-1,0,0,0,-8,0,0,0,0,-4
133.892,0.971,2.2,0.000,0.000,-0.024,0.000,0.000,0.000,0.000,0.000,0.239,0.000,0.000,0.017,0,4,0,-1,0,0,0,-6,0,0,0,0,-3
133.918,0.971,2.2,0.000,0.000,-0.024,0.000,0.000,0.000,0.000,0.000,0.239,0.000,0.000,0.017,0,4,0,-1,0,0,0,8,0,0,0,0,4
133.935,0.961,2.1,0.000,0.000,-0.017,0.000,0.000,0.000,0.000,0.000,0.171,0.000,0.000,0.017,0,4,0,-1,0,0,0,7,0,0,0,0,3
133.965,0.961,2.1,0.000,0.000,-0.017,0.000,0.000,0.000,0.000,0.000,0.171,0.000,0.000,0.017,0,4,0,-1,0,0,0,-8,0,0,0,0,-4
133.987,0.953,2.1,0.000,0.000,-0.016,0.000,0.000,0.000,0.000,0.000,0.152,0.000,0.000,0.016,0,4,0,-1,0,0,0,-3,0,0,0,0,-2
134.004,0.953,2.1,0.000,0.000,-0.016,0.000,0.000,0.000,0.000,0.000,0.152,0.000,0.000,0.016,0,4,0,-1,0,0,0,6,0,0,0,0,3
134.021,0.953,2.1,0.000,0.000,-0.016,0.000,0.000,0.000,0.000,0.000,0.152,0.000,0.000,0.016,0,4,0,-1,0,0,0,8,0,0,0,0,4
134.044,0.945,2.1,0.000,0.000,-0.014,0.000,0.000,0.000,0.000,0.000,0.140,0.000,0.000,0.016,0,4,0,-1,0,0,0,-3,0,0,0,0,-2
134.064,0.945,2.1,0.000,0.000,-0.014,0.000,0.000,0.000,0.000,0.000,0.140,0.000,0.000,0.016,0,4,0,-1,0,0,0,-8,0,0,0,0,-4
134.090,0.934,2.1,0.000,0.000,-0.023,0.000,0.000,0.000,0.000,0.000,0.225,0.000,0.000,0.016,0,4,0,-1,0,0,0,4,0,0,0,0,2
134.107,0.934,2.1,0.000,0.000,-0.023,0.000,0.000,0.000,0.000,0.000,0.225,0.000,0.000,0.016,0,4,0,-1,0,0,0,9,0,0,0,0,4
134.124,0.934,2.1,0.000,0.000,-0.023,0.000,0.000,0.000,0.000,0.000,0.225,0.000,0.000,0.016,0,4,0,-1,0,0,0,3,0,0,0,0,1
134.145,0.926,2.1,0.000,0.000,-0.015,0.000,0.000,0.000,0.000,0.000,0.146,0.000,0.000,0.016,0,4,0,-1,0,0,0,-7,0,0,0,0,-4
134.168,0.926,2.1,0.000,0.000,-0.015,0.000,0.000,0.000,0.000,0.000,0.146,0.000,0.000,0.016,0,4,0,-1,0,0,0,-4,0,0,0,0,-2
134.185,0.918,2.1,0.000,0.000,-0.020,0.000,0.000,0.000,0.000,0.000,0.195,0.000,0.000,0.016,0,4,0,-1,0,0,0,6,0,0,0,0,2
134.201,0.918,2.1,0.000,0.000,-0.020,0.000,0.000,0.000,0.000,0.000,0.195,0.000,0.000,0.016,0,4,0,-1,0,0,0,8,0,0,0,0,4
134.222,0.918,2.1,0.000,0.000,-0.020,0.000,0.000,0.000,0.000,0.000,0.195,0.000,0.000,0.016,0,4,0,-1,0,0,0,-1,0,0,0,0,-1
134.247,0.908,2.0,0.000,0.000,-0.017,0.000,0.000,0.000,0.000,0.000,0.170,0.000,0.000,0.016,0,4,0,-1,0,0,0,-8,0,0,0,0,-4
134.264,0.908,2.0,0.000,0.000,-0.017,0.000,0.000,0.000,0.000,0.000,0.170,0.000,0.000,0.016,0,4,0,-1,0,0,0,-1,0,0,0,0,-1
134.293,0.900,2.0,0.000,0.000,-0.018,0.000,0.000,0.000,0.000,0.000,0.173,0.000,0.000,0.016,0,4,0,-1,0,0,0,8,0,0,0,0,4
134.314,0.900,2.0,0.000,0.000,-0.018,0.000,0.000,0.000,0.000,0.000,0.173,0.000,0.000,0.016,0,4,0,-1,0,0,0,-1,0,0,0,0,-1
134.341,0.892,2.0,0.000,0.000,-0.017,0.000,0.000,0.000,0.000,0.000,0.166,0.000,0.000,0.015,0,4,0,-1,0,0,0,-7,0,0,0,0,-4
134.371,0.892,2.0,0.000,0.000,-0.017,0.000,0.000,0.000,0.000,0.000,0.166,0.000,0.000,0.015,0,4,0,-1,0,0,0,7,0,0,0,0,3
134.393,0.881,2.0,0.000,0.000,-0.021,0.000,0.000,0.000,0.000,0.000,0.205,0.000,0.000,0.015,0,4,0,-1,0,0,0,5,0,0,0,0,2
134.418,0.881,2.0,0.000,0.000,-0.021,0.000,0.000,0.000,0.000,0.000,0.205,0.000,0.000,0.015,0,4,0,-1,0,0,0,-7,0,0,0,0,-4
134.434,0.881,2.0,0.000,0.000,-0.021,0.000,0.000,0.000,0.000,0.000,0.205,0.000,0.000,0.015,0,4,0,-1,0,0,0,-6,0,0,0,0,-3
134.465,0.874,2.0,0.000,0.000,-0.011,0.000,0.000,0.000,0.000,0.000,0.110,0.000,0.000,0.015,0,4,0,-1,0,0,0,7,0,0,0,0,3
134.485,0.874,2.0,0.000,0.000,-0.011,0.000,0.000,0.000,0.000,0.000,0.110,0.000,0.000,0.015,0,4,0,-1,0,0,0,4,0,0,0,0,2
134.502,0.866,1.9,0.000,0.000,-0.021,0.000,0.000,0.000,0.000,0.000,0.210,0.000,0.000,0.015,0,4,0,-1,0,0,0,-5,0,0,0,0,-3
134.518,0.866,1.9,0.000,0.000,-0.021,0.000,0.000,0.000,0.000,0.000,0.210,0.000,0.000,0.015,0,4,0,-1,0,0,0,-8,0,0,0,0,-4
134.543,0.866,1.9,0.000,0.000,-0.021,0.000,0.000,0.000,0.000,0.000,0.210,0.000,0.000,0.015,0,4,0,-1,0,0,0,3,0,0,0,0,1
134.564,0.855,1.9,0.000,0.000,-0.017,0.000,0.000,0.000,0.000,0.000,0.171,0.000,0.000,0.015,0,4,0,-1,0,0,0,7,0,0,0,0,3
134.590,0.855,1.9,0.000,0.000,-0.017,0.000,0.000,0.000,0.000,0.000,0.171,0.000,0.000,0.015,0,4,0,-1,0,0,0,-3,0,0,0,0,-2
134.622,0.847,1.9,0.000,0.000,-0.014,0.000,0.000,0.000,0.000,0.000,0.138,0.000,0.000,0.015,0,4,0,-1,0,0,0,-4,0,0,0,0,-2
134.644,0.847,1.9,0.000,0.000,-0.014,0.000,0.000,0.000,0.000,0.000,0.138,0.000,0.000,0.015,0,4,0,-1,0,0,0,6,0,0,0,0,3
134.669,0.839,1.9,0.000,0.000,-0.017,0.000,0.000,0.000,0.000,0.000,0.168,0.000,0.000,0.015,0,4,0,-1,0,0,0,3,0,0,0,0,1
134.686,0.839,1.9,0.000,0.000,-0.017,0.000,0.000,0.000,0.000,0.000,0.168,0.000,0.000,0.015,0,4,0,-1,0,0,0,-5,0,0,0,0,-3
134.715,0.829,1.9,0.000,0.000,-0.023,0.000,0.000,0.000,0.000,0.000,0.226,0.000,0.000,0.014,0,4,0,-1,0,0,0,-3,0,0,0,0,-2
134.736,0.829,1.9,0.000,0.000,-0.023,0.000,0.000,0.000,0.000,0.000,0.226,0.000,0.000,0.014,0,4,0,-1,0,0,0,7,0,0,0,0,3
134.753,0.829,1.9,0.000,0.000,-0.023,0.000,0.000,0.000,0.000,0.000,0.226,0.000,0.000,0.014,0,4,0,-1,0,0,0,6,0,0,0,0,3
134.770,0.821,1.8,0.000,0.000,-0.015,0.000,0.000,0.000,0.000,0.000,0.145,0.000,0.000,0.014,0,4,0,-1,0,0,0,-2,0,0,0,0,-1
134.786,0.821,1.8,0.000,0.000,-0.015,0.000,0.000,0.000,0.000,0.000,0.145,0.000,0.000,0.014,0,4,0,-1,0,0,0,-7,0,0,0,0,-4
134.807,0.813,1.8,0.000,0.000,-0.022,0.000,0.000,0.000,0.000,0.000,0.216,0.000,0.000,0.014,0,4,0,-1,0,0,0,-2,0,0,0,0,-1
134.825,0.813,1.8,0.000,0.000,-0.022,0.000,0.000,0.000,0.000,0.000,0.216,0.000,0.000,0.014,0,4,0,-1,0,0,0,6,0,0,0,0,3
134.841,0.813,1.8,0.000,0.000,-0.022,0.000,0.000,0.000,0.000,0.000,0.216,0.000,0.000,0.014,0,4,0,-1,0,0,0,7,0,0,0,0,3
134.872,0.802,1.8,0.000,0.000,-0.017,0.000,0.000,0.000,0.000,0.000,0.162,0.000,0.000,0.014,0,4,0,-1,0,0,0,-6,0,0,0,0,-3
134.892,0.802,1.8,0.000,0.000,-0.017,0.000,0.000,0.000,0.000,0.000,0.162,0.000,0.000,0.014,0,4,0,-1,0,0,0,-5,0,0,0,0,-3
134.919,0.794,1.8,0.000,0.000,-0.017,0.000,0.000,0.000,0.000,0.000,0.168,0.000,0.000,0.014,0,4,0,-1,0,0,0,6,0,0,0,0,3
134.936,0.794,1.8,0.000,0.000,-0.017,0.000,0.000,0.000,0.000,0.000,0.168,0.000,0.000,0.014,0,4,0,-1,0,0,0,5,0,0,0,0,2
134.952,0.794,1.8,0.000,0.000,-0.017,0.000,0.000,0.000,0.000,0.000,0.168,0.000,0.000,0.014,0,4,0,-1,0,0,0,-2,0,0,0,0,-1
134.974,0.787,1.8,0.000,0.000,-0.015,0.000,0.000,0.000,0.000,0.000,0.144,0.000,0.000,0.014,0,4,0,-1,0,0,0,-6,0,0,0,0,-3
134.997,0.787,1.8,0.000,0.000,-0.015,0.000,0.000,0.000,0.000,0.000,0.144,0.000,0.000,0.014,0,4,0,-1,0,0,0,2,0,0,0,0,1
135.014,0.787,1.8,0.000,0.000,-0.015,0.000,0.000,0.000,0.000,0.000,0.144,0.000,0.000,0.014,0,4,0,-1,0,0,0,7,0,0,0,0,3
135.043,0.776,1.7,0.000,0.000,-0.016,0.000,0.000,0.000,0.000,0.000,0.154,0.000,0.000,0.013,0,4,0,-1,0,0,0,-2,0,0,0,0,-1
135.063,0.776,1.7,0.000,0.000,-0.016,0.000,0.000,0.000,0.000,0.000,0.154,0.000,0.000,0.013,0,4,0,-1,0,0,0,-6,0,0,0,0,-4
135.090,0.768,1.7,0.000,0.000,-0.017,0.000,0.000,0.000,0.000,0.000,0.171,0.000,0.000,0.013,0,4,0,-1,0,0,0,3,0,0,0,0,1
135.122,0.760,1.7,0.000,0.000,-0.024,0.000,0.000,0.000,0.000,0.000,0.239,0.000,0.000,0.013,0,4,0,-1,0,0,0,3,0,0,0,0,1
135.143,0.760,1.7,0.000,0.000,-0.024,0.000,0.000,0.000,0.000,0.000,0.239,0.000,0.000,0.013,0,4,0,-1,0,0,0,-6,0,0,0,0,-3
135.168,0.760,1.7,0.000,0.000,-0.024,0.000,0.000,0.000,0.000,0.000,0.239,0.000,0.000,0.013,0,4,0,-1,0,0,0,-3,0,0,0,0,-2
135.185,0.750,1.7,0.000,0.000,-0.017,0.000,0.000,0.000,0.000,0.000,0.170,0.000,0.000,0.013,0,4,0,-1,0,0,0,4,0,0,0,0,2
135.201,0.750,1.7,0.000,0.000,-0.017,0.000,0.000,0.000,0.000,0.000,0.170,0.000,0.000,0.013,0,4,0,-1,0,0,0,6,0,0,0,0,3
135.222,0.750,1.7,0.000,0.000,-0.017,0.000,0.000,0.000,0.000,0.000,0.170,0.000,0.000,0.013,0,4,0,-1,0,0,0,-1,0,0,0,0,-1
135.247,0.742,1.7,0.000,0.000,-0.013,0.000,0.000,0.000,0.000,0.000,0.127,0.000,0.000,0.013,0,4,0,-1,0,0,0,-6,0,0,0,0,-3
135.265,0.742,1.7,0.000,0.000,-0.013,0.000,0.000,0.000,0.000,0.000,0.127,0.000,0.000,0.013,0,4,0,-1,0,0,0,0,0,0,0,0,0
135.281,0.734,1.6,0.000,0.000,-0.024,0.000,0.000,0.000,0.000,0.000,0.234,0.000,0.000,0.013,0,4,0,-1,0,0,0,6,0,0,0,0,3
135.302,0.734,1.6,0.000,0.000,-0.024,0.000,0.000,0.000,0.000,0.000,0.234,0.000,0.000,0.013,0,4,0,-1,0,0,0,4,0,0,0,0,2
135.318,0.734,1.6,0.000,0.000,-0.024,0.000,0.000,0.000,0.000,0.000,0.234,0.000,0.000,0.013,0,4,0,-1,0,0,0,-3,0,0,0,0,-2
135.334,0.723,1.6,0.000,0.000,-0.020,0.000,0.000,0.000,0.000,0.000,0.198,0.000,0.000,0.012,0,4,0,-1,0,0,0,-6,0,0,0,0,-3
135.352,0.723,1.6,0.000,0.000,-0.020,0.000,0.000,0.000,0.000,0.000,0.198,0.000,0.000,0.012,0,4,0,-1,0,0,0,-2,0,0,0,0,-1
135.372,0.723,1.6,0.000,0.000,-0.020,0.000,0.000,0.000,0.000,0.000,0.198,0.000,0.000,0.012,0,4,0,-1,0,0,0,6,0,0,0,0,2
135.390,0.715,1.6,0.000,0.000,-0.015,0.000,0.000,0.000,0.000,0.000,0.143,0.000,0.000,0.012,0,4,0,-1,0,0,0,4,0,0,0,0,2
135.418,0.715,1.6,0.000,0.000,-0.015,0.000,0.000,0.000,0.000,0.000,0.143,0.000,0.000,0.012,0,4,0,-1,0,0,0,-5,0,0,0,0,-3
135.435,0.707,1.6,0.000,0.000,-0.018,0.000,0.000,0.000,0.000,0.000,0.177,0.000,0.000,0.012,0,4,0,-1,0,0,0,-5,0,0,0,0,-3
135.455,0.707,1.6,0.000,0.000,-0.018,0.000,0.000,0.000,0.000,0.000,0.177,0.000,0.000,0.012,0,4,0,-1,0,0,0,3,0,0,0,0,1
135.472,0.707,1.6,0.000,0.000,-0.018,0.000,0.000,0.000,0.000,0.000,0.177,0.000,0.000,0.012,0,4,0,-1,0,0,0,6,0,0,0,0,3
135.496,0.697,1.6,0.000,0.000,-0.017,0.000,0.000,0.000,0.000,0.000,0.170,0.000,0.000,0.012,0,4,0,-1,0,0,0,-1,0,0,0,0,-1
135.513,0.697,1.6,0.000,0.000,-0.017,0.000,0.000,0.000,0.000,0.000,0.170,0.000,0.000,0.012,0,4,0,-1,0,0,0,-6,0,0,0,0,-3
135.534,0.697,1.6,0.000,0.000,-0.017,0.000,0.000,0.000,0.000,0.000,0.170,0.000,0.000,0.012,0,4,0,-1,0,0,0,-2,0,0,0,0,-1
135.551,0.689,1.5,0.000,0.000,-0.015,0.000,0.000,0.000,0.000,0.000,0.146,0.000,0.000,0.012,0,4,0,-1,0,0,0,4,0,0,0,0,2
135.568,0.689,1.5,0.000,0.000,-0.015,0.000,0.000,0.000,0.000,0.000,0.146,0.000,0.000,0.012,0,4,0,-1,0,0,0,5,0,0,0,0,2
135.585,0.689,1.5,0.000,0.000,-0.015,0.000,0.000,0.000,0.000,0.000,0.146,0.000,0.000,0.012,0,4,0,-1,0,0,0,0,0,0,0,0,0
135.607,0.681,1.5,0.000,0.000,-0.014,0.000,0.000,0.000,0.000,0.000,0.142,0.000,0.000,0.012,0,4,0,-1,0,0,0,-6,0,0,0,0,-3
135.623,0.681,1.5,0.000,0.000,-0.014,0.000,0.000,0.000,0.000,0.000,0.142,0.000,0.000,0.012,0,4,0,-1,0,0,0,-2,0,0,0,0,-1
135.640,0.943,2.1,0.000,0.153,0.798,0.000,0.000,0.000,0.000,0.000,7.829,0.000,0.000,0.016,0,4,0,-1,0,0,0,49,0,0,0,0,24
135.668,0.943,2.1,0.000,0.153,0.798,0.000,0.000,0.000,0.000,0.000,7.829,0.000,0.000,0.016,0,4,0,-1,0,0,0,32,0,0,0,0,16
135.689,0.943,2.1,0.000,0.153,0.798,0.000,0.000,0.000,0.000,0.000,7.829,0.000,0.000,0.016,0,4,0,-1,0,0,0,-60,0,0,0,0,-30
135.707,1.244,2.8,0.000,0.223,0.461,0.000,0.000,0.000,0.000,0.000,4.526,0.295,0.148,0.022,0,4,0,-1,0,0,0,-48,0,0,0,0,-24
135.724,1.244,2.8,0.000,0.223,0.461,0.000,0.000,0.000,0.000,0.000,4.526,0.295,0.148,0.022,0,4,0,-1,0,0,0,16,0,0,0,0,8
135.741,1.244,2.8,0.000,0.223,0.461,0.000,0.000,0.000,0.000,0.000,4.526,0.295,0.148,0.022,0,4,0,-1,0,0,0,59,0,0,0,0,29
135.762,1.604,3.6,0.000,0.334,0.663,0.000,0.000,0.000,0.000,0.000,6.508,0.000,0.000,0.028,0,4,0,-1,0,0,0,27,0,0,0,0,13
135.793,1.604,3.6,0.000,0.334,0.663,0.000,0.000,0.000,0.000,0.000,6.508,0.000,0.000,0.028,0,4,0,-1,0,0,0,-101,0,0,0,0,-51
135.810,2.160,4.8,0.000,0.679,1.174,0.000,0.001,0.000,0.000,0.000,11.520,0.383,-0.006,0.037,0,4,0,-1,0,0,0,-13,0,0,0,0,-7
135.840,2.160,4.8,0.000,0.679,1.174,0.000,0.001,0.000,0.000,0.000,11.520,0.383,-0.006,0.037,0,4,0,-1,0,0,0,192,0,0,0,0,95
135.861,2.575,5.8,0.000,0.942,0.833,0.000,0.001,0.000,0.000,0.000,8.172,0.052,-0.153,0.044,0,4,0,-1,0,0,0,-64,0,0,0,0,-32
135.877,2.575,5.8,0.000,0.942,0.833,0.000,0.001,0.000,0.000,0.000,8.172,0.052,-0.153,0.044,0,4,0,-1,0,0,0,-210,0,0,0,0,-106
135.895,2.575,5.8,0.000,0.942,0.833,0.000,0.001,0.000,0.000,0.000,8.172,0.052,-0.153,0.044,0,4,0,-1,0,0,0,-104,0,0,0,0,-53
135.912,2.990,6.7,0.000,1.000,0.823,0.000,0.001,0.000,0.000,0.000,8.078,0.342,0.009,0.052,0,4,0,-1,0,0,0,161,0,0,0,0,80
135.933,2.990,6.7,0.000,1.000,0.823,0.000,0.001,0.000,0.000,0.000,8.078,0.342,0.009,0.052,0,4,0,-1,0,0,0,209,0,0,0,0,104
135.965,3.529,7.9,0.000,1.000,1.041,0.000,0.001,0.000,0.000,0.000,10.293,-0.076,-0.181,0.132,0,4,0,-1,0,0,0,-359,0,0,0,0,-1063
135.996,3.529,7.9,0.000,1.000,1.041,0.000,0.001,0.000,0.000,0.000,10.293,-0.076,-0.181,0.132,0,4,0,-1,0,0,0,84,0,0,0,0,41
136.018,3.934,8.8,0.000,1.000,0.787,0.000,0.001,0.000,0.000,0.000,7.719,-0.364,-0.312,0.147,0,4,0,-1,-1,0,0,350,0,0,0,0,1058
136.034,3.934,8.8,0.000,1.000,0.787,0.000,0.001,0.000,0.000,0.000,7.719,-0.364,-0.312,0.147,0,4,0,-1,-1,0,0,102,0,0,0,0,50
136.052,3.934,8.8,0.000,1.000,0.787,0.000,0.001,0.000,0.000,0.000,7.719,-0.364,-0.312,0.147,0,4,0,-1,-1,0,0,-280,0,0,0,0,-141
136.068,4.339,9.7,0.001,1.000,0.816,0.001,0.002,0.000,0.000,0.000,8.011,-0.035,-0.135,0.162,0,4,0,-2,-1,0,0,-361,0,0,0,0,-1065
136.090,4.339,9.7,0.001,1.000,0.816,0.001,0.002,0.000,0.000,0.000,8.011,-0.035,-0.135,0.162,0,4,0,-2,-1,0,0,153,0,0,0,0,75
136.121,4.874,10.9,0.001,1.000,1.027,0.001,0.002,0.001,0.000,0.000,10.076,0.347,0.070,0.181,0,4,0,-2,-1,0,0,295,0,0,0,0,146
136.139,4.874,10.9,0.001,1.000,1.027,0.001,0.002,0.001,0.000,0.000,10.076,0.347,0.070,0.181,0,4,0,-2,-1,0,0,-334,0,0,0,0,-1053
136.159,4.874,10.9,0.001,1.000,1.027,0.001,0.002,0.001,0.000,0.000,10.076,0.347,0.070,0.181,0,4,0,-2,-1,0,0,-496,0,0,0,0,-1126
136.176,5.278,11.8,0.001,1.000,0.749,0.001,0.002,0.001,0.000,0.000,7.349,0.019,0.211,0.196,0,4,0,-3,-2,0,0,50,0,0,0,0,23
136.193,5.278,11.8,0.001,1.000,0.749,0.001,0.002,0.001,0.000,0.000,7.349,0.019,0.211,0.196,0,4,0,-3,-2,0,0,458,0,0,0,0,1105
136.215,5.683,12.7,0.001,1.000,1.059,0.001,0.002,0.001,0.000,0.000,10.385,-0.278,0.339,0.211,0,4,0,-3,-2,0,0,225,0,0,0,0,110
136.237,5.683,12.7,0.001,1.000,1.059,0.001,0.002,0.001,0.000,0.000,10.385,-0.278,0.339,0.211,0,4,0,-3,-2,0,0,-598,0,0,0,0,-1172
136.254,5.683,12.7,0.001,1.000,1.059,0.001,0.002,0.001,0.000,0.000,10.385,-0.278,0.339,0.211,0,4,0,-3,-2,0,0,-489,0,0,0,0,-1124
136.270,6.226,13.9,0.001,1.000,1.006,0.002,0.002,0.001,0.000,0.000,9.866,0.139,0.291,0.232,0,4,0,-3,-2,0,0,228,0,0,0,0,112
136.287,6.226,13.9,0.001,1.000,1.006,0.002,0.002,0.001,0.000,0.000,9.866,0.139,0.291,0.232,0,4,0,-3,-2,0,0,729,0,0,0,0,1228
136.307,6.226,13.9,0.001,1.000,1.006,0.002,0.002,0.001,0.000,0.000,9.866,0.139,0.291,0.232,0,4,0,-3,-2,0,0,206,0,0,0,0,101
136.325,6.630,14.8,0.001,1.000,0.754,0.002,0.002,0.001,0.000,0.000,7.394,0.421,0.116,0.247,0,4,0,-3,-2,0,0,-527,0,0,0,0,-1141
136.342,6.630,14.8,0.001,1.000,0.754,0.002,0.002,0.001,0.000,0.000,7.394,0.421,0.116,0.247,0,4,0,-3,-2,0,0,-556,0,0,0,0,-1154
136.371,6.935,15.5,0.001,1.000,0.671,0.001,0.001,0.001,0.000,0.000,6.695,0.093,-0.039,0.259,0,4,0,-3,0,0,0,548,0,0,0,0,1146
136.392,6.935,15.5,0.001,1.000,0.671,0.001,0.001,0.001,0.000,0.000,6.695,0.093,-0.039,0.259,0,4,0,-3,0,0,0,404,0,0,0,0,1082
136.419,6.935,15.5,0.001,1.000,0.671,0.001,0.001,0.001,0.000,0.000,6.695,0.093,-0.039,0.259,0,4,0,-3,0,0,0,-589,0,0,0,0,-1168
136.435,7.322,16.4,0.001,1.000,0.621,0.001,0.001,0.001,0.000,0.000,6.097,-0.301,-0.226,0.274,0,4,0,-3,-1,0,0,-506,0,0,0,0,-1131
136.451,7.322,16.4,0.001,1.000,0.621,0.001,0.001,0.001,0.000,0.000,6.097,-0.301,-0.226,0.274,0,4,0,-3,-1,0,0,143,0,0,0,0,69
136.472,7.322,16.4,0.001,1.000,0.621,0.001,0.001,0.001,0.000,0.000,6.097,-0.301,-0.226,0.274,0,4,0,-3,-1,0,0,650,0,0,0,0,1192
136.496,7.613,17.0,0.001,1.000,0.481,0.001,0.001,0.001,0.000,0.000,4.717,0.000,0.000,0.285,0,4,0,-3,0,0,0,-142,0,0,0,0,-73
136.513,7.613,17.0,0.001,1.000,0.481,0.001,0.001,0.001,0.000,0.000,4.717,0.000,0.000,0.285,0,4,0,-3,0,0,0,-584,0,0,0,0,-1166
136.543,7.901,17.7,0.001,1.000,0.627,0.001,0.001,0.001,0.000,0.000,6.154,0.000,0.000,0.296,0,4,0,-4,-1,0,0,237,0,0,0,0,116
136.564,7.901,17.7,0.001,1.000,0.627,0.001,0.001,0.001,0.000,0.000,6.154,0.000,0.000,0.296,0,4,0,-4,-1,0,0,718,0,0,0,0,1223
136.580,8.265,18.5,0.001,1.000,1.004,0.001,0.001,0.001,0.000,0.000,10.543,0.000,0.000,0.167,0,4,0,-4,-1,0,0,231,0,0,0,0,113
136.597,8.265,18.5,0.001,1.000,1.004,0.001,0.001,0.001,0.000,0.000,10.543,0.000,0.000,0.167,0,4,0,-4,-1,0,0,-737,0,0,0,0,-1236
136.622,8.265,18.5,0.001,1.000,1.004,0.001,0.001,0.001,0.000,0.000,10.543,0.000,0.000,0.167,0,4,0,-4,-1,0,0,-464,0,0,0,0,-1112
136.644,8.540,19.1,0.001,1.000,0.443,0.001,0.001,0.001,0.000,0.000,4.345,0.000,0.000,0.172,0,4,0,-4,-1,0,0,446,0,0,0,0,1099
136.669,8.540,19.1,0.001,1.000,0.443,0.001,0.001,0.001,0.000,0.000,4.345,0.000,0.000,0.172,0,4,0,-4,-1,0,0,219,0,0,0,0,107
136.685,8.809,19.7,0.001,1.000,0.656,0.001,0.001,0.001,0.000,0.000,6.431,0.000,0.000,0.178,0,4,0,-4,-1,0,0,-479,0,0,0,0,-1119
136.702,8.809,19.7,0.001,1.000,0.656,0.001,0.001,0.001,0.000,0.000,6.431,0.000,0.000,0.178,0,4,0,-4,-1,0,0,-689,0,0,0,0,-1214
136.722,8.809,19.7,0.001,1.000,0.656,0.001,0.001,0.001,0.000,0.000,6.431,0.000,0.000,0.178,0,4,0,-4,-1,0,0,105,0,0,0,0,50
136.746,9.150,20.5,0.001,1.000,0.575,0.001,0.001,0.001,0.000,0.000,5.643,0.000,0.000,0.185,0,4,0,-4,-1,0,0,679,0,0,0,0,1205
136.763,9.150,20.5,0.001,1.000,0.575,0.001,0.001,0.001,0.000,0.000,5.643,0.000,0.000,0.185,0,4,0,-4,-1,0,0,117,0,0,0,0,56
136.780,9.150,20.5,0.001,1.000,0.575,0.001,0.001,0.001,0.000,0.000,5.643,0.000,0.000,0.185,0,4,0,-4,-1,0,0,-574,0,0,0,0,-1162
136.800,9.405,21.0,0.001,1.000,0.481,0.001,0.001,0.001,0.000,0.000,4.717,0.000,0.000,0.190,0,4,0,-4,-2,0,0,-447,0,0,0,0,-1105
136.818,9.405,21.0,0.001,1.000,0.481,0.001,0.001,0.001,0.000,0.000,4.717,0.000,0.000,0.190,0,4,0,-4,-2,0,0,280,0,0,0,0,137
136.840,9.656,21.6,0.001,1.000,0.632,0.001,0.001,0.001,0.000,0.000,6.199,0.000,0.000,0.195,0,4,0,-4,-2,0,0,711,0,0,0,0,1220
136.871,9.656,21.6,0.001,1.000,0.632,0.001,0.001,0.001,0.000,0.000,6.199,0.000,0.000,0.195,0,4,0,-4,-2,0,0,-670,0,0,0,0,-1206
136.892,9.978,22.3,0.001,1.000,0.639,0.001,0.001,0.001,0.000,0.000,6.265,0.000,0.000,0.201,0,4,0,-4,-2,0,0,-539,0,0,0,0,-1146
136.908,9.978,22.3,0.001,1.000,0.639,0.001,0.001,0.001,0.000,0.000,6.265,0.000,0.000,0.201,0,4,0,-4,-2,0,0,315,0,0,0,0,1039
136.925,9.978,22.3,0.001,1.000,0.639,0.001,0.001,0.001,0.000,0.000,6.265,0.000,0.000,0.201,0,4,0,-4,-2,0,0,826,0,0,0,0,1271
136.943,10.215,22.9,0.001,1.000,0.475,0.001,0.001,0.001,0.000,0.000,4.659,0.000,0.000,0.206,0,4,0,-4,-2,0,0,230,0,0,0,0,112
136.964,10.215,22.9,0.001,1.000,0.475,0.001,0.001,0.001,0.000,0.000,4.659,0.000,0.000,0.206,0,4,0,-4,-2,0,0,-635,0,0,0,0,-1190
136.980,10.215,22.9,0.001,1.000,0.475,0.001,0.001,0.001,0.000,0.000,4.659,0.000,0.000,0.206,0,4,0,-4,-2,0,0,-545,0,0,0,0,-1149
136.998,10.443,23.4,0.001,1.000,0.421,0.001,0.001,0.001,0.000,0.000,4.132,0.000,0.000,0.211,0,4,0,-4,-2,0,0,219,0,0,0,0,107
137.015,10.443,23.4,0.001,1.000,0.421,0.001,0.001,0.001,0.000,0.000,4.132,0.000,0.000,0.211,0,4,0,-4,-2,0,0,678,0,0,0,0,1204
137.036,10.443,23.4,0.001,1.000,0.421,0.001,0.001,0.001,0.000,0.000,4.132,0.000,0.000,0.211,0,4,0,-4,-2,0,0,140,0,0,0,0,67
137.053,10.743,24.0,0.001,1.000,0.556,0.002,0.001,0.001,0.000,0.000,5.450,0.000,0.000,0.217,0,4,0,-4,-2,0,0,-695,0,0,0,0,-1217
137.082,10.743,24.0,0.001,1.000,0.556,0.002,0.001,0.001,0.000,0.000,5.450,0.000,0.000,0.217,0,4,0,-4,-2,0,0,-94,0,0,0,0,-50
137.099,10.965,24.5,0.001,1.000,0.487,0.001,0.001,0.001,0.000,0.000,4.776,0.000,0.000,0.221,0,4,0,-3,-2,0,0,691,0,0,0,0,1211
137.121,10.965,24.5,0.001,1.000,0.487,0.001,0.001,0.001,0.000,0.000,4.776,0.000,0.000,0.221,0,4,0,-3,-2,0,0,432,0,0,0,0,1093
137.138,10.965,24.5,0.001,1.000,0.487,0.001,0.001,0.001,0.000,0.000,4.776,0.000,0.000,0.221,0,4,0,-3,-2,0,0,-432,0,0,0,0,-1098
137.168,11.184,25.0,0.001,1.000,0.325,0.002,0.002,0.001,0.000,0.000,3.191,0.000,0.000,0.226,0,4,0,-4,-2,0,0,-305,0,0,0,0,-1040
137.185,11.184,25.0,0.001,1.000,0.325,0.002,0.002,0.001,0.000,0.000,3.191,0.000,0.000,0.226,0,4,0,-4,-2,0,0,433,0,0,0,0,1093
137.207,11.465,25.6,0.001,1.000,0.739,0.002,0.001,0.001,0.000,0.000,7.255,0.012,-0.006,0.231,0,4,0,-3,-2,0,0,882,0,0,0,0,1297
137.223,11.465,25.6,0.001,1.000,0.739,0.002,0.001,0.001,0.000,0.000,7.255,0.012,-0.006,0.231,0,4,0,-3,-2,0,0,-224,0,0,0,0,-115
137.246,11.465,25.6,0.001,1.000,0.739,0.002,0.001,0.001,0.000,0.000,7.255,0.012,-0.006,0.231,0,4,0,-3,-2,0,0,-1060,0,0,0,0,-1383
137.264,11.679,26.1,0.001,1.000,0.381,0.002,0.002,0.001,0.000,0.000,5.535,-0.284,0.142,0.000,0,4,0,-4,-2,0,0,-85,0,0,0,0,-46
137.286,11.679,26.1,0.001,1.000,0.381,0.002,0.002,0.001,0.000,0.000,5.535,-0.284,0.142,0.000,0,4,0,-4,-2,0,0,627,0,0,0,0,1182
137.303,11.679,26.1,0.001,1.000,0.381,0.002,0.002,0.001,0.000,0.000,5.535,-0.284,0.142,0.000,0,4,0,-4,-2,0,0,349,0,0,0,0,1056
137.319,11.893,26.6,0.001,1.000,0.394,0.002,0.002,0.001,0.000,0.000,3.864,0.038,-0.019,0.000,0,4,0,-4,-2,0,0,-250,0,0,0,0,-128
137.336,11.893,26.6,0.001,1.000,0.394,0.002,0.002,0.001,0.000,0.000,3.864,0.038,-0.019,0.000,0,4,0,-4,-2,0,0,-465,0,0,0,0,-1114
137.358,11.893,26.6,0.001,1.000,0.394,0.002,0.002,0.001,0.000,0.000,3.864,0.038,-0.019,0.000,0,4,0,-4,-2,0,0,30,0,0,0,0,12
137.375,12.163,27.2,0.001,1.000,0.492,0.002,0.002,0.001,0.000,0.000,4.822,0.021,-0.205,0.000,0,4,0,-4,-2,0,0,562,0,0,0,0,1152
137.392,12.163,27.2,0.001,1.000,0.492,0.002,0.002,0.001,0.000,0.000,4.822,0.021,-0.205,0.000,0,4,0,-4,-2,0,0,384,0,0,0,0,1071
137.408,12.163,27.2,0.001,1.000,0.492,0.002,0.002,0.001,0.000,0.000,4.822,0.021,-0.205,0.000,0,4,0,-4,-2,0,0,-243,0,0,0,0,-124
137.429,12.365,27.7,0.001,1.000,0.381,0.002,0.002,0.002,0.000,0.000,3.736,0.000,0.000,0.000,0,4,0,-4,-3,0,0,-453,0,0,0,0,-1108
137.445,12.365,27.7,0.001,1.000,0.381,0.002,0.002,0.002,0.000,0.000,3.736,0.000,0.000,0.000,0,4,0,-4,-3,0,0,-75,0,0,0,0,-41
137.466,12.566,28.1,0.001,1.000,0.563,0.002,0.002,0.002,0.000,0.000,5.520,0.000,0.000,0.000,0,4,0,-4,-3,0,0,649,0,0,0,0,1191
137.496,12.566,28.1,0.001,1.000,0.563,0.002,0.002,0.002,0.000,0.000,5.520,0.000,0.000,0.000,0,4,0,-4,-3,0,0,-155,0,0,0,0,-81
137.517,12.828,28.7,0.001,1.000,0.519,0.002,0.002,0.002,0.000,0.000,5.096,0.000,0.000,0.000,0,4,0,-4,-3,0,0,-645,0,0,0,0,-1195
137.534,12.828,28.7,0.001,1.000,0.519,0.002,0.002,0.002,0.000,0.000,5.096,0.000,0.000,0.000,0,4,0,-4,-3,0,0,-207,0,0,0,0,-107
137.550,12.828,28.7,0.001,1.000,0.519,0.002,0.002,0.002,0.000,0.000,5.096,0.000,0.000,0.000,0,4,0,-4,-3,0,0,462,0,0,0,0,1105
137.566,12.828,28.7,0.001,1.000,0.519,0.002,0.002,0.002,0.000,0.000,5.096,0.000,0.000,0.000,0,4,0,-4,-3,0,0,612,0,0,0,0,1174
137.583,13.021,29.1,0.001,1.000,0.302,0.002,0.002,0.002,0.000,0.000,2.961,0.000,0.000,0.000,0,4,0,-4,-3,0,0,40,0,0,0,0,17
137.603,13.021,29.1,0.001,1.000,0.302,0.002,0.002,0.002,0.000,0.000,2.961,0.000,0.000,0.000,0,4,0,-4,-3,0,0,-402,0,0,0,0,-1085
137.622,13.208,29.5,0.001,1.000,0.487,0.002,0.002,0.002,0.000,0.000,4.774,0.000,0.000,0.000,0,4,0,-4,-3,0,0,-325,0,0,0,0,-1050
137.638,13.208,29.5,0.001,1.000,0.487,0.002,0.002,0.002,0.000,0.000,4.774,0.000,0.000,0.000,0,4,0,-4,-3,0,0,354,0,0,0,0,1058
137.669,13.208,29.5,0.001,1.000,0.487,0.002,0.002,0.002,0.000,0.000,4.774,0.000,0.000,0.000,0,4,0,-4,-3,0,0,245,0,0,0,0,119
137.690,13.454,30.1,0.001,1.000,0.369,0.002,0.002,0.002,0.000,0.000,3.616,0.000,0.000,0.000,0,4,0,-4,-3,0,0,-434,0,0,0,0,-1099
137.716,13.454,30.1,0.001,1.000,0.369,0.002,0.002,0.002,0.000,0.000,3.616,0.000,0.000,0.000,0,4,0,-4,-3,0,0,-162,0,0,0,0,-84
137.746,13.637,30.5,0.001,1.000,0.331,0.002,0.002,0.002,0.000,0.000,3.251,0.000,0.000,0.000,0,4,0,-4,-3,0,0,457,0,0,0,0,1104
137.767,13.637,30.5,0.001,1.000,0.331,0.002,0.002,0.002,0.000,0.000,3.251,0.000,0.000,0.000,0,4,0,-4,-3,0,0,-48,0,0,0,0,-28
137.793,13.817,30.9,0.001,1.000,0.389,0.002,0.002,0.002,0.000,0.000,3.821,0.000,0.000,0.000,0,4,0,-4,-3,0,0,-515,0,0,0,0,-1136
137.811,13.817,30.9,0.001,1.000,0.389,0.002,0.002,0.002,0.000,0.000,3.821,0.000,0.000,0.000,0,4,0,-4,-3,0,0,-19,0,0,0,0,-13
137.840,14.047,31.4,0.001,1.000,0.504,0.002,0.002,0.002,0.000,0.000,4.943,0.000,0.000,0.000,0,4,0,-4,-3,0,0,637,0,0,0,0,1185
137.860,14.047,31.4,0.001,1.000,0.504,0.002,0.002,0.002,0.000,0.000,4.943,0.000,0.000,0.000,0,4,0,-4,-3,0,0,-162,0,0,0,0,-84
137.878,14.047,31.4,0.001,1.000,0.504,0.002,0.002,0.002,0.000,0.000,4.943,0.000,0.000,0.000,0,4,0,-4,-3,0,0,-686,0,0,0,0,-1213
137.895,14.221,31.8,0.001,1.000,0.319,0.003,0.002,0.002,0.000,0.000,3.125,0.000,0.000,0.000,0,4,0,-4,-3,0,0,-217,0,0,0,0,-112
137.918,14.221,31.8,0.001,1.000,0.319,0.003,0.002,0.002,0.000,0.000,3.125,0.000,0.000,0.000,0,4,0,-4,-3,0,0,415,0,0,0,0,1085
137.940,14.320,32.0,0.001,0.620,0.225,0.003,0.002,0.002,0.000,0.000,2.212,0.000,0.000,0.000,0,4,0,-4,-3,0,0,180,0,0,0,0,86
137.965,14.320,32.0,0.001,0.620,0.225,0.003,0.002,0.002,0.000,0.000,2.212,0.000,0.000,0.000,0,4,0,-4,-3,0,0,-337,0,0,0,0,-1056
137.996,14.324,32.0,0.001,0.108,0.007,0.003,0.002,0.002,0.000,0.000,0.075,0.000,0.000,0.000,0,4,0,-4,-3,0,0,19,0,0,0,0,6
138.017,14.324,32.0,0.001,0.108,0.007,0.003,0.002,0.002,0.000,0.000,0.075,0.000,0.000,0.000,0,4,0,-4,-3,0,0,90,0,0,0,0,41
138.043,14.309,32.0,0.001,0.000,-0.031,0.002,0.002,0.002,0.000,0.000,0.309,0.000,0.000,0.000,0,4,0,-4,-3,0,0,-38,0,0,0,0,-22
138.060,14.309,32.0,0.001,0.000,-0.031,0.002,0.002,0.002,0.000,0.000,0.309,0.000,0.000,0.000,0,4,0,-4,-3,0,0,-119,0,0,0,0,-63
138.091,14.295,32.0,0.001,0.000,-0.030,0.002,0.002,0.002,0.000,0.000,0.295,0.000,0.000,0.000,0,4,0,-4,-3,0,0,53,0,0,0,0,23
138.111,14.295,32.0,0.001,0.000,-0.030,0.002,0.002,0.002,0.000,0.000,0.295,0.000,0.000,0.000,0,4,0,-4,-3,0,0,112,0,0,0,0,52
138.127,14.295,32.0,0.001,0.000,-0.030,0.002,0.002,0.002,0.000,0.000,0.295,0.000,0.000,0.000,0,4,0,-4,-3,0,0,18,0,0,0,0,5
138.144,14.277,31.9,0.001,0.000,-0.035,0.002,0.002,0.002,0.000,0.000,0.344,0.000,0.000,0.000,0,4,0,-4,-3,0,0,-105,0,0,0,0,-56
138.168,14.277,31.9,0.001,0.000,-0.035,0.002,0.002,0.002,0.000,0.000,0.344,0.000,0.000,0.000,0,4,0,-4,-3,0,0,-59,0,0,0,0,-33
138.189,14.277,31.9,0.001,0.000,-0.035,0.002,0.002,0.002,0.000,0.000,0.344,0.000,0.000,0.000,0,4,0,-4,-3,0,0,100,0,0,0,0,46
138.215,14.263,31.9,0.001,0.000,-0.020,0.002,0.002,0.002,0.000,0.000,0.196,0.000,0.000,0.000,0,4,0,-4,-3,0,0,36,0,0,0,0,15
138.247,14.249,31.9,0.001,0.000,-0.044,0.002,0.002,0.002,0.000,0.000,0.432,0.000,0.000,0.000,0,4,0,-4,-3,0,0,-130,0,0,0,0,-69
138.267,14.249,31.9,0.001,0.000,-0.044,0.002,0.002,0.002,0.000,0.000,0.432,0.000,0.000,0.000,0,4,0,-4,-3,0,0,11,0,0,0,0,2
138.293,14.249,31.9,0.001,0.000,-0.044,0.002,0.002,0.002,0.000,0.000,0.432,0.000,0.000,0.000,0,4,0,-4,-3,0,0,129,0,0,0,0,61
138.310,14.231,31.8,0.001,0.000,-0.030,0.002,0.002,0.002,0.000,0.000,0.292,0.000,0.000,0.000,0,4,0,-4,-3,0,0,7,0,0,0,0,0
138.326,14.231,31.8,0.001,0.000,-0.030,0.002,0.002,0.002,0.000,0.000,0.292,0.000,0.000,0.000,0,4,0,-4,-3,0,0,-100,0,0,0,0,-54
138.348,14.231,31.8,0.001,0.000,-0.030,0.002,0.002,0.002,0.000,0.000,0.292,0.000,0.000,0.000,0,4,0,-4,-3,0,0,-69,0,0,0,0,-38
138.371,14.217,31.8,0.001,0.000,-0.023,0.002,0.002,0.002,0.000,0.000,0.230,0.000,0.000,0.000,0,4,0,-4,-3,0,0,92,0,0,0,0,42
138.389,14.217,31.8,0.001,0.000,-0.023,0.002,0.002,0.002,0.000,0.000,0.230,0.000,0.000,0.000,0,4,0,-4,-3,0,0,87,0,0,0,0,40
138.418,14.203,31.8,0.001,0.000,-0.030,0.002,0.002,0.002,0.000,0.000,0.299,0.000,0.000,0.000,0,4,0,-4,-3,0,0,-103,0,0,0,0,-55
138.439,14.203,31.8,0.001,0.000,-0.030,0.002,0.002,0.002,0.000,0.000,0.299,0.000,0.000,0.000,0,4,0,-4,-3,0,0,-68,0,0,0,0,-37
138.465,14.185,31.7,0.001,0.000,-0.039,0.002,0.002,0.002,0.000,0.000,0.383,0.000,0.000,0.000,0,4,0,-4,-3,0,0,120,0,0,0,0,56
138.497,14.185,31.7,0.001,0.000,-0.039,0.002,0.002,0.002,0.000,0.000,0.383,0.000,0.000,0.000,0,4,0,-4,-3,0,0,-34,0,0,0,0,-20
138.518,14.171,31.7,0.001,0.000,-0.027,0.002,0.002,0.002,0.000,0.000,0.264,0.000,0.000,0.000,0,4,0,-4,-3,0,0,-112,0,0,0,0,-59
138.543,14.171,31.7,0.001,0.000,-0.027,0.002,0.002,0.002,0.000,0.000,0.264,0.000,0.000,0.000,0,4,0,-4,-3,0,0,42,0,0,0,0,18
138.561,14.157,31.7,0.001,0.000,-0.033,0.002,0.002,0.002,0.000,0.000,0.322,0.000,0.000,0.000,0,4,0,-4,-3,0,0,120,0,0,0,0,56
138.590,14.157,31.7,0.001,0.000,-0.033,0.002,0.002,0.002,0.000,0.000,0.322,0.000,0.000,0.000,0,4,0,-4,-3,0,0,-50,0,0,0,0,-29
138.611,14.139,31.6,0.001,0.000,-0.037,0.003,0.002,0.002,0.000,0.000,0.363,0.000,0.000,0.000,0,4,0,-4,-3,0,0,-120,0,0,0,0,-64
138.628,14.139,31.6,0.001,0.000,-0.037,0.003,0.002,0.002,0.000,0.000,0.363,0.000,0.000,0.000,0,4,0,-4,-3,0,0,-10,0,0,0,0,-9
138.646,14.139,31.6,0.001,0.000,-0.037,0.003,0.002,0.002,0.000,0.000,0.363,0.000,0.000,0.000,0,4,0,-4,-3,0,0,113,0,0,0,0,53
138.668,14.125,31.6,0.001,0.000,-0.025,0.003,0.002,0.002,0.000,0.000,0.244,0.000,0.000,0.000,0,4,0,-4,-3,0,0,52,0,0,0,0,22
138.689,14.125,31.6,0.001,0.000,-0.025,0.003,0.002,0.002,0.000,0.000,0.244,0.000,0.000,0.000,0,4,0,-4,-3,0,0,-93,0,0,0,0,-50
138.715,14.112,31.6,0.001,0.000,-0.030,0.003,0.002,0.002,0.000,0.000,0.295,0.000,0.000,0.000,0,4,0,-4,-3,0,0,-44,0,0,0,0,-26
138.731,14.112,31.6,0.001,0.000,-0.030,0.003,0.002,0.002,0.000,0.000,0.295,0.000,0.000,0.000,0,4,0,-4,-3,0,0,79,0,0,0,0,36
138.748,14.112,31.6,0.001,0.000,-0.030,0.003,0.002,0.002,0.000,0.000,0.295,0.000,0.000,0.000,0,4,0,-4,-3,0,0,109,0,0,0,0,51
138.769,14.093,31.5,0.001,0.000,-0.035,0.003,0.002,0.002,0.000,0.000,0.342,0.000,0.000,0.000,0,4,0,-4,-3,0,0,-25,0,0,0,0,-16
138.793,14.093,31.5,0.001,0.000,-0.035,0.003,0.002,0.002,0.000,0.000,0.342,0.000,0.000,0.000,0,4,0,-4,-3,0,0,-115,0,0,0,0,-61
138.810,14.093,31.5,0.001,0.000,-0.035,0.003,0.002,0.002,0.000,0.000,0.342,0.000,0.000,0.000,0,4,0,-4,-3,0,0,-8,0,0,0,0,-8
138.840,14.079,31.5,0.001,0.000,-0.020,0.003,0.002,0.002,0.000,0.000,0.197,0.000,0.000,0.000,0,4,0,-4,-3,0,0,96,0,0,0,0,44
138.860,14.079,31.5,0.001,0.000,-0.020,0.003,0.002,0.002,0.000,0.000,0.197,0.000,0.000,0.000,0,4,0,-4,-3,0,0,-20,0,0,0,0,-14
138.877,14.066,31.5,0.001,0.000,-0.037,0.003,0.002,0.002,0.000,0.000,0.366,0.000,0.000,0.000,0,4,0,-4,-3,0,0,-122,0,0,0,0,-65
138.894,14.066,31.5,0.001,0.000,-0.037,0.003,0.002,0.002,0.000,0.000,0.366,0.000,0.000,0.000,0,4,0,-4,-3,0,0,-65,0,0,0,0,-36
138.918,14.066,31.5,0.001,0.000,-0.037,0.003,0.002,0.002,0.000,0.000,0.366,0.000,0.000,0.000,0,4,0,-4,-3,0,0,109,0,0,0,0,51
138.940,14.047,31.4,0.001,0.000,-0.030,0.003,0.002,0.002,0.000,0.000,0.292,0.000,0.000,0.000,0,4,0,-4,-3,0,0,60,0,0,0,0,26
138.965,14.047,31.4,0.001,0.000,-0.030,0.003,0.002,0.002,0.000,0.000,0.292,0.000,0.000,0.000,0,4,0,-4,-3,0,0,-107,0,0,0,0,-57
138.996,14.034,31.4,0.001,0.000,-0.025,0.003,0.002,0.002,0.000,0.000,0.245,0.000,0.000,0.000,0,4,0,-4,-3,0,0,24,0,0,0,0,8
139.021,14.034,31.4,0.001,0.000,-0.025,0.003,0.002,0.002,0.000,0.000,0.245,0.000,0.000,0.000,0,4,0,-4,-3,0,0,103,0,0,0,0,48
139.037,14.020,31.4,0.001,0.000,-0.034,0.003,0.002,0.002,0.000,0.000,0.338,0.000,0.000,0.000,0,4,0,-4,-3,0,0,10,0,0,0,0,1
139.054,14.020,31.4,0.001,0.000,-0.034,0.003,0.002,0.002,0.000,0.000,0.338,0.000,0.000,0.000,0,4,0,-4,-3,0,0,-107,0,0,0,0,-57
139.071,14.020,31.4,0.001,0.000,-0.034,0.003,0.002,0.002,0.000,0.000,0.338,0.000,0.000,0.000,0,4,0,-4,-3,0,0,-96,0,0,0,0,-52
139.092,14.002,31.3,0.001,0.000,-0.034,0.003,0.002,0.002,0.000,0.000,0.332,0.000,0.000,0.000,0,4,0,-5,-3,0,0,61,0,0,0,0,26
139.108,14.002,31.3,0.001,0.000,-0.034,0.003,0.002,0.002,0.000,0.000,0.332,0.000,0.000,0.000,0,4,0,-5,-3,0,0,119,0,0,0,0,56
139.126,14.002,31.3,0.001,0.000,-0.034,0.003,0.002,0.002,0.000,0.000,0.332,0.000,0.000,0.000,0,4,0,-5,-3,0,0,30,0,0,0,0,11
139.143,13.988,31.3,0.001,0.000,-0.027,0.003,0.002,0.002,0.000,0.000,0.269,0.000,0.000,0.000,0,4,0,-5,-3,0,0,-91,0,0,0,0,-50
139.164,13.988,31.3,0.001,0.000,-0.027,0.003,0.002,0.002,0.000,0.000,0.269,0.000,0.000,0.000,0,4,0,-5,-3,0,0,-78,0,0,0,0,-43
139.181,13.988,31.3,0.001,0.000,-0.027,0.003,0.002,0.002,0.000,0.000,0.269,0.000,0.000,0.000,0,4,0,-5,-3,0,0,44,0,0,0,0,18
139.198,13.974,31.3,0.001,0.000,-0.026,0.003,0.002,0.002,0.000,0.000,0.252,0.000,0.000,0.000,0,4,0,-5,-3,0,0,110,0,0,0,0,51
139.215,13.974,31.3,0.001,0.000,-0.026,0.003,0.002,0.002,0.000,0.000,0.252,0.000,0.000,0.000,0,4,0,-5,-3,0,0,38,0,0,0,0,15
139.237,13.956,31.2,0.001,0.000,-0.048,0.003,0.002,0.002,0.000,0.000,0.469,0.000,0.000,0.000,0,4,0,-5,-4,0,0,-124,0,0,0,0,-66
139.254,13.956,31.2,0.001,0.000,-0.048,0.003,0.002,0.002,0.000,0.000,0.469,0.000,0.000,0.000,0,4,0,-5,-4,0,0,-101,0,0,0,0,-55
139.271,13.956,31.2,0.001,0.000,-0.048,0.003,0.002,0.002,0.000,0.000,0.469,0.000,0.000,0.000,0,4,0,-5,-4,0,0,46,0,0,0,0,18
139.293,13.942,31.2,0.001,0.000,-0.025,0.004,0.003,0.003,0.000,0.000,0.245,0.000,0.000,0.000,0,4,0,-6,-4,0,0,102,0,0,0,0,46
139.315,13.942,31.2,0.001,0.000,-0.025,0.004,0.003,0.003,0.000,0.000,0.245,0.000,0.000,0.000,0,4,0,-6,-4,0,0,-24,0,0,0,0,-17
139.341,13.929,31.2,0.001,0.000,-0.030,0.004,0.003,0.003,0.000,0.000,0.295,0.000,0.000,0.000,0,4,0,-7,-5,0,0,-102,0,0,0,0,-57
139.372,13.929,31.2,0.001,0.000,-0.030,0.004,0.003,0.003,0.000,0.000,0.295,0.000,0.000,0.000,0,4,0,-7,-5,0,0,99,0,0,0,0,43
139.393,13.910,31.1,0.002,0.000,-0.036,0.007,0.005,0.005,0.000,0.000,0.358,0.000,0.000,0.000,0,4,0,-11,-8,0,0,71,0,0,0,0,26
139.419,13.910,31.1,0.002,0.000,-0.036,0.007,0.005,0.005,0.000,0.000,0.358,0.000,0.000,0.000,0,4,0,-11,-8,0,0,-111,0,0,0,0,-65
139.436,13.910,31.1,0.002,0.000,-0.036,0.007,0.005,0.005,0.000,0.000,0.358,0.000,0.000,0.000,0,4,0,-11,-8,0,0,-89,0,0,0,0,-54
139.465,13.897,31.1,0.005,0.000,-0.020,0.016,0.011,0.011,0.000,0.000,0.218,0.000,0.000,0.000,0,4,0,-26,-19,0,0,97,0,0,0,0,26
139.486,13.897,31.1,0.005,0.000,-0.020,0.016,0.011,0.011,0.000,0.000,0.218,0.000,0.000,0.000,0,4,0,-26,-19,0,0,47,0,0,0,0,1
139.504,13.883,31.1,0.013,0.000,-0.035,0.043,0.030,0.030,0.000,0.000,0.603,0.000,0.000,0.000,0,4,0,-69,-52,0,0,-102,0,0,0,0,-96
139.520,13.883,31.1,0.013,0.000,-0.035,0.043,0.030,0.030,0.000,0.000,0.603,0.000,0.000,0.000,0,4,0,-69,-52,0,0,-145,0,0,0,0,-133
139.543,13.883,31.1,0.013,0.000,-0.035,0.043,0.030,0.030,0.000,0.000,0.603,0.000,0.000,0.000,0,4,0,-69,-52,0,0,48,0,0,0,0,-36
139.564,13.865,31.0,0.030,0.000,-0.031,0.096,0.068,0.067,0.000,0.000,1.027,0.000,0.000,0.000,0,4,0,-157,-117,0,0,199,0,0,0,0,11
139.580,13.865,31.0,0.030,0.000,-0.031,0.096,0.068,0.067,0.000,0.000,1.027,0.000,0.000,0.000,0,4,0,-157,-117,0,0,52,0,0,0,0,-83
139.597,13.865,31.0,0.030,0.000,-0.031,0.096,0.068,0.067,0.000,0.000,1.027,0.000,0.000,0.000,0,4,0,-157,-117,0,0,-161,0,0,0,0,-1092
139.621,13.851,31.0,0.061,0.000,-0.024,0.196,0.139,0.138,0.000,0.000,1.610,0.000,0.000,0.000,0,4,0,-320,-238,0,0,-148,0,0,0,0,-1114
139.642,13.851,31.0,0.061,0.000,-0.024,0.196,0.139,0.138,0.000,0.000,1.610,0.000,0.000,0.000,0,4,0,-320,-238,0,0,214,0,0,0,0,-83
139.668,13.838,31.0,0.111,0.000,-0.028,0.355,0.252,0.249,0.000,0.000,3.497,0.000,0.000,0.000,0,4,0,-578,-431,0,0,224,0,0,0,0,-111
139.685,13.838,31.0,0.111,0.000,-0.028,0.355,0.252,0.249,0.000,0.000,3.497,0.000,0.000,0.000,0,4,0,-578,-431,0,0,-333,0,0,0,0,-1273
139.702,13.822,30.9,0.180,0.000,-0.048,0.577,0.409,0.405,0.000,0.000,10.344,0.012,0.189,0.000,0,4,0,-938,-700,0,0,-1228,0,0,0,0,-1698
139.723,13.822,30.9,0.180,0.000,-0.048,0.577,0.409,0.405,0.000,0.000,10.344,0.012,0.189,0.000,0,4,0,-938,-700,0,0,263,0,0,0,0,-1048
139.747,13.822,30.9,0.180,0.000,-0.048,0.577,0.409,0.405,0.000,0.000,10.344,0.012,0.189,0.000,0,4,0,-938,-700,0,0,1255,0,0,0,0,1173
139.764,13.813,30.9,0.244,0.000,-0.016,0.779,0.553,0.547,0.000,0.000,5.853,0.306,0.319,0.000,0,4,0,-1268,-946,0,0,113,0,0,0,0,-1163
139.780,13.813,30.9,0.244,0.000,-0.016,0.779,0.553,0.547,0.000,0.000,5.853,0.306,0.319,0.000,0,4,0,-1268,-946,0,0,-665,0,0,0,0,-1535
139.802,13.813,30.9,0.244,0.000,-0.016,0.779,0.553,0.547,0.000,0.000,5.853,0.306,0.319,0.000,0,4,0,-1268,-946,0,0,-470,0,0,0,0,-1472
139.819,13.806,30.9,0.314,0.000,-0.012,1.005,0.714,0.706,0.000,0.000,8.319,-0.018,0.436,0.000,0,4,0,-1635,-1220,0,0,537,0,0,0,0,-1036
139.841,13.806,30.9,0.314,0.000,-0.012,1.005,0.714,0.706,0.000,0.000,8.319,-0.018,0.436,0.000,0,4,0,-1635,-1220,0,0,974,0,0,0,0,40
139.872,13.798,30.9,0.392,0.000,-0.016,1.254,0.891,0.881,0.000,0.000,14.471,-0.393,0.573,0.000,0,4,0,-2040,-1523,0,0,-1113,0,0,0,0,-1845
139.893,13.798,30.9,0.392,0.000,-0.016,1.254,0.891,0.881,0.000,0.000,14.471,-0.393,0.573,0.000,0,4,0,-2040,-1523,0,0,-745,0,0,0,0,-1704
139.919,13.802,30.9,0.473,0.000,0.008,1.514,1.076,1.063,0.000,0.000,15.047,0.000,0.000,0.000,0,4,0,-2461,-1838,0,0,1178,0,0,0,0,40
139.935,13.802,30.9,0.473,0.000,0.008,1.514,1.076,1.063,0.000,0.000,15.047,0.000,0.000,0.000,0,4,0,-2461,-1838,0,0,975,0,0,0,0,-83
139.965,13.811,30.9,0.548,0.000,0.021,1.753,1.245,1.230,0.000,0.000,17.257,0.000,0.000,0.000,0,4,0,-2850,-2129,0,0,-1216,0,0,0,0,-2002
139.986,13.811,30.9,0.548,0.000,0.021,1.753,1.245,1.230,0.000,0.000,17.257,0.000,0.000,0.000,0,4,0,-2850,-2129,0,0,-579,0,0,0,0,-1738
140.004,13.811,30.9,0.548,0.000,0.021,1.753,1.245,1.230,0.000,0.000,17.257,0.000,0.000,0.000,0,4,0,-2850,-2129,0,0,868,0,0,0,0,-1104
140.020,13.816,30.9,0.610,0.000,0.010,1.949,1.384,1.368,0.000,0.000,21.198,0.000,0.000,0.000,0,4,0,-3170,-2366,0,0,1236,0,0,0,0,-63
140.043,13.816,30.9,0.610,0.000,0.010,1.949,1.384,1.368,0.000,0.000,21.198,0.000,0.000,0.000,0,4,0,-3170,-2366,0,0,-413,0,0,0,0,-1730
140.065,13.816,30.9,0.610,0.000,0.010,1.949,1.384,1.368,0.000,0.000,21.198,0.000,0.000,0.000,0,4,0,-3170,-2366,0,0,-1254,0,0,0,0,-2137
140.090,13.827,30.9,0.657,0.000,0.016,2.101,1.491,1.472,0.000,0.000,12.373,0.000,0.000,0.000,0,4,0,-3415,-2551,0,0,502,0,0,0,0,-1371
140.106,13.827,30.9,0.657,0.000,0.016,2.101,1.491,1.472,0.000,0.000,12.373,0.000,0.000,0.000,0,4,0,-3415,-2551,0,0,1296,0,0,0,0,-145
140.123,13.831,30.9,0.679,0.000,0.010,2.171,1.540,1.522,0.000,0.000,24.865,0.000,0.000,0.000,0,4,0,-3531,-2636,0,0,534,0,0,0,0,-1396
140.144,13.831,30.9,0.679,0.000,0.010,2.171,1.540,1.522,0.000,0.000,24.865,0.000,0.000,0.000,0,4,0,-3531,-2636,0,0,-1113,0,0,0,0,-2166
140.169,13.831,30.9,0.679,0.000,0.010,2.171,1.540,1.522,0.000,0.000,24.865,0.000,0.000,0.000,0,4,0,-3531,-2636,0,0,-536,0,0,0,0,-1934
140.185,13.805,30.9,0.686,-0.006,-0.042,2.190,1.556,1.540,0.000,0.000,18.380,0.000,0.000,0.000,0,4,0,-3566,-2659,0,0,847,0,0,0,0,-1327
140.215,13.805,30.9,0.686,-0.006,-0.042,2.190,1.556,1.540,0.000,0.000,18.380,0.000,0.000,0.000,0,4,0,-3566,-2659,0,0,444,0,0,0,0,-1545
140.237,13.765,30.8,0.684,-0.047,-0.079,2.182,1.555,1.541,0.000,0.000,16.517,0.000,0.000,0.000,0,4,0,-3559,-2649,0,-290,-1168,0,0,0,0,-2300
140.253,13.765,30.8,0.684,-0.047,-0.079,2.182,1.555,1.541,0.000,0.000,16.517,0.000,0.000,0.000,0,4,0,-3559,-2649,0,-290,-986,0,0,0,0,-2237
140.271,13.765,30.8,0.684,-0.047,-0.079,2.182,1.555,1.541,0.000,0.000,16.517,0.000,0.000,0.000,0,4,0,-3559,-2649,0,-290,430,0,0,0,0,-1616
140.288,13.690,30.6,0.679,-0.101,-0.149,2.160,1.548,1.539,0.000,0.000,16.753,0.000,0.000,0.000,0,4,0,-3533,-2623,0,-547,1282,0,0,0,0,-1251
140.309,13.690,30.6,0.679,-0.101,-0.149,2.160,1.548,1.539,0.000,0.000,16.753,0.000,0.000,0.000,0,4,0,-3533,-2623,0,-547,184,0,0,0,0,-1773
140.325,13.690,30.6,0.679,-0.101,-0.149,2.160,1.548,1.539,0.000,0.000,16.753,0.000,0.000,0.000,0,4,0,-3533,-2623,0,-547,-1057,0,0,0,0,-2354
140.342,13.498,30.2,0.676,-0.207,-0.359,2.147,1.560,1.553,0.000,0.000,20.829,0.000,0.000,0.000,0,4,0,-3517,-2607,0,-1318,-1063,0,0,0,0,-2376
140.372,13.498,30.2,0.676,-0.207,-0.359,2.147,1.560,1.553,0.000,0.000,20.829,0.000,0.000,0.000,0,4,0,-3517,-2607,0,-1318,1090,0,0,0,0,-1436
140.393,13.294,29.7,0.664,-0.330,-0.409,2.091,1.543,1.549,0.000,0.000,17.250,0.000,0.000,0.000,0,4,0,-3454,-2539,0,-1501,735,0,0,0,0,-1622
140.418,13.294,29.7,0.664,-0.330,-0.409,2.091,1.543,1.549,0.000,0.000,17.250,0.000,0.000,0.000,0,4,0,-3454,-2539,0,-1501,-1096,0,0,0,0,-2480
140.435,12.976,29.0,0.645,-0.555,-0.778,2.013,1.522,1.486,0.000,0.000,21.779,0.000,0.000,0.000,0,4,0,-3355,-2444,0,-2200,-945,0,849,0,0,-2048
140.451,12.976,29.0,0.645,-0.555,-0.778,2.013,1.522,1.486,0.000,0.000,21.779,0.000,0.000,0.000,0,4,0,-3355,-2444,0,-2200,303,0,195,0,0,-1798
140.473,12.976,29.0,0.645,-0.555,-0.778,2.013,1.522,1.486,0.000,0.000,21.779,0.000,0.000,0.000,0,4,0,-3355,-2444,0,-2200,1202,0,-837,0,0,-1883
140.496,12.442,27.8,0.605,-0.782,-0.884,1.831,1.444,1.322,0.000,0.000,37.112,0.000,0.000,0.000,0,4,0,-3147,-2224,0,-2200,-253,0,21,0,0,-2181
140.512,12.442,27.8,0.605,-0.782,-0.884,1.831,1.444,1.322,0.000,0.000,37.112,0.000,0.000,0.000,0,4,0,-3147,-2224,0,-2200,-1134,0,1067,0,0,-2126
140.528,12.442,27.8,0.605,-0.782,-0.884,1.831,1.444,1.322,0.000,0.000,37.112,0.000,0.000,0.000,0,4,0,-3147,-2224,0,-2200,-761,0,735,0,0,-2126
140.549,12.035,26.9,0.539,-0.871,-0.783,1.548,1.262,1.121,0.000,0.000,15.832,0.000,0.000,0.000,0,4,0,-2804,-1880,0,-2200,764,0,-665,0,0,-2094
140.566,12.035,26.9,0.539,-0.871,-0.783,1.548,1.262,1.121,0.000,0.000,15.832,0.000,0.000,0.000,0,4,0,-2804,-1880,0,-2200,1061,0,-720,0,0,-2004
140.591,11.604,26.0,0.451,-0.904,-1.061,1.208,1.021,0.888,0.000,0.000,17.068,0.000,0.000,0.000,0,4,0,-2345,-1466,0,-2200,-489,0,986,0,0,-1963
140.607,11.604,26.0,0.451,-0.904,-1.061,1.208,1.021,0.888,0.000,0.000,17.068,0.000,0.000,0.000,0,4,0,-2345,-1466,0,-2200,-1087,0,1117,0,0,-2194
140.629,11.604,26.0,0.451,-0.904,-1.061,1.208,1.021,0.888,0.000,0.000,17.068,0.000,0.000,0.000,0,4,0,-2345,-1466,0,-2200,-29,0,-742,0,0,-2582
140.646,10.996,24.6,0.355,-0.931,-1.126,0.846,0.755,0.653,0.000,0.000,14.733,-0.383,-0.192,0.000,0,4,0,-1847,-1028,0,-2200,930,0,-1245,0,0,-2395
140.662,10.996,24.6,0.355,-0.931,-1.126,0.846,0.755,0.653,0.000,0.000,14.733,-0.383,-0.192,0.000,0,4,0,-1847,-1028,0,-2200,788,0,-34,0,0,-1931
140.679,10.996,24.6,0.355,-0.931,-1.126,0.846,0.755,0.653,0.000,0.000,14.733,-0.383,-0.192,0.000,0,4,0,-1847,-1028,0,-2200,-268,0,1216,0,0,-1862
140.700,10.539,23.6,0.251,-0.934,-0.863,0.557,0.518,0.436,0.000,0.000,9.904,-0.643,-0.321,0.000,0,4,0,-1303,-676,0,-2200,-968,0,359,0,0,-2592
140.716,10.539,23.6,0.251,-0.934,-0.863,0.557,0.518,0.436,0.000,0.000,9.904,-0.643,-0.321,0.000,0,4,0,-1303,-676,0,-2200,-274,0,-840,0,0,-2839
140.733,10.539,23.6,0.251,-0.934,-0.863,0.557,0.518,0.436,0.000,0.000,9.904,-0.643,-0.321,0.000,0,4,0,-1303,-676,0,-2200,738,0,-904,0,0,-2430
140.750,10.080,22.5,0.153,-0.934,-0.934,0.311,0.303,0.252,0.000,0.000,9.762,-0.294,-0.436,0.000,0,4,0,-795,-378,0,-2200,824,0,363,0,0,-1838
140.772,10.080,22.5,0.153,-0.934,-0.934,0.311,0.303,0.252,0.000,0.000,9.762,-0.294,-0.436,0.000,0,4,0,-795,-378,0,-2200,-366,0,1174,0,0,-2035
140.793,10.080,22.5,0.153,-0.934,-0.934,0.311,0.303,0.252,0.000,0.000,9.762,-0.294,-0.436,0.000,0,4,0,-795,-378,0,-2200,-875,0,-516,0,0,-3055
140.810,9.424,21.1,0.071,-0.946,-1.105,0.125,0.130,0.109,0.000,0.000,10.937,0.125,-0.575,0.000,0,4,0,-368,-152,0,-2200,-53,0,-1287,0,0,-3012
140.827,9.424,21.1,0.071,-0.946,-1.105,0.125,0.130,0.109,0.000,0.000,10.937,0.125,-0.575,0.000,0,4,0,-368,-152,0,-2200,791,0,-199,0,0,-2118
140.848,9.424,21.1,0.071,-0.946,-1.105,0.125,0.130,0.109,0.000,0.000,10.937,0.125,-0.575,0.000,0,4,0,-368,-152,0,-2200,515,0,1278,0,0,-1550
140.864,8.934,20.0,0.018,-0.969,-0.927,0.030,0.032,0.027,0.000,0.000,9.101,0.000,0.000,0.000,0,4,0,-95,-36,0,-2200,-381,0,604,0,0,-2242
140.881,8.934,20.0,0.018,-0.969,-0.927,0.030,0.032,0.027,0.000,0.000,9.101,0.000,0.000,0.000,0,4,0,-95,-36,0,-2200,-764,0,-831,0,0,-3045
140.898,8.934,20.0,0.018,-0.969,-0.927,0.030,0.032,0.027,0.000,0.000,9.101,0.000,0.000,0.000,0,4,0,-95,-36,0,-2200,-233,0,-1121,0,0,-2916
140.919,8.429,18.9,0.000,-1.000,-0.937,0.000,0.000,0.000,0.000,0.000,9.192,0.000,0.000,0.000,0,4,0,0,0,0,-2200,674,0,598,0,0,-1702
140.937,8.429,18.9,0.000,-1.000,-0.937,0.000,0.000,0.000,0.000,0.000,9.192,0.000,0.000,0.000,0,4,0,0,0,0,-2200,499,0,1229,0,0,-1475
140.953,7.752,17.3,-0.014,-1.000,-2.058,-0.017,-0.021,-0.017,0.000,0.000,20.192,0.000,0.000,0.000,0,4,0,64,20,0,2200,-250,0,158,0,0,-2281
140.970,7.752,17.3,-0.014,-1.000,-2.058,-0.017,-0.021,-0.017,0.000,0.000,20.192,0.000,0.000,0.000,0,4,0,64,20,0,2200,-727,0,-1215,0,0,-3096
140.991,7.752,17.3,-0.014,-1.000,-2.058,-0.017,-0.021,-0.017,0.000,0.000,20.192,0.000,0.000,0.000,0,4,0,64,20,0,2200,-103,0,-476,0,0,-2455
141.008,7.248,16.2,-0.054,-1.000,-0.934,-0.058,-0.079,-0.064,0.000,0.000,9.181,0.000,0.000,0.000,0,4,0,242,71,0,2200,532,0,975,0,0,-1491
141.025,7.248,16.2,-0.054,-1.000,-0.934,-0.058,-0.079,-0.064,0.000,0.000,9.181,0.000,0.000,0.000,0,4,0,242,71,0,2200,511,0,1042,0,0,-1450
141.043,7.248,16.2,-0.054,-1.000,-0.934,-0.058,-0.079,-0.064,0.000,0.000,9.181,0.000,0.000,0.000,0,4,0,242,71,0,2200,-203,0,-519,0,0,-2458
141.064,6.745,15.1,-0.113,-1.000,-0.904,-0.106,-0.154,-0.125,0.000,0.000,8.915,0.000,0.000,0.000,0,4,0,482,129,0,2200,-554,0,-1062,0,0,-2838
141.081,6.745,15.1,-0.113,-1.000,-0.904,-0.106,-0.154,-0.125,0.000,0.000,8.915,0.000,0.000,0.000,0,4,0,482,129,0,2200,-127,0,124,0,0,-2090
141.098,6.745,15.1,-0.113,-1.000,-0.904,-0.106,-0.154,-0.125,0.000,0.000,8.915,0.000,0.000,0.000,0,4,0,482,129,0,2200,474,0,1168,0,0,-1324
141.116,6.075,13.6,-0.169,-1.000,-1.332,-0.126,-0.204,-0.168,0.000,0.000,13.167,0.000,0.000,0.000,0,4,0,673,153,0,2200,463,0,504,0,0,-1609
141.137,6.075,13.6,-0.169,-1.000,-1.332,-0.126,-0.204,-0.168,0.000,0.000,13.167,0.000,0.000,0.000,0,4,0,673,153,0,2200,-274,0,-1204,0,0,-2691
141.168,5.575,12.5,-0.207,-1.000,-0.971,-0.134,-0.237,-0.190,0.000,0.000,9.619,0.000,0.000,0.000,0,4,0,782,163,0,2200,-225,0,529,0,0,-1847
141.185,5.575,12.5,-0.207,-1.000,-0.971,-0.134,-0.237,-0.190,0.000,0.000,9.619,0.000,0.000,0.000,0,4,0,782,163,0,2200,331,0,1289,0,0,-1231
141.216,5.075,11.4,-0.233,-1.000,-1.071,-0.126,-0.244,-0.195,0.000,0.000,10.590,0.000,0.000,0.000,0,4,0,831,154,0,2200,150,0,-985,0,0,-2307
141.237,5.075,11.4,-0.233,-1.000,-1.071,-0.126,-0.244,-0.195,0.000,0.000,10.590,0.000,0.000,0.000,0,4,0,831,154,0,2200,-435,0,-811,0,0,-2468
141.254,5.075,11.4,-0.233,-1.000,-1.071,-0.126,-0.244,-0.195,0.000,0.000,10.590,0.000,0.000,0.000,0,4,0,831,154,0,2200,-340,0,763,0,0,-1692
141.271,4.402,9.8,-0.258,-1.000,-1.235,-0.103,-0.230,-0.188,0.000,0.000,12.174,0.000,0.000,0.000,0,4,0,849,125,0,2200,153,0,1227,0,0,-1239
141.288,4.402,9.8,-0.258,-1.000,-1.235,-0.103,-0.230,-0.188,0.000,0.000,12.174,0.000,0.000,0.000,0,4,0,849,125,0,2200,412,0,-8,0,0,-1661
141.310,4.402,9.8,-0.258,-1.000,-1.235,-0.103,-0.230,-0.188,0.000,0.000,12.174,0.000,0.000,0.000,0,4,0,849,125,0,2200,45,0,-1295,0,0,-2384
141.326,3.905,8.7,-0.288,-1.000,-0.921,-0.095,-0.238,-0.186,0.000,0.000,9.084,0.000,0.000,0.000,0,4,0,887,115,0,2200,-289,0,0,0,0,-1929
141.343,3.905,8.7,-0.288,-1.000,-0.921,-0.095,-0.238,-0.186,0.000,0.000,9.084,0.000,0.000,0.000,0,4,0,887,115,0,2200,-275,0,0,0,0,-1904
141.372,3.418,7.6,-0.319,-1.000,-1.081,-0.082,-0.234,-0.181,0.000,0.000,10.638,0.000,0.000,0.000,0,4,0,917,99,0,2200,281,0,0,0,0,-1617
141.394,3.418,7.6,-0.319,-1.000,-1.081,-0.082,-0.234,-0.181,0.000,0.000,10.638,0.000,0.000,0.000,0,4,0,917,99,0,2200,175,0,0,0,0,-1640
141.419,3.418,7.6,-0.319,-1.000,-1.081,-0.082,-0.234,-0.181,0.000,0.000,10.638,0.000,0.000,0.000,0,4,0,917,99,0,2200,-292,0,0,0,0,-1822
141.436,2.750,6.2,-0.335,-1.000,-1.073,-0.054,-0.194,-0.153,0.000,0.000,10.540,0.000,0.000,0.000,0,4,0,871,66,0,2200,-189,0,0,0,0,-1755
141.465,2.750,6.2,-0.335,-1.000,-1.073,-0.054,-0.194,-0.153,0.000,0.000,10.540,0.000,0.000,0.000,0,4,0,871,66,0,2200,239,0,0,0,0,-1527
141.486,2.255,5.0,-0.336,-1.000,-1.008,-0.040,-0.174,-0.126,0.000,0.000,9.900,0.000,0.000,0.000,0,4,0,804,49,0,2200,101,0,0,0,0,-1565
141.503,2.255,5.0,-0.336,-1.000,-1.008,-0.040,-0.174,-0.126,0.000,0.000,9.900,0.000,0.000,0.000,0,4,0,804,49,0,2200,-130,0,0,0,0,-1650
141.520,2.255,5.0,-0.336,-1.000,-1.008,-0.040,-0.174,-0.126,0.000,0.000,9.900,0.000,0.000,0.000,0,4,0,804,49,0,2200,-199,0,0,0,0,-1660
141.544,1.761,3.9,-0.324,-1.000,-0.870,-0.025,-0.137,-0.095,0.000,0.000,8.533,0.000,0.000,0.000,0,4,0,708,30,0,2200,50,0,0,0,0,-1520
141.564,1.761,3.9,-0.324,-1.000,-0.870,-0.025,-0.137,-0.095,0.000,0.000,8.533,0.000,0.000,0.000,0,4,0,708,30,0,2200,139,0,0,0,0,-1456
141.590,1.108,2.5,-0.300,-1.000,-1.428,-0.009,-0.081,-0.055,0.000,0.000,14.009,0.000,0.000,0.000,0,4,0,576,11,0,2200,-44,0,0,0,0,-1508
141.607,1.108,2.5,-0.300,-1.000,-1.428,-0.009,-0.081,-0.055,0.000,0.000,14.009,0.000,0.000,0.000,0,4,0,576,11,0,2200,-104,0,0,0,0,-1516
141.623,1.108,2.5,-0.300,-1.000,-1.428,-0.009,-0.081,-0.055,0.000,0.000,14.009,0.000,0.000,0.000,0,4,0,576,11,0,2200,-46,0,0,0,0,-1471
141.644,0.000,0.0,-0.270,-1.000,-2.108,0.000,-0.056,0.000,0.000,0.000,20.677,0.000,0.000,0.000,0,4,0,393,0,0,2200,0,0,0,0,0,-1425
141.668,0.000,0.0,-0.270,-1.000,-2.108,0.000,-0.056,0.000,0.000,0.000,20.677,0.000,0.000,0.000,0,4,0,393,0,0,2200,0,0,0,0,0,-1396
141.686,0.000,0.0,-0.242,-1.000,-2.108,0.000,0.000,0.000,0.000,0.000,20.677,0.000,0.000,0.000,0,4,0,352,0,0,2200,0,0,0,0,0,-1375
141.702,0.000,0.0,-0.242,-1.000,-2.108,0.000,0.000,0.000,0.000,0.000,20.677,0.000,0.000,0.000,0,4,0,352,0,0,2200,0,0,0,0,0,-1356
141.723,0.000,0.0,-0.242,-1.000,-2.108,0.000,0.000,0.000,0.000,0.000,20.677,0.000,0.000,0.000,0,4,0,352,0,0,2200,0,0,0,0,0,-1332
141.740,0.000,0.0,-0.225,-1.000,-2.108,0.000,0.000,0.000,0.000,0.000,20.677,0.378,-0.006,0.000,0,4,0,328,0,0,2200,0,0,0,0,0,-1312
141.757,0.000,0.0,-0.225,-1.000,-2.108,0.000,0.000,0.000,0.000,0.000,20.677,0.378,-0.006,0.000,0,4,0,328,0,0,2200,0,0,0,0,0,-1292
141.774,0.000,0.0,-0.225,-1.000,-2.108,0.000,0.000,0.000,0.000,0.000,20.677,0.378,-0.006,0.000,0,4,0,328,0,0,2200,0,0,0,0,0,-1271
141.795,0.000,0.0,-0.219,-1.000,-2.108,0.000,0.000,0.000,0.000,0.000,20.677,0.000,0.000,0.000,0,4,0,319,0,0,2200,0,0,0,0,0,-1248
141.812,0.000,0.0,-0.219,-1.000,-2.108,0.000,0.000,0.000,0.000,0.000,20.677,0.000,0.000,0.000,0,4,0,319,0,0,2200,0,0,0,0,0,-1227
141.840,0.000,0.0,-0.219,-1.000,-2.108,0.000,0.000,0.000,0.000,0.000,20.677,0.000,0.000,0.000,0,4,0,318,0,0,2200,0,0,0,0,0,-1194
141.856,0.000,0.0,-0.219,-1.000,-2.108,0.000,0.000,0.000,0.000,0.000,20.677,0.000,0.000,0.000,0,4,0,318,0,0,2200,0,0,0,0,0,-1175
141.877,0.000,0.0,-0.219,-1.000,-2.108,0.000,0.000,0.000,0.000,0.000,20.677,0.000,0.000,0.000,0,4,0,318,0,0,2200,0,0,0,0,0,-1151
141.893,0.000,0.0,-0.219,-1.000,-2.108,0.000,0.000,0.000,0.000,0.000,20.677,0.000,0.000,0.000,0,4,0,318,0,0,2200,0,0,0,0,0,-1132
141.918,0.000,0.0,-0.219,-1.000,-2.108,0.000,0.000,0.000,0.000,0.000,20.677,0.000,0.000,0.000,0,4,0,318,0,0,2200,0,0,0,0,0,-1103
141.935,0.000,0.0,-0.219,-1.000,-2.108,0.000,0.000,0.000,0.000,0.000,20.677,0.000,0.000,0.000,0,4,0,318,0,0,2200,0,0,0,0,0,-1082
141.956,0.000,0.0,-0.219,-1.000,-2.108,0.000,0.000,0.000,0.000,0.000,20.677,0.000,0.000,0.000,0,4,0,318,0,0,2200,0,0,0,0,0,-1058
141.973,0.000,0.0,-0.219,-1.000,-2.108,0.000,0.000,0.000,0.000,0.000,20.677,0.000,0.000,0.000,0,4,0,318,0,0,2200,0,0,0,0,0,-1038
141.996,0.000,0.0,-0.219,-1.000,-2.108,0.000,0.000,0.000,0.000,0.000,20.677,0.000,0.000,0.000,0,4,0,318,0,0,2200,0,0,0,0,0,-122
142.014,0.000,0.0,-0.219,-1.000,-2.108,0.000,0.000,0.000,0.000,0.000,20.677,0.000,0.000,0.000,0,4,0,318,0,0,2200,0,0,0,0,0,-99
142.035,0.000,0.0,-0.219,-1.000,-2.108,0.000,0.000,0.000,0.000,0.000,20.677,0.000,0.000,0.000,0,4,0,318,0,0,2200,0,0,0,0,0,-71
142.053,0.000,0.0,-0.216,-1.000,-2.108,0.000,0.000,0.000,0.000,0.000,20.677,0.000,0.000,0.000,0,4,0,315,0,0,2200,0,0,0,0,0,-48
142.070,0.000,0.0,-0.216,-1.000,-2.108,0.000,0.000,0.000,0.000,0.000,20.677,0.000,0.000,0.000,0,4,0,315,0,0,2200,0,0,0,0,0,-26
142.090,0.000,0.0,-0.216,-1.000,-2.108,0.000,0.000,0.000,0.000,0.000,20.677,0.000,0.000,0.000,0,4,0,315,0,0,2200,0,0,0,0,0,0
142.111,0.000,0.0,-0.211,-1.000,-2.108,0.000,0.000,0.000,0.000,0.000,20.677,0.000,0.000,0.000,0,4,0,307,0,0,2200,0,0,0,0,0,28
142.129,0.000,0.0,-0.211,-1.000,-2.108,0.000,0.000,0.000,0.000,0.000,20.677,0.000,0.000,0.000,0,4,0,307,0,0,2200,0,0,0,0,0,51
142.145,0.000,0.0,-0.211,-1.000,-2.108,0.000,0.000,0.000,0.000,0.000,20.677,0.000,0.000,0.000,0,4,0,307,0,0,2200,0,0,0,0,0,0
142.168,0.000,0.0,-0.201,-1.000,-2.108,0.000,0.000,0.000,0.000,0.000,20.677,0.000,0.000,0.000,0,4,0,293,0,0,2200,0,0,0,0,0,0
142.189,0.000,0.0,-0.201,-1.000,-2.108,0.000,0.000,0.000,0.000,0.000,20.677,0.000,0.000,0.000,0,4,0,293,0,0,2200,0,0,0,0,0,0
142.206,0.000,0.0,-0.191,-0.871,-2.108,0.000,0.000,0.000,0.000,0.000,20.677,0.000,0.000,0.000,0,4,0,278,0,0,2200,0,0,0,0,0,0
142.223,0.000,0.0,-0.191,-0.871,-2.108,0.000,0.000,0.000,0.000,0.000,20.677,0.000,0.000,0.000,0,4,0,278,0,0,2200,0,0,0,0,0,0
142.239,0.000,0.0,-0.191,-0.871,-2.108,0.000,0.000,0.000,0.000,0.000,20.677,0.000,0.000,0.000,0,4,0,278,0,0,2200,0,0,0,0,0,0
142.260,0.000,0.0,-0.180,-0.482,-2.108,0.000,0.000,0.000,0.000,0.000,20.677,0.000,0.000,0.000,0,4,0,262,0,0,2200,0,0,0,0,0,0
142.277,0.000,0.0,-0.180,-0.482,-2.108,0.000,0.000,0.000,0.000,0.000,20.677,0.000,0.000,0.000,0,4,0,262,0,0,2200,0,0,0,0,0,0
142.294,0.000,0.0,-0.180,-0.482,-2.108,0.000,0.000,0.000,0.000,0.000,20.677,0.000,0.000,0.000,0,4,0,262,0,0,2200,0,0,0,0,0,0
142.311,0.000,0.0,-0.170,-0.116,-2.108,0.000,0.000,0.000,0.000,0.000,20.677,0.000,0.000,0.000,0,4,0,247,0,0,2200,0,0,0,0,0,0
142.333,0.000,0.0,-0.170,-0.116,-2.108,0.000,0.000,0.000,0.000,0.000,20.677,0.000,0.000,0.000,0,4,0,247,0,0,2200,0,0,0,0,0,0
142.350,0.000,0.0,-0.170,-0.116,-2.108,0.000,0.000,0.000,0.000,0.000,20.677,0.000,0.000,0.000,0,4,0,247,0,0,2200,0,0,0,0,0,0
142.366,0.000,0.0,-0.159,0.000,-2.108,0.000,0.000,0.000,0.000,0.000,20.677,0.000,0.000,0.000,0,4,0,231,0,0,2200,0,0,0,0,0,0
142.384,0.000,0.0,-0.159,0.000,-2.108,0.000,0.000,0.000,0.000,0.000,20.677,0.000,0.000,0.000,0,4,0,231,0,0,2200,0,0,0,0,0,0
142.405,0.000,0.0,-0.159,0.000,-2.108,0.000,0.000,0.000,0.000,0.000,20.677,0.000,0.000,0.000,0,4,0,231,0,0,2200,0,0,0,0,0,0
142.422,0.000,0.0,-0.147,0.000,-2.108,0.000,0.000,0.000,0.000,0.000,20.677,0.000,0.000,0.000,0,4,0,215,0,0,2200,0,0,0,0,0,0
142.439,0.000,0.0,-0.147,0.000,-2.108,0.000,0.000,0.000,0.000,0.000,20.677,0.000,0.000,0.000,0,4,0,215,0,0,2200,0,0,0,0,0,0
142.466,0.000,0.0,-0.137,0.000,-2.108,0.000,0.000,0.000,0.000,0.000,20.677,0.000,0.000,0.000,0,4,0,199,0,0,2200,0,0,0,0,0,0
142.487,0.000,0.0,-0.137,0.000,-2.108,0.000,0.000,0.000,0.000,0.000,20.677,0.000,0.000,0.000,0,4,0,199,0,0,2200,0,0,0,0,0,0
142.504,0.000,0.0,-0.137,0.000,-2.108,0.000,0.000,0.000,0.000,0.000,20.677,0.000,0.000,0.000,0,4,0,199,0,0,2200,0,0,0,0,0,0
142.522,0.000,0.0,-0.128,0.000,-2.108,0.000,0.000,0.000,0.000,0.000,20.677,0.000,0.000,0.000,0,4,0,186,0,0,2200,0,0,0,0,0,0
142.538,0.000,0.0,-0.128,0.000,-2.108,0.000,0.000,0.000,0.000,0.000,20.677,0.000,0.000,0.000,0,4,0,186,0,0,2200,0,0,0,0,0,0
142.559,0.000,0.0,-0.128,0.000,-2.108,0.000,0.000,0.000,0.000,0.000,20.677,0.000,0.000,0.000,0,4,0,186,0,0,2200,0,0,0,0,0,0
142.591,0.000,0.0,-0.120,0.000,-2.108,0.000,0.000,0.000,0.000,0.000,20.677,0.000,0.000,0.000,0,4,0,175,0,0,2200,0,0,0,0,0,0
142.621,0.000,0.0,-0.115,0.000,-2.108,0.000,0.000,0.000,0.000,0.000,20.677,0.000,0.000,0.000,0,4,0,167,0,0,2200,0,0,0,0,0,0
142.643,0.000,0.0,-0.115,0.000,-2.108,0.000,0.000,0.000,0.000,0.000,20.677,0.000,0.000,0.000,0,4,0,167,0,0,2200,0,0,0,0,0,0
142.668,0.000,0.0,-0.115,0.000,-2.108,0.000,0.000,0.000,0.000,0.000,20.677,0.000,0.000,0.000,0,4,0,167,0,0,2200,0,0,0,0,0,0
142.684,0.000,0.0,-0.113,0.000,-2.108,0.000,0.000,0.000,0.000,0.000,20.677,0.000,0.000,0.000,0,4,0,165,0,0,2200,0,0,0,0,0,0
142.715,0.000,0.0,-0.113,0.000,-2.108,0.000,0.000,0.000,0.000,0.000,20.677,0.000,0.000,0.000,0,4,0,165,0,0,2200,0,0,0,0,0,0
142.736,0.000,0.0,-0.113,0.000,-2.108,0.000,0.000,0.000,0.000,0.000,20.677,0.000,0.000,0.000,0,4,0,165,0,0,2200,0,0,0,0,0,0
142.752,0.000,0.0,-0.113,0.000,-2.108,0.000,0.000,0.000,0.000,0.000,20.677,0.000,0.000,0.000,0,4,0,165,0,0,2200,0,0,0,0,0,0
142.770,0.000,0.0,-0.113,0.000,-2.108,0.000,0.000,0.000,0.000,0.000,20.677,0.000,0.000,0.000,0,4,0,165,0,0,2200,0,0,0,0,0,0
142.793,0.000,0.0,-0.114,0.000,-2.108,0.000,0.000,0.000,0.000,0.000,20.677,0.000,0.000,0.000,0,4,0,165,0,0,2200,0,0,0,0,0,0
142.814,0.000,0.0,-0.114,0.000,-2.108,0.000,0.000,0.000,0.000,0.000,20.677,0.000,0.000,0.000,0,4,0,165,0,0,2200,0,0,0,0,0,0
142.840,0.000,0.0,-0.114,0.000,-2.108,0.000,0.000,0.000,0.000,0.000,20.677,0.000,0.000,0.000,0,4,0,165,0,0,2200,0,0,0,0,0,0
142.871,0.000,0.0,-0.114,0.000,-2.108,0.000,0.000,0.000,0.000,0.000,20.677,0.000,0.000,0.000,0,4,0,165,0,0,2200,0,0,0,0,0,0
142.892,0.000,0.0,-0.114,0.000,-2.108,0.000,0.000,0.000,0.000,0.000,20.677,0.000,0.000,0.000,0,4,0,165,0,0,2200,0,0,0,0,0,0
142.909,0.000,0.0,-0.114,0.000,-2.108,0.000,0.000,0.000,0.000,0.000,20.677,0.000,0.000,0.000,0,4,0,165,0,0,2200,0,0,0,0,0,0
142.926,0.000,0.0,-0.114,0.000,-2.108,0.000,0.000,0.000,0.000,0.000,20.677,0.000,0.000,0.000,0,4,0,165,0,0,2200,0,0,0,0,0,0
142.943,0.000,0.0,-0.114,0.000,-2.108,0.000,0.000,0.000,0.000,0.000,20.677,0.000,0.000,0.000,0,4,0,165,0,0,2200,0,0,0,0,0,0
142.965,0.000,0.0,-0.114,0.000,-2.108,0.000,0.000,0.000,0.000,0.000,20.677,0.000,0.000,0.000,0,4,0,165,0,0,2200,0,0,0,0,0,0
142.996,0.000,0.0,-0.114,0.000,-2.108,0.000,0.000,0.000,0.000,0.000,20.677,0.000,0.000,0.000,0,4,0,165,0,0,2200,0,0,0,0,0,0
143.013,0.000,0.0,-0.114,0.000,-2.108,0.000,0.000,0.000,0.000,0.000,20.677,0.000,0.000,0.000,0,4,0,165,0,0,2200,0,0,0,0,0,0
143.044,0.000,0.0,-0.114,0.000,-2.108,0.000,0.000,0.000,0.000,0.000,20.677,0.000,0.000,0.000,0,4,0,165,0,0,2200,0,0,0,0,0,0
143.065,0.000,0.0,-0.114,0.000,-2.108,0.000,0.000,0.000,0.000,0.000,20.677,0.000,0.000,0.000,0,4,0,165,0,0,2200,0,0,0,0,0,0
143.090,0.000,0.0,-0.114,0.000,-2.108,0.000,0.000,0.000,0.000,0.000,20.677,0.000,0.000,0.000,0,4,0,165,0,0,2200,0,0,0,0,0,0
143.122,0.000,0.0,-0.114,0.000,-2.108,0.000,0.000,0.000,0.000,0.000,20.677,0.000,0.000,0.000,0,4,0,165,0,0,2200,0,0,0,0,0,0
143.142,0.000,0.0,-0.114,0.000,-2.108,0.000,0.000,0.000,0.000,0.000,20.677,0.000,0.000,0.000,0,4,0,165,0,0,2200,0,0,0,0,0,0
143.160,0.000,0.0,-0.114,0.000,-2.108,0.000,0.000,0.000,0.000,0.000,20.677,0.000,0.000,0.000,0,4,0,165,0,0,2200,0,0,0,0,0,0
143.177,0.000,0.0,-0.114,0.000,-2.108,0.000,0.000,0.000,0.000,0.000,20.677,0.000,0.000,0.000,0,4,0,165,0,0,2200,0,0,0,0,0,0
143.195,0.000,0.0,-0.114,0.000,-2.108,0.000,0.000,0.000,0.000,0.000,20.677,0.000,0.000,0.000,0,4,0,165,0,0,2200,0,0,0,0,0,0
143.216,0.000,0.0,-0.114,0.000,-2.108,0.000,0.000,0.000,0.000,0.000,20.677,0.000,0.000,0.000,0,4,0,165,0,0,2200,0,0,0,0,0,0
143.246,0.000,0.0,-0.114,0.000,-2.108,0.000,0.000,0.000,0.000,0.000,20.677,0.000,0.000,0.000,0,4,0,165,0,0,2200,0,0,0,0,0,0
143.264,0.000,0.0,-0.114,0.000,-2.108,0.000,0.000,0.000,0.000,0.000,20.677,0.000,0.000,0.000,0,4,0,165,0,0,2200,0,0,0,0,0,0
143.280,0.000,0.0,-0.114,0.000,-2.108,0.000,0.000,0.000,0.000,0.000,20.677,0.000,0.000,0.000,0,4,0,165,0,0,2200,0,0,0,0,0,0
143.301,0.000,0.0,-0.114,0.000,-2.108,0.000,0.000,0.000,0.000,0.000,20.677,0.000,0.000,0.000,0,4,0,165,0,0,2200,0,0,0,0,0,0
143.319,0.000,0.0,-0.114,0.000,-2.108,0.000,0.000,0.000,0.000,0.000,20.677,0.000,0.000,0.000,0,4,0,165,0,0,2200,0,0,0,0,0,0
143.340,0.000,0.0,-0.114,0.000,-2.108,0.000,0.000,0.000,0.000,0.000,20.677,0.000,0.000,0.000,0,4,0,165,0,0,2200,0,0,0,0,0,0
143.358,0.000,0.0,-0.114,0.000,-2.108,0.000,0.000,0.000,0.000,0.000,20.677,0.000,0.000,0.000,0,4,0,165,0,0,2200,0,0,0,0,0,0
143.379,0.000,0.0,-0.114,0.000,-2.108,0.000,0.000,0.000,0.000,0.000,20.677,0.000,0.000,0.000,0,4,0,165,0,0,2200,0,0,0,0,0,0
143.396,0.000,0.0,-0.114,0.000,-2.108,0.000,0.000,0.000,0.000,0.000,20.677,0.000,0.000,0.000,0,4,0,165,0,0,2200,0,0,0,0,0,0
143.418,0.000,0.0,-0.114,0.000,-2.108,0.000,0.000,0.000,0.000,0.000,20.677,0.000,0.000,0.000,0,4,0,165,0,0,2200,0,0,0,0,0,0
143.435,0.000,0.0,-0.114,0.000,-2.108,0.000,0.000,0.000,0.000,0.000,20.677,0.000,0.000,0.000,0,4,0,165,0,0,2200,0,0,0,0,0,0
143.456,0.000,0.0,-0.114,0.000,-2.108,0.000,0.000,0.000,0.000,0.000,20.677,0.000,0.000,0.000,0,4,0,165,0,0,2200,0,0,0,0,0,0
143.473,0.000,0.0,-0.114,0.000,-2.108,0.000,0.000,0.000,0.000,0.000,20.677,0.000,0.000,0.000,0,4,0,165,0,0,2200,0,0,0,0,0,0
143.497,0.000,0.0,-0.114,0.000,-2.108,0.000,0.000,0.000,0.000,0.000,20.677,0.000,0.000,0.000,0,4,0,165,0,0,2200,0,0,0,0,0,0
143.514,0.000,0.0,-0.114,0.000,-2.108,0.000,0.000,0.000,0.000,0.000,20.677,0.000,0.000,0.000,0,4,0,165,0,0,2200,0,0,0,0,0,0
143.535,0.000,0.0,-0.114,0.000,-2.108,0.000,0.000,0.000,0.000,0.000,20.677,0.000,0.000,0.000,0,4,0,165,0,0,2200,0,0,0,0,0,0
143.553,0.000,0.0,-0.114,0.000,-2.108,0.000,0.000,0.000,0.000,0.000,20.677,0.000,0.000,0.000,0,4,0,165,0,0,2200,0,0,0,0,0,0
143.571,0.000,0.0,-0.114,0.000,-2.108,0.000,0.000,0.000,0.000,0.000,20.677,0.000,0.000,0.000,0,4,0,165,0,0,2200,0,0,0,0,0,0
143.590,0.000,0.0,-0.114,0.000,-2.108,0.000,0.000,0.000,0.000,0.000,20.677,0.000,0.000,0.000,0,4,0,165,0,0,2200,0,0,0,0,0,0
143.610,0.000,0.0,-0.114,0.000,-2.108,0.000,0.000,0.000,0.000,0.000,20.677,0.000,0.000,0.000,0,4,0,165,0,0,2200,0,0,0,0,0,0
143.628,0.000,0.0,-0.114,0.000,-2.108,0.000,0.000,0.000,0.000,0.000,20.677,0.000,0.000,0.000,0,4,0,165,0,0,2200,0,0,0,0,0,0
143.646,0.000,0.0,-0.114,0.000,-2.108,0.000,0.000,0.000,0.000,0.000,20.677,0.000,0.000,0.000,0,4,0,165,0,0,2200,0,0,0,0,0,0
143.669,0.000,0.0,-0.114,0.000,-2.108,0.000,0.000,0.000,0.000,0.000,20.677,0.000,0.000,0.000,0,4,0,165,0,0,2200,0,0,0,0,0,0
143.691,0.000,0.0,-0.114,0.000,-2.108,0.000,0.000,0.000,0.000,0.000,20.677,0.000,0.000,0.000,0,4,0,165,0,0,2200,0,0,0,0,0,0
143.715,0.000,0.0,-0.114,0.000,-2.108,0.000,0.000,0.000,0.000,0.000,20.677,0.000,0.000,0.000,0,4,0,165,0,0,2200,0,0,0,0,0,0
143.746,0.000,0.0,-0.114,0.000,-2.108,0.000,0.000,0.000,0.000,0.000,20.677,0.000,0.000,0.000,0,4,0,165,0,0,2200,0,0,0,0,0,0
143.767,0.000,0.0,-0.114,0.000,-2.108,0.000,0.000,0.000,0.000,0.000,20.677,0.000,0.000,0.000,0,4,0,165,0,0,2200,0,0,0,0,0,0
143.794,0.000,0.0,-0.114,0.000,-2.108,0.000,0.000,0.000,0.000,0.000,20.677,0.000,0.000,0.000,0,4,0,165,0,0,2200,0,0,0,0,0,0
143.811,0.000,0.0,-0.114,0.000,-2.108,0.000,0.000,0.000,0.000,0.000,20.677,0.000,0.000,0.000,0,4,0,165,0,0,2200,0,0,0,0,0,0
143.827,0.000,0.0,-0.114,0.000,-2.108,0.000,0.000,0.000,0.000,0.000,20.677,0.000,0.000,0.000,0,4,0,165,0,0,2200,0,0,0,0,0,0
143.847,0.000,0.0,-0.114,0.000,-2.108,0.000,0.000,0.000,0.000,0.000,20.677,0.000,0.000,0.000,0,4,0,165,0,0,2200,0,0,0,0,0,0
143.872,0.000,0.0,-0.114,0.000,-2.108,0.000,0.000,0.000,0.000,0.000,20.677,0.000,0.000,0.000,0,4,0,165,0,0,2200,0,0,0,0,0,0
143.889,0.000,0.0,-0.114,0.000,-2.108,0.000,0.000,0.000,0.000,0.000,20.677,0.000,0.000,0.000,0,4,0,165,0,0,2200,0,0,0,0,0,0
143.906,0.000,0.0,-0.114,0.000,-2.108,0.000,0.000,0.000,0.000,0.000,20.677,0.000,0.000,0.000,0,4,0,165,0,0,2200,0,0,0,0,0,0
143.927,0.000,0.0,-0.114,0.000,-2.108,0.000,0.000,0.000,0.000,0.000,20.677,0.000,0.000,0.000,0,4,0,165,0,0,2200,0,0,0,0,0,0
143.944,0.000,0.0,-0.114,0.000,-2.108,0.000,0.000,0.000,0.000,0.000,20.677,0.000,0.000,0.000,0,4,0,165,0,0,2200,0,0,0,0,0,0
143.965,0.000,0.0,-0.114,0.000,-2.108,0.000,0.000,0.000,0.000,0.000,20.677,0.000,0.000,0.000,0,4,0,165,0,0,2200,0,0,0,0,0,0
143.996,0.000,0.0,-0.114,0.000,-2.108,0.000,0.000,0.000,0.000,0.000,20.677,0.000,0.000,0.000,0,4,0,165,0,0,2200,0,0,0,0,0,0
144.017,0.000,0.0,-0.114,0.000,-2.108,0.000,0.000,0.000,0.000,0.000,20.677,0.000,0.000,0.000,0,4,0,165,0,0,2200,0,0,0,0,0,0
144.044,0.000,0.0,-0.114,0.000,-2.108,0.000,0.000,0.000,0.000,0.000,20.677,0.000,0.000,0.000,0,4,0,165,0,0,2200,0,0,0,0,0,0
144.061,0.000,0.0,-0.114,0.000,-2.108,0.000,0.000,0.000,0.000,0.000,20.677,0.000,0.000,0.000,0,4,0,165,0,0,2200,0,0,0,0,0,0
144.090,0.000,0.0,-0.114,0.000,-2.108,0.000,0.000,0.000,0.000,0.000,20.677,0.000,0.000,0.000,0,4,0,165,0,0,2200,0,0,0,0,0,0
144.111,0.000,0.0,-0.114,0.000,-2.108,0.000,0.000,0.000,0.000,0.000,20.677,0.000,0.000,0.000,0,4,0,165,0,0,2200,0,0,0,0,0,0
144.127,0.000,0.0,-0.114,0.000,-2.108,0.000,0.000,0.000,0.000,0.000,20.677,0.000,0.000,0.000,0,4,0,165,0,0,2200,0,0,0,0,0,0
144.145,0.000,0.0,-0.114,0.000,-2.108,0.000,0.000,0.000,0.000,0.000,20.677,0.000,0.000,0.000,0,4,0,165,0,0,2200,0,0,0,0,0,0
144.168,0.000,0.0,-0.114,0.000,-2.108,0.000,0.000,0.000,0.000,0.000,20.677,0.000,0.000,0.000,0,4,0,165,0,0,2200,0,0,0,0,0,0
144.188,0.000,0.0,-0.114,0.000,-2.108,0.000,0.000,0.000,0.000,0.000,20.677,0.000,0.000,0.000,0,4,0,165,0,0,2200,0,0,0,0,0,0
144.215,0.000,0.0,-0.114,0.000,-2.108,0.000,0.000,0.000,0.000,0.000,20.677,0.000,0.000,0.000,0,4,0,165,0,0,2200,0,0,0,0,0,0
144.246,0.000,0.0,-0.114,0.000,-2.108,0.000,0.000,0.000,0.000,0.000,20.677,0.000,0.000,0.000,0,4,0,165,0,0,2200,0,0,0,0,0,0
144.267,0.000,0.0,-0.114,0.000,-2.108,0.000,0.000,0.000,0.000,0.000,20.677,0.000,0.000,0.000,0,4,0,165,0,0,2200,0,0,0,0,0,0
144.284,0.000,0.0,-0.114,0.000,-2.108,0.000,0.000,0.000,0.000,0.000,20.677,0.000,0.000,0.000,0,4,0,165,0,0,2200,0,0,0,0,0,0
144.301,0.000,0.0,-0.114,0.000,-2.108,0.000,0.000,0.000,0.000,0.000,20.677,0.000,0.000,0.000,0,4,0,165,0,0,2200,0,0,0,0,0,0
144.318,0.000,0.0,-0.114,0.000,-2.108,0.000,0.000,0.000,0.000,0.000,20.677,0.000,0.000,0.000,0,4,0,165,0,0,2200,0,0,0,0,0,0
144.339,0.000,0.0,-0.114,0.000,-2.108,0.000,0.000,0.000,0.000,0.000,20.677,0.000,0.000,0.000,0,4,0,165,0,0,2200,0,0,0,0,0,0
144.356,0.000,0.0,-0.114,0.000,-2.108,0.000,0.000,0.000,0.000,0.000,20.677,0.000,0.000,0.000,0,4,0,165,0,0,2200,0,0,0,0,0,0
144.373,0.000,0.0,-0.114,0.000,-2.108,0.000,0.000,0.000,0.000,0.000,20.677,0.000,0.000,0.000,0,4,0,165,0,0,2200,0,0,0,0,0,0
144.390,0.000,0.0,-0.114,0.000,-2.108,0.000,0.000,0.000,0.000,0.000,20.677,0.000,0.000,0.000,0,4,0,165,0,0,2200,0,0,0,0,0,0
144.412,0.000,0.0,-0.114,0.000,-2.108,0.000,0.000,0.000,0.000,0.000,20.677,0.000,0.000,0.000,0,4,0,165,0,0,2200,0,0,0,0,0,0
144.429,0.000,0.0,-0.114,0.000,-2.108,0.000,0.000,0.000,0.000,0.000,20.677,0.000,0.000,0.000,0,4,0,165,0,0,2200,0,0,0,0,0,0
144.446,0.000,0.0,-0.114,0.000,-2.108,0.000,0.000,0.000,0.000,0.000,20.677,0.000,0.000,0.000,0,4,0,165,0,0,2200,0,0,0,0,0,0
144.463,0.000,0.0,-0.114,0.000,-2.108,0.000,0.000,0.000,0.000,0.000,20.677,0.000,0.000,0.000,0,4,0,165,0,0,2200,0,0,0,0,0,0
144.483,0.000,0.0,-0.114,0.000,-2.108,0.000,0.000,0.000,0.000,0.000,20.677,0.000,0.000,0.000,0,4,0,165,0,0,2200,0,0,0,0,0,0
144.499,0.000,0.0,-0.114,0.000,-2.108,0.000,0.000,0.000,0.000,0.000,20.677,0.000,0.000,0.000,0,4,0,165,0,0,2200,0,0,0,0,0,0
144.517,0.000,0.0,-0.114,0.000,-2.108,0.000,0.000,0.000,0.000,0.000,20.677,0.000,0.000,0.000,0,4,0,165,0,0,2200,0,0,0,0,0,0
144.543,0.000,0.0,-0.114,0.000,-2.108,0.000,0.000,0.000,0.000,0.000,20.677,0.000,0.000,0.000,0,4,0,165,0,0,2200,0,0,0,0,0,0
144.563,0.000,0.0,-0.114,0.000,-2.108,0.000,0.000,0.000,0.000,0.000,20.677,0.000,0.000,0.000,0,4,0,165,0,0,2200,0,0,0,0,0,0
144.579,0.000,0.0,-0.114,0.000,-2.108,0.000,0.000,0.000,0.000,0.000,20.677,0.000,0.000,0.000,0,4,0,165,0,0,2200,0,0,0,0,0,0
144.596,0.000,0.0,-0.114,0.000,-2.108,0.000,0.000,0.000,0.000,0.000,20.677,0.000,0.000,0.000,0,4,0,165,0,0,2200,0,0,0,0,0,0
144.622,0.000,0.0,-0.114,0.000,-2.108,0.000,0.000,0.000,0.000,0.000,20.677,0.000,0.000,0.000,0,4,0,165,0,0,2200,0,0,0,0,0,0
144.644,0.000,0.0,-0.114,0.000,-2.108,0.000,0.000,0.000,0.000,0.000,20.677,0.000,0.000,0.000,0,4,0,165,0,0,2200,0,0,0,0,0,0
144.668,0.000,0.0,-0.114,0.000,-2.108,0.000,0.000,0.000,0.000,0.000,20.677,0.000,0.000,0.000,0,4,0,165,0,0,2200,0,0,0,0,0,0
144.685,0.000,0.0,-0.114,0.000,-2.108,0.000,0.000,0.000,0.000,0.000,20.677,0.000,0.000,0.000,0,4,0,165,0,0,2200,0,0,0,0,0,0
144.716,0.000,0.0,-0.114,0.000,-2.108,0.000,0.000,0.000,0.000,0.000,20.677,0.000,0.000,0.000,0,4,0,165,0,0,2200,0,0,0,0,0,0
144.736,0.000,0.0,-0.114,0.000,-2.108,0.000,0.000,0.000,0.000,0.000,20.677,0.000,0.000,0.000,0,4,0,165,0,0,2200,0,0,0,0,0,0
144.754,0.000,0.0,-0.114,0.000,-2.108,0.000,0.000,0.000,0.000,0.000,20.677,0.000,0.000,0.000,0,4,0,165,0,0,2200,0,0,0,0,0,0
144.770,0.000,0.0,-0.114,0.000,-2.108,0.000,0.000,0.000,0.000,0.000,20.677,0.000,0.000,0.000,0,4,0,165,0,0,2200,0,0,0,0,0,0
144.793,0.000,0.0,-0.114,0.000,-2.108,0.000,0.000,0.000,0.000,0.000,20.677,0.000,0.000,0.000,0,4,0,165,0,0,2200,0,0,0,0,0,0
144.815,0.000,0.0,-0.114,0.000,-2.108,0.000,0.000,0.000,0.000,0.000,20.677,0.000,0.000,0.000,0,4,0,165,0,0,2200,0,0,0,0,0,0
144.840,0.000,0.0,-0.114,0.000,-2.108,0.000,0.000,0.000,0.000,0.000,20.677,0.000,0.000,0.000,0,4,0,165,0,0,2200,0,0,0,0,0,0
144.856,0.000,0.0,-0.114,0.000,-2.108,0.000,0.000,0.000,0.000,0.000,20.677,0.000,0.000,0.000,0,4,0,165,0,0,2200,0,0,0,0,0,0
144.873,0.000,0.0,-0.114,0.000,-2.108,0.000,0.000,0.000,0.000,0.000,20.677,0.000,0.000,0.000,0,4,0,165,0,0,2200,0,0,0,0,0,0
144.894,0.000,0.0,-0.114,0.000,-2.108,0.000,0.000,0.000,0.000,0.000,20.677,0.000,0.000,0.000,0,4,0,165,0,0,2200,0,0,0,0,0,0
144.918,0.000,0.0,-0.114,0.000,-2.108,0.000,0.000,0.000,0.000,0.000,20.677,0.000,0.000,0.000,0,4,0,165,0,0,2200,0,0,0,0,0,0
144.935,0.000,0.0,-0.114,0.000,-2.108,0.000,0.000,0.000,0.000,0.000,20.677,0.000,0.000,0.000,0,4,0,165,0,0,2200,0,0,0,0,0,0
144.965,0.000,0.0,-0.114,0.000,-2.108,0.000,0.000,0.000,0.000,0.000,20.677,0.000,0.000,0.000,0,4,0,165,0,0,2200,0,0,0,0,0,0
144.985,0.000,0.0,-0.114,0.000,-2.108,0.000,0.000,0.000,0.000,0.000,20.677,0.000,0.000,0.000,0,4,0,165,0,0,2200,0,0,0,0,0,0
145.002,0.000,0.0,-0.114,0.000,-2.108,0.000,0.000,0.000,0.000,0.000,20.677,0.000,0.000,0.000,0,4,0,165,0,0,2200,0,0,0,0,0,0
145.019,0.000,0.0,-0.114,0.000,-2.108,0.000,0.000,0.000,0.000,0.000,20.677,0.000,0.000,0.000,0,4,0,165,0,0,2200,0,0,0,0,0,0
145.043,0.000,0.0,-0.114,0.000,-2.108,0.000,0.000,0.000,0.000,0.000,20.677,0.000,0.000,0.000,0,4,0,165,0,0,2200,0,0,0,0,0,0
145.063,0.000,0.0,-0.114,0.000,-2.108,0.000,0.000,0.000,0.000,0.000,20.677,0.000,0.000,0.000,0,4,0,165,0,0,2200,0,0,0,0,0,0
145.079,0.000,0.0,-0.114,0.000,-2.108,0.000,0.000,0.000,0.000,0.000,20.677,0.000,0.000,0.000,0,4,0,165,0,0,2200,0,0,0,0,0,0
145.097,0.000,0.0,-0.114,0.000,-2.108,0.000,0.000,0.000,0.000,0.000,20.677,0.000,0.000,0.000,0,4,0,165,0,0,2200,0,0,0,0,0,0
145.121,0.000,0.0,-0.114,0.000,-2.108,0.000,0.000,0.000,0.000,0.000,20.677,0.000,0.000,0.000,0,4,0,165,0,0,2200,0,0,0,0,0,0
145.142,0.000,0.0,-0.114,0.000,-2.108,0.000,0.000,0.000,0.000,0.000,20.677,0.000,0.000,0.000,0,4,0,165,0,0,2200,0,0,0,0,0,0
145.168,0.000,0.0,-0.114,0.000,-2.108,0.000,0.000,0.000,0.000,0.000,20.677,0.000,0.000,0.000,0,4,0,165,0,0,2200,0,0,0,0,0,0
145.185,0.000,0.0,-0.114,0.000,-2.108,0.000,0.000,0.000,0.000,0.000,20.677,0.000,0.000,0.000,0,4,0,165,0,0,2200,0,0,0,0,0,0
145.215,0.000,0.0,-0.114,0.000,-2.108,0.000,0.000,0.000,0.000,0.000,20.677,0.000,0.000,0.000,0,4,0,165,0,0,2200,0,0,0,0,0,0
145.237,0.000,0.0,-0.114,0.000,-2.108,0.000,0.000,0.000,0.000,0.000,20.677,0.000,0.000,0.000,0,4,0,165,0,0,2200,0,0,0,0,0,0
145.254,0.000,0.0,-0.114,0.000,-2.108,0.000,0.000,0.000,0.000,0.000,20.677,0.000,0.000,0.000,0,4,0,165,0,0,2200,0,0,0,0,0,0
145.272,0.000,0.0,-0.114,0.000,-2.108,0.000,0.000,0.000,0.000,0.000,20.677,0.000,0.000,0.000,0,4,0,165,0,0,2200,0,0,0,0,0,0
145.293,0.000,0.0,-0.114,0.000,-2.108,0.000,0.000,0.000,0.000,0.000,20.677,0.000,0.000,0.000,0,4,0,165,0,0,2200,0,0,0,0,0,0
145.314,0.000,0.0,-0.114,0.000,-2.108,0.000,0.000,0.000,0.000,0.000,20.677,0.000,0.000,0.000,0,4,0,165,0,0,2200,0,0,0,0,0,0
145.341,0.000,0.0,-0.114,0.000,-2.108,0.000,0.000,0.000,0.000,0.000,20.677,0.000,0.000,0.000,0,4,0,165,0,0,2200,0,0,0,0,0,0
145.371,0.000,0.0,-0.114,0.000,-2.108,0.000,0.000,0.000,0.000,0.000,20.677,0.000,0.000,0.000,0,4,0,165,0,0,2200,0,0,0,0,0,0
145.394,0.000,0.0,-0.114,0.000,-2.108,0.000,0.000,0.000,0.000,0.000,20.677,0.000,0.000,0.000,0,4,0,165,0,0,2200,0,0,0,0,0,0
145.418,0.000,0.0,-0.114,0.000,-2.108,0.000,0.000,0.000,0.000,0.000,20.677,0.000,0.000,0.000,0,4,0,165,0,0,2200,0,0,0,0,0,0
145.435,0.000,0.0,-0.114,0.000,-2.108,0.000,0.000,0.000,0.000,0.000,20.677,0.000,0.000,0.000,0,4,0,165,0,0,2200,0,0,0,0,0,0
145.465,0.000,0.0,-0.114,0.000,-2.108,0.000,0.000,0.000,0.000,0.000,20.677,0.000,0.000,0.000,0,4,0,165,0,0,2200,0,0,0,0,0,0
145.486,0.000,0.0,-0.114,0.000,-2.108,0.000,0.000,0.000,0.000,0.000,20.677,0.000,0.000,0.000,0,4,0,165,0,0,2200,0,0,0,0,0,0
145.503,0.000,0.0,-0.114,0.000,-2.108,0.000,0.000,0.000,0.000,0.000,20.677,0.000,0.000,0.000,0,4,0,165,0,0,2200,0,0,0,0,0,0
145.520,0.000,0.0,-0.114,0.000,-2.108,0.000,0.000,0.000,0.000,0.000,20.677,0.000,0.000,0.000,0,4,0,165,0,0,2200,0,0,0,0,0,0
145.543,0.000,0.0,-0.114,0.000,-2.108,0.000,0.000,0.000,0.000,0.000,20.677,0.000,0.000,0.000,0,4,0,165,0,0,2200,0,0,0,0,0,0
145.564,0.000,0.0,-0.114,0.000,-2.108,0.000,0.000,0.000,0.000,0.000,20.677,0.000,0.000,0.000,0,4,0,165,0,0,2200,0,0,0,0,0,0
145.590,0.000,0.0,-0.114,0.000,-2.108,0.000,0.000,0.000,0.000,0.000,20.677,0.000,0.000,0.000,0,4,0,165,0,0,2200,0,0,0,0,0,0
145.606,0.000,0.0,-0.114,0.000,-2.108,0.000,0.000,0.000,0.000,0.000,20.677,0.000,0.000,0.000,0,4,0,165,0,0,2200,0,0,0,0,0,0
145.623,0.000,0.0,-0.114,0.000,-2.108,0.000,0.000,0.000,0.000,0.000,20.677,0.000,0.000,0.000,0,4,0,165,0,0,2200,0,0,0,0,0,0
145.644,0.000,0.0,-0.114,0.000,-2.108,0.000,0.000,0.000,0.000,0.000,20.677,0.000,0.000,0.000,0,4,0,165,0,0,2200,0,0,0,0,0,0
145.668,0.000,0.0,-0.114,0.000,-2.108,0.000,0.000,0.000,0.000,0.000,20.677,0.000,0.000,0.000,0,4,0,165,0,0,2200,0,0,0,0,0,0
145.685,0.000,0.0,-0.114,0.000,-2.108,0.000,0.000,0.000,0.000,0.000,20.677,0.000,0.000,0.000,0,4,0,165,0,0,2200,0,0,0,0,0,0
145.715,0.000,0.0,-0.114,0.000,-2.108,0.000,0.000,0.000,0.000,0.000,20.677,0.000,0.000,0.000,0,4,0,165,0,0,2200,0,0,0,0,0,0
145.736,0.000,0.0,-0.114,0.000,-2.108,0.000,0.000,0.000,0.000,0.000,20.677,0.000,0.000,0.000,0,4,0,165,0,0,2200,0,0,0,0,0,0
145.753,0.000,0.0,-0.114,0.000,-2.108,0.000,0.000,0.000,0.000,0.000,20.677,0.000,0.000,0.000,0,4,0,165,0,0,2200,0,0,0,0,0,0
145.770,0.000,0.0,-0.114,0.000,-2.108,0.000,0.000,0.000,0.000,0.000,20.677,0.000,0.000,0.000,0,4,0,165,0,0,2200,0,0,0,0,0,0
145.793,0.000,0.0,-0.114,0.000,-2.108,0.000,0.000,0.000,0.000,0.000,20.677,0.000,0.000,0.000,0,4,0,165,0,0,2200,0,0,0,0,0,0
145.816,0.000,0.0,-0.114,0.000,-2.108,0.000,0.000,0.000,0.000,0.000,20.677,0.000,0.000,0.000,0,4,0,165,0,0,2200,0,0,0,0,0,0
145.841,0.000,0.0,-0.114,0.000,-2.108,0.000,0.000,0.000,0.000,0.000,20.677,0.000,0.000,0.000,0,4,0,165,0,0,2200,0,0,0,0,0,0
145.871,0.000,0.0,-0.114,0.000,-2.108,0.000,0.000,0.000,0.000,0.000,20.677,0.000,0.000,0.000,0,4,0,165,0,0,2200,0,0,0,0,0,0
145.893,0.000,0.0,-0.114,0.000,-2.108,0.000,0.000,0.000,0.000,0.000,20.677,0.000,0.000,0.000,0,4,0,165,0,0,2200,0,0,0,0,0,0
145.918,0.000,0.0,-0.114,0.000,-2.108,0.000,0.000,0.000,0.000,0.000,20.677,0.000,0.000,0.000,0,4,0,165,0,0,2200,0,0,0,0,0,0
145.935,0.000,0.0,-0.114,0.000,-2.108,0.000,0.000,0.000,0.000,0.000,20.677,0.000,0.000,0.000,0,4,0,165,0,0,2200,0,0,0,0,0,0
145.966,0.000,0.0,-0.114,0.000,-2.108,0.000,0.000,0.000,0.000,0.000,20.677,0.000,0.000,0.000,0,4,0,165,0,0,2200,0,0,0,0,0,0
145.988,0.000,0.0,-0.114,0.000,-2.108,0.000,0.000,0.000,0.000,0.000,20.677,0.000,0.000,0.000,0,4,0,165,0,0,2200,0,0,0,0,0,0
146.005,0.000,0.0,-0.114,0.000,-2.108,0.000,0.000,0.000,0.000,0.000,20.677,0.000,0.000,0.000,0,4,0,165,0,0,2200,0,0,0,0,0,0
146.022,0.000,0.0,-0.114,0.000,-2.108,0.000,0.000,0.000,0.000,0.000,20.677,0.000,0.000,0.000,0,4,0,165,0,0,2200,0,0,0,0,0,0
146.043,0.000,0.0,-0.114,0.000,-2.108,0.000,0.000,0.000,0.000,0.000,20.677,0.000,0.000,0.000,0,4,0,165,0,0,2200,0,0,0,0,0,0
146.065,0.000,0.0,-0.114,0.000,-2.108,0.000,0.000,0.000,0.000,0.000,20.677,0.000,0.000,0.000,0,4,0,165,0,0,2200,0,0,0,0,0,0
146.090,0.000,0.0,-0.114,0.000,-2.108,0.000,0.000,0.000,0.000,0.000,20.677,0.000,0.000,0.000,0,4,0,165,0,0,2200,0,0,0,0,0,0
146.107,0.000,0.0,-0.114,0.000,-2.108,0.000,0.000,0.000,0.000,0.000,20.677,0.000,0.000,0.000,0,4,0,165,0,0,2200,0,0,0,0,0,0
146.123,0.000,0.0,-0.114,0.000,-2.108,0.000,0.000,0.000,0.000,0.000,20.677,0.000,0.000,0.000,0,4,0,165,0,0,2200,0,0,0,0,0,0
146.144,0.000,0.0,-0.114,0.000,-2.108,0.000,0.000,0.000,0.000,0.000,20.677,0.000,0.000,0.000,0,4,0,165,0,0,2200,0,0,0,0,0,0
146.168,0.000,0.0,-0.114,0.000,-2.108,0.000,0.000,0.000,0.000,0.000,20.677,0.000,0.000,0.000,0,4,0,165,0,0,2200,0,0,0,0,0,0
146.184,0.000,0.0,-0.114,0.000,-2.108,0.000,0.000,0.000,0.000,0.000,20.677,0.000,0.000,0.000,0,4,0,165,0,0,2200,0,0,0,0,0,0
146.201,0.000,0.0,-0.114,0.000,-2.108,0.000,0.000,0.000,0.000,0.000,20.677,0.000,0.000,0.000,0,4,0,165,0,0,2200,0,0,0,0,0,0
146.222,0.000,0.0,-0.114,0.000,-2.108,0.000,0.000,0.000,0.000,0.000,20.677,0.000,0.000,0.000,0,4,0,165,0,0,2200,0,0,0,0,0,0
146.246,0.000,0.0,-0.114,0.000,-2.108,0.000,0.000,0.000,0.000,0.000,20.677,0.000,0.000,0.000,0,4,0,165,0,0,2200,0,0,0,0,0,0
146.264,0.000,0.0,-0.114,0.000,-2.108,0.000,0.000,0.000,0.000,0.000,20.677,0.000,0.000,0.000,0,4,0,165,0,0,2200,0,0,0,0,0,0
146.293,0.000,0.0,-0.114,0.000,-2.108,0.000,0.000,0.000,0.000,0.000,20.677,0.000,0.000,0.000,0,4,0,165,0,0,2200,0,0,0,0,0,0
146.314,0.000,0.0,-0.114,0.000,-2.108,0.000,0.000,0.000,0.000,0.000,20.677,0.000,0.000,0.000,0,4,0,165,0,0,2200,0,0,0,0,0,0
146.340,0.000,0.0,-0.114,0.000,-2.108,0.000,0.000,0.000,0.000,0.000,20.677,0.000,0.000,0.000,0,4,0,165,0,0,2200,0,0,0,0,0,0
146.371,0.000,0.0,-0.114,0.000,-2.108,0.000,0.000,0.000,0.000,0.000,20.677,0.000,0.000,0.000,0,4,0,165,0,0,2200,0,0,0,0,0,0
146.394,0.000,0.0,-0.114,0.000,-2.108,0.000,0.000,0.000,0.000,0.000,20.677,0.000,0.000,0.000,0,4,0,165,0,0,2200,0,0,0,0,0,0
146.418,0.000,0.0,-0.114,0.000,-2.108,0.000,0.000,0.000,0.000,0.000,20.677,0.000,0.000,0.000,0,4,0,165,0,0,2200,0,0,0,0,0,0
146.436,0.000,0.0,-0.114,0.000,-2.108,0.000,0.000,0.000,0.000,0.000,20.677,0.000,0.000,0.000,0,4,0,165,0,0,2200,0,0,0,0,0,0
146.466,0.000,0.0,-0.114,0.000,-2.108,0.000,0.000,0.000,0.000,0.000,20.677,0.000,0.000,0.000,0,4,0,165,0,0,2200,0,0,0,0,0,0
146.486,0.000,0.0,-0.114,0.000,-2.108,0.000,0.000,0.000,0.000,0.000,20.677,0.000,0.000,0.000,0,4,0,165,0,0,2200,0,0,0,0,0,0
146.504,0.000,0.0,-0.114,0.000,-2.108,0.000,0.000,0.000,0.000,0.000,20.677,0.000,0.000,0.000,0,4,0,165,0,0,2200,0,0,0,0,0,0
146.521,0.000,0.0,-0.114,0.000,-2.108,0.000,0.000,0.000,0.000,0.000,20.677,0.000,0.000,0.000,0,4,0,165,0,0,2200,0,0,0,0,0,0
146.543,0.000,0.0,-0.114,0.000,-2.108,0.000,0.000,0.000,0.000,0.000,20.677,0.000,0.000,0.000,0,4,0,165,0,0,2200,0,0,0,0,0,0
146.564,0.000,0.0,-0.114,0.000,-2.108,0.000,0.000,0.000,0.000,0.000,20.677,0.000,0.000,0.000,0,4,0,165,0,0,2200,0,0,0,0,0,0
146.590,0.000,0.0,-0.114,0.000,-2.108,0.000,0.000,0.000,0.000,0.000,20.677,0.000,0.000,0.000,0,4,0,165,0,0,2200,0,0,0,0,0,0
146.621,0.000,0.0,-0.114,0.000,-2.108,0.000,0.000,0.000,0.000,0.000,20.677,0.000,0.000,0.000,0,4,0,165,0,0,2200,0,0,0,0,0,0
146.642,0.000,0.0,-0.114,0.000,-2.108,0.000,0.000,0.000,0.000,0.000,20.677,0.000,0.000,0.000,0,4,0,165,0,0,2200,0,0,0,0,0,0
146.668,0.000,0.0,-0.114,0.000,-2.108,0.000,0.000,0.000,0.000,0.000,20.677,0.000,0.000,0.000,0,4,0,165,0,0,2200,0,0,0,0,0,0
146.685,0.000,0.0,-0.114,0.000,-2.108,0.000,0.000,0.000,0.000,0.000,20.677,0.000,0.000,0.000,0,4,0,165,0,0,2200,0,0,0,0,0,0
146.715,0.000,0.0,-0.114,0.000,-2.108,0.000,0.000,0.000,0.000,0.000,20.677,0.000,0.000,0.000,0,4,0,165,0,0,2200,0,0,0,0,0,0
146.736,0.000,0.0,-0.114,0.000,-2.108,0.000,0.000,0.000,0.000,0.000,20.677,0.000,0.000,0.000,0,4,0,165,0,0,2200,0,0,0,0,0,0
146.753,0.000,0.0,-0.114,0.000,-2.108,0.000,0.000,0.000,0.000,0.000,20.677,0.000,0.000,0.000,0,4,0,165,0,0,2200,0,0,0,0,0,0
146.770,0.000,0.0,-0.114,0.000,-2.108,0.000,0.000,0.000,0.000,0.000,20.677,0.000,0.000,0.000,0,4,0,165,0,0,2200,0,0,0,0,0,0
146.787,0.000,0.0,-0.114,0.000,-2.108,0.000,0.000,0.000,0.000,0.000,20.677,0.000,0.000,0.000,0,4,0,165,0,0,2200,0,0,0,0,0,0
146.808,0.000,0.0,-0.114,0.000,-2.108,0.000,0.000,0.000,0.000,0.000,20.677,0.000,0.000,0.000,0,4,0,165,0,0,2200,0,0,0,0,0,0
146.824,0.000,0.0,-0.114,0.000,-2.108,0.000,0.000,0.000,0.000,0.000,20.677,0.000,0.000,0.000,0,4,0,165,0,0,2200,0,0,0,0,0,0
146.841,0.000,0.0,-0.114,0.000,-2.108,0.000,0.000,0.000,0.000,0.000,20.677,0.000,0.000,0.000,0,4,0,165,0,0,2200,0,0,0,0,0,0
146.871,0.000,0.0,-0.114,0.000,-2.108,0.000,0.000,0.000,0.000,0.000,20.677,0.000,0.000,0.000,0,4,0,165,0,0,2200,0,0,0,0,0,0
146.892,0.000,0.0,-0.114,0.000,-2.108,0.000,0.000,0.000,0.000,0.000,20.677,0.000,0.000,0.000,0,4,0,165,0,0,2200,0,0,0,0,0,0
146.919,0.000,0.0,-0.114,0.000,-2.108,0.000,0.000,0.000,0.000,0.000,20.677,0.000,0.000,0.000,0,4,0,165,0,0,2200,0,0,0,0,0,0
146.936,0.000,0.0,-0.114,0.000,-2.108,0.000,0.000,0.000,0.000,0.000,20.677,0.000,0.000,0.000,0,4,0,165,0,0,2200,0,0,0,0,0,0
146.965,0.000,0.0,-0.114,0.000,-2.108,0.000,0.000,0.000,0.000,0.000,20.677,0.000,0.000,0.000,0,4,0,165,0,0,2200,0,0,0,0,0,0
146.986,0.000,0.0,-0.114,0.000,-2.108,0.000,0.000,0.000,0.000,0.000,20.677,0.000,0.000,0.000,0,4,0,165,0,0,2200,0,0,0,0,0,0
147.003,0.000,0.0,-0.114,0.000,-2.108,0.000,0.000,0.000,0.000,0.000,20.677,0.000,0.000,0.000,0,4,0,165,0,0,2200,0,0,0,0,0,0
147.021,0.000,0.0,-0.114,0.000,-2.108,0.000,0.000,0.000,0.000,0.000,20.677,0.000,0.000,0.000,0,4,0,165,0,0,2200,0,0,0,0,0,0
147.043,0.000,0.0,-0.114,0.000,-2.108,0.000,0.000,0.000,0.000,0.000,20.677,0.000,0.000,0.000,0,4,0,165,0,0,2200,0,0,0,0,0,0
147.064,0.000,0.0,-0.114,0.000,-2.108,0.000,0.000,0.000,0.000,0.000,20.677,0.000,0.000,0.000,0,4,0,165,0,0,2200,0,0,0,0,0,0
147.090,0.000,0.0,-0.114,0.000,-2.108,0.000,0.000,0.000,0.000,0.000,20.677,0.000,0.000,0.000,0,4,0,165,0,0,2200,0,0,0,0,0,0
147.121,0.000,0.0,-0.114,0.000,-2.108,0.000,0.000,0.000,0.000,0.000,20.677,0.000,0.000,0.000,0,4,0,165,0,0,2200,0,0,0,0,0,0
147.141,0.000,0.0,-0.114,0.000,-2.108,0.000,0.000,0.000,0.000,0.000,20.677,0.000,0.000,0.000,0,4,0,165,0,0,2200,0,0,0,0,0,0
147.168,0.000,0.0,-0.114,0.000,-2.108,0.000,0.000,0.000,0.000,0.000,20.677,0.000,0.000,0.000,0,4,0,165,0,0,2200,0,0,0,0,0,0
147.184,0.000,0.0,-0.114,0.000,-2.108,0.000,0.000,0.000,0.000,0.000,20.677,0.000,0.000,0.000,0,4,0,165,0,0,2200,0,0,0,0,0,0
147.200,0.000,0.0,-0.114,0.000,-2.108,0.000,0.000,0.000,0.000,0.000,20.677,0.000,0.000,0.000,0,4,0,165,0,0,2200,0,0,0,0,0,0
147.222,0.000,0.0,-0.114,0.000,-2.108,0.000,0.000,0.000,0.000,0.000,20.677,0.000,0.000,0.000,0,4,0,165,0,0,2200,0,0,0,0,0,0
147.246,0.000,0.0,-0.114,0.000,-2.108,0.000,0.000,0.000,0.000,0.000,20.677,0.000,0.000,0.000,0,4,0,165,0,0,2200,0,0,0,0,0,0
147.263,0.000,0.0,-0.114,0.000,-2.108,0.000,0.000,0.000,0.000,0.000,20.677,0.000,0.000,0.000,0,4,0,165,0,0,2200,0,0,0,0,0,0
147.293,0.000,0.0,-0.114,0.000,-2.108,0.000,0.000,0.000,0.000,0.000,20.677,0.000,0.000,0.000,0,4,0,165,0,0,2200,0,0,0,0,0,0
147.314,0.000,0.0,-0.114,0.000,-2.108,0.000,0.000,0.000,0.000,0.000,20.677,0.000,0.000,0.000,0,4,0,165,0,0,2200,0,0,0,0,0,0
147.340,0.000,0.0,-0.114,0.000,-2.108,0.000,0.000,0.000,0.000,0.000,20.677,0.000,0.000,0.000,0,4,0,165,0,0,2200,0,0,0,0,0,0
147.371,0.000,0.0,-0.114,0.000,-2.108,0.000,0.000,0.000,0.000,0.000,20.677,0.000,0.000,0.000,0,4,0,165,0,0,2200,0,0,0,0,0,0
147.393,0.000,0.0,-0.114,0.000,-2.108,0.000,0.000,0.000,0.000,0.000,20.677,0.000,0.000,0.000,0,4,0,165,0,0,2200,0,0,0,0,0,0
147.418,0.000,0.0,-0.114,0.000,-2.108,0.000,0.000,0.000,0.000,0.000,20.677,0.000,0.000,0.000,0,4,0,165,0,0,2200,0,0,0,0,0,0
147.435,0.000,0.0,-0.114,0.000,-2.108,0.000,0.000,0.000,0.000,0.000,20.677,0.000,0.000,0.000,0,4,0,165,0,0,2200,0,0,0,0,0,0
147.452,0.000,0.0,-0.114,0.000,-2.108,0.000,0.000,0.000,0.000,0.000,20.677,0.000,0.000,0.000,0,4,0,165,0,0,2200,0,0,0,0,0,0
147.473,0.000,0.0,-0.114,0.000,-2.108,0.000,0.000,0.000,0.000,0.000,20.677,0.000,0.000,0.000,0,4,0,165,0,0,2200,0,0,0,0,0,0
147.496,0.000,0.0,-0.114,0.000,-2.108,0.000,0.000,0.000,0.000,0.000,20.677,0.000,0.000,0.000,0,4,0,165,0,0,2200,0,0,0,0,0,0
147.513,0.000,0.0,-0.114,0.000,-2.108,0.000,0.000,0.000,0.000,0.000,20.677,0.000,0.000,0.000,0,4,0,165,0,0,2200,0,0,0,0,0,0
147.543,0.000,0.0,-0.114,0.000,-2.108,0.000,0.000,0.000,0.000,0.000,20.677,0.000,0.000,0.000,0,4,0,165,0,0,2200,0,0,0,0,0,0
147.565,0.000,0.0,-0.114,0.000,-2.108,0.000,0.000,0.000,0.000,0.000,20.677,0.000,0.000,0.000,0,4,0,165,0,0,2200,0,0,0,0,0,0
147.590,0.000,0.0,-0.114,0.000,-2.108,0.000,0.000,0.000,0.000,0.000,20.677,0.000,0.000,0.000,0,4,0,165,0,0,2200,0,0,0,0,0,0
147.621,0.000,0.0,-0.114,0.000,-2.108,0.000,0.000,0.000,0.000,0.000,20.677,0.000,0.000,0.000,0,4,0,165,0,0,2200,0,0,0,0,0,0
147.642,0.000,0.0,-0.114,0.000,-2.108,0.000,0.000,0.000,0.000,0.000,20.677,0.000,0.000,0.000,0,4,0,165,0,0,2200,0,0,0,0,0,0
147.669,0.000,0.0,-0.114,0.000,-2.108,0.000,0.000,0.000,0.000,0.000,20.677,0.000,0.000,0.000,0,4,0,165,0,0,2200,0,0,0,0,0,0
147.685,0.000,0.0,-0.114,0.000,-2.108,0.000,0.000,0.000,0.000,0.000,20.677,0.000,0.000,0.000,0,4,0,165,0,0,2200,0,0,0,0,0,0
147.715,0.000,0.0,-0.114,0.000,-2.108,0.000,0.000,0.000,0.000,0.000,20.677,0.000,0.000,0.000,0,4,0,165,0,0,2200,0,0,0,0,0,0
147.779,0.000,0.0,-0.114,0.000,-2.108,0.000,0.000,0.000,0.000,0.000,20.677,0.000,0.000,0.000,0,4,0,165,0,0,2200,0,0,0,0,0,0
147.796,0.000,0.0,-0.114,0.000,-2.108,0.000,0.000,0.000,0.000,0.000,20.677,0.000,0.000,0.000,0,4,0,165,0,0,2200,0,0,0,0,0,0
147.850,0.000,0.0,-0.114,0.000,-2.108,0.000,0.000,0.000,0.000,0.000,20.677,0.000,0.000,0.000,0,4,0,165,0,0,2200,0,0,0,0,0,0
147.868,0.000,0.0,-0.114,0.000,-2.108,0.000,0.000,0.000,0.000,0.000,20.677,0.000,0.000,0.000,0,4,0,165,0,0,2200,0,0,0,0,0,0
147.899,0.000,0.0,-0.114,0.000,-2.108,0.000,0.000,0.000,0.000,0.000,20.677,0.000,0.000,0.000,0,4,0,165,0,0,2200,0,0,0,0,0,0
147.917,0.000,0.0,-0.114,0.000,-2.108,0.000,0.000,0.000,0.000,0.000,20.677,0.000,0.000,0.000,0,4,0,165,0,0,2200,0,0,0,0,0,0
147.935,0.000,0.0,-0.114,0.000,-2.108,0.000,0.000,0.000,0.000,0.000,20.677,0.000,0.000,0.000,0,4,0,165,0,0,2200,0,0,0,0,0,0
147.953,0.000,0.0,-0.114,0.000,-2.108,0.000,0.000,0.000,0.000,0.000,20.677,0.000,0.000,0.000,0,4,0,165,0,0,2200,0,0,0,0,0,0
147.977,0.000,0.0,-0.114,0.000,-2.108,0.000,0.000,0.000,0.000,0.000,20.677,0.000,0.000,0.000,0,4,0,165,0,0,2200,0,0,0,0,0,0
147.997,0.000,0.0,-0.114,0.000,-2.108,0.000,0.000,0.000,0.000,0.000,20.677,0.000,0.000,0.000,0,4,0,165,0,0,2200,0,0,0,0,0,0
148.013,0.000,0.0,-0.114,0.000,-2.108,0.000,0.000,0.000,0.000,0.000,20.677,0.000,0.000,0.000,0,4,0,165,0,0,2200,0,0,0,0,0,0
148.030,0.000,0.0,-0.114,0.000,-2.108,0.000,0.000,0.000,0.000,0.000,20.677,0.000,0.000,0.000,0,4,0,165,0,0,2200,0,0,0,0,0,0
148.050,0.000,0.0,-0.114,0.000,-2.108,0.000,0.000,0.000,0.000,0.000,20.677,0.000,0.000,0.000,0,4,0,165,0,0,2200,0,0,0,0,0,0
148.068,0.000,0.0,-0.114,0.000,-2.108,0.000,0.000,0.000,0.000,0.000,20.677,0.000,0.000,0.000,0,4,0,165,0,0,2200,0,0,0,0,0,0
148.090,0.000,0.0,-0.114,0.000,-2.108,0.000,0.000,0.000,0.000,0.000,20.677,0.000,0.000,0.000,0,4,0,165,0,0,2200,0,0,0,0,0,0
148.107,0.000,0.0,-0.114,0.000,-2.108,0.000,0.000,0.000,0.000,0.000,20.677,0.000,0.000,0.000,0,4,0,165,0,0,2200,0,0,0,0,0,0
148.129,0.000,0.0,-0.114,0.000,-2.108,0.000,0.000,0.000,0.000,0.000,20.677,0.000,0.000,0.000,0,4,0,165,0,0,2200,0,0,0,0,0,0
148.145,0.000,0.0,-0.114,0.000,-2.108,0.000,0.000,0.000,0.000,0.000,20.677,0.000,0.000,0.000,0,4,0,165,0,0,2200,0,0,0,0,0,0
148.168,0.000,0.0,-0.114,0.000,-2.108,0.000,0.000,0.000,0.000,0.000,20.677,0.000,0.000,0.000,0,4,0,165,0,0,2200,0,0,0,0,0,0
148.185,0.000,0.0,-0.114,0.000,-2.108,0.000,0.000,0.000,0.000,0.000,20.677,0.000,0.000,0.000,0,4,0,165,0,0,2200,0,0,0,0,0,0
148.207,0.000,0.0,-0.114,0.000,-2.108,0.000,0.000,0.000,0.000,0.000,20.677,0.000,0.000,0.000,0,4,0,165,0,0,2200,0,0,0,0,0,0
148.224,0.000,0.0,-0.114,0.000,-2.108,0.000,0.000,0.000,0.000,0.000,20.677,0.000,0.000,0.000,0,4,0,165,0,0,2200,0,0,0,0,0,0
148.241,0.000,0.0,-0.114,0.000,-2.108,0.000,0.000,0.000,0.000,0.000,20.677,0.000,0.000,0.000,0,4,0,165,0,0,2200,0,0,0,0,0,0
148.258,0.000,0.0,-0.114,0.000,-2.108,0.000,0.000,0.000,0.000,0.000,20.677,0.000,0.000,0.000,0,4,0,165,0,0,2200,0,0,0,0,0,0
148.280,0.000,0.0,-0.114,0.000,-2.108,0.000,0.000,0.000,0.000,0.000,20.677,0.000,0.000,0.000,0,4,0,165,0,0,2200,0,0,0,0,0,0
148.297,0.000,0.0,-0.114,0.000,-2.108,0.000,0.000,0.000,0.000,0.000,20.677,0.000,0.000,0.000,0,4,0,165,0,0,2200,0,0,0,0,0,0
148.314,0.000,0.0,-0.114,0.000,-2.108,0.000,0.000,0.000,0.000,0.000,20.677,0.000,0.000,0.000,0,4,0,165,0,0,2200,0,0,0,0,0,0
148.341,0.000,0.0,-0.114,0.000,-2.108,0.000,0.000,0.000,0.000,0.000,20.677,0.000,0.000,0.000,0,4,0,165,0,0,2200,0,0,0,0,0,0
148.362,0.000,0.0,-0.114,0.000,-2.108,0.000,0.000,0.000,0.000,0.000,20.677,0.000,0.000,0.000,0,4,0,165,0,0,2200,0,0,0,0,0,0
148.379,0.000,0.0,-0.114,0.000,-2.108,0.000,0.000,0.000,0.000,0.000,20.677,0.000,0.000,0.000,0,4,0,165,0,0,2200,0,0,0,0,0,0
148.396,0.000,0.0,-0.114,0.000,-2.108,0.000,0.000,0.000,0.000,0.000,20.677,0.000,0.000,0.000,0,4,0,165,0,0,2200,0,0,0,0,0,0
148.418,0.000,0.0,-0.114,0.000,-2.108,0.000,0.000,0.000,0.000,0.000,20.677,0.000,0.000,0.000,0,4,0,165,0,0,2200,0,0,0,0,0,0
148.440,0.000,0.0,-0.114,0.000,-2.108,0.000,0.000,0.000,0.000,0.000,20.677,0.000,0.000,0.000,0,4,0,165,0,0,2200,0,0,0,0,0,0
148.466,0.000,0.0,-0.114,0.000,-2.108,0.000,0.000,0.000,0.000,0.000,20.677,0.000,0.000,0.000,0,4,0,165,0,0,2200,0,0,0,0,0,0
148.496,0.000,0.0,-0.114,0.000,-2.108,0.000,0.000,0.000,0.000,0.000,20.677,0.000,0.000,0.000,0,4,0,165,0,0,2200,0,0,0,0,0,0
148.517,0.000,0.0,-0.114,0.000,-2.108,0.000,0.000,0.000,0.000,0.000,20.677,0.000,0.000,0.000,0,4,0,165,0,0,2200,0,0,0,0,0,0
148.543,0.000,0.0,-0.114,0.000,-2.108,0.000,0.000,0.000,0.000,0.000,20.677,0.000,0.000,0.000,0,4,0,165,0,0,2200,0,0,0,0,0,0
148.560,0.000,0.0,-0.114,0.000,-2.108,0.000,0.000,0.000,0.000,0.000,20.677,0.000,0.000,0.000,0,4,0,165,0,0,2200,0,0,0,0,0,0
148.576,0.000,0.0,-0.114,0.000,-2.108,0.000,0.000,0.000,0.000,0.000,20.677,0.000,0.000,0.000,0,4,0,165,0,0,2200,0,0,0,0,0,0
148.598,0.000,0.0,-0.114,0.000,-2.108,0.000,0.000,0.000,0.000,0.000,20.677,0.000,0.000,0.000,0,4,0,165,0,0,2200,0,0,0,0,0,0
148.621,0.000,0.0,-0.114,0.000,-2.108,0.000,0.000,0.000,0.000,0.000,20.677,0.000,0.000,0.000,0,4,0,165,0,0,2200,0,0,0,0,0,0
148.638,0.000,0.0,-0.114,0.000,-2.108,0.000,0.000,0.000,0.000,0.000,20.677,0.000,0.000,0.000,0,4,0,165,0,0,2200,0,0,0,0,0,0
148.669,0.000,0.0,-0.114,0.000,-2.108,0.000,0.000,0.000,0.000,0.000,20.677,0.000,0.000,0.000,0,4,0,165,0,0,2200,0,0,0,0,0,0
148.690,0.000,0.0,-0.114,0.000,-2.108,0.000,0.000,0.000,0.000,0.000,20.677,0.000,0.000,0.000,0,4,0,165,0,0,2200,0,0,0,0,0,0
148.715,0.000,0.0,-0.114,0.000,-2.108,0.000,0.000,0.000,0.000,0.000,20.677,0.000,0.000,0.000,0,4,0,165,0,0,2200,0,0,0,0,0,0
148.732,0.000,0.0,-0.114,0.000,-2.108,0.000,0.000,0.000,0.000,0.000,20.677,0.000,0.000,0.000,0,4,0,165,0,0,2200,0,0,0,0,0,0
148.749,0.000,0.0,-0.114,0.000,-2.108,0.000,0.000,0.000,0.000,0.000,20.677,0.000,0.000,0.000,0,4,0,165,0,0,2200,0,0,0,0,0,0
148.773,0.000,0.0,-0.114,0.000,-2.108,0.000,0.000,0.000,0.000,0.000,20.677,0.000,0.000,0.000,0,4,0,165,0,0,2200,0,0,0,0,0,0
148.793,0.000,0.0,-0.114,0.000,-2.108,0.000,0.000,0.000,0.000,0.000,20.677,0.000,0.000,0.000,0,4,0,165,0,0,2200,0,0,0,0,0,0
148.810,0.000,0.0,-0.114,0.000,-2.108,0.000,0.000,0.000,0.000,0.000,20.677,0.000,0.000,0.000,0,4,0,165,0,0,2200,0,0,0,0,0,0
148.840,0.000,0.0,-0.114,0.000,-2.108,0.000,0.000,0.000,0.000,0.000,20.677,0.000,0.000,0.000,0,4,0,165,0,0,2200,0,0,0,0,0,0
148.862,0.000,0.0,-0.114,0.000,-2.108,0.000,0.000,0.000,0.000,0.000,20.677,0.000,0.000,0.000,0,4,0,165,0,0,2200,0,0,0,0,0,0
148.878,0.000,0.0,-0.114,0.000,-2.108,0.000,0.000,0.000,0.000,0.000,20.677,0.000,0.000,0.000,0,4,0,165,0,0,2200,0,0,0,0,0,0
148.896,0.000,0.0,-0.114,0.000,-2.108,0.000,0.000,0.000,0.000,0.000,20.677,0.000,0.000,0.000,0,4,0,165,0,0,2200,0,0,0,0,0,0
148.918,0.000,0.0,-0.114,0.000,-2.108,0.000,0.000,0.000,0.000,0.000,20.677,0.000,0.000,0.000,0,4,0,165,0,0,2200,0,0,0,0,0,0
148.939,0.000,0.0,-0.114,0.000,-2.108,0.000,0.000,0.000,0.000,0.000,20.677,0.000,0.000,0.000,0,4,0,165,0,0,2200,0,0,0,0,0,0
148.965,0.000,0.0,-0.114,0.000,-2.108,0.000,0.000,0.000,0.000,0.000,20.677,0.000,0.000,0.000,0,4,0,165,0,0,2200,0,0,0,0,0,0
148.996,0.000,0.0,-0.114,0.000,-2.108,0.000,0.000,0.000,0.000,0.000,20.677,0.000,0.000,0.000,0,4,0,165,0,0,2200,0,0,0,0,0,0
149.020,0.000,0.0,-0.114,0.000,-2.108,0.000,0.000,0.000,0.000,0.000,20.677,0.000,0.000,0.000,0,4,0,165,0,0,2200,0,0,0,0,0,0
149.044,0.000,0.0,-0.114,0.000,-2.108,0.000,0.000,0.000,0.000,0.000,20.677,0.000,0.000,0.000,0,4,0,165,0,0,2200,0,0,0,0,0,0
149.060,0.000,0.0,-0.114,0.000,-2.108,0.000,0.000,0.000,0.000,0.000,20.677,0.000,0.000,0.000,0,4,0,165,0,0,2200,0,0,0,0,0,0
149.091,0.000,0.0,-0.114,0.000,-2.108,0.000,0.000,0.000,0.000,0.000,20.677,0.000,0.000,0.000,0,4,0,165,0,0,2200,0,0,0,0,0,0
149.116,0.000,0.0,-0.114,0.000,-2.108,0.000,0.000,0.000,0.000,0.000,20.677,0.000,0.000,0.000,0,4,0,165,0,0,2200,0,0,0,0,0,0
149.134,0.000,0.0,-0.114,0.000,-2.108,0.000,0.000,0.000,0.000,0.000,20.677,0.000,0.000,0.000,0,4,0,165,0,0,2200,0,0,0,0,0,0
149.150,0.000,0.0,-0.114,0.000,-2.108,0.000,0.000,0.000,0.000,0.000,20.677,0.000,0.000,0.000,0,4,0,165,0,0,2200,0,0,0,0,0,0
149.169,0.000,0.0,-0.114,0.000,-2.108,0.000,0.000,0.000,0.000,0.000,20.677,0.000,0.000,0.000,0,4,0,165,0,0,2200,0,0,0,0,0,0
149.189,0.000,0.0,-0.114,0.000,-2.108,0.000,0.000,0.000,0.000,0.000,20.677,0.000,0.000,0.000,0,4,0,165,0,0,2200,0,0,0,0,0,0
149.215,0.000,0.0,-0.114,0.000,-2.108,0.000,0.000,0.000,0.000,0.000,20.677,0.000,0.000,0.000,0,4,0,165,0,0,2200,0,0,0,0,0,0
149.246,0.000,0.0,-0.114,0.000,-2.108,0.000,0.000,0.000,0.000,0.000,20.677,0.000,0.000,0.000,0,4,0,165,0,0,2200,0,0,0,0,0,0
149.267,0.000,0.0,-0.114,0.000,-2.108,0.000,0.000,0.000,0.000,0.000,20.677,0.000,0.000,0.000,0,4,0,165,0,0,2200,0,0,0,0,0,0
149.294,0.000,0.0,-0.114,0.000,-2.108,0.000,0.000,0.000,0.000,0.000,20.677,0.000,0.000,0.000,0,4,0,165,0,0,2200,0,0,0,0,0,0
149.311,0.000,0.0,-0.114,0.000,-2.108,0.000,0.000,0.000,0.000,0.000,20.677,0.000,0.000,0.000,0,4,0,165,0,0,2200,0,0,0,0,0,0
149.341,0.000,0.0,-0.114,0.000,-2.108,0.000,0.000,0.000,0.000,0.000,20.677,0.000,0.000,0.000,0,4,0,165,0,0,2200,0,0,0,0,0,0
149.363,0.000,0.0,-0.114,0.000,-2.108,0.000,0.000,0.000,0.000,0.000,20.677,0.000,0.000,0.000,0,4,0,165,0,0,2200,0,0,0,0,0,0
149.379,0.000,0.0,-0.114,0.000,-2.108,0.000,0.000,0.000,0.000,0.000,20.677,0.000,0.000,0.000,0,4,0,165,0,0,2200,0,0,0,0,0,0
149.397,0.000,0.0,-0.114,0.000,-2.108,0.000,0.000,0.000,0.000,0.000,20.677,0.000,0.000,0.000,0,4,0,165,0,0,2200,0,0,0,0,0,0
149.418,0.000,0.0,-0.114,0.000,-2.108,0.000,0.000,0.000,0.000,0.000,20.677,0.000,0.000,0.000,0,4,0,165,0,0,2200,0,0,0,0,0,0
149.439,0.000,0.0,-0.114,0.000,-2.108,0.000,0.000,0.000,0.000,0.000,20.677,0.000,0.000,0.000,0,4,0,165,0,0,2200,0,0,0,0,0,0
149.466,0.000,0.0,-0.114,0.000,-2.108,0.000,0.000,0.000,0.000,0.000,20.677,0.000,0.000,0.000,0,4,0,165,0,0,2200,0,0,0,0,0,0
149.496,0.000,0.0,-0.114,0.000,-2.108,0.000,0.000,0.000,0.000,0.000,20.677,0.000,0.000,0.000,0,4,0,165,0,0,2200,0,0,0,0,0,0
149.516,0.000,0.0,-0.114,0.000,-2.108,0.000,0.000,0.000,0.000,0.000,20.677,0.000,0.000,0.000,0,4,0,165,0,0,2200,0,0,0,0,0,0
149.533,0.000,0.0,-0.114,0.000,-2.108,0.000,0.000,0.000,0.000,0.000,20.677,0.000,0.000,0.000,0,4,0,165,0,0,2200,0,0,0,0,0,0
149.551,0.000,0.0,-0.114,0.000,-2.108,0.000,0.000,0.000,0.000,0.000,20.677,0.000,0.000,0.000,0,4,0,165,0,0,2200,0,0,0,0,0,0
149.569,0.000,0.0,-0.114,0.000,-2.108,0.000,0.000,0.000,0.000,0.000,20.677,0.000,0.000,0.000,0,4,0,165,0,0,2200,0,0,0,0,0,0
149.590,0.000,0.0,-0.114,0.000,-2.108,0.000,0.000,0.000,0.000,0.000,20.677,0.000,0.000,0.000,0,4,0,165,0,0,2200,0,0,0,0,0,0
149.621,0.000,0.0,-0.114,0.000,-2.108,0.000,0.000,0.000,0.000,0.000,20.677,0.000,0.000,0.000,0,4,0,165,0,0,2200,0,0,0,0,0,0
149.637,0.000,0.0,-0.114,0.000,-2.108,0.000,0.000,0.000,0.000,0.000,20.677,0.000,0.000,0.000,0,4,0,165,0,0,2200,0,0,0,0,0,0
149.669,0.000,0.0,-0.114,0.000,-2.108,0.000,0.000,0.000,0.000,0.000,20.677,0.000,0.000,0.000,0,4,0,165,0,0,2200,0,0,0,0,0,0
149.689,0.000,0.0,-0.114,0.000,-2.108,0.000,0.000,0.000,0.000,0.000,20.677,0.000,0.000,0.000,0,4,0,165,0,0,2200,0,0,0,0,0,0
149.715,0.000,0.0,-0.114,0.000,-2.108,0.000,0.000,0.000,0.000,0.000,20.677,0.000,0.000,0.000,0,4,0,165,0,0,2200,0,0,0,0,0,0
149.732,0.000,0.0,-0.114,0.000,-2.108,0.000,0.000,0.000,0.000,0.000,20.677,0.000,0.000,0.000,0,4,0,165,0,0,2200,0,0,0,0,0,0
149.749,0.000,0.0,-0.114,0.000,-2.108,0.000,0.000,0.000,0.000,0.000,20.677,0.000,0.000,0.000,0,4,0,165,0,0,2200,0,0,0,0,0,0
149.771,0.000,0.0,-0.114,0.000,-2.108,0.000,0.000,0.000,0.000,0.000,20.677,0.000,0.000,0.000,0,4,0,165,0,0,2200,0,0,0,0,0,0
149.793,0.000,0.0,-0.114,0.000,-2.108,0.000,0.000,0.000,0.000,0.000,20.677,0.000,0.000,0.000,0,4,0,165,0,0,2200,0,0,0,0,0,0
149.810,0.000,0.0,-0.114,0.000,-2.108,0.000,0.000,0.000,0.000,0.000,20.677,0.000,0.000,0.000,0,4,0,165,0,0,2200,0,0,0,0,0,0
149.826,0.000,0.0,-0.114,0.000,-2.108,0.000,0.000,0.000,0.000,0.000,20.677,0.000,0.000,0.000,0,4,0,165,0,0,2200,0,0,0,0,0,0
149.847,0.000,0.0,-0.114,0.000,-2.108,0.000,0.000,0.000,0.000,0.000,20.677,0.000,0.000,0.000,0,4,0,165,0,0,2200,0,0,0,0,0,0
149.871,0.000,0.0,-0.114,0.000,-2.108,0.000,0.000,0.000,0.000,0.000,20.677,0.000,0.000,0.000,0,4,0,165,0,0,2200,0,0,0,0,0,0
149.888,0.000,0.0,-0.114,0.000,-2.108,0.000,0.000,0.000,0.000,0.000,20.677,0.000,0.000,0.000,0,4,0,165,0,0,2200,0,0,0,0,0,0
149.918,0.000,0.0,-0.114,0.000,-2.108,0.000,0.000,0.000,0.000,0.000,20.677,0.000,0.000,0.000,0,4,0,165,0,0,2200,0,0,0,0,0,0
149.940,0.000,0.0,-0.114,0.000,-2.108,0.000,0.000,0.000,0.000,0.000,20.677,0.000,0.000,0.000,0,4,0,165,0,0,2200,0,0,0,0,0,0
149.965,0.000,0.0,-0.114,0.000,-2.108,0.000,0.000,0.000,0.000,0.000,20.677,0.000,0.000,0.000,0,4,0,165,0,0,2200,0,0,0,0,0,0
149.996,0.000,0.0,-0.114,0.000,-2.108,0.000,0.000,0.000,0.000,0.000,20.677,0.000,0.000,0.000,0,4,0,165,0,0,2200,0,0,0,0,0,0
150.017,0.000,0.0,-0.114,0.000,-2.108,0.000,0.000,0.000,0.000,0.000,20.677,0.000,0.000,0.000,0,4,0,165,0,0,2200,0,0,0,0,0,0
150.043,0.000,0.0,-0.114,0.000,-2.108,0.000,0.000,0.000,0.000,0.000,20.677,0.000,0.000,0.000,0,4,0,165,0,0,2200,0,0,0,0,0,0
150.061,0.000,0.0,-0.114,0.000,-2.108,0.000,0.000,0.000,0.000,0.000,20.677,0.000,0.000,0.000,0,4,0,165,0,0,2200,0,0,0,0,0,0
150.077,0.000,0.0,-0.114,0.000,-2.108,0.000,0.000,0.000,0.000,0.000,20.677,0.000,0.000,0.000,0,4,0,165,0,0,2200,0,0,0,0,0,0
150.098,0.000,0.0,-0.114,0.000,-2.108,0.000,0.000,0.000,0.000,0.000,20.677,0.000,0.000,0.000,0,4,0,165,0,0,2200,0,0,0,0,0,0
150.121,0.000,0.0,-0.114,0.000,-2.108,0.000,0.000,0.000,0.000,0.000,20.677,0.000,0.000,0.000,0,4,0,165,0,0,2200,0,0,0,0,0,0
150.139,0.000,0.0,-0.114,0.000,-2.108,0.000,0.000,0.000,0.000,0.000,20.677,0.000,0.000,0.000,0,4,0,165,0,0,2200,0,0,0,0,0,0
150.169,0.000,0.0,-0.114,0.000,-2.108,0.000,0.000,0.000,0.000,0.000,20.677,0.000,0.000,0.000,0,4,0,165,0,0,2200,0,0,0,0,0,0
150.189,0.000,0.0,-0.114,0.000,-2.108,0.000,0.000,0.000,0.000,0.000,20.677,0.000,0.000,0.000,0,4,0,165,0,0,2200,0,0,0,0,0,0
150.215,0.000,0.0,-0.114,0.000,-2.108,0.000,0.000,0.000,0.000,0.000,20.677,0.000,0.000,0.000,0,4,0,165,0,0,2200,0,0,0,0,0,0
150.246,0.000,0.0,-0.114,0.000,-2.108,0.000,0.000,0.000,0.000,0.000,20.677,0.000,0.000,0.000,0,4,0,165,0,0,2200,0,0,0,0,0,0
150.267,0.000,0.0,-0.114,0.000,-2.108,0.000,0.000,0.000,0.000,0.000,20.677,0.000,0.000,0.000,0,4,0,165,0,0,2200,0,0,0,0,0,0
150.293,0.000,0.0,-0.114,0.000,-2.108,0.000,0.000,0.000,0.000,0.000,20.677,0.000,0.000,0.000,0,4,0,165,0,0,2200,0,0,0,0,0,0
150.311,0.000,0.0,-0.114,0.000,-2.108,0.000,0.000,0.000,0.000,0.000,20.677,0.000,0.000,0.000,0,4,0,165,0,0,2200,0,0,0,0,0,0
150.327,0.000,0.0,-0.114,0.000,-2.108,0.000,0.000,0.000,0.000,0.000,20.677,0.000,0.000,0.000,0,4,0,165,0,0,2200,0,0,0,0,0,0
150.349,0.000,0.0,-0.114,0.000,-2.108,0.000,0.000,0.000,0.000,0.000,20.677,0.000,0.000,0.000,0,4,0,165,0,0,2200,0,0,0,0,0,0
150.371,0.000,0.0,-0.114,0.000,-2.108,0.000,0.000,0.000,0.000,0.000,20.677,0.000,0.000,0.000,0,4,0,165,0,0,2200,0,0,0,0,0,0
150.388,0.000,0.0,-0.114,0.000,-2.108,0.000,0.000,0.000,0.000,0.000,20.677,0.000,0.000,0.000,0,4,0,165,0,0,2200,0,0,0,0,0,0
150.418,0.000,0.0,-0.114,0.000,-2.108,0.000,0.000,0.000,0.000,0.000,20.677,0.000,0.000,0.000,0,4,0,165,0,0,2200,0,0,0,0,0,0
150.440,0.000,0.0,-0.114,0.000,-2.108,0.000,0.000,0.000,0.000,0.000,20.677,0.000,0.000,0.000,0,4,0,165,0,0,2200,0,0,0,0,0,0
150.465,0.000,0.0,-0.114,0.000,-2.108,0.000,0.000,0.000,0.000,0.000,20.677,0.000,0.000,0.000,0,4,0,165,0,0,2200,0,0,0,0,0,0
150.496,0.000,0.0,-0.114,0.000,-2.108,0.000,0.000,0.000,0.000,0.000,20.677,0.000,0.000,0.000,0,4,0,165,0,0,2200,0,0,0,0,0,0
150.517,0.000,0.0,-0.114,0.000,-2.108,0.000,0.000,0.000,0.000,0.000,20.677,0.000,0.000,0.000,0,4,0,165,0,0,2200,0,0,0,0,0,0
150.535,0.000,0.0,-0.114,0.000,-2.108,0.000,0.000,0.000,0.000,0.000,20.677,0.000,0.000,0.000,0,4,0,165,0,0,2200,0,0,0,0,0,0
150.552,0.000,0.0,-0.114,0.000,-2.108,0.000,0.000,0.000,0.000,0.000,20.677,0.000,0.000,0.000,0,4,0,165,0,0,2200,0,0,0,0,0,0
150.569,0.000,0.0,-0.114,0.000,-2.108,0.000,0.000,0.000,0.000,0.000,20.677,0.000,0.000,0.000,0,4,0,165,0,0,2200,0,0,0,0,0,0
150.590,0.000,0.0,-0.114,0.000,-2.108,0.000,0.000,0.000,0.000,0.000,20.677,0.000,0.000,0.000,0,4,0,165,0,0,2200,0,0,0,0,0,0
150.622,0.000,0.0,-0.114,0.000,-2.108,0.000,0.000,0.000,0.000,0.000,20.677,0.000,0.000,0.000,0,4,0,165,0,0,2200,0,0,0,0,0,0
150.638,0.000,0.0,-0.114,0.000,-2.108,0.000,0.000,0.000,0.000,0.000,20.677,0.000,0.000,0.000,0,4,0,165,0,0,2200,0,0,0,0,0,0
150.669,0.000,0.0,-0.114,0.000,-2.108,0.000,0.000,0.000,0.000,0.000,20.677,0.000,0.000,0.000,0,4,0,165,0,0,2200,0,0,0,0,0,0
150.690,0.000,0.0,-0.114,0.000,-2.108,0.000,0.000,0.000,0.000,0.000,20.677,0.000,0.000,0.000,0,4,0,165,0,0,2200,0,0,0,0,0,0
150.715,0.000,0.0,-0.114,0.000,-2.108,0.000,0.000,0.000,0.000,0.000,20.677,0.000,0.000,0.000,0,4,0,165,0,0,2200,0,0,0,0,0,0
150.746,0.000,0.0,-0.114,0.000,-2.108,0.000,0.000,0.000,0.000,0.000,20.677,0.000,0.000,0.000,0,4,0,165,0,0,2200,0,0,0,0,0,0
150.768,0.000,0.0,-0.114,0.000,-2.108,0.000,0.000,0.000,0.000,0.000,20.677,0.000,0.000,0.000,0,4,0,165,0,0,2200,0,0,0,0,0,0
150.785,0.000,0.0,-0.114,0.000,-2.108,0.000,0.000,0.000,0.000,0.000,20.677,0.000,0.000,0.000,0,4,0,165,0,0,2200,0,0,0,0,0,0
150.802,0.000,0.0,-0.114,0.000,-2.108,0.000,0.000,0.000,0.000,0.000,20.677,0.000,0.000,0.000,0,4,0,165,0,0,2200,0,0,0,0,0,0
150.819,0.000,0.0,-0.114,0.000,-2.108,0.000,0.000,0.000,0.000,0.000,20.677,0.000,0.000,0.000,0,4,0,165,0,0,2200,0,0,0,0,0,0
150.839,0.000,0.0,-0.114,0.000,-2.108,0.000,0.000,0.000,0.000,0.000,20.677,0.000,0.000,0.000,0,4,0,165,0,0,2200,0,0,0,0,0,0
150.872,0.000,0.0,-0.114,0.000,-2.108,0.000,0.000,0.000,0.000,0.000,20.677,0.000,0.000,0.000,0,4,0,165,0,0,2200,0,0,0,0,0,0
150.889,0.000,0.0,-0.114,0.000,-2.108,0.000,0.000,0.000,0.000,0.000,20.677,0.000,0.000,0.000,0,4,0,165,0,0,2200,0,0,0,0,0,0
150.911,0.000,0.0,-0.114,0.000,-2.108,0.000,0.000,0.000,0.000,0.000,20.677,0.000,0.000,0.000,0,4,0,165,0,0,2200,0,0,0,0,0,0
150.928,0.000,0.0,-0.114,0.000,-2.108,0.000,0.000,0.000,0.000,0.000,20.677,0.000,0.000,0.000,0,4,0,165,0,0,2200,0,0,0,0,0,0
150.944,0.000,0.0,-0.114,0.000,-2.108,0.000,0.000,0.000,0.000,0.000,20.677,0.000,0.000,0.000,0,4,0,165,0,0,2200,0,0,0,0,0,0
150.966,0.000,0.0,-0.114,0.000,-2.108,0.000,0.000,0.000,0.000,0.000,20.677,0.000,0.000,0.000,0,4,0,165,0,0,2200,0,0,0,0,0,0
150.987,0.000,0.0,-0.114,0.000,-2.108,0.000,0.000,0.000,0.000,0.000,20.677,0.000,0.000,0.000,0,4,0,165,0,0,2200,0,0,0,0,0,0
151.005,0.000,0.0,-0.114,0.000,-2.108,0.000,0.000,0.000,0.000,0.000,20.677,0.000,0.000,0.000,0,4,0,165,0,0,2200,0,0,0,0,0,0
151.022,0.000,0.0,-0.114,0.000,-2.108,0.000,0.000,0.000,0.000,0.000,20.677,0.000,0.000,0.000,0,4,0,165,0,0,2200,0,0,0,0,0,0
151.043,0.000,0.0,-0.114,0.000,-2.108,0.000,0.000,0.000,0.000,0.000,20.677,0.000,0.000,0.000,0,4,0,165,0,0,2200,0,0,0,0,0,0
151.065,0.000,0.0,-0.114,0.000,-2.108,0.000,0.000,0.000,0.000,0.000,20.677,0.000,0.000,0.000,0,4,0,165,0,0,2200,0,0,0,0,0,0
151.090,0.000,0.0,-0.114,0.000,-2.108,0.000,0.000,0.000,0.000,0.000,20.677,0.000,0.000,0.000,0,4,0,165,0,0,2200,0,0,0,0,0,0
151.108,0.000,0.0,-0.114,0.000,-2.108,0.000,0.000,0.000,0.000,0.000,20.677,0.000,0.000,0.000,0,4,0,165,0,0,2200,0,0,0,0,0,0
151.125,0.000,0.0,-0.114,0.000,-2.108,0.000,0.000,0.000,0.000,0.000,20.677,0.000,0.000,0.000,0,4,0,165,0,0,2200,0,0,0,0,0,0
151.146,0.000,0.0,-0.114,0.000,-2.108,0.000,0.000,0.000,0.000,0.000,20.677,0.000,0.000,0.000,0,4,0,165,0,0,2200,0,0,0,0,0,0
151.168,0.000,0.0,-0.114,0.000,-2.108,0.000,0.000,0.000,0.000,0.000,20.677,0.000,0.000,0.000,0,4,0,165,0,0,2200,0,0,0,0,0,0
151.185,0.000,0.0,-0.114,0.000,-2.108,0.000,0.000,0.000,0.000,0.000,20.677,0.000,0.000,0.000,0,4,0,165,0,0,2200,0,0,0,0,0,0
151.216,0.000,0.0,-0.114,0.000,-2.108,0.000,0.000,0.000,0.000,0.000,20.677,0.000,0.000,0.000,0,4,0,165,0,0,2200,0,0,0,0,0,0
151.236,0.000,0.0,-0.114,0.000,-2.108,0.000,0.000,0.000,0.000,0.000,20.677,0.000,0.000,0.000,0,4,0,165,0,0,2200,0,0,0,0,0,0
151.254,0.000,0.0,-0.114,0.000,-2.108,0.000,0.000,0.000,0.000,0.000,20.677,0.000,0.000,0.000,0,4,0,165,0,0,2200,0,0,0,0,0,0
151.271,0.000,0.0,-0.114,0.000,-2.108,0.000,0.000,0.000,0.000,0.000,20.677,0.000,0.000,0.000,0,4,0,165,0,0,2200,0,0,0,0,0,0
151.293,0.000,0.0,-0.114,0.000,-2.108,0.000,0.000,0.000,0.000,0.000,20.677,0.000,0.000,0.000,0,4,0,165,0,0,2200,0,0,0,0,0,0
151.315,0.000,0.0,-0.114,0.000,-2.108,0.000,0.000,0.000,0.000,0.000,20.677,0.000,0.000,0.000,0,4,0,165,0,0,2200,0,0,0,0,0,0
151.341,0.000,0.0,-0.114,0.000,-2.108,0.000,0.000,0.000,0.000,0.000,20.677,0.000,0.000,0.000,0,4,0,165,0,0,2200,0,0,0,0,0,0
151.371,0.000,0.0,-0.114,0.000,-2.108,0.000,0.000,0.000,0.000,0.000,20.677,0.000,0.000,0.000,0,4,0,165,0,0,2200,0,0,0,0,0,0
151.392,0.000,0.0,-0.114,0.000,-2.108,0.000,0.000,0.000,0.000,0.000,20.677,0.000,0.000,0.000,0,4,0,165,0,0,2200,0,0,0,0,0,0
151.419,0.000,0.0,-0.114,0.000,-2.108,0.000,0.000,0.000,0.000,0.000,20.677,0.000,0.000,0.000,0,4,0,165,0,0,2200,0,0,0,0,0,0
151.437,0.000,0.0,-0.114,0.000,-2.108,0.000,0.000,0.000,0.000,0.000,20.677,0.000,0.000,0.000,0,4,0,165,0,0,2200,0,0,0,0,0,0
151.454,0.000,0.0,-0.114,0.000,-2.108,0.000,0.000,0.000,0.000,0.000,20.677,0.000,0.000,0.000,0,4,0,165,0,0,2200,0,0,0,0,0,0
151.475,0.000,0.0,-0.114,0.000,-2.108,0.000,0.000,0.000,0.000,0.000,20.677,0.000,0.000,0.000,0,4,0,165,0,0,2200,0,0,0,0,0,0
151.497,0.000,0.0,-0.114,0.000,-2.108,0.000,0.000,0.000,0.000,0.000,20.677,0.000,0.000,0.000,0,4,0,165,0,0,2200,0,0,0,0,0,0
151.513,0.000,0.0,-0.114,0.000,-2.108,0.000,0.000,0.000,0.000,0.000,20.677,0.000,0.000,0.000,0,4,0,165,0,0,2200,0,0,0,0,0,0
151.543,0.000,0.0,-0.114,0.000,-2.108,0.000,0.000,0.000,0.000,0.000,20.677,0.000,0.000,0.000,0,4,0,165,0,0,2200,0,0,0,0,0,0
151.574,0.000,0.0,-0.114,0.000,-2.108,0.000,0.000,0.000,0.000,0.000,20.677,0.000,0.000,0.000,0,4,0,165,0,0,2200,0,0,0,0,0,0
151.591,0.000,0.0,-0.114,0.000,-2.108,0.000,0.000,0.000,0.000,0.000,20.677,0.000,0.000,0.000,0,4,0,165,0,0,2200,0,0,0,0,0,0
151.608,0.000,0.0,-0.114,0.000,-2.108,0.000,0.000,0.000,0.000,0.000,20.677,0.000,0.000,0.000,0,4,0,165,0,0,2200,0,0,0,0,0,0
151.625,0.000,0.0,-0.114,0.000,-2.108,0.000,0.000,0.000,0.000,0.000,20.677,0.000,0.000,0.000,0,4,0,165,0,0,2200,0,0,0,0,0,0
151.646,0.000,0.0,-0.114,0.000,-2.108,0.000,0.000,0.000,0.000,0.000,20.677,0.000,0.000,0.000,0,4,0,165,0,0,2200,0,0,0,0,0,0
151.669,0.000,0.0,-0.114,0.000,-2.108,0.000,0.000,0.000,0.000,0.000,20.677,0.000,0.000,0.000,0,4,0,165,0,0,2200,0,0,0,0,0,0
151.686,0.000,0.0,-0.114,0.000,-2.108,0.000,0.000,0.000,0.000,0.000,20.677,0.000,0.000,0.000,0,4,0,165,0,0,2200,0,0,0,0,0,0
151.715,0.000,0.0,-0.114,0.000,-2.108,0.000,0.000,0.000,0.000,0.000,20.677,0.000,0.000,0.000,0,4,0,165,0,0,2200,0,0,0,0,0,0
151.736,0.000,0.0,-0.114,0.000,-2.108,0.000,0.000,0.000,0.000,0.000,20.677,0.000,0.000,0.000,0,4,0,165,0,0,2200,0,0,0,0,0,0
151.753,0.000,0.0,-0.114,0.000,-2.108,0.000,0.000,0.000,0.000,0.000,20.677,0.000,0.000,0.000,0,4,0,165,0,0,2200,0,0,0,0,0,0
151.769,0.000,0.0,-0.114,0.000,-2.108,0.000,0.000,0.000,0.000,0.000,20.677,0.000,0.000,0.000,0,4,0,165,0,0,2200,0,0,0,0,0,0
151.794,0.000,0.0,-0.114,0.000,-2.108,0.000,0.000,0.000,0.000,0.000,20.677,0.000,0.000,0.000,0,4,0,165,0,0,2200,0,0,0,0,0,0
151.814,0.000,0.0,-0.114,0.000,-2.108,0.000,0.000,0.000,0.000,0.000,20.677,0.000,0.000,0.000,0,4,0,165,0,0,2200,0,0,0,0,0,0
151.840,0.000,0.0,-0.114,0.000,-2.108,0.000,0.000,0.000,0.000,0.000,20.677,0.000,0.000,0.000,0,4,0,165,0,0,2200,0,0,0,0,0,0
151.872,0.000,0.0,-0.114,0.000,-2.108,0.000,0.000,0.000,0.000,0.000,20.677,0.000,0.000,0.000,0,4,0,165,0,0,2200,0,0,0,0,0,0
151.893,0.000,0.0,-0.114,0.000,-2.108,0.000,0.000,0.000,0.000,0.000,20.677,0.000,0.000,0.000,0,4,0,165,0,0,2200,0,0,0,0,0,0
151.918,0.000,0.0,-0.114,0.000,-2.108,0.000,0.000,0.000,0.000,0.000,20.677,0.000,0.000,0.000,0,4,0,165,0,0,2200,0,0,0,0,0,0
151.935,0.000,0.0,-0.114,0.000,-2.108,0.000,0.000,0.000,0.000,0.000,20.677,0.000,0.000,0.000,0,4,0,165,0,0,2200,0,0,0,0,0,0
151.966,0.000,0.0,-0.114,0.000,-2.108,0.000,0.000,0.000,0.000,0.000,20.677,0.000,0.000,0.000,0,4,0,165,0,0,2200,0,0,0,0,0,0
151.986,0.000,0.0,-0.114,0.000,-2.108,0.000,0.000,0.000,0.000,0.000,20.677,0.000,0.000,0.000,0,4,0,165,0,0,2200,0,0,0,0,0,0
152.004,0.000,0.0,-0.114,0.000,-2.108,0.000,0.000,0.000,0.000,0.000,20.677,0.000,0.000,0.000,0,4,0,165,0,0,2200,0,0,0,0,0,0
152.022,0.000,0.0,-0.114,0.000,-2.108,0.000,0.000,0.000,0.000,0.000,20.677,0.000,0.000,0.000,0,4,0,165,0,0,2200,0,0,0,0,0,0
152.044,0.000,0.0,-0.114,0.000,-2.108,0.000,0.000,0.000,0.000,0.000,20.677,0.000,0.000,0.000,0,4,0,165,0,0,2200,0,0,0,0,0,0
152.065,0.000,0.0,-0.114,0.000,-2.108,0.000,0.000,0.000,0.000,0.000,20.677,0.000,0.000,0.000,0,4,0,165,0,0,2200,0,0,0,0,0,0
152.090,0.000,0.0,-0.114,0.000,-2.108,0.000,0.000,0.000,0.000,0.000,20.677,0.000,0.000,0.000,0,4,0,165,0,0,2200,0,0,0,0,0,0
