t,offset,oldInt,newInt,oldFloat,newFloat
4.129,8,0,1,0,1.401298E-45
4.14,216,-1063516339,-1166536601,-4.875891,-0.0009462893
4.14,220,1062529442,1062866550,0.83169,0.8517832
4.141,224,-1024385051,-1024386863,-120.5623,-120.5485
4.142,228,1057150840,1057142208,0.5111003,0.5105858
4.143,232,1057150840,1057142208,0.5111003,0.5105858
4.145,236,1057150840,1057142208,0.5111003,0.5105858
4.146,240,-1123736333,-1227641236,-0.03250594,-6.308595E-06
4.146,244,990579588,990799740,0.002121658,0.002172916
4.147,248,-1096976360,-1096977543,-0.3075569,-0.3075216
4.151,260,1100856528,1100844972,19.71719,19.69515
4.154,352,1027604480,1023614976,0.046875,0.03201294
4.174,12,1598,1596,2.239275E-42,2.236472E-42
4.175,216,-1166536601,-1170931414,-0.0009462893,-0.0006904776
4.175,220,1062866550,1063265532,0.8517832,0.8755643
4.176,224,-1024386863,-1024387117,-120.5485,-120.5465
4.177,228,1057142208,1057129260,0.5105858,0.509814
4.178,232,1057142208,1057129260,0.5105858,0.509814
4.179,236,1057142208,1057129260,0.5105858,0.509814
4.179,240,-1227641236,-1231391476,-6.308595E-06,-4.603184E-06
4.18,244,990799740,991060300,0.002172916,0.002233583
4.181,248,-1096977543,-1096977709,-0.3075216,-0.3075167
4.182,260,1100844972,1100828352,19.69515,19.66345
4.183,352,1023614976,1027366912,0.03201294,0.04598999
4.205,12,1596,1595,2.236472E-42,2.235071E-42
4.207,216,-1170931414,-1076538912,-0.0006904776,-1.666561
4.208,220,1063265532,1063837104,0.8755643,0.9096327
4.208,224,-1024387117,-1024387501,-120.5465,-120.5436
4.209,228,1057129260,1057107027,0.509814,0.5084888
4.21,232,1057129260,1057107027,0.509814,0.5084888
4.21,236,1057129260,1057107027,0.509814,0.5084888
4.211,240,-1231391476,-1137309587,-4.603184E-06,-0.01111041
4.212,244,991060300,991433571,0.002233583,0.002320491
4.213,248,-1096977709,-1096977960,-0.3075167,-0.3075092
4.213,260,1100828352,1100811340,19.66345,19.631
4.214,352,1027366912,1027637248,0.04598999,0.04699707
4.267,12,1595,1594,2.235071E-42,2.23367E-42
4.268,216,-1076538912,-1072100813,-1.666561,-2.391248
4.269,220,1063837104,1064355384,0.9096327,0.9405246
4.27,224,-1024387501,-1024388605,-120.5436,-120.5352
4.27,228,1057107027,1057081108,0.5084888,0.5069439
4.271,232,1057107027,1057081108,0.5084888,0.5069439
4.272,236,1057107027,1057081108,0.5084888,0.5069439
4.273,240,-1137309587,-1132292080,-0.01111041,-0.01594165
4.273,244,991433571,991772040,0.002320491,0.002399297
4.274,248,-1096977960,-1096978681,-0.3075092,-0.3074877
4.275,260,1100811340,1100794327,19.631,19.59855
4.299,12,1594,1593,2.23367E-42,2.232268E-42
4.3,216,-1072100813,-1070190363,-2.391248,-2.846734
4.301,220,1064355384,1063834151,0.9405246,0.9094567
4.302,224,-1024388605,-1024389745,-120.5352,-120.5265
4.302,228,1057081108,1057052750,0.5069439,0.5052537
4.303,232,1057081108,1057052750,0.5069439,0.5052537
4.304,236,1057081108,1057052750,0.5069439,0.5052537
4.305,240,-1132292080,-1130661829,-0.01594165,-0.01897823
4.306,244,991772040,991431643,0.002399297,0.002320043
4.307,248,-1096978681,-1096979425,-0.3074877,-0.3074655
4.308,260,1100794327,1100777229,19.59855,19.56594
4.361,12,1593,1591,2.232268E-42,2.229466E-42
4.363,216,-1070190363,-1071632320,-2.846734,-2.502945
4.363,220,1063834151,1058107239,0.9094567,0.5681061
4.365,224,-1024389745,-1024392113,-120.5265,-120.5084
4.366,228,1057052750,1057011836,0.5052537,0.502815
4.368,232,1057052750,1057011836,0.5052537,0.502815
4.369,236,1057052750,1057011836,0.5052537,0.502815
4.369,240,-1130661829,-1131892299,-0.01897823,-0.0166863
4.371,244,991431643,985527493,0.002320043,0.00144925
4.372,248,-1096979425,-1096980972,-0.3074655,-0.3074194
4.372,260,1100777229,1100754459,19.56594,19.52251
4.373,352,1027637248,1031868416,0.04699707,0.0630188
4.423,12,1591,1590,2.229466E-42,2.228065E-42
4.424,216,-1071632320,-1079476048,-2.502945,-1.316427
4.425,220,1058107239,1053633525,0.5681061,0.400726
4.426,224,-1024392113,-1024393038,-120.5084,-120.5014
4.426,228,1057011836,1056987146,0.502815,0.5013434
4.427,232,1057011836,1056987146,0.502815,0.5013434
4.428,236,1057011836,1056987146,0.502815,0.5013434
4.429,240,-1131892299,-1139815943,-0.0166863,-0.008776181
4.43,244,985527493,981859676,0.00144925,0.00102226
4.431,248,-1096980972,-1096981576,-0.3074194,-0.3074014
4.432,260,1100754459,1100737929,19.52251,19.49098
4.433,352,1031868416,1027366912,0.0630188,0.04598999
4.456,12,1590,1589,2.228065E-42,2.226663E-42
4.457,216,-1079476048,-1081156533,-1.316427,-1.116098
4.458,220,1053633525,1045322723,0.400726,0.2015224
4.459,224,-1024393038,-1024394107,-120.5014,-120.4932
4.46,228,1056987146,1056962064,0.5013434,0.4999242
4.46,232,1056987146,1056962064,0.5013434,0.4999242
4.461,236,1056987146,1056962064,0.5013434,0.4999242
4.462,240,-1139815943,-1141649225,-0.008776181,-0.007440652
4.463,244,981859676,973521880,0.00102226,0.0005140877
4.463,248,-1096981576,-1096982274,-0.3074014,-0.3073806
4.464,260,1100737929,1100721164,19.49098,19.45901
4.466,352,1027366912,1027637248,0.04598999,0.04699707
4.517,12,1589,1587,2.226663E-42,2.223861E-42
4.518,216,-1081156533,-1073082336,-1.116098,-2.157234
4.519,220,1045322723,-1137121543,0.2015224,-0.01128554
4.52,224,-1024394107,-1024395240,-120.4932,-120.4846
4.521,228,1056962064,1056902088,0.4999242,0.4981368
4.521,232,1056962064,1056902088,0.4999242,0.4981368
4.522,236,1056962064,1056902088,0.4999242,0.4981368
4.523,240,-1141649225,-1133797212,-0.007440652,-0.01438156
4.524,244,973521880,-1208909499,0.0005140877,-2.878963E-05
4.524,248,-1096982274,-1096983014,-0.3073806,-0.3073586
4.525,260,1100721164,1100704431,19.45901,19.42709
4.549,12,1587,1586,2.223861E-42,2.222459E-42
4.55,216,-1073082336,-1069291009,-2.157234,-3.061157
4.55,220,-1137121543,-1100405457,-0.01128554,-0.2276809
4.551,224,-1024395240,-1024396859,-120.4846,-120.4722
4.552,228,1056902088,1056832128,0.4981368,0.4960518
4.552,232,1056902088,1056832128,0.4981368,0.4960518
4.553,236,1056902088,1056832128,0.4981368,0.4960518
4.554,240,-1133797212,-1129894380,-0.01438156,-0.02040771
4.555,244,-1208909499,-1172815340,-2.878963E-05,-0.0005808186
4.556,248,-1096983014,-1096984071,-0.3073586,-0.3073271
4.557,260,1100704431,1100687733,19.42709,19.39524
4.611,12,1586,1585,2.222459E-42,2.221058E-42
4.612,216,-1069291009,-1073172152,-3.061157,-2.13582
4.613,220,-1100405457,-1092284916,-0.2276809,-0.4473728
4.614,224,-1024396859,-1024399883,-120.4722,-120.4491
4.614,228,1056832128,1056746004,0.4960518,0.4934851
4.615,232,1056832128,1056746004,0.4960518,0.4934851
4.616,236,1056832128,1056746004,0.4960518,0.4934851
4.617,240,-1129894380,-1133950498,-0.02040771,-0.0142388
4.618,244,-1172815340,-1164601796,-0.0005808186,-0.001141257
4.618,248,-1096984071,-1096986046,-0.3073271,-0.3072682
4.619,260,1100687733,1100665445,19.39524,19.35273
4.621,352,1027637248,1031868416,0.04699707,0.0630188
4.673,12,1585,1583,2.221058E-42,2.218255E-42
4.674,216,-1073172152,-1084282725,-2.13582,-0.8717133
4.675,220,-1092284916,-1093198867,-0.4473728,-0.4201349
4.676,224,-1024399883,-1024400600,-120.4491,-120.4437
4.676,228,1056746004,1056707776,0.4934851,0.4923458
4.677,232,1056746004,1056707776,0.4934851,0.4923458
4.678,236,1056746004,1056707776,0.4934851,0.4923458
4.679,240,-1133950498,-1145147970,-0.0142388,-0.005811422
4.679,244,-1164601796,-1165198662,-0.001141257,-0.001071773
4.68,248,-1096986046,-1096986514,-0.3072682,-0.3072543
4.681,260,1100665445,1100648976,19.35273,19.32132
4.682,352,1031868416,1027366912,0.0630188,0.04598999
4.706,12,1583,1582,2.218255E-42,2.216854E-42
4.707,216,-1084282725,-1084342932,-0.8717133,-0.8681247
4.707,220,-1093198867,-1095114273,-0.4201349,-0.3630514
4.708,224,-1024400600,-1024401243,-120.4437,-120.4388
4.709,228,1056707776,1056672559,0.4923458,0.4912963
4.709,232,1056707776,1056672559,0.4923458,0.4912963
4.71,236,1056707776,1056672559,0.4923458,0.4912963
4.711,240,-1145147970,-1145199346,-0.005811422,-0.005787498
4.712,244,-1165198662,-1166882566,-0.001071773,-0.0009261515
4.713,248,-1096986514,-1096986934,-0.3072543,-0.3072417
4.714,260,1100648976,1100632218,19.32132,19.28936
4.714,352,1027366912,1027637248,0.04598999,0.04699707
4.767,12,1582,1898,2.216854E-42,2.659664E-42
4.768,24,0,1,0,1.401298E-45
4.769,216,-1084342932,-1074922952,-0.8681247,-1.859199
4.77,220,-1095114273,-1097091084,-0.3630514,-0.3041378
4.771,224,-1024401243,-1024401815,-120.4388,-120.4344
4.771,228,1056672559,1056628533,0.4912963,0.4899842
4.772,232,1056672559,1056628533,0.4912963,0.4899842
4.773,236,1056672559,1056628533,0.4912963,0.4899842
4.773,240,-1145199346,-1135930634,-0.005787498,-0.01239466
4.774,244,-1166882566,-1169464524,-0.0009261515,-0.0007758618
4.775,248,-1096986934,-1096987308,-0.3072417,-0.3072306
4.776,260,1100632218,1100615455,19.28936,19.25738
4.798,12,1898,1896,2.659664E-42,2.656862E-42
4.799,24,1,0,1.401298E-45,0
4.8,216,-1074922952,-1071408410,-1.859199,-2.556329
4.801,220,-1097091084,-1098708612,-0.3041378,-0.2559317
4.802,224,-1024401815,-1024402898,-120.4344,-120.4261
4.802,228,1056628533,1056577445,0.4899842,0.4884616
4.803,232,1056628533,1056577445,0.4899842,0.4884616
4.804,236,1056628533,1056577445,0.4899842,0.4884616
4.805,240,-1135930634,-1131701229,-0.01239466,-0.0170422
4.805,244,-1169464524,-1171577213,-0.0007758618,-0.0006528871
4.806,248,-1096987308,-1096988015,-0.3072306,-0.3072095
4.807,260,1100615455,1100598728,19.25738,19.22548
4.862,12,1896,1893,2.656862E-42,2.652658E-42
4.863,216,-1071408410,-1073998690,-2.556329,-1.969379
4.863,220,-1098708612,-1101836077,-0.2559317,-0.206363
4.864,224,-1024402898,-1024404651,-120.4261,-120.4128
4.865,228,1056577445,1056517391,0.4884616,0.4866719
4.866,232,1056577445,1056517391,0.4884616,0.4866719
4.867,236,1056577445,1056517391,0.4884616,0.4866719
4.868,240,-1131701229,-1135141931,-0.0170422,-0.01312919
4.868,244,-1171577213,-1173749622,-0.0006528871,-0.0005264363
4.869,248,-1096988015,-1096989160,-0.3072095,-0.3071754
4.87,260,1100598728,1100576323,19.22548,19.18274
4.872,352,1027637248,1031868416,0.04699707,0.0630188
4.923,12,1893,1892,2.652658E-42,2.651257E-42
4.924,216,-1073998690,-1065901816,-1.969379,-3.869204
4.925,220,-1101836077,-1102319880,-0.206363,-0.1991538
4.925,224,-1024404651,-1024405613,-120.4128,-120.4054
4.926,228,1056517391,1056452094,0.4866719,0.4847259
4.927,232,1056517391,1056452094,0.4866719,0.4847259
4.928,236,1056517391,1056452094,0.4866719,0.4847259
4.929,240,-1135141931,-1127002269,-0.01312919,-0.02579469
4.93,244,-1173749622,-1174065575,-0.0005264363,-0.0005080454
4.93,248,-1096989160,-1096989788,-0.3071754,-0.3071567
4.931,260,1100576323,1100559981,19.18274,19.15158
4.933,352,1031868416,1027366912,0.0630188,0.04598999
4.954,12,1892,1890,2.651257E-42,2.648454E-42
4.956,216,-1065901816,-1064327273,-3.869204,-4.489208
4.956,220,-1102319880,-1102314356,-0.1991538,-0.1992361
4.957,224,-1024405613,-1024407426,-120.4054,-120.3916
4.958,228,1056452094,1056378337,0.4847259,0.4825278
4.959,232,1056452094,1056378337,0.4847259,0.4825278
4.959,236,1056452094,1056378337,0.4847259,0.4825278
4.96,240,-1127002269,-1124783188,-0.02579469,-0.02992805
4.961,244,-1174065575,-1174061968,-0.0005080454,-0.0005082553
4.962,248,-1096989788,-1096990972,-0.3071567,-0.3071214
4.963,260,1100559981,1100543205,19.15158,19.11958
4.963,352,1027366912,1027637248,0.04598999,0.04699707
5.017,12,1890,1888,2.648454E-42,2.645652E-42
5.018,216,-1064327273,-1068650186,-4.489208,-3.213941
5.019,220,-1102314356,-1102096968,-0.1992361,-0.2024754
5.019,224,-1024407426,-1024409205,-120.3916,-120.378
5.02,228,1056378337,1056317684,0.4825278,0.4807202
5.021,232,1056378337,1056317684,0.4825278,0.4807202
5.022,236,1056378337,1056317684,0.4825278,0.4807202
5.023,240,-1124783188,-1129347545,-0.02992805,-0.02142627
5.024,244,-1174061968,-1173920000,-0.0005082553,-0.000516519
5.024,248,-1096990972,-1096992134,-0.3071214,-0.3070868
5.025,260,1100543205,1100526436,19.11958,19.08759
5.081,12,1888,1886,2.645652E-42,2.642849E-42
5.082,216,-1068650186,-1090500266,-3.213941,-0.501119
5.082,220,-1102096968,-1101588671,-0.2024754,-0.2100496
5.083,224,-1024409205,-1024411076,-120.378,-120.3637
5.084,228,1056317684,1056274384,0.4807202,0.4794297
5.085,232,1056317684,1056274384,0.4807202,0.4794297
5.085,236,1056317684,1056274384,0.4807202,0.4794297
5.086,240,-1129347545,-1151667914,-0.02142627,-0.003340793
5.087,244,-1173920000,-1173588051,-0.000516519,-0.0005358409
5.088,248,-1096992134,-1096993356,-0.3070868,-0.3070503
5.088,260,1100526436,1100504136,19.08759,19.04506
5.089,352,1027637248,1031868416,0.04699707,0.0630188
5.111,12,1886,1884,2.642849E-42,2.640046E-42
5.112,216,-1090500266,-1091558945,-0.501119,-0.4690084
5.113,220,-1101588671,-1101391166,-0.2100496,-0.2129927
5.114,224,-1024411076,-1024411450,-120.3637,-120.3609
5.115,228,1056274384,1056242350,0.4794297,0.478475
5.116,232,1056274384,1056242350,0.4794297,0.478475
5.117,236,1056274384,1056242350,0.4794297,0.478475
5.117,240,-1151667914,-1152587340,-0.003340793,-0.003126723
5.118,244,-1173588051,-1173459068,-0.0005358409,-0.0005433487
5.119,248,-1096993356,-1096993600,-0.3070503,-0.3070431
5.12,260,1100504136,1100487413,19.04506,19.01316
5.121,352,1031868416,1027637248,0.0630188,0.04699707
5.174,12,1884,1883,2.640046E-42,2.638645E-42
5.175,216,-1091558945,-1072067282,-0.4690084,-2.399242
5.176,220,-1101391166,-1101318831,-0.2129927,-0.2140706
5.177,224,-1024411450,-1024412036,-120.3609,-120.3564
5.178,228,1056242350,1056191269,0.478475,0.4769527
5.179,232,1056242350,1056191269,0.478475,0.4769527
5.18,236,1056242350,1056191269,0.478475,0.4769527
5.181,240,-1152587340,-1132263467,-0.003126723,-0.01599495
5.181,244,-1173459068,-1173411829,-0.0005433487,-0.0005460984
5.182,248,-1096993600,-1096993983,-0.3070431,-0.3070317
5.183,260,1100487413,1100471057,19.01316,18.98197
5.185,352,1027637248,1027366912,0.04699707,0.04598999
5.236,12,1883,1880,2.638645E-42,2.634441E-42
5.237,216,-1072067282,-1065502995,-2.399242,-3.96429
5.237,220,-1101318831,-1101154243,-0.2140706,-0.2165231
5.238,224,-1024412036,-1024414551,-120.3564,-120.3372
5.239,228,1056191269,1056099809,0.4769527,0.474227
5.24,232,1056191269,1056099809,0.4769527,0.474227
5.24,236,1056191269,1056099809,0.4769527,0.474227
5.241,240,-1132263467,-1126661942,-0.01599495,-0.0264286
5.242,244,-1173411829,-1173304343,-0.0005460984,-0.0005523549
5.243,248,-1096993983,-1096995625,-0.3070317,-0.3069827
5.244,260,1100471057,1100448825,18.98197,18.93956
5.244,352,1027366912,1031864320,0.04598999,0.06298828
5.267,12,1880,1879,2.634441E-42,2.63304E-42
5.269,216,-1065502995,-1069810419,-3.96429,-2.93732
5.27,220,-1101154243,-1101215585,-0.2165231,-0.2156091
5.271,224,-1024414551,-1024415764,-120.3372,-120.328
5.272,228,1056099809,1056042253,0.474227,0.4725117
5.272,232,1056099809,1056042253,0.474227,0.4725117
5.273,236,1056099809,1056042253,0.474227,0.4725117
5.274,240,-1126661942,-1130337610,-0.0264286,-0.01958213
5.275,244,-1173304343,-1173344403,-0.0005523549,-0.0005500231
5.275,248,-1096995625,-1096996417,-0.3069827,-0.3069591
5.276,260,1100448825,1100432138,18.93956,18.90773
5.278,352,1031864320,1027637248,0.06298828,0.04699707
5.332,12,1879,1877,2.63304E-42,2.630237E-42
5.333,216,-1069810419,-1084432063,-2.93732,-0.8628121
5.333,220,-1101215585,-1101216087,-0.2156091,-0.2156016
5.334,224,-1024415764,-1024417123,-120.328,-120.3176
5.335,228,1056042253,1056006556,0.4725117,0.4714478
5.335,232,1056042253,1056006556,0.4725117,0.4714478
5.336,236,1056042253,1056006556,0.4725117,0.4714478
5.337,240,-1130337610,-1145275405,-0.01958213,-0.005752081
5.338,244,-1173344403,-1173344731,-0.0005500231,-0.000550004
5.338,248,-1096996417,-1096997305,-0.3069591,-0.3069327
5.339,260,1100432138,1100415443,18.90773,18.87589
5.34,352,1027637248,1027645440,0.04699707,0.04702759
5.393,12,1877,1875,2.630237E-42,2.627435E-42
5.394,216,-1084432063,-1081270331,-0.8628121,-1.102532
5.395,220,-1101216087,-1101216752,-0.2156016,-0.2155917
5.396,224,-1024417123,-1024418330,-120.3176,-120.3084
5.397,228,1056006556,1055956410,0.4714478,0.4699534
5.398,232,1056006556,1055956410,0.4714478,0.4699534
5.399,236,1056006556,1055956410,0.4714478,0.4699534
5.399,240,-1145275405,-1141843441,-0.005752081,-0.007350213
5.4,244,-1173344731,-1173345165,-0.000550004,-0.0005499788
5.401,248,-1096997305,-1096998093,-0.3069327,-0.3069092
5.402,260,1100415443,1100393598,18.87589,18.83422
5.403,352,1027645440,1031659520,0.04702759,0.0619812
5.423,12,1875,1873,2.627435E-42,2.624632E-42
5.424,216,-1081270331,-1068920881,-1.102532,-3.149402
5.425,220,-1101216752,-1101066109,-0.2155917,-0.2178364
5.426,224,-1024418330,-1024419092,-120.3084,-120.3026
5.427,228,1055956410,1055896782,0.4699534,0.4681763
5.428,232,1055956410,1055896782,0.4699534,0.4681763
5.429,236,1055956410,1055896782,0.4699534,0.4681763
5.43,240,-1141843441,-1129578538,-0.007350213,-0.02099602
5.431,244,-1173345165,-1173246786,-0.0005499788,-0.0005557052
5.432,248,-1096998093,-1096998591,-0.3069092,-0.3068943
5.433,260,1100393598,1100376915,18.83422,18.8024
5.434,352,1031659520,1027637248,0.0619812,0.04699707
5.486,12,1873,1871,2.624632E-42,2.621829E-42
5.487,216,-1068920881,-1064668039,-3.149402,-4.326718
5.488,220,-1101066109,-1104210388,-0.2178364,-0.170983
5.489,224,-1024419092,-1024420731,-120.3026,-120.2901
5.49,228,1055896782,1055824638,0.4681763,0.4660262
5.49,232,1055896782,1055824638,0.4681763,0.4660262
5.491,236,1055896782,1055824638,0.4681763,0.4660262
5.492,240,-1129578538,-1125364761,-0.02099602,-0.02884479
5.493,244,-1173246786,-1176195265,-0.0005557052,-0.0004361812
5.493,248,-1096998591,-1096999661,-0.3068943,-0.3068624
5.494,260,1100376915,1100360152,18.8024,18.77043
5.549,12,1871,1869,2.621829E-42,2.619027E-42
5.55,216,-1064668039,-1075799533,-4.326718,-1.754702
5.551,220,-1104210388,1034966694,-0.170983,0.08610277
5.551,224,-1024420731,-1024422865,-120.2901,-120.2738
5.552,228,1055824638,1055774317,0.4660262,0.4645266
5.553,232,1055824638,1055774317,0.4660262,0.4645266
5.554,236,1055824638,1055774317,0.4660262,0.4645266
5.555,240,-1125364761,-1136678650,-0.02884479,-0.01169801
5.555,244,-1176195265,963006931,-0.0004361812,0.0002196499
5.556,248,-1096999661,-1097001055,-0.3068624,-0.3068209
5.557,260,1100360152,1100338166,18.77043,18.7285
5.558,352,1027637248,1031667712,0.04699707,0.06201172
5.581,12,1869,1867,2.619027E-42,2.616224E-42
5.582,216,-1075799533,-1088785749,-1.754702,-0.6033122
5.582,220,1034966694,1045375650,0.08610277,0.2023111
5.586,224,-1024422865,-1024423222,-120.2738,-120.2711
5.587,228,1055774317,1055747435,0.4645266,0.4637254
5.588,232,1055774317,1055747435,0.4645266,0.4637254
5.588,236,1055774317,1055747435,0.4645266,0.4637254
5.589,240,-1136678650,-1148990550,-0.01169801,-0.004022081
5.59,244,963006931,973556445,0.0002196499,0.0005160997
5.591,248,-1097001055,-1097001288,-0.3068209,-0.306814
5.592,260,1100338166,1100321419,18.7285,18.69655
5.592,352,1031667712,1027637248,0.06201172,0.04699707
5.642,12,1867,1864,2.616224E-42,2.61202E-42
5.643,216,-1088785749,-1078635973,-0.6033122,-1.416572
5.644,220,1045375650,1052400525,0.2023111,0.3639797
5.645,224,-1024423222,-1019170416,-120.2711,-192.6936
5.645,228,1055747435,1055685620,0.4637254,0.4618832
5.646,232,1055747435,1055685620,0.4637254,0.4618832
5.647,236,1055747435,1055685620,0.4637254,0.4618832
5.648,240,-1148990550,-1139099079,-0.004022081,-0.009443813
5.649,244,973556445,980641767,0.0005160997,0.0009285197
5.649,248,-1097001288,-1090802061,-0.306814,-0.4915653
5.65,260,1100321419,1100293126,18.69655,18.64259
5.706,12,1864,1860,2.61202E-42,2.606415E-42
5.707,216,-1078635973,-1063213175,-1.416572,-5.020451
5.708,220,1052400525,-1076336322,0.3639797,-1.690712
5.709,224,-1019170416,-1019171820,-192.6936,-192.6722
5.71,228,1055685620,1055553867,0.4618832,0.4579566
5.71,232,1055685620,1055553867,0.4618832,0.4579566
5.711,236,1055685620,1055553867,0.4618832,0.4579566
5.712,240,-1139099079,-1123477633,-0.009443813,-0.03346967
5.713,244,980641767,-1148365721,0.0009285197,-0.00431304
5.714,248,-1090802061,-1090803895,-0.4915653,-0.4915107
5.714,260,1100293126,1100254760,18.64259,18.56941
5.715,352,1027637248,1031868416,0.04699707,0.0630188
5.736,12,1860,1857,2.606415E-42,2.602211E-42
5.737,216,-1063213175,-1055550555,-5.020451,-9.348546
5.738,220,-1076336322,-1076660944,-1.690712,-1.652014
5.739,224,-1019171820,-1019172349,-192.6722,-192.6641
5.739,228,1055553867,1055411762,0.4579566,0.4537216
5.74,232,1055553867,1055411762,0.4579566,0.4537216
5.741,236,1055553867,1055411762,0.4579566,0.4537216
5.742,240,-1123477633,-1115732205,-0.03346967,-0.06232364
5.743,244,-1148365721,-1148577719,-0.00431304,-0.004214321
5.744,248,-1090803895,-1090804586,-0.4915107,-0.4914901
5.745,260,1100254760,1100226765,18.56941,18.51602
5.746,352,1031868416,1027637248,0.0630188,0.04699707
5.799,12,1857,1854,2.602211E-42,2.598007E-42
5.8,216,-1055550555,-1060952199,-9.348546,-6.098568
5.801,220,-1076660944,-1076811235,-1.652014,-1.634098
5.802,224,-1019172349,-1019172074,-192.6641,-192.6683
5.803,228,1055411762,1055306572,0.4537216,0.4505867
5.803,232,1055411762,1055306572,0.4537216,0.4505867
5.804,236,1055411762,1055306572,0.4537216,0.4505867
5.805,240,-1115732205,-1121548267,-0.06232364,-0.04065712
5.806,244,-1148577719,-1148675868,-0.004214321,-0.004168617
5.807,248,-1090804586,-1090804226,-0.4914901,-0.4915008
5.807,260,1100226765,1100199421,18.51602,18.46386
5.809,352,1027637248,1027366912,0.04699707,0.04598999
5.86,12,1854,1850,2.598007E-42,2.592402E-42
5.861,216,-1060952199,-1063604733,-6.098568,-4.833742
5.862,220,-1076811235,-1075831538,-1.634098,-1.750887
5.863,224,-1019172074,-1019172503,-192.6683,-192.6618
5.864,228,1055306572,1055179780,0.4505867,0.446808
5.865,232,1055306572,1055179780,0.4505867,0.446808
5.865,236,1055306572,1055179780,0.4505867,0.446808
5.866,240,-1121548267,-1123811762,-0.04065712,-0.03222495
5.867,244,-1148675868,-1148036066,-0.004168617,-0.004466548
5.868,248,-1090804226,-1090804787,-0.4915008,-0.4914841
5.869,260,1100199421,1100161570,18.46386,18.39167
5.87,352,1027366912,1031864320,0.04598999,0.06298828
5.892,12,1850,1848,2.592402E-42,2.5896E-42
5.893,216,-1063604733,-1062963006,-4.833742,-5.139741
5.894,220,-1075831538,-1075404920,-1.750887,-1.801744
5.895,224,-1019172503,-1019172830,-192.6618,-192.6568
5.896,228,1055179780,1055082710,0.446808,0.4439151
5.896,232,1055179780,1055082710,0.446808,0.4439151
5.897,236,1055179780,1055082710,0.446808,0.4439151
5.898,240,-1123811762,-1123264155,-0.03222495,-0.03426494
5.899,244,-1148036066,-1147757458,-0.004466548,-0.004596285
5.9,248,-1090804787,-1090805214,-0.4914841,-0.4914714
5.9,260,1100161570,1100133605,18.39167,18.33833
5.902,352,1031864320,1027637248,0.06298828,0.04699707
5.955,12,1848,1845,2.5896E-42,2.585396E-42
5.957,216,-1062963006,-1059132187,-5.139741,-6.966418
5.957,220,-1075404920,-1074927540,-1.801744,-1.858652
5.958,224,-1019172830,-1019173214,-192.6568,-192.6509
5.959,228,1055082710,1054966585,0.4439151,0.4404543
5.959,232,1055082710,1054966585,0.4439151,0.4404543
5.96,236,1055082710,1054966585,0.4439151,0.4404543
5.961,240,-1123264155,-1119995190,-0.03426494,-0.04644278
5.962,244,-1147757458,-1147445700,-0.004596285,-0.004741458
5.963,248,-1090805214,-1090805715,-0.4914714,-0.4914564
5.964,260,1100133605,1100105558,18.33833,18.28483
5.965,352,1027637248,1027645440,0.04699707,0.04702759
6.017,12,1845,1841,2.585396E-42,2.57979E-42
6.018,216,-1059132187,-1059592954,-6.966418,-6.746707
6.019,220,-1074927540,-1074447487,-1.858652,-1.915878
6.019,224,-1019173214,-1019173658,-192.6509,-192.6441
6.02,228,1054966585,1054815662,0.4404543,0.4359564
6.021,232,1054966585,1054815662,0.4404543,0.4359564
6.022,236,1054966585,1054815662,0.4404543,0.4359564
6.022,240,-1119995190,-1120388378,-0.04644278,-0.04497804
6.023,244,-1147445700,-1147132196,-0.004741458,-0.004887445
6.024,248,-1090805715,-1090806296,-0.4914564,-0.4914391
6.025,260,1100105558,1100067860,18.28483,18.21293
6.025,352,1027645440,1031659520,0.04702759,0.0619812
6.048,12,1841,1838,2.57979E-42,2.575587E-42
6.049,48,0,1,0,1.401298E-45
6.05,60,0,8,0,1.121039E-44
6.051,64,0,1062171562,0,0.8103586
6.052,68,0,10,0,1.401298E-44
6.052,216,-1059592954,-1060537487,-6.746707,-6.296319
6.053,220,-1074447487,-1074287272,-1.915878,-1.934978
6.054,224,-1019173658,-1019173888,-192.6441,-192.6406
6.055,228,1054815662,1054706789,0.4359564,0.4327118
6.055,232,1054815662,1054706789,0.4359564,0.4327118
6.056,236,1054815662,1054706789,0.4359564,0.4327118
6.057,240,-1120388378,-1121194379,-0.04497804,-0.04197546
6.058,244,-1147132196,-1147027566,-0.004887445,-0.004936167
6.059,248,-1090806296,-1090806596,-0.4914391,-0.4914302
6.06,260,1100067860,1100039721,18.21293,18.15926
6.061,352,1031659520,1027637248,0.0619812,0.04699707
6.11,12,1838,1835,2.575587E-42,2.571383E-42
6.111,48,1,0,1.401298E-45,0
6.112,60,8,0,1.121039E-44,0
6.113,64,1062171562,0,0.8103586,0
6.114,68,10,0,1.401298E-44,0
6.115,72,0,1,0,1.401298E-45
6.116,216,-1060537487,-1063299249,-6.296319,-4.979408
6.117,220,-1074287272,-1075663632,-1.934978,-1.770903
6.118,224,-1019173888,-1019173922,-192.6406,-192.6401
6.118,228,1054706789,1054611949,0.4327118,0.4298853
6.12,232,1054706789,1054611949,0.4327118,0.4298853
6.121,236,1054706789,1054611949,0.4327118,0.4298853
6.122,240,-1121194379,-1123551083,-0.04197546,-0.03319605
6.123,244,-1147027566,-1147926413,-0.004936167,-0.004517609
6.123,248,-1090806596,-1090806640,-0.4914302,-0.4914289
6.124,260,1100039721,1100011553,18.15926,18.10553
6.173,12,1835,1831,2.571383E-42,2.565777E-42
6.174,48,0,1,0,1.401298E-45
6.175,60,0,8,0,1.121039E-44
6.176,64,0,1062171562,0,0.8103586
6.176,68,0,10,0,1.401298E-44
6.177,72,1,0,1.401298E-45,0
6.178,216,-1063299249,-1073384765,-4.979408,-2.085129
6.179,220,-1075663632,-1078197934,-1.770903,-1.46879
6.179,224,-1019173922,-1019173782,-192.6401,-192.6422
6.18,228,1054611949,1054525861,0.4298853,0.4273197
6.181,232,1054611949,1054525861,0.4298853,0.4273197
6.182,236,1054611949,1054525861,0.4298853,0.4273197
6.183,240,-1123551083,-1134313357,-0.03319605,-0.01390086
6.184,244,-1147926413,-1149923639,-0.004517609,-0.003746914
6.185,248,-1090806640,-1090806458,-0.4914289,-0.4914343
6.186,260,1100011553,1099974086,18.10553,18.03407
6.186,352,1027637248,1031667712,0.04699707,0.06201172
6.204,12,1831,1828,2.565777E-42,2.561574E-42
6.205,48,1,0,1.401298E-45,0
6.206,60,8,0,1.121039E-44,0
6.207,64,1062171562,0,0.8103586,0
6.208,68,10,0,1.401298E-44,0
6.209,72,0,1,0,1.401298E-45
6.209,216,-1073384765,-1079428929,-2.085129,-1.322044
6.21,220,-1078197934,-1079057166,-1.46879,-1.366362
6.211,224,-1019173782,-1019173829,-192.6422,-192.6415
6.212,228,1054525861,1054469727,0.4273197,0.4256468
6.213,232,1054525861,1054469727,0.4273197,0.4256468
6.214,236,1054525861,1054469727,0.4273197,0.4256468
6.215,240,-1134313357,-1139775735,-0.01390086,-0.008813628
6.216,244,-1149923639,-1151045901,-0.003746914,-0.003485617
6.216,248,-1090806458,-1090806519,-0.4914343,-0.4914325
6.217,260,1099974086,1099946368,18.03407,17.9812
6.218,352,1031667712,1027637248,0.06201172,0.04699707
6.268,12,1828,1826,2.561574E-42,2.558771E-42
6.269,48,0,1,0,1.401298E-45
6.27,60,0,8,0,1.121039E-44
6.271,64,0,1062171562,0,0.8103586
6.271,68,0,10,0,1.401298E-44
6.272,72,1,0,1.401298E-45,0
6.273,216,-1079428929,-1149981112,-1.322044,-0.003733533
6.274,220,-1079057166,-1079813953,-1.366362,-1.276146
6.274,224,-1019173829,-1024457031,-192.6415,-120.0131
6.275,228,1054469727,1054477444,0.4256468,0.4258767
6.276,232,1054469727,1054477444,0.4256468,0.4258767
6.277,236,1054469727,1054477444,0.4256468,0.4258767
6.278,240,-1139775735,-1211053227,-0.008813628,-2.489022E-05
6.279,244,-1151045901,-1152034357,-0.003485617,-0.003255474
6.28,248,-1090806519,-1097023367,-0.4914325,-0.3061559
6.28,260,1099946368,1099929496,17.9812,17.94902
6.33,12,1826,1824,2.558771E-42,2.555968E-42
6.331,72,0,1,0,1.401298E-45
6.332,216,-1149981112,1042799589,-0.003733533,0.1639248
6.333,220,-1079813953,1067485370,-1.276146,1.254173
6.333,224,-1024457031,-1024456940,-120.0131,-120.0138
6.334,228,1054477444,1054461361,0.4258767,0.4253974
6.335,232,1054477444,1054461361,0.4258767,0.4253974
6.336,236,1054477444,1054461361,0.4258767,0.4253974
6.336,240,-1211053227,982465882,-2.489022E-05,0.001092832
6.337,244,-1152034357,995208540,-0.003255474,0.00319942
6.338,248,-1097023367,-1097023308,-0.3061559,-0.3061577
6.339,260,1099929496,1099906589,17.94902,17.90533
6.34,352,1027637248,1031868416,0.04699707,0.0630188
6.361,12,1824,1822,2.555968E-42,2.553166E-42
6.362,48,1,0,1.401298E-45,0
6.363,60,8,0,1.121039E-44,0
6.363,64,1062171562,0,0.8103586,0
6.364,68,10,0,1.401298E-44,0
6.365,216,1042799589,1069230713,0.1639248,1.462234
6.366,220,1067485370,1068497260,1.254173,1.374799
6.366,224,-1024456940,-1024457092,-120.0138,-120.0127
6.367,228,1054461361,1054457748,0.4253974,0.4252898
6.368,232,1054461361,1054457748,0.4253974,0.4252898
6.369,236,1054461361,1054457748,0.4253974,0.4252898
6.37,240,982465882,1008711428,0.001092832,0.009748224
6.371,244,995208540,996530192,0.00319942,0.003507141
6.372,248,-1097023308,-1097023407,-0.3061577,-0.3061548
6.372,260,1099906589,1099889399,17.90533,17.87254
6.373,352,1031868416,1027637248,0.0630188,0.04699707
6.423,12,1822,1820,2.553166E-42,2.550363E-42
6.424,72,1,0,1.401298E-45,0
6.425,216,1069230713,1058694699,1.462234,0.6031215
6.426,220,1068497260,1069216480,1.374799,1.460537
6.427,224,-1024457092,-1024456826,-120.0127,-120.0147
6.428,228,1054457748,1054443902,0.4252898,0.4248771
6.428,232,1054457748,1054443902,0.4252898,0.4248771
6.429,236,1054457748,1054443902,0.4252898,0.4248771
6.431,240,1008711428,998490367,0.009748224,0.00402081
6.431,244,996530192,997469581,0.003507141,0.00372586
6.432,248,-1097023407,-1097023233,-0.3061548,-0.3061599
6.434,260,1099889399,1099872456,17.87254,17.84023
6.434,352,1027637248,1027366912,0.04699707,0.04598999
6.486,12,1820,1818,2.550363E-42,2.547561E-42
6.487,48,0,1,0,1.401298E-45
6.488,60,0,8,0,1.121039E-44
6.488,64,0,1062171562,0,0.8103586
6.489,68,0,10,0,1.401298E-44
6.49,216,1058694699,1019857736,0.6031215,0.02463306
6.491,220,1069216480,1069401829,1.460537,1.482632
6.491,224,-1024456826,-1024456986,-120.0147,-120.0135
6.492,228,1054443902,1054413317,0.4248771,0.4239656
6.493,232,1054443902,1054413317,0.4248771,0.4239656
6.494,236,1054443902,1054413317,0.4248771,0.4239656
6.494,240,998490367,959197846,0.00402081,0.0001642204
6.496,244,997469581,997711669,0.00372586,0.003782225
6.497,248,-1097023233,-1097023338,-0.3061599,-0.3061568
6.498,260,1099872456,1099848727,17.84023,17.79497
6.499,352,1027366912,1031864320,0.04598999,0.06298828
6.518,12,1818,1816,2.547561E-42,2.544758E-42
6.519,48,1,0,1.401298E-45,0
6.52,60,8,0,1.121039E-44,0
6.52,64,1062171562,0,0.8103586,0
6.521,68,10,0,1.401298E-44,0
6.522,72,0,1,0,1.401298E-45
6.523,216,1019857736,-1117121978,0.02463306,-0.05714633
6.524,220,1069401829,1069214543,1.482632,1.460306
6.524,224,-1024456986,-1024457196,-120.0135,-120.0119
6.525,228,1054413317,1054385953,0.4239656,0.4231501
6.526,232,1054413317,1054385953,0.4239656,0.4231501
6.526,236,1054413317,1054385953,0.4239656,0.4231501
6.528,240,959197846,-1178092116,0.0001642204,-0.0003809755
6.529,244,997711669,997467051,0.003782225,0.003725271
6.53,248,-1097023338,-1097023475,-0.3061568,-0.3061527
6.53,260,1099848727,1099831315,17.79497,17.76175
6.531,352,1031864320,1027637248,0.06298828,0.04699707
6.58,12,1816,1814,2.544758E-42,2.541955E-42
6.581,48,0,1,0,1.401298E-45
6.583,60,0,8,0,1.121039E-44
6.583,64,0,1062171562,0,0.8103586
6.584,68,0,10,0,1.401298E-44
6.585,72,1,0,1.401298E-45,0
6.586,216,-1117121978,1034097371,-0.05714633,0.07962581
6.586,220,1069214543,1069041767,1.460306,1.43971
6.587,224,-1024457196,-1024457640,-120.0119,-120.0085
6.588,228,1054385953,1054359275,0.4231501,0.422355
6.589,232,1054385953,1054359275,0.4231501,0.422355
6.59,236,1054385953,1054359275,0.4231501,0.422355
6.59,240,-1178092116,973809660,-0.0003809755,0.0005308387
6.591,244,997467051,997241384,0.003725271,0.003672728
6.592,248,-1097023475,-1097023765,-0.3061527,-0.3061441
6.593,260,1099831315,1099813915,17.76175,17.72857
6.594,352,1027637248,1027645440,0.04699707,0.04702759
6.642,12,1814,1812,2.541955E-42,2.539153E-42
6.643,48,1,0,1.401298E-45,0
6.644,60,8,0,1.121039E-44,0
6.645,64,1062171562,0,0.8103586,0
6.646,68,10,0,1.401298E-44,0
6.646,72,0,1,0,1.401298E-45
6.647,216,1034097371,1051055123,0.07962581,0.3238836
6.648,220,1069041767,1069013617,1.43971,1.436354
6.649,224,-1024457640,-1024458115,-120.0085,-120.0049
6.649,228,1054359275,1054327085,0.422355,0.4213957
6.65,232,1054359275,1054327085,0.422355,0.4213957
6.651,236,1054359275,1054327085,0.422355,0.4213957
6.652,240,973809660,990740933,0.0005308387,0.002159224
6.653,244,997241384,997204617,0.003672728,0.003664168
6.654,248,-1097023765,-1097024075,-0.3061441,-0.3061348
6.655,260,1099813915,1099790589,17.72857,17.68408
6.656,352,1027645440,1031659520,0.04702759,0.0619812
6.673,12,1812,1810,2.539153E-42,2.53635E-42
6.674,48,0,1,0,1.401298E-45
6.675,60,0,8,0,1.121039E-44
6.676,64,0,1062171562,0,0.8103586
6.677,68,0,10,0,1.401298E-44
6.678,72,1,0,1.401298E-45,0
6.678,216,1051055123,1068277138,0.3238836,1.348559
6.679,220,1069013617,1069011269,1.436354,1.436074
6.68,224,-1024458115,-1024458297,-120.0049,-120.0035
6.681,228,1054327085,1054314757,0.4213957,0.4210283
6.682,232,1054327085,1054314757,0.4213957,0.4210283
6.682,236,1054327085,1054314757,0.4213957,0.4210283
6.684,240,990740933,1007897711,0.002159224,0.008990391
6.685,244,997204617,997201550,0.003664168,0.003663454
6.685,248,-1097024075,-1097024194,-0.3061348,-0.3061313
6.686,260,1099790589,1099773228,17.68408,17.65096
6.687,352,1031659520,1027637248,0.0619812,0.04699707
6.736,12,1810,1808,2.53635E-42,2.533548E-42
6.737,48,1,0,1.401298E-45,0
6.738,60,8,0,1.121039E-44,0
6.739,64,1062171562,0,0.8103586,0
6.74,68,10,0,1.401298E-44,0
6.74,72,0,1,0,1.401298E-45
6.741,216,1068277138,1068902230,1.348559,1.423075
6.742,220,1069011269,1067658249,1.436074,1.274781
6.743,224,-1024458297,-1024457861,-120.0035,-120.0068
6.744,228,1054314757,1054303307,0.4210283,0.420687
6.744,232,1054314757,1054303307,0.4210283,0.420687
6.745,236,1054314757,1054303307,0.4210283,0.420687
6.747,240,1007897711,1008431123,0.008990391,0.00948717
6.748,244,997201550,995434341,0.003663454,0.003251993
6.749,248,-1097024194,-1097023909,-0.3061313,-0.3061398
6.749,260,1099773228,1099755864,17.65096,17.61784
6.798,12,1808,1806,2.533548E-42,2.530745E-42
6.799,48,0,1,0,1.401298E-45
6.8,60,0,8,0,1.121039E-44
6.8,64,0,1062171562,0,0.8103586
6.801,68,0,10,0,1.401298E-44
6.802,72,1,0,1.401298E-45,0
6.803,216,1068902230,1079211796,1.423075,3.304143
6.804,220,1067658249,1061496793,1.274781,0.7701393
6.804,224,-1024457861,-1024457219,-120.0068,-120.0117
6.805,228,1054303307,1054295364,0.420687,0.4204503
6.806,232,1054303307,1054295364,0.420687,0.4204503
6.806,236,1054303307,1054295364,0.420687,0.4204503
6.808,240,1008431123,1018458948,0.00948717,0.02202762
6.808,244,995434341,989905205,0.003251993,0.001964641
6.809,248,-1097023909,-1097023490,-0.3061398,-0.3061523
6.81,260,1099755864,1099733176,17.61784,17.57457
6.811,352,1027637248,1031667712,0.04699707,0.06201172
6.83,12,1806,1804,2.530745E-42,2.527942E-42
6.831,48,1,0,1.401298E-45,0
6.833,60,8,0,1.121039E-44,0
6.836,64,1062171562,0,0.8103586,0
6.837,68,10,0,1.401298E-44,0
6.838,72,0,1,0,1.401298E-45
6.839,216,1079211796,1082445790,3.304143,4.150374
6.839,220,1061496793,1057974304,0.7701393,0.5601826
6.84,224,-1024457219,-1024456917,-120.0117,-120.014
6.841,228,1054295364,1054301845,0.4204503,0.4206435
6.842,232,1054295364,1054301845,0.4204503,0.4206435
6.843,236,1054295364,1054301845,0.4204503,0.4206435
6.844,240,1018458948,1021487729,0.02202762,0.02766916
6.844,244,989905205,985353864,0.001964641,0.001429037
6.845,248,-1097023490,-1097023293,-0.3061523,-0.3061582
6.846,260,1099733176,1099716283,17.57457,17.54235
6.847,352,1031667712,1027637248,0.06201172,0.04699707
6.876,12,1804,1802,2.527942E-42,2.52514E-42
6.878,48,0,1,0,1.401298E-45
6.879,60,0,8,0,1.121039E-44
6.88,64,0,1062171562,0,0.8103586
6.88,68,0,10,0,1.401298E-44
6.881,72,1,0,1.401298E-45,0
6.882,216,1082445790,1086530611,4.150374,6.098169
6.883,220,1057974304,1050683422,0.5601826,0.3128061
6.884,224,-1024456917,-1024456193,-120.014,-120.0195
6.884,228,1054301845,1054330362,0.4206435,0.4214934
6.885,232,1054301845,1054330362,0.4206435,0.4214934
6.887,236,1054301845,1054330362,0.4206435,0.4214934
6.887,240,1021487729,1025934666,0.02766916,0.04065446
6.888,244,985353864,978399020,0.001429037,0.0007979746
6.889,248,-1097023293,-1097022820,-0.3061582,-0.3061723
6.89,260,1099716283,1099699523,17.54235,17.51038
6.939,12,1802,1800,2.52514E-42,2.522337E-42
6.94,72,0,1,0,1.401298E-45
6.941,216,1086530611,1083681722,6.098169,4.739713
6.942,220,1050683422,-1104977757,0.3128061,-0.1595483
6.943,224,-1024456193,-1024453487,-120.0195,-120.0402
6.944,228,1054330362,1054339556,0.4214934,0.4217674
6.944,232,1054330362,1054339556,0.4214934,0.4217674
6.945,236,1054330362,1054339556,0.4214934,0.4217674
6.946,240,1025934666,1023503614,0.04065446,0.03159808
6.947,244,978399020,-1177197543,0.0007979746,-0.000407011
6.948,248,-1097022820,-1097021053,-0.3061723,-0.3062249
6.949,260,1099699523,1099677199,17.51038,17.4678
6.95,352,1027637248,1031868416,0.04699707,0.0630188
7.001,12,1800,1798,2.522337E-42,2.519535E-42
7.002,48,1,0,1.401298E-45,0
7.003,60,8,0,1.121039E-44,0
7.003,64,1062171562,0,0.8103586,0
7.004,68,10,0,1.401298E-44,0
7.005,216,1083681722,1086147438,4.739713,5.915458
7.006,220,-1104977757,-1096155005,-0.1595483,-0.3320352
7.006,224,-1024453487,-1024453102,-120.0402,-120.0431
7.007,228,1054339556,1054366422,0.4217674,0.422568
7.008,232,1054339556,1054366422,0.4217674,0.422568
7.009,236,1054339556,1054366422,0.4217674,0.422568
7.009,240,1023503614,1025607692,0.03159808,0.03943639
7.011,244,-1177197543,-1168241890,-0.000407011,-0.0008470285
7.012,248,-1097021053,-1097020801,-0.3062249,-0.3062324
7.012,260,1099677199,1099660537,17.4678,17.43602
7.013,352,1031868416,1027637248,0.0630188,0.04699707
7.034,12,1798,1797,2.519535E-42,2.518133E-42
7.035,72,1,0,1.401298E-45,0
7.036,216,1086147438,1079083625,5.915458,3.273585
7.037,220,-1096155005,-1091980499,-0.3320352,-0.4564451
7.038,224,-1024453102,-1024451244,-120.0431,-120.0573
7.038,228,1054366422,1054366811,0.422568,0.4225796
7.039,232,1054366422,1054366811,0.422568,0.4225796
7.04,236,1054366422,1054366811,0.422568,0.4225796
7.041,240,1025607692,1018349576,0.03943639,0.0218239
7.041,244,-1168241890,-1164402993,-0.0008470285,-0.001164401
7.042,248,-1097020801,-1097019588,-0.3062324,-0.3062686
7.043,260,1099660537,1099644212,17.43602,17.40488
7.044,352,1027637248,1027366912,0.04699707,0.04598999
7.096,12,1797,1794,2.518133E-42,2.513929E-42
7.097,216,1079083625,1071599530,3.273585,1.744619
7.098,220,-1091980499,-1093389203,-0.4564451,-0.4144625
7.099,224,-1024451244,-1024450180,-120.0573,-120.0654
7.1,228,1054366811,1054350335,0.4225796,0.4220886
7.101,232,1054366811,1054350335,0.4225796,0.4220886
7.101,236,1054366811,1054350335,0.4225796,0.4220886
7.102,240,1018349576,1010732819,0.0218239,0.01163079
7.103,244,-1164402993,-1165322963,-0.001164401,-0.001057302
7.104,248,-1097019588,-1097018893,-0.3062686,-0.3062893
7.104,260,1099644212,1099621821,17.40488,17.36218
7.105,352,1027366912,1031864320,0.04598999,0.06298828
7.159,12,1794,1793,2.513929E-42,2.512528E-42
7.16,216,1071599530,1021048518,1.744619,0.02685107
7.161,220,-1093389203,-1095599929,-0.4144625,-0.3485777
7.162,224,-1024450180,-1024449667,-120.0654,-120.0693
7.162,228,1054350335,1054326599,0.4220886,0.4213812
7.163,232,1054350335,1054326599,0.4220886,0.4213812
7.164,236,1054350335,1054326599,0.4220886,0.4213812
7.165,240,1010732819,960213980,0.01163079,0.0001790071
7.166,244,-1165322963,-1167516893,-0.001057302,-0.0008892288
7.166,248,-1097018893,-1097018558,-0.3062893,-0.3062993
7.167,260,1099621821,1099605035,17.36218,17.33016
7.169,352,1031864320,1027637248,0.06298828,0.04699707
7.189,12,1793,1791,2.512528E-42,2.509726E-42
7.19,216,1021048518,-1085892403,0.02685107,-0.7757691
7.191,220,-1095599929,-1097667089,-0.3485777,-0.2869715
7.192,224,-1024449667,-1024449988,-120.0693,-120.0669
7.192,228,1054326599,1054295382,0.4213812,0.4204509
7.193,232,1054326599,1054295382,0.4213812,0.4204509
7.194,236,1054326599,1054295382,0.4213812,0.4204509
7.195,240,960213980,-1146521562,0.0001790071,-0.005171794
7.195,244,-1167516893,-1170216857,-0.0008892288,-0.0007320702
7.196,248,-1097018558,-1097018768,-0.3062993,-0.306293
7.197,260,1099605035,1099588329,17.33016,17.2983
7.198,352,1027637248,1027645440,0.04699707,0.04702759
7.251,12,1791,1789,2.509726E-42,2.506923E-42
7.252,216,-1085892403,-1072640472,-0.7757691,-2.262583
7.253,220,-1097667089,-1101349387,-0.2869715,-0.2136153
7.253,224,-1024449988,-1024451255,-120.0669,-120.0572
7.254,228,1054295382,1054234780,0.4204509,0.4186448
7.255,232,1054295382,1054234780,0.4204509,0.4186448
7.256,236,1054295382,1054234780,0.4204509,0.4186448
7.257,240,-1146521562,-1133043098,-0.005171794,-0.01508388
7.257,244,-1170216857,-1173431784,-0.0007320702,-0.0005449369
7.258,248,-1097018768,-1097019595,-0.306293,-0.3062684
7.259,260,1099588329,1099566394,17.2983,17.25646
7.26,352,1027645440,1031659520,0.04702759,0.0619812
7.314,12,1789,1787,2.506923E-42,2.50412E-42
7.315,216,-1072640472,-1076308613,-2.262583,-1.694015
7.315,220,-1101349387,-1102284754,-0.2136153,-0.1996772
7.316,224,-1024451255,-1024452085,-120.0572,-120.0509
7.317,228,1054234780,1054192387,0.4186448,0.4173814
7.318,232,1054234780,1054192387,0.4186448,0.4173814
7.319,236,1054234780,1054192387,0.4186448,0.4173814
7.319,240,-1133043098,-1137113065,-0.01508388,-0.01129343
7.32,244,-1173431784,-1174042636,-0.0005449369,-0.0005093806
7.321,248,-1097019595,-1097020137,-0.3062684,-0.3062522
7.322,260,1099566394,1099549681,17.25646,17.22458
7.323,352,1031659520,1027637248,0.0619812,0.04699707
7.346,12,1787,1785,2.50412E-42,2.501318E-42
7.347,216,-1076308613,-1075930310,-1.694015,-1.739112
7.347,220,-1102284754,-1102531613,-0.1996772,-0.1959987
7.357,224,-1024452085,-1024452973,-120.0509,-120.0441
7.357,228,1054192387,1054148871,0.4173814,0.4160845
7.358,232,1054192387,1054148871,0.4173814,0.4160845
7.359,236,1054192387,1054148871,0.4173814,0.4160845
7.36,240,-1137113065,-1136790246,-0.01129343,-0.01159408
7.36,244,-1174042636,-1174203850,-0.0005093806,-0.0004999967
7.361,248,-1097020137,-1097020717,-0.3062522,-0.3062349
7.362,260,1099549681,1099532941,17.22458,17.19265
7.424,12,1785,1783,2.501318E-42,2.498515E-42
7.425,216,-1075930310,-1073712369,-1.739112,-2.007023
7.425,220,-1102531613,-1102122714,-0.1959987,-0.2020918
7.426,224,-1024452973,-1024454772,-120.0441,-120.0304
7.427,228,1054148871,1054087352,0.4160845,0.4142511
7.428,232,1054148871,1054087352,0.4160845,0.4142511
7.428,236,1054148871,1054087352,0.4160845,0.4142511
7.429,240,-1136790246,-1134872468,-0.01159408,-0.01338015
7.43,244,-1174203850,-1173936814,-0.0004999967,-0.0005155402
7.431,248,-1097020717,-1097021892,-0.3062349,-0.3061999
7.432,260,1099532941,1099511052,17.19265,17.1509
7.433,352,1027637248,1031667712,0.04699707,0.06201172
7.455,12,1783,1781,2.498515E-42,2.495713E-42
7.456,216,-1073712369,-1070110993,-2.007023,-2.865658
7.457,220,-1102122714,-1101826170,-0.2020918,-0.2065106
7.458,224,-1024454772,-1024455620,-120.0304,-120.0239
7.459,228,1054087352,1054031385,0.4142511,0.4125831
7.459,232,1054087352,1054031385,0.4142511,0.4125831
7.46,236,1054087352,1054031385,0.4142511,0.4125831
7.461,240,-1134872468,-1130594100,-0.01338015,-0.01910438
7.462,244,-1173936814,-1173743152,-0.0005155402,-0.0005268129
7.463,248,-1097021892,-1097022446,-0.3061999,-0.3061834
7.463,260,1099511052,1099494384,17.1509,17.11911
7.464,352,1031667712,1027637248,0.06201172,0.04699707
7.518,12,1781,1779,2.495713E-42,2.49291E-42
7.519,216,-1070110993,-1072486892,-2.865658,-2.299199
7.52,220,-1101826170,-1101571717,-0.2065106,-0.2103023
7.52,224,-1024455620,-1024457222,-120.0239,-120.0117
7.521,228,1054031385,1053981454,0.4125831,0.4110951
7.522,232,1054031385,1053981454,0.4125831,0.4110951
7.523,236,1054031385,1053981454,0.4125831,0.4110951
7.524,240,-1130594100,-1132780987,-0.01910438,-0.01532799
7.524,244,-1173743152,-1173576979,-0.0005268129,-0.0005364854
7.525,248,-1097022446,-1097023492,-0.3061834,-0.3061522
7.526,260,1099494384,1099477715,17.11911,17.08732
7.58,12,1779,1777,2.49291E-42,2.490107E-42
7.581,216,-1072486892,-1076205043,-2.299199,-1.706361
7.582,220,-1101571717,-1101423889,-0.2103023,-0.2125051
7.583,224,-1024457222,-1024459110,-120.0117,-119.9973
7.583,228,1053981454,1053922868,0.4110951,0.4093491
7.584,232,1053981454,1053922868,0.4110951,0.4093491
7.585,236,1053981454,1053922868,0.4110951,0.4093491
7.586,240,-1132780987,-1137024685,-0.01532799,-0.01137574
7.587,244,-1173576979,-1173480438,-0.0005364854,-0.0005421048
7.587,248,-1097023492,-1097024725,-0.3061522,-0.3061155
7.588,260,1099477715,1099455391,17.08732,17.04474
7.589,352,1027637248,1031868416,0.04699707,0.0630188
7.61,12,1777,1775,2.490107E-42,2.487305E-42
7.611,216,-1076205043,-1077492418,-1.706361,-1.552894
7.612,220,-1101423889,-1101278578,-0.2125051,-0.2146704
7.613,224,-1024459110,-1024459749,-119.9973,-119.9924
7.614,228,1053922868,1053880939,0.4093491,0.4080995
7.615,232,1053922868,1053880939,0.4093491,0.4080995
7.615,236,1053922868,1053880939,0.4093491,0.4080995
7.616,240,-1137024685,-1138123245,-0.01137574,-0.01035263
7.617,244,-1173480438,-1173385541,-0.0005421048,-0.0005476286
7.618,248,-1097024725,-1097025142,-0.3061155,-0.3061031
7.618,260,1099455391,1099438686,17.04474,17.01287
7.619,352,1031868416,1027637248,0.0630188,0.04699707
7.673,12,1775,1774,2.487305E-42,2.485903E-42
7.674,216,-1077492418,-1073339253,-1.552894,-2.09598
7.675,220,-1101278578,-1101289250,-0.2146704,-0.2145114
7.676,224,-1024459749,-1024460744,-119.9924,-119.9848
7.676,228,1053880939,1053834353,0.4080995,0.4067111
7.677,232,1053880939,1053834353,0.4080995,0.4067111
7.678,236,1053880939,1053834353,0.4080995,0.4067111
7.679,240,-1138123245,-1134235684,-0.01035263,-0.0139732
7.679,244,-1173385541,-1173392511,-0.0005476286,-0.0005472229
7.68,248,-1097025142,-1097025792,-0.3061031,-0.3060837
7.681,260,1099438686,1099422379,17.01287,16.98177
7.682,352,1027637248,1027366912,0.04699707,0.04598999
7.736,12,1774,1771,2.485903E-42,2.4817E-42
7.737,216,-1073339253,-1073398304,-2.09598,-2.081902
7.738,220,-1101289250,-1101287566,-0.2145114,-0.2145365
7.739,224,-1024460744,-1024462696,-119.9848,-119.9699
7.739,228,1053834353,1053771120,0.4067111,0.4048266
7.74,232,1053834353,1053771120,0.4067111,0.4048266
7.741,236,1053834353,1053771120,0.4067111,0.4048266
7.742,240,-1134235684,-1134336464,-0.0139732,-0.01387934
7.743,244,-1173392511,-1173391411,-0.0005472229,-0.0005472869
7.744,248,-1097025792,-1097027067,-0.3060837,-0.3060457
7.744,260,1099422379,1099400180,16.98177,16.93943
7.746,352,1027366912,1031864320,0.04598999,0.06298828
7.767,12,1771,1770,2.4817E-42,2.480298E-42
7.769,216,-1073398304,-1078067924,-2.081902,-1.484289
7.769,220,-1101287566,-1101287836,-0.2145365,-0.2145324
7.773,224,-1024462696,-1024463486,-119.9699,-119.9639
7.774,228,1053771120,1053730102,0.4048266,0.4036042
7.774,232,1053771120,1053730102,0.4048266,0.4036042
7.775,236,1053771120,1053730102,0.4048266,0.4036042
7.776,240,-1134336464,-1138614344,-0.01387934,-0.009895258
7.777,244,-1173391411,-1173391587,-0.0005472869,-0.0005472766
7.778,248,-1097027067,-1097027583,-0.3060457,-0.3060303
7.779,260,1099400180,1099383517,16.93943,16.90765
7.78,352,1031864320,1027637248,0.06298828,0.04699707
7.83,12,1770,1768,2.480298E-42,2.477496E-42
7.831,216,-1078067924,-1081629203,-1.484289,-1.059751
7.831,220,-1101287836,-1101288214,-0.2145324,-0.2145268
7.832,224,-1024463486,-1024464421,-119.9639,-119.9567
7.833,228,1053730102,1053693550,0.4036042,0.4025149
7.834,232,1053730102,1053693550,0.4036042,0.4025149
7.834,236,1053730102,1053693550,0.4036042,0.4025149
7.835,240,-1138614344,-1142455915,-0.009895258,-0.007065008
7.836,244,-1173391587,-1173391834,-0.0005472766,-0.0005472623
7.837,248,-1097027583,-1097028193,-0.3060303,-0.3060121
7.837,260,1099383517,1099366843,16.90765,16.87584
7.838,352,1027637248,1027645440,0.04699707,0.04702759
7.893,12,1768,1766,2.477496E-42,2.474693E-42
7.894,216,-1081629203,-1080663487,-1.059751,-1.174873
7.895,220,-1101288214,-1101288813,-0.2145268,-0.2145179
7.895,224,-1024464421,-1024465730,-119.9567,-119.9468
7.897,228,1053693550,1053643996,0.4025149,0.4010381
7.898,232,1053693550,1053643996,0.4025149,0.4010381
7.899,236,1053693550,1053643996,0.4025149,0.4010381
7.9,240,-1142455915,-1140829224,-0.007065008,-0.00783249
7.901,244,-1173391834,-1173392225,-0.0005472623,-0.0005472395
7.902,248,-1097028193,-1097029048,-0.3060121,-0.3059866
7.903,260,1099366843,1099345007,16.87584,16.8342
7.903,352,1027645440,1031659520,0.04702759,0.0619812
7.923,12,1766,1764,2.474693E-42,2.47189E-42
7.924,216,-1080663487,-1074122921,-1.174873,-1.95457
7.925,220,-1101288813,-1101337973,-0.2145179,-0.2137853
7.926,224,-1024465730,-1024466373,-119.9468,-119.9419
7.926,228,1053643996,1053598125,0.4010381,0.399671
7.927,232,1053643996,1053598125,0.4010381,0.399671
7.928,236,1053643996,1053598125,0.4010381,0.399671
7.929,240,-1140829224,-1135247941,-0.00783249,-0.01303046
7.93,244,-1173392225,-1173424330,-0.0005472395,-0.0005453707
7.931,248,-1097029048,-1097029468,-0.3059866,-0.3059741
7.932,260,1099345007,1099328346,16.8342,16.80242
7.933,352,1031659520,1027637248,0.0619812,0.04699707
7.985,12,1764,1762,2.47189E-42,2.469088E-42
7.987,216,-1074122921,-1072738368,-1.95457,-2.239243
7.987,220,-1101337973,-1101111537,-0.2137853,-0.2171595
7.988,224,-1024466373,-1024467544,-119.9419,-119.9329
7.989,228,1053598125,1053549303,0.399671,0.398216
7.99,232,1053598125,1053549303,0.399671,0.398216
7.99,236,1053598125,1053549303,0.399671,0.398216
7.991,240,-1135247941,-1133210174,-0.01303046,-0.01492828
7.992,244,-1173424330,-1173276453,-0.0005453707,-0.0005539783
7.993,248,-1097029468,-1097030233,-0.3059741,-0.3059513
7.993,260,1099328346,1099311650,16.80242,16.77057
8.048,12,1762,1760,2.469088E-42,2.466285E-42
8.049,216,-1072738368,-1073730983,-2.239243,-2.002585
8.05,220,-1101111537,1049826174,-0.2171595,0.2872581
8.051,224,-1024467544,-1024469210,-119.9329,-119.9202
8.051,228,1053549303,1053497906,0.398216,0.3966842
8.052,232,1053549303,1053497906,0.398216,0.3966842
8.053,236,1053549303,1053497906,0.398216,0.3966842
8.054,240,-1133210174,-1134904236,-0.01492828,-0.01335056
8.054,244,-1173276453,977279350,-0.0005539783,0.0007328013
8.055,248,-1097030233,-1097031321,-0.3059513,-0.3059189
8.056,260,1099311650,1099289783,16.77057,16.72886
8.057,352,1027637248,1031667712,0.04699707,0.06201172
8.08,12,1760,1758,2.466285E-42,2.463483E-42
8.081,216,-1073730983,-1078003437,-2.002585,-1.491976
8.082,220,1049826174,1058091510,0.2872581,0.5671686
8.086,224,-1024469210,-1024469529,-119.9202,-119.9178
8.087,228,1053497906,1053468623,0.3966842,0.3958115
8.087,232,1053497906,1053468623,0.3966842,0.3958115
8.088,236,1053497906,1053468623,0.3966842,0.3958115
8.089,240,-1134904236,-1138559315,-0.01335056,-0.009946507
8.09,244,977279350,985506949,0.0007328013,0.001446859
8.091,248,-1097031321,-1097031529,-0.3059189,-0.3059127
8.092,260,1099289783,1099273045,16.72886,16.69694
8.093,352,1031667712,1027637248,0.06201172,0.04699707
8.142,12,1758,1756,2.463483E-42,2.46068E-42
8.143,216,-1078003437,-1073377648,-1.491976,-2.086826
8.144,220,1058091510,1063906857,0.5671686,0.9137903
8.144,224,-1024469529,-1024470297,-119.9178,-119.9119
8.145,228,1053468623,1053433333,0.3958115,0.3947598
8.146,232,1053468623,1053433333,0.3958115,0.3947598
8.147,236,1053468623,1053433333,0.3958115,0.3947598
8.148,240,-1138559315,-1134301211,-0.009946507,-0.01391218
8.148,244,985506949,991479124,0.001446859,0.002331098
8.149,248,-1097031529,-1097032031,-0.3059127,-0.3058977
8.15,260,1099273045,1099256298,16.69694,16.665
8.205,12,1756,1753,2.46068E-42,2.456476E-42
8.206,216,-1073377648,-1071352988,-2.086826,-2.569543
8.207,220,1063906857,-1088162350,0.9137903,-0.6404697
8.208,224,-1024470297,-1018920180,-119.9119,-196.5119
8.209,228,1053433333,1053269985,0.3947598,0.3898917
8.209,232,1053433333,1053269985,0.3947598,0.3898917
8.21,236,1053433333,1053269985,0.3947598,0.3898917
8.211,240,-1134301211,-1131653936,-0.01391218,-0.01713029
8.212,244,991479124,-1160370445,0.002331098,-0.001633851
8.212,248,-1097032031,-1090497131,-0.3058977,-0.5013059
8.213,260,1099256298,1099218696,16.665,16.59328
8.215,352,1027637248,1031868416,0.04699707,0.0630188
8.236,12,1753,1750,2.456476E-42,2.452272E-42
8.237,216,-1071352988,-1071581695,-2.569543,-2.515015
8.238,220,-1088162350,-1091180305,-0.6404697,-0.4802928
8.239,224,-1018920180,-1018920345,-196.5119,-196.5094
8.239,228,1053269985,1053212313,0.3898917,0.3881729
8.24,232,1053269985,1053212313,0.3898917,0.3881729
8.241,236,1053269985,1053212313,0.3898917,0.3881729
8.242,240,-1131653936,-1131849099,-0.01713029,-0.01676677
8.242,244,-1160370445,-1163880417,-0.001633851,-0.001225237
8.243,248,-1090497131,-1090497239,-0.5013059,-0.5012994
8.244,260,1099218696,1099191049,16.59328,16.54054
8.245,352,1031868416,1027637248,0.0630188,0.04699707
8.298,12,1750,1747,2.452272E-42,2.448068E-42
8.3,216,-1071581695,-1081047644,-2.515015,-1.129078
8.3,220,-1091180305,-1101723666,-0.4802928,-0.2080381
8.301,224,-1018920345,-1018920776,-196.5094,-196.5028
8.302,228,1053212313,1053168333,0.3881729,0.3868622
8.303,232,1053212313,1053168333,0.3881729,0.3868622
8.304,236,1053212313,1053168333,0.3881729,0.3868622
8.305,240,-1131849099,-1141463389,-0.01676677,-0.007527189
8.305,244,-1163880417,-1173676211,-0.001225237,-0.0005307093
8.307,248,-1090497239,-1090497520,-0.5012994,-0.5012827
8.308,260,1099191049,1099164117,16.54054,16.48918
8.309,352,1027637248,1027366912,0.04699707,0.04598999
8.361,12,1747,1743,2.448068E-42,2.442463E-42
8.362,216,-1081047644,-1081533821,-1.129078,-1.071122
8.363,220,-1101723666,1016194692,-0.2080381,0.01781011
8.364,224,-1018920776,-1018921068,-196.5028,-196.4984
8.364,228,1053168333,1053118715,0.3868622,0.3853835
8.365,232,1053168333,1053118715,0.3868622,0.3853835
8.366,236,1053168333,1053118715,0.3868622,0.3853835
8.367,240,-1141463389,-1142293130,-0.007527189,-0.007140811
8.368,244,-1173676211,943624281,-0.0005307093,4.543396E-05
8.369,248,-1090497520,-1090497711,-0.5012827,-0.5012713
8.37,260,1099164117,1099127495,16.48918,16.41932
8.371,352,1027366912,1031864320,0.04598999,0.06298828
8.392,12,1743,1740,2.442463E-42,2.438259E-42
8.394,216,-1081533821,-1079977731,-1.071122,-1.256622
8.394,220,1016194692,-1110471037,0.01781011,-0.101346
8.395,224,-1018921068,-1018921341,-196.4984,-196.4942
8.396,228,1053118715,1053067444,0.3853835,0.3838555
8.397,232,1053118715,1053067444,0.3853835,0.3838555
8.398,236,1053118715,1053067444,0.3853835,0.3838555
8.399,240,-1142293130,-1140244046,-0.007140811,-0.008377479
8.4,244,943624281,-1182299113,4.543396E-05,-0.0002585358
8.4,248,-1090497711,-1090497889,-0.5012713,-0.5012607
8.401,260,1099127495,1099100094,16.41932,16.36706
8.403,352,1031864320,1027637248,0.06298828,0.04699707
8.456,12,1740,1737,2.438259E-42,2.434055E-42
8.457,216,-1079977731,-1072134713,-1.256622,-2.383165
8.458,220,-1110471037,-1100262482,-0.101346,-0.2298114
8.458,224,-1018921341,-1018921936,-196.4942,-196.4851
8.459,228,1053067444,1052999824,0.3838555,0.3818402
8.46,232,1053067444,1052999824,0.3838555,0.3818402
8.461,236,1053067444,1052999824,0.3838555,0.3818402
8.461,240,-1140244046,-1132321008,-0.008377479,-0.01588777
8.462,244,-1182299113,-1172721968,-0.0002585358,-0.0005862536
8.463,248,-1090497889,-1090498278,-0.5012607,-0.5012375
8.464,260,1099100094,1099072672,16.36706,16.31476
8.465,352,1027637248,1027645440,0.04699707,0.04702759
8.518,12,1737,1734,2.434055E-42,2.429852E-42
8.519,216,-1072134713,-1073209316,-2.383165,-2.12696
8.52,220,-1100262482,-1093985299,-0.2298114,-0.3966974
8.521,224,-1018921936,-1018923339,-196.4851,-196.4637
8.522,228,1052999824,1052908867,0.3818402,0.3791295
8.522,232,1052999824,1052908867,0.3818402,0.3791295
8.523,236,1052999824,1052908867,0.3818402,0.3791295
8.524,240,-1132321008,-1134013925,-0.01588777,-0.01417973
8.525,244,-1172721968,-1165712250,-0.0005862536,-0.001011983
8.525,248,-1090498278,-1090499194,-0.5012375,-0.5011829
8.526,260,1099072672,1099036629,16.31476,16.24601
8.527,352,1027645440,1031659520,0.04702759,0.0619812
8.549,12,1734,1731,2.429852E-42,2.425648E-42
8.55,216,-1073209316,-1075412423,-2.12696,-1.800849
8.551,220,-1093985299,-1092380584,-0.3966974,-0.4445217
8.551,224,-1018923339,-1018923873,-196.4637,-196.4556
8.552,228,1052908867,1052846091,0.3791295,0.3772586
8.553,232,1052908867,1052846091,0.3791295,0.3772586
8.554,236,1052908867,1052846091,0.3791295,0.3772586
8.555,240,-1134013925,-1136348316,-0.01417973,-0.01200566
8.555,244,-1165712250,-1164664273,-0.001011983,-0.001133984
8.556,248,-1090499194,-1090499543,-0.5011829,-0.5011621
8.557,260,1099036629,1099009194,16.24601,16.19368
8.558,352,1031659520,1027637248,0.0619812,0.04699707
8.611,12,1731,1728,2.425648E-42,2.421444E-42
8.613,216,-1075412423,-1078742112,-1.800849,-1.403919
8.613,220,-1092380584,-1091837627,-0.4445217,-0.460703
8.614,224,-1018923873,-1018924575,-196.4556,-196.4448
8.615,228,1052846091,1052788167,0.3772586,0.3755324
8.616,232,1052846091,1052788167,0.3772586,0.3755324
8.617,236,1052846091,1052788167,0.3772586,0.3755324
8.618,240,-1136348316,-1139189651,-0.01200566,-0.009359461
8.619,244,-1164664273,-1164309689,-0.001133984,-0.001175263
8.619,248,-1090499543,-1090500001,-0.5011621,-0.5011348
8.62,260,1099009194,1098981728,16.19368,16.1413
8.673,12,1728,1724,2.421444E-42,2.415839E-42
8.674,216,-1078742112,-1073810186,-1.403919,-1.991851
8.675,220,-1091837627,-1088314334,-0.460703,-0.6314107
8.676,224,-1018924575,-1018925691,-196.4448,-196.4278
8.676,228,1052788167,1052704981,0.3755324,0.3730532
8.677,232,1052788167,1052704981,0.3755324,0.3730532
8.678,236,1052788167,1052704981,0.3755324,0.3730532
8.679,240,-1139189651,-1134981074,-0.009359461,-0.013279
8.679,244,-1164309689,-1160568955,-0.001175263,-0.001610742
8.68,248,-1090500001,-1090500730,-0.5011348,-0.5010914
8.681,260,1098981728,1098945563,16.1413,16.07232
8.682,352,1027637248,1031667712,0.04699707,0.06201172
8.705,12,1724,1721,2.415839E-42,2.411635E-42
8.706,216,-1073810186,-1073850057,-1.991851,-1.987098
8.707,220,-1088314334,-1084191659,-0.6314107,-0.8771413
8.708,224,-1018925691,-1018926257,-196.4278,-196.4192
8.708,228,1052704981,1052639076,0.3730532,0.3710891
8.709,232,1052704981,1052639076,0.3730532,0.3710891
8.71,236,1052704981,1052639076,0.3730532,0.3710891
8.711,240,-1134981074,-1135015097,-0.013279,-0.01324732
8.711,244,-1160568955,-1156406070,-0.001610742,-0.002237605
8.712,248,-1090500730,-1090501100,-0.5010914,-0.5010693
8.713,260,1098945563,1098918040,16.07232,16.01982
8.714,352,1031667712,1027637248,0.06201172,0.04699707
8.767,12,1721,1718,2.411635E-42,2.407431E-42
8.769,216,-1073850057,-1077289195,-1.987098,-1.57712
8.769,220,-1084191659,-1079939695,-0.8771413,-1.261156
8.77,224,-1018926257,-1018927224,-196.4192,-196.4044
8.771,228,1052639076,1052574431,0.3710891,0.3691625
8.772,232,1052639076,1052574431,0.3710891,0.3691625
8.772,236,1052639076,1052574431,0.3710891,0.3691625
8.773,240,-1135015097,-1137949828,-0.01324732,-0.01051414
8.774,244,-1156406070,-1152198592,-0.002237605,-0.003217235
8.775,248,-1090501100,-1090501731,-0.5010693,-0.5010317
8.776,260,1098918040,1098873327,16.01982,15.96727
8.83,12,1718,1715,2.407431E-42,2.403227E-42
8.831,216,-1077289195,-1083402011,-1.57712,-0.924208
8.832,220,-1079939695,-1074515539,-1.261156,-1.907766
8.833,224,-1018927224,-1018929404,-196.4044,-196.3712
8.833,228,1052574431,1052480339,0.3691625,0.3663584
8.834,232,1052574431,1052480339,0.3691625,0.3663584
8.835,236,1052574431,1052480339,0.3691625,0.3663584
8.836,240,-1137949828,-1144396427,-0.01051414,-0.006161387
8.836,244,-1152198592,-1147176638,-0.003217235,-0.00486675
8.837,248,-1090501731,-1090503155,-0.5010317,-0.5009468
8.838,260,1098873327,1098798328,15.96727,15.89574
8.838,352,1027637248,1031868416,0.04699707,0.0630188
8.861,12,1715,1713,2.403227E-42,2.400424E-42
8.862,216,-1083402011,-1082092146,-0.924208,-1.004564
8.864,220,-1074515539,-1074409598,-1.907766,-1.920395
8.865,224,-1018929404,-1024491842,-196.3712,-119.7475
8.866,228,1052480339,1052527513,0.3663584,0.3677643
8.867,232,1052480339,1052527513,0.3663584,0.3677643
8.868,236,1052480339,1052527513,0.3663584,0.3677643
8.868,240,-1144396427,-1143246005,-0.006161387,-0.006697094
8.869,244,-1147176638,-1147107452,-0.00486675,-0.004898967
8.871,248,-1090503155,-1097046101,-0.5009468,-0.3054784
8.871,260,1098798328,1098764834,15.89574,15.8638
8.872,352,1031868416,1027637248,0.0630188,0.04699707
8.924,12,1713,1711,2.400424E-42,2.397622E-42
8.925,216,-1082092146,-1077019754,-1.004564,-1.60924
8.925,220,-1074409598,1042647935,-1.920395,0.1616649
8.926,224,-1024491842,-1024490940,-119.7475,-119.7544
8.927,228,1052527513,1052478234,0.3677643,0.3662956
8.928,232,1052527513,1052478234,0.3677643,0.3662956
8.928,236,1052527513,1052478234,0.3677643,0.3662956
8.929,240,-1143246005,-1137719905,-0.006697094,-0.01072827
8.93,244,-1147107452,970471632,-0.004898967,0.0004124106
8.932,248,-1097046101,-1097045512,-0.3054784,-0.305496
8.932,260,1098764834,1098732121,15.8638,15.8326
8.934,352,1027637248,1027366912,0.04699707,0.04598999
8.986,12,1711,1709,2.397622E-42,2.394819E-42
8.987,216,-1077019754,-1073352935,-1.60924,-2.092718
8.987,220,1042647935,-1097862875,0.1616649,-0.2811367
8.988,224,-1024490940,-1024493588,-119.7544,-119.7342
8.989,228,1052478234,1052396551,0.3662956,0.3638613
8.99,232,1052478234,1052396551,0.3662956,0.3638613
8.991,236,1052478234,1052396551,0.3662956,0.3638613
8.991,240,-1137719905,-1134259035,-0.01072827,-0.01395146
8.992,244,970471632,-1170472577,0.0004124106,-0.0007171854
8.993,248,-1097045512,-1097047241,-0.305496,-0.3054444
8.994,260,1098732121,1098687686,15.8326,15.79023
8.994,352,1027366912,1031864320,0.04598999,0.06298828
9.018,12,1709,1707,2.394819E-42,2.392016E-42
9.019,216,-1073352935,-1077694288,-2.092718,-1.52883
9.019,220,-1097862875,-1092149950,-0.2811367,-0.4513951
9.02,224,-1024493588,-1024494787,-119.7342,-119.7251
9.021,228,1052396551,1052348008,0.3638613,0.3624146
9.022,232,1052396551,1052348008,0.3638613,0.3624146
9.023,236,1052396551,1052348008,0.3638613,0.3624146
9.023,240,-1134259035,-1138295508,-0.01395146,-0.0101922
9.024,244,-1170472577,-1164513655,-0.0007171854,-0.001151518
9.025,248,-1097047241,-1097048024,-0.3054444,-0.3054211
9.026,260,1098687686,1098654352,15.79023,15.75844
9.027,352,1031864320,1027637248,0.06298828,0.04699707
9.081,12,1707,1705,2.392016E-42,2.389214E-42
9.082,216,-1077694288,-1082066941,-1.52883,-1.007569
9.083,220,-1092149950,-1091030253,-0.4513951,-0.4847647
9.084,224,-1024494787,-1024496127,-119.7251,-119.7149
9.085,228,1052348008,1052305959,0.3624146,0.3611614
9.085,232,1052348008,1052305959,0.3624146,0.3611614
9.086,236,1052348008,1052305959,0.3624146,0.3611614
9.087,240,-1138295508,-1143202988,-0.0101922,-0.006717125
9.087,244,-1164513655,-1163782424,-0.001151518,-0.001236645
9.088,248,-1097048024,-1097048899,-0.3054211,-0.305395
9.089,260,1098654352,1098620944,15.75844,15.72658
9.09,352,1027637248,1027645440,0.04699707,0.04702759
9.143,12,1705,1703,2.389214E-42,2.386411E-42
9.144,216,-1082066941,-1080723509,-1.007569,-1.167718
9.145,220,-1091030253,-1095649147,-0.4847647,-0.3471109
9.146,224,-1024496127,-1024497275,-119.7149,-119.7061
9.146,228,1052305959,1052258029,0.3611614,0.359733
9.147,232,1052305959,1052258029,0.3611614,0.359733
9.148,236,1052305959,1052258029,0.3611614,0.359733
9.149,240,-1143202988,-1140910197,-0.006717125,-0.007784789
9.149,244,-1163782424,-1167581177,-0.001236645,-0.000885487
9.15,248,-1097048899,-1097049649,-0.305395,-0.3053727
9.151,260,1098620944,1098576998,15.72658,15.68467
9.152,352,1027645440,1031659520,0.04702759,0.0619812
9.173,12,1703,1701,2.386411E-42,2.383609E-42
9.174,216,-1080723509,-1077007482,-1.167718,-1.610703
9.175,220,-1095649147,-1098438351,-0.3471109,-0.2639861
9.176,224,-1024497275,-1024497702,-119.7061,-119.7028
9.176,228,1052258029,1052220056,0.359733,0.3586013
9.177,232,1052258029,1052220056,0.359733,0.3586013
9.178,236,1052258029,1052220056,0.359733,0.3586013
9.179,240,-1140910197,-1137709433,-0.007784789,-0.01073802
9.179,244,-1167581177,-1171224220,-0.000885487,-0.000673434
9.18,248,-1097049649,-1097049928,-0.3053727,-0.3053644
9.181,260,1098576998,1098543664,15.68467,15.65288
9.182,352,1031659520,1027637248,0.0619812,0.04699707
9.236,12,1701,1700,2.383609E-42,2.382207E-42
9.237,216,-1077007482,-1076706301,-1.610703,-1.646607
9.238,220,-1098438351,-1102541721,-0.2639861,-0.1958481
9.239,224,-1024497702,-1024498569,-119.7028,-119.6962
9.239,228,1052220056,1052181738,0.3586013,0.3574594
9.24,232,1052220056,1052181738,0.3586013,0.3574594
9.241,236,1052220056,1052181738,0.3586013,0.3574594
9.242,240,-1137709433,-1137452425,-0.01073802,-0.01097738
9.243,244,-1171224220,-1174210451,-0.000673434,-0.0004996125
9.244,248,-1097049928,-1097050494,-0.3053644,-0.3053475
9.244,260,1098543664,1098510332,15.65288,15.62109
9.299,12,1700,1697,2.382207E-42,2.378003E-42
9.301,216,-1076706301,-1080849082,-1.646607,-1.152749
9.302,220,-1102541721,-1107808129,-0.1958481,-0.1211862
9.302,224,-1024498569,-1024499920,-119.6962,-119.6859
9.303,228,1052181738,1052138512,0.3574594,0.3561711
9.304,232,1052181738,1052138512,0.3574594,0.3561711
9.305,236,1052181738,1052138512,0.3574594,0.3561711
9.305,240,-1137452425,-1141124509,-0.01097738,-0.007684992
9.306,244,-1174210451,-1180560071,-0.0004996125,-0.0003091486
9.307,248,-1097050494,-1097051376,-0.3053475,-0.3053212
9.308,260,1098510332,1098466636,15.62109,15.57942
9.309,352,1027637248,1031667712,0.04699707,0.06201172
9.33,12,1697,1696,2.378003E-42,2.376602E-42
9.331,216,-1080849082,-1081919115,-1.152749,-1.025191
9.332,220,-1107808129,-1109486121,-0.1211862,-0.1086842
9.332,224,-1024499920,-1024500414,-119.6859,-119.6821
9.333,228,1052138512,1052104553,0.3561711,0.3551591
9.334,232,1052138512,1052104553,0.3561711,0.3551591
9.335,236,1052138512,1052104553,0.3561711,0.3551591
9.336,240,-1141124509,-1142950698,-0.007684992,-0.006834607
9.336,244,-1180560071,-1181655903,-0.0003091486,-0.0002772557
9.337,248,-1097051376,-1097051699,-0.3053212,-0.3053116
9.338,260,1098466636,1098433345,15.57942,15.54767
9.338,352,1031667712,1027637248,0.06201172,0.04699707
9.393,12,1696,1694,2.376602E-42,2.3738E-42
9.394,216,-1081919115,-1081078161,-1.025191,-1.12544
9.395,220,-1109486121,-1109899524,-0.1086842,-0.1056041
9.396,224,-1024500414,-1024501132,-119.6821,-119.6767
9.397,228,1052104553,1052068979,0.3551591,0.3540989
9.398,232,1052104553,1052068979,0.3551591,0.3540989
9.399,236,1052104553,1052068979,0.3551591,0.3540989
9.4,240,-1142950698,-1141515470,-0.006834607,-0.007502937
9.401,244,-1181655903,-1181925880,-0.0002772557,-0.0002693983
9.402,248,-1097051699,-1097052168,-0.3053116,-0.3052976
9.403,260,1098433345,1098400056,15.54767,15.51592
9.455,12,1694,1692,2.3738E-42,2.370997E-42
9.456,216,-1081078161,-1074898428,-1.12544,-1.862122
9.457,220,-1109899524,-1107002147,-0.1056041,-0.1293826
9.457,224,-1024501132,-1024502775,-119.6767,-119.6641
9.458,228,1052068979,1052010217,0.3540989,0.3523476
9.459,232,1052068979,1052010217,0.3540989,0.3523476
9.46,236,1052068979,1052010217,0.3540989,0.3523476
9.46,240,-1141515470,-1135909707,-0.007502937,-0.01241415
9.461,244,-1181925880,-1179841644,-0.0002693983,-0.0003300576
9.462,248,-1097052168,-1097053241,-0.3052976,-0.3052656
9.463,260,1098400056,1098355698,15.51592,15.47362
9.463,352,1027637248,1031868416,0.04699707,0.0630188
9.486,12,1692,1690,2.370997E-42,2.368194E-42
9.487,216,-1074898428,-1076488816,-1.862122,-1.672533
9.488,220,-1107002147,-1106032346,-0.1293826,-0.1438337
9.489,224,-1024502775,-1024503576,-119.6641,-119.658
9.489,228,1052010217,1051967934,0.3523476,0.3510875
9.49,232,1052010217,1051967934,0.3523476,0.3510875
9.491,236,1052010217,1051967934,0.3523476,0.3510875
9.492,240,-1135909707,-1137266838,-0.01241415,-0.01115022
9.492,244,-1179841644,-1178574965,-0.0003300576,-0.0003669228
9.493,248,-1097053241,-1097053764,-0.3052656,-0.30525
9.494,260,1098355698,1098322414,15.47362,15.44188
9.495,352,1031868416,1027637248,0.0630188,0.04699707
9.549,12,1690,1688,2.368194E-42,2.365392E-42
9.55,216,-1076488816,-1079133929,-1.672533,-1.357211
9.551,220,-1106032346,-1105024372,-0.1438337,-0.1588537
9.551,224,-1024503576,-1024504653,-119.658,-119.6498
9.552,228,1051967934,1051929797,0.3510875,0.3499509
9.553,232,1051967934,1051929797,0.3510875,0.3499509
9.554,236,1051967934,1051929797,0.3510875,0.3499509
9.554,240,-1137266838,-1139524001,-0.01115022,-0.009048074
9.555,244,-1178574965,-1177258428,-0.0003669228,-0.0004052391
9.556,248,-1097053764,-1097054467,-0.30525,-0.3052291
9.557,260,1098322414,1098289848,15.44188,15.41082
9.558,352,1027637248,1027366912,0.04699707,0.04598999
9.611,12,1688,1686,2.365392E-42,2.362589E-42
9.612,216,-1079133929,-1081614946,-1.357211,-1.061451
9.613,220,-1105024372,-1103229805,-0.1588537,-0.1855948
9.614,224,-1024504653,-1024506123,-119.6498,-119.6386
9.614,228,1051929797,1051881437,0.3499509,0.3485097
9.615,232,1051929797,1051881437,0.3499509,0.3485097
9.616,236,1051929797,1051881437,0.3499509,0.3485097
9.617,240,-1139524001,-1142431584,-0.009048074,-0.007076338
9.618,244,-1177258428,-1174914504,-0.0004052391,-0.0004734562
9.619,248,-1097054467,-1097055427,-0.3052291,-0.3052005
9.619,260,1098289848,1098245424,15.41082,15.36845
9.621,352,1027366912,1031864320,0.04598999,0.06298828
9.642,12,1686,1684,2.362589E-42,2.359787E-42
9.643,216,-1081614946,-1075312436,-1.061451,-1.812768
9.644,220,-1103229805,-1102624416,-0.1855948,-0.1946158
9.644,224,-1024506123,-1024506709,-119.6386,-119.6341
9.645,228,1051881437,1051837823,0.3485097,0.3472099
9.646,232,1051881437,1051837823,0.3485097,0.3472099
9.647,236,1051881437,1051837823,0.3485097,0.3472099
9.648,240,-1142431584,-1136262994,-0.007076338,-0.01208512
9.648,244,-1174914504,-1174264456,-0.0004734562,-0.000496469
9.649,248,-1097055427,-1097055810,-0.3052005,-0.3051891
9.65,260,1098245424,1098212131,15.36845,15.3367
9.651,352,1031864320,1027637248,0.06298828,0.04699707
9.705,12,1684,1682,2.359787E-42,2.356984E-42
9.706,76,0,1,0,1.401298E-45
9.707,88,0,17,0,2.382207E-44
9.708,92,0,1062171562,0,0.8103586
9.709,96,0,5,0,7.006492E-45
9.709,216,-1075312436,-1073622757,-1.812768,-2.028388
9.71,220,-1102624416,-1101891272,-0.1946158,-0.2055405
9.711,224,-1024506709,-1024507865,-119.6341,-119.6253
9.712,228,1051837823,1051792107,0.3472099,0.3458475
9.712,232,1051837823,1051792107,0.3472099,0.3458475
9.713,236,1051837823,1051792107,0.3472099,0.3458475
9.714,240,-1136262994,-1134719531,-0.01208512,-0.01352258
9.715,244,-1174264456,-1173785668,-0.000496469,-0.0005243381
9.717,248,-1097055810,-1097056565,-0.3051891,-0.3051666
9.717,260,1098212131,1098178814,15.3367,15.30493
9.718,352,1027637248,1027645440,0.04699707,0.04702759
9.767,12,1682,1680,2.356984E-42,2.354181E-42
9.768,76,1,0,1.401298E-45,0
9.769,88,17,0,2.382207E-44,0
9.77,92,1062171562,0,0.8103586,0
9.77,96,5,0,7.006492E-45,0
9.771,100,0,1,0,1.401298E-45
9.772,216,-1073622757,-1074476397,-2.028388,-1.912432
9.773,220,-1101891272,-1100541004,-0.2055405,-0.2256611
9.774,224,-1024507865,-1024509893,-119.6253,-119.6098
9.774,228,1051792107,1051733173,0.3458475,0.3440911
9.775,232,1051792107,1051733173,0.3458475,0.3440911
9.776,236,1051792107,1051733173,0.3458475,0.3440911
9.777,240,-1134719531,-1135549574,-0.01352258,-0.01274955
9.778,244,-1173785668,-1172903860,-0.0005243381,-0.0005756661
9.779,248,-1097056565,-1097057889,-0.3051666,-0.3051271
9.78,260,1098178814,1098135145,15.30493,15.26328
9.78,352,1027645440,1031659520,0.04702759,0.0619812
9.799,12,1680,1678,2.354181E-42,2.351379E-42
9.8,100,1,0,1.401298E-45,0
9.8,216,-1074476397,-1079902032,-1.912432,-1.265646
9.805,220,-1100541004,-1100513927,-0.2256611,-0.2260646
9.806,224,-1024509893,-1024510669,-119.6098,-119.6039
9.807,228,1051733173,1051695646,0.3440911,0.3429727
9.807,232,1051733173,1051695646,0.3440911,0.3429727
9.809,236,1051733173,1051695646,0.3440911,0.3429727
9.809,240,-1135549574,-1140179449,-0.01274955,-0.00843764
9.81,244,-1172903860,-1172886177,-0.0005756661,-0.0005766954
9.811,248,-1097057889,-1097058396,-0.3051271,-0.305112
9.811,260,1098135145,1098101853,15.26328,15.23153
9.812,352,1031659520,1027637248,0.0619812,0.04699707
9.861,12,1678,1677,2.351379E-42,2.349978E-42
9.862,216,-1079902032,-1079443265,-1.265646,-1.320335
9.862,220,-1100513927,-1100694910,-0.2260646,-0.2233677
9.863,224,-1024510669,-1024511557,-119.6039,-119.5971
9.864,228,1051695646,1051657826,0.3429727,0.3418456
9.865,232,1051695646,1051657826,0.3429727,0.3418456
9.866,236,1051695646,1051657826,0.3429727,0.3418456
9.867,240,-1140179449,-1139787968,-0.00843764,-0.008802235
9.867,244,-1172886177,-1173004370,-0.0005766954,-0.0005698156
9.868,248,-1097058396,-1097058976,-0.305112,-0.3050947
9.869,260,1098101853,1098068562,15.23153,15.19979
9.924,12,1677,1674,2.349978E-42,2.345774E-42
9.925,76,0,1,0,1.401298E-45
9.925,88,0,17,0,2.382207E-44
9.927,92,0,1062171562,0,0.8103586
9.927,96,0,5,0,7.006492E-45
9.928,216,-1079443265,-1077362643,-1.320335,-1.568365
9.929,220,-1100694910,-1101147798,-0.2233677,-0.2166192
9.93,224,-1024511557,-1024513125,-119.5971,-119.5852
9.931,228,1051657826,1051604934,0.3418456,0.3402693
9.932,232,1051657826,1051604934,0.3418456,0.3402693
9.933,236,1051657826,1051604934,0.3418456,0.3402693
9.934,240,-1139787968,-1138012504,-0.008802235,-0.01045576
9.935,244,-1173004370,-1173300134,-0.0005698156,-0.0005525999
9.935,248,-1097058976,-1097060000,-0.3050947,-0.3050642
9.936,260,1098068562,1098024859,15.19979,15.15811
9.937,352,1027637248,1031667712,0.04699707,0.06201172
9.955,12,1674,1673,2.345774E-42,2.344372E-42
9.956,76,1,0,1.401298E-45,0
9.957,88,17,0,2.382207E-44,0
9.958,92,1062171562,0,0.8103586,0
9.958,96,5,0,7.006492E-45,0
9.959,100,0,1,0,1.401298E-45
9.96,216,-1077362643,-1073571062,-1.568365,-2.040713
9.961,220,-1101147798,-1101317320,-0.2166192,-0.2140931
9.962,224,-1024513125,-1024513805,-119.5852,-119.58
9.963,228,1051604934,1051559797,0.3402693,0.3389241
9.963,232,1051604934,1051559797,0.3402693,0.3389241
9.964,236,1051604934,1051559797,0.3402693,0.3389241
9.965,240,-1138012504,-1134631304,-0.01045576,-0.01360475
9.966,244,-1173300134,-1173410842,-0.0005525999,-0.0005461558
9.967,248,-1097060000,-1097060444,-0.3050642,-0.305051
9.968,260,1098024859,1097991571,15.15811,15.12636
9.969,352,1031667712,1027637248,0.06201172,0.04699707
10.017,12,1673,1671,2.344372E-42,2.34157E-42
10.018,100,1,0,1.401298E-45,0
10.019,216,-1073571062,-1075126792,-2.040713,-1.834899
10.019,220,-1101317320,-1101312556,-0.2140931,-0.2141641
10.02,224,-1024513805,-1024515028,-119.58,-119.5706
10.021,228,1051559797,1051516877,0.3389241,0.337645
10.022,232,1051559797,1051516877,0.3389241,0.337645
10.022,236,1051559797,1051516877,0.3389241,0.337645
10.023,240,-1134631304,-1136104578,-0.01360475,-0.01223266
10.024,244,-1173410842,-1173407731,-0.0005461558,-0.0005463369
10.024,248,-1097060444,-1097061243,-0.305051,-0.3050272
10.025,260,1097991571,1097958316,15.12636,15.09465
10.08,12,1671,1669,2.34157E-42,2.338767E-42
10.081,216,-1075126792,-1078857469,-1.834899,-1.390168
10.082,220,-1101312556,-1100951907,-0.2141641,-0.2195382
10.082,224,-1024515028,-1024516776,-119.5706,-119.5573
10.083,228,1051516877,1051465634,0.337645,0.3361178
10.084,232,1051516877,1051465634,0.337645,0.3361178
10.085,236,1051516877,1051465634,0.337645,0.3361178
10.086,240,-1136104578,-1139288089,-0.01223266,-0.009267784
10.086,244,-1173407731,-1173172205,-0.0005463369,-0.0005600463
10.087,248,-1097061243,-1097062384,-0.3050272,-0.3049932
10.088,260,1097958316,1097913968,15.09465,15.05235
10.089,352,1027637248,1031868416,0.04699707,0.0630188
10.111,12,1669,1667,2.338767E-42,2.335965E-42
10.112,76,0,1,0,1.401298E-45
10.113,88,0,17,0,2.382207E-44
10.114,92,0,1062171562,0,0.8103586
10.115,96,0,5,0,7.006492E-45
10.116,216,-1078857469,-1079708178,-1.390168,-1.288755
10.117,220,-1100951907,-1107196167,-0.2195382,-0.1264914
10.118,224,-1024516776,-1024517434,-119.5573,-119.5523
10.118,228,1051465634,1051428164,0.3361178,0.3350011
10.119,232,1051465634,1051428164,0.3361178,0.3350011
10.12,236,1051465634,1051428164,0.3361178,0.3350011
10.121,240,-1139288089,-1140014027,-0.009267784,-0.008591701
10.122,244,-1173172205,-1180095058,-0.0005600463,-0.0003226823
10.123,248,-1097062384,-1097062814,-0.3049932,-0.3049803
10.124,260,1097913968,1097880716,15.05235,15.02064
10.124,352,1031868416,1027637248,0.0630188,0.04699707
10.174,12,1667,1665,2.335965E-42,2.333162E-42
10.175,76,1,0,1.401298E-45,0
10.175,88,17,0,2.382207E-44,0
10.176,92,1062171562,0,0.8103586,0
10.177,96,5,0,7.006492E-45,0
10.178,100,0,1,0,1.401298E-45
10.178,216,-1079708178,-1076179158,-1.288755,-1.709447
10.179,220,-1107196167,1040628680,-0.1264914,0.1315757
10.18,224,-1024517434,-1024518167,-119.5523,-119.5467
10.181,228,1051428164,1051391062,0.3350011,0.3338954
10.182,232,1051428164,1051391062,0.3350011,0.3338954
10.183,236,1051428164,1051391062,0.3350011,0.3338954
10.184,240,-1140014027,-1137002597,-0.008591701,-0.01139631
10.185,244,-1180095058,967834238,-0.0003226823,0.0003356523
10.186,248,-1097062814,-1097063293,-0.3049803,-0.3049661
10.187,260,1097880716,1097848166,15.02064,14.9896
10.187,352,1027637248,1027366912,0.04699707,0.04598999
10.236,12,1665,1663,2.333162E-42,2.330359E-42
10.237,100,1,0,1.401298E-45,0
10.238,216,-1076179158,-1076292870,-1.709447,-1.695892
10.239,220,1040628680,1061433223,0.1315757,0.7663502
10.24,224,-1024518167,-1024519247,-119.5467,-119.5385
10.24,228,1051391062,1051358445,0.3338954,0.3329233
10.241,232,1051391062,1051358445,0.3338954,0.3329233
10.242,236,1051391062,1051358445,0.3338954,0.3329233
10.243,240,-1137002597,-1137099631,-0.01139631,-0.01130594
10.243,244,967834238,989863690,0.0003356523,0.001954975
10.244,248,-1097063293,-1097063998,-0.3049661,-0.3049451
10.245,260,1097848166,1097803696,14.9896,14.94719
10.246,352,1027366912,1031864320,0.04598999,0.06298828
10.268,12,1663,1661,2.330359E-42,2.327557E-42
10.269,216,-1076292870,-1080511128,-1.695892,-1.193036
10.269,220,1061433223,1065449427,0.7663502,1.011469
10.27,224,-1024519247,-1024519723,-119.5385,-119.5348
10.271,228,1051358445,1051333408,0.3329233,0.3321772
10.272,232,1051358445,1051333408,0.3329233,0.3321772
10.273,236,1051358445,1051333408,0.3329233,0.3321772
10.273,240,-1137099631,-1140699211,-0.01130594,-0.007953574
10.274,244,989863690,992549348,0.001954975,0.002580279
10.275,248,-1097063998,-1097064309,-0.3049451,-0.3049358
10.276,260,1097803696,1097770104,14.94719,14.91515
10.277,352,1031864320,1027637248,0.06298828,0.04699707
10.331,12,1661,1658,2.327557E-42,2.323353E-42
10.332,216,-1080511128,-1085381616,-1.193036,-0.8062143
10.332,220,1065449427,1068818613,1.011469,1.413108
10.333,224,-1024519723,-1019188448,-119.5348,-192.4185
10.334,228,1051333408,1051256743,0.3321772,0.3298924
10.335,232,1051333408,1051256743,0.3321772,0.3298924
10.335,236,1051333408,1051256743,0.3321772,0.3298924
10.336,240,-1140699211,-1146085690,-0.007953574,-0.005374762
10.337,244,992549348,996949918,0.002580279,0.003604866
10.338,248,-1097064309,-1090825613,-0.3049358,-0.4908634
10.338,260,1097770104,1097715495,14.91515,14.86307
10.339,352,1027637248,1027645440,0.04699707,0.04702759
10.392,12,1658,1655,2.323353E-42,2.319149E-42
10.393,216,-1085381616,-1083923577,-0.8062143,-0.8931202
10.394,220,1068818613,-1094444489,1.413108,-0.3830125
10.394,224,-1019188448,-1019188260,-192.4185,-192.4213
10.395,228,1051256743,1051192826,0.3298924,0.3279875
10.396,232,1051256743,1051192826,0.3298924,0.3279875
10.397,236,1051256743,1051192826,0.3298924,0.3279875
10.398,240,-1146085690,-1144841497,-0.005374762,-0.005954135
10.399,244,996949918,-1166012129,0.003604866,-0.0009770727
10.4,248,-1090825613,-1090825367,-0.4908634,-0.4908707
10.401,260,1097715495,1097644048,14.86307,14.79494
10.402,352,1027645440,1031659520,0.04702759,0.0619812
10.423,12,1655,1652,2.319149E-42,2.314945E-42
10.424,216,-1083923577,-1076715589,-0.8931202,-1.6455
10.425,220,-1094444489,-1098746971,-0.3830125,-0.2547885
10.426,224,-1019188260,-1019188350,-192.4213,-192.42
10.427,228,1051192826,1051137053,0.3279875,0.3263253
10.428,232,1051192826,1051137053,0.3279875,0.3263253
10.428,236,1051192826,1051137053,0.3279875,0.3263253
10.429,240,-1144841497,-1137460351,-0.005954135,-0.01097
10.43,244,-1166012129,-1171627315,-0.0009770727,-0.0006499708
10.431,248,-1090825367,-1090825485,-0.4908707,-0.4908672
10.432,260,1097644048,1097590159,14.79494,14.74354
10.433,352,1031659520,1027637248,0.0619812,0.04699707
10.486,12,1652,1649,2.314945E-42,2.310741E-42
10.487,216,-1076715589,-1075086596,-1.6455,-1.839691
10.488,220,-1098746971,-1134752532,-0.2547885,-0.01349185
10.489,224,-1019188350,-1019188513,-192.42,-192.4175
10.489,228,1051137053,1051079451,0.3263253,0.3246087
10.49,232,1051137053,1051079451,0.3263253,0.3246087
10.491,236,1051137053,1051079451,0.3263253,0.3246087
10.492,240,-1137460351,-1136070277,-0.01097,-0.0122646
10.493,244,-1171627315,-1206887416,-0.0006499708,-3.441799E-05
10.493,248,-1090825485,-1090825698,-0.4908672,-0.4908609
10.494,260,1097590159,1097536324,14.74354,14.6922
10.549,12,1649,1645,2.310741E-42,2.305136E-42
10.55,216,-1075086596,-1079480019,-1.839691,-1.315954
10.551,220,-1134752532,-1120253922,-0.01349185,-0.04547893
10.552,224,-1019188513,-1019188882,-192.4175,-192.4118
10.552,228,1051079451,1051010721,0.3246087,0.3225603
10.553,232,1051079451,1051010721,0.3246087,0.3225603
10.554,236,1051079451,1051010721,0.3246087,0.3225603
10.555,240,-1136070277,-1139819331,-0.0122646,-0.008773026
10.556,244,-1206887416,-1192014203,-3.441799E-05,-0.0001160177
10.556,248,-1090825698,-1090826180,-0.4908609,-0.4908465
10.557,260,1097536324,1097465597,14.6922,14.62475
10.558,352,1027637248,1031667712,0.04699707,0.06201172
10.579,12,1645,1643,2.305136E-42,2.302333E-42
10.58,216,-1079480019,-1084339029,-1.315954,-0.8683574
10.581,220,-1120253922,-1105388883,-0.04547893,-0.1534221
10.582,224,-1019188882,-1019188983,-192.4118,-192.4103
10.583,228,1051010721,1050963708,0.3225603,0.3211592
10.584,232,1051010721,1050963708,0.3225603,0.3211592
10.585,236,1051010721,1050963708,0.3225603,0.3211592
10.585,240,-1139819331,-1145196016,-0.008773026,-0.005789049
10.586,244,-1192014203,-1177734524,-0.0001160177,-0.0003913828
10.587,248,-1090826180,-1090826312,-0.4908465,-0.4908426
10.589,260,1097465597,1097411799,14.62475,14.57345
10.59,352,1031667712,1027637248,0.06201172,0.04699707
10.643,12,1643,1640,2.302333E-42,2.298129E-42
10.644,216,-1084339029,-1080977267,-0.8683574,-1.137468
10.644,220,-1105388883,-1099087414,-0.1534221,-0.2473213
10.645,224,-1019188983,-1019189201,-192.4103,-192.407
10.646,228,1050963708,1050914062,0.3211592,0.3196797
10.647,232,1050963708,1050914062,0.3211592,0.3196797
10.647,236,1050963708,1050914062,0.3211592,0.3196797
10.648,240,-1145196016,-1141343278,-0.005789049,-0.00758312
10.649,244,-1177734524,-1171954577,-0.0003913828,-0.0006309216
10.65,248,-1090826312,-1090826597,-0.4908426,-0.4908341
10.651,260,1097411799,1097358046,14.57345,14.52218
10.705,12,1640,1636,2.298129E-42,2.292524E-42
10.706,216,-1080977267,-1078062916,-1.137468,-1.484886
10.707,220,-1099087414,-1094510505,-0.2473213,-0.3810451
10.708,224,-1019189201,-1019189547,-192.407,-192.4017
10.709,228,1050914062,1050842908,0.3196797,0.3175591
10.709,232,1050914062,1050842908,0.3196797,0.3175591
10.71,236,1050914062,1050842908,0.3196797,0.3175591
10.711,240,-1141343278,-1138610070,-0.00758312,-0.009899238
10.711,244,-1171954577,-1166093971,-0.0006309216,-0.0009720538
10.712,248,-1090826597,-1090827049,-0.4908341,-0.4908206
10.713,260,1097358046,1097286154,14.52218,14.45362
10.714,352,1027637248,1031868416,0.04699707,0.0630188
10.736,12,1636,1633,2.292524E-42,2.28832E-42
10.737,216,-1078062916,-1077956391,-1.484886,-1.497584
10.738,220,-1094510505,-1093658190,-0.3810451,-0.406446
10.739,224,-1019189547,-1019189743,-192.4017,-192.3987
10.739,228,1050842908,1050789564,0.3175591,0.3159693
10.74,232,1050842908,1050789564,0.3175591,0.3159693
10.741,236,1050842908,1050789564,0.3175591,0.3159693
10.742,240,-1138610070,-1138519169,-0.009899238,-0.009983896
10.743,244,-1166093971,-1165498628,-0.0009720538,-0.001036852
10.743,248,-1090827049,-1090827305,-0.4908206,-0.490813
10.744,260,1097286154,1097232362,14.45362,14.40232
10.745,352,1031868416,1027637248,0.0630188,0.04699707
10.799,12,1633,1631,2.28832E-42,2.285518E-42
10.8,216,-1077956391,-1087487337,-1.497584,-0.6807036
10.801,220,-1093658190,-1093066797,-0.406446,-0.4240709
10.802,224,-1019189743,-1019190004,-192.3987,-192.3947
10.802,228,1050789564,1050745737,0.3159693,0.3146632
10.803,232,1050789564,1050745737,0.3159693,0.3146632
10.804,236,1050789564,1050745737,0.3159693,0.3146632
10.805,240,-1138519169,-1147882572,-0.009983896,-0.004538024
10.805,244,-1165498628,-1165112412,-0.001036852,-0.001081814
10.806,248,-1090827305,-1090827646,-0.490813,-0.4908028
10.807,260,1097232362,1097179674,14.40232,14.35208
10.808,352,1027637248,1027366912,0.04699707,0.04598999
10.861,12,1631,1627,2.285518E-42,2.279913E-42
10.862,216,-1087487337,-1087933673,-0.6807036,-0.6540999
10.863,220,-1093066797,-1090554428,-0.4240709,-0.4989454
10.863,224,-1019190004,-1019190324,-192.3947,-192.3898
10.864,228,1050745737,1050686093,0.3146632,0.3128857
10.865,232,1050745737,1050686093,0.3146632,0.3128857
10.866,236,1050745737,1050686093,0.3146632,0.3128857
10.867,240,-1147882572,-1148263445,-0.004538024,-0.004360666
10.868,244,-1165112412,-1163471681,-0.001081814,-0.00127282
10.868,248,-1090827646,-1090828063,-0.4908028,-0.4907904
10.869,260,1097179674,1097107614,14.35208,14.28335
10.87,352,1027366912,1031864320,0.04598999,0.06298828
10.893,12,1627,1624,2.279913E-42,2.275709E-42
10.894,216,-1087933673,-1085017968,-0.6540999,-0.8278894
10.895,220,-1090554428,-1086937724,-0.4989454,-0.7134631
10.896,224,-1019190324,-1019190500,-192.3898,-192.3871
10.896,228,1050686093,1050639779,0.3128857,0.3115054
10.897,232,1050686093,1050639779,0.3128857,0.3115054
10.898,236,1050686093,1050639779,0.3128857,0.3115054
10.899,240,-1148263445,-1145775377,-0.004360666,-0.005519263
10.9,244,-1163471681,-1158770934,-0.00127282,-0.001820059
10.9,248,-1090828063,-1090828293,-0.4907904,-0.4907835
10.901,260,1097107614,1097053763,14.28335,14.232
10.903,352,1031864320,1027637248,0.06298828,0.04699707
10.955,12,1624,1621,2.275709E-42,2.271505E-42
10.956,216,-1085017968,-1075993317,-0.8278894,-1.731601
10.957,220,-1086937724,-1081684821,-0.7134631,-1.053121
10.958,224,-1019190500,-1019190844,-192.3871,-192.3819
10.959,228,1050639779,1050584151,0.3115054,0.3098476
10.959,232,1050639779,1050584151,0.3115054,0.3098476
10.96,236,1050639779,1050584151,0.3115054,0.3098476
10.961,240,-1145775377,-1136844012,-0.005519263,-0.01154401
10.962,244,-1158770934,-1154477940,-0.001820059,-0.002686533
10.962,248,-1090828293,-1090828743,-0.4907835,-0.4907701
10.963,260,1097053763,1096999796,14.232,14.18053
10.964,352,1027637248,1027645440,0.04699707,0.04702759
11.018,12,1621,1618,2.271505E-42,2.267301E-42
11.019,216,-1075993317,-1078354196,-1.731601,-1.450162
11.019,220,-1081684821,-1076666278,-1.053121,-1.651378
11.02,224,-1019190844,-1019191785,-192.3819,-192.3675
11.021,228,1050584151,1050515075,0.3098476,0.3077889
11.022,232,1050584151,1050515075,0.3098476,0.3077889
11.022,236,1050584151,1050515075,0.3098476,0.3077889
11.023,240,-1136844012,-1138858629,-0.01154401,-0.00966775
11.024,244,-1154477940,-1148581202,-0.002686533,-0.004212699
11.025,248,-1090828743,-1090829972,-0.4907701,-0.4907335
11.025,260,1096999796,1096928055,14.18053,14.11211
11.026,352,1027645440,1031659520,0.04702759,0.0619812
11.049,12,1618,1615,2.267301E-42,2.263097E-42
11.05,216,-1078354196,-1081859096,-1.450162,-1.032346
11.051,220,-1076666278,-1075102854,-1.651378,-1.837753
11.055,224,-1019191785,-1019192354,-192.3675,-192.3589
11.055,228,1050515075,1050466446,0.3077889,0.3063397
11.056,232,1050515075,1050466446,0.3077889,0.3063397
11.057,236,1050515075,1050466446,0.3077889,0.3063397
11.058,240,-1138858629,-1142848267,-0.00966775,-0.006882305
11.059,244,-1148581202,-1147560191,-0.004212699,-0.004688144
11.06,248,-1090829972,-1090830715,-0.4907335,-0.4907114
11.06,260,1096928055,1096873128,14.11211,14.05973
11.061,352,1031659520,1027637248,0.0619812,0.04699707
11.111,12,1615,1613,2.263097E-42,2.260294E-42
11.112,216,-1081859096,-1085170128,-1.032346,-0.81882
11.112,220,-1075102854,-1074499259,-1.837753,-1.909707
11.113,224,-1019192354,-1025022416,-192.3589,-115.6996
11.114,228,1050466446,1050434686,0.3063397,0.3053932
11.115,232,1050466446,1050434686,0.3063397,0.3053932
11.116,236,1050466446,1050434686,0.3063397,0.3053932
11.117,240,-1142848267,-1145905220,-0.006882305,-0.0054588
11.118,244,-1147560191,-1147166006,-0.004688144,-0.004871701
11.119,248,-1090830715,-1097392598,-0.4907114,-0.295152
11.12,260,1096873128,1096840633,14.05973,14.02874
11.173,12,1613,1611,2.260294E-42,2.257492E-42
11.174,216,-1085170128,-1077042509,-0.81882,-1.606528
11.175,220,-1074499259,991304256,-1.909707,0.002290383
11.176,224,-1025022416,-1025020866,-115.6996,-115.7114
11.176,228,1050434686,1050382929,0.3053932,0.3038507
11.177,232,1050434686,1050382929,0.3053932,0.3038507
11.178,236,1050434686,1050382929,0.3053932,0.3038507
11.179,240,-1145905220,-1137739323,-0.0054588,-0.01071018
11.179,244,-1147166006,918818147,-0.004871701,5.842814E-06
11.18,248,-1097392598,-1097391586,-0.295152,-0.2951822
11.181,260,1096840633,1096798206,14.02874,13.98828
11.182,352,1027637248,1031667712,0.04699707,0.06201172
11.205,12,1611,1609,2.257492E-42,2.254689E-42
11.206,216,-1077042509,-1076221859,-1.606528,-1.704357
11.207,220,991304256,-1106667141,0.002290383,-0.1343745
11.208,224,-1025020866,-1025020979,-115.7114,-115.7105
11.209,228,1050382929,1050342643,0.3038507,0.3026501
11.21,232,1050382929,1050342643,0.3038507,0.3026501
11.21,236,1050382929,1050342643,0.3038507,0.3026501
11.211,240,-1137739323,-1137039035,-0.01071018,-0.01136238
11.212,244,918818147,-1179404085,5.842814E-06,-0.0003427922
11.212,248,-1097391586,-1097391660,-0.2951822,-0.29518
11.213,260,1096798206,1096765913,13.98828,13.95748
11.214,352,1031667712,1027637248,0.06201172,0.04699707
11.268,12,1609,1607,2.254689E-42,2.251887E-42
11.269,216,-1076221859,-1077412245,-1.704357,-1.562452
11.27,220,-1106667141,-1096199574,-0.1343745,-0.3307069
11.271,224,-1025020979,-1025021381,-115.7105,-115.7075
11.272,228,1050342643,1050303958,0.3026501,0.3014972
11.272,232,1050342643,1050303958,0.3026501,0.3014972
11.273,236,1050342643,1050303958,0.3026501,0.3014972
11.274,240,-1137039035,-1138054831,-0.01136238,-0.01041634
11.275,244,-1179404085,-1168300102,-0.0003427922,-0.0008436401
11.275,248,-1097391660,-1097391922,-0.29518,-0.2951722
11.276,260,1096765913,1096733699,13.95748,13.92676
11.331,12,1607,1605,2.251887E-42,2.249084E-42
11.332,104,0,1,0,1.401298E-45
11.333,116,0,8,0,1.121039E-44
11.333,120,0,1127534452,0,180.8104
11.334,124,0,10,0,1.401298E-44
11.335,216,-1077412245,-1084368913,-1.562452,-0.8665761
11.336,220,-1096199574,-1091983378,-0.3307069,-0.4563593
11.336,224,-1025021381,-1025021845,-115.7075,-115.7039
11.337,228,1050303958,1050261848,0.3014972,0.3002422
11.338,232,1050303958,1050261848,0.3014972,0.3002422
11.339,236,1050303958,1050261848,0.3014972,0.3002422
11.339,240,-1138054831,-1145221517,-0.01041634,-0.005777174
11.341,244,-1168300102,-1164404873,-0.0008436401,-0.001164182
11.342,248,-1097391922,-1097392225,-0.2951722,-0.2951631
11.343,260,1096733699,1096690450,13.92676,13.88552
11.343,352,1027637248,1031868416,0.04699707,0.0630188
11.362,12,1605,1604,2.249084E-42,2.247683E-42
11.363,128,0,1,0,1.401298E-45
11.363,216,-1084368913,-1085796133,-0.8665761,-0.7815072
11.364,220,-1091983378,-1093628233,-0.4563593,-0.4073388
11.365,224,-1025021845,-1025021910,-115.7039,-115.7034
11.366,228,1050261848,1050231246,0.3002422,0.2993302
11.367,232,1050261848,1050231246,0.3002422,0.2993302
11.368,236,1050261848,1050231246,0.3002422,0.2993302
11.369,240,-1145221517,-1146439411,-0.005777174,-0.005210048
11.369,244,-1164404873,-1165479064,-0.001164182,-0.00103913
11.37,248,-1097392225,-1097392268,-0.2951631,-0.2951618
11.372,260,1096690450,1096658045,13.88552,13.85461
11.372,352,1031868416,1027637248,0.0630188,0.04699707
11.423,12,1604,1602,2.247683E-42,2.24488E-42
11.424,104,1,0,1.401298E-45,0
11.425,116,8,0,1.121039E-44,0
11.426,120,1127534452,0,180.8104,0
11.427,124,10,0,1.401298E-44,0
11.428,216,-1085796133,-1123578257,-0.7815072,-0.03309482
11.429,220,-1093628233,-1095888408,-0.4073388,-0.3399804
11.43,224,-1025021910,-1025022224,-115.7034,-115.701
11.431,228,1050231246,1050209078,0.2993302,0.2986695
11.432,232,1050231246,1050209078,0.2993302,0.2986695
11.433,236,1050231246,1050209078,0.2993302,0.2986695
11.434,240,-1146439411,-1184409220,-0.005210048,-0.0002206321
11.434,244,-1165479064,-1167893681,-0.00103913,-0.0008672969
11.435,248,-1097392268,-1097392473,-0.2951618,-0.2951557
11.436,260,1096658045,1096626444,13.85461,13.82447
11.437,352,1027637248,1027366912,0.04699707,0.04598999
11.486,12,1602,1600,2.24488E-42,2.242078E-42
11.487,104,0,1,0,1.401298E-45
11.487,116,0,8,0,1.121039E-44
11.488,120,0,1127534452,0,180.8104
11.489,124,0,10,0,1.401298E-44
11.49,128,1,0,1.401298E-45,0
11.49,216,-1123578257,-1105766984,-0.03309482,-0.1477879
11.491,220,-1095888408,-1099997369,-0.3399804,-0.2337619
11.492,224,-1025022224,-1025022531,-115.701,-115.6987
11.493,228,1050209078,1050177159,0.2986695,0.2977183
11.494,232,1050209078,1050177159,0.2986695,0.2977183
11.494,236,1050209078,1050177159,0.2986695,0.2977183
11.496,240,-1184409220,-1165941862,-0.0002206321,-0.0009852529
11.497,244,-1167893681,-1172548833,-0.0008672969,-0.0005963314
11.498,248,-1097392473,-1097392673,-0.2951557,-0.2951498
11.499,260,1096626444,1096583276,13.82447,13.78331
11.499,352,1027366912,1031864320,0.04598999,0.06298828
11.518,12,1600,1598,2.242078E-42,2.239275E-42
11.519,104,1,0,1.401298E-45,0
11.519,116,8,0,1.121039E-44,0
11.52,120,1127534452,0,180.8104,0
11.521,124,10,0,1.401298E-44,0
11.522,128,0,1,0,1.401298E-45
11.522,216,-1105766984,-1088187119,-0.1477879,-0.6389933
11.523,220,-1099997369,-1101890762,-0.2337619,-0.2055481
11.524,224,-1025022531,-1025022705,-115.6987,-115.6974
11.524,228,1050177159,1050148185,0.2977183,0.2968548
11.525,232,1050177159,1050148185,0.2977183,0.2968548
11.526,236,1050177159,1050148185,0.2977183,0.2968548
11.527,240,-1165941862,-1148479719,-0.0009852529,-0.004259956
11.528,244,-1172548833,-1173785335,-0.0005963314,-0.0005243575
11.529,248,-1097392673,-1097392787,-0.2951498,-0.2951464
11.53,260,1096583276,1096551038,13.78331,13.75256
11.531,352,1031864320,1027637248,0.06298828,0.04699707
11.58,12,1598,1596,2.239275E-42,2.236472E-42
11.581,128,1,0,1.401298E-45,0
11.582,216,-1088187119,-1094707914,-0.6389933,-0.3751618
11.583,220,-1101890762,-1102832582,-0.2055481,-0.1915139
11.584,224,-1025022705,-1025023048,-115.6974,-115.6948
11.585,228,1050148185,1050121990,0.2968548,0.2960741
11.585,232,1050148185,1050121990,0.2968548,0.2960741
11.586,236,1050148185,1050121990,0.2968548,0.2960741
11.587,240,-1148479719,-1155274460,-0.004259956,-0.002501079
11.588,244,-1173785335,-1174400401,-0.0005243575,-0.0004885559
11.588,248,-1097392787,-1097393011,-0.2951464,-0.2951397
11.59,260,1096551038,1096518787,13.75256,13.7218
11.591,352,1027637248,1027645440,0.04699707,0.04702759
11.643,12,1596,1594,2.236472E-42,2.23367E-42
11.644,216,-1094707914,-1103742094,-0.3751618,-0.1779611
11.645,220,-1102832582,-1103082478,-0.1915139,-0.1877902
11.646,224,-1025023048,-1025023416,-115.6948,-115.692
11.646,228,1050121990,1050090257,0.2960741,0.2951284
11.647,232,1050121990,1050090257,0.2960741,0.2951284
11.648,236,1050121990,1050090257,0.2960741,0.2951284
11.649,240,-1155274460,-1164213956,-0.002501079,-0.001186408
11.649,244,-1174400401,-1174722077,-0.0004885559,-0.0004790566
11.65,248,-1097393011,-1097393251,-0.2951397,-0.2951325
11.651,260,1096518787,1096476383,13.7218,13.68137
11.652,352,1027645440,1031659520,0.04702759,0.0619812
11.673,12,1594,1592,2.23367E-42,2.230867E-42
11.674,216,-1103742094,-1115404783,-0.1779611,-0.06458677
11.675,220,-1103082478,-1103129747,-0.1877902,-0.1870858
11.676,224,-1025023416,-1025023589,-115.692,-115.6906
11.676,228,1050090257,1050067319,0.2951284,0.2944448
11.677,232,1050090257,1050067319,0.2951284,0.2944448
11.678,236,1050090257,1050067319,0.2951284,0.2944448
11.678,240,-1164213956,-1176387773,-0.001186408,-0.0004305785
11.679,244,-1174722077,-1174783816,-0.0004790566,-0.0004772597
11.68,248,-1097393251,-1097393364,-0.2951325,-0.2951292
11.681,260,1096476383,1096444129,13.68137,13.65061
11.682,352,1031659520,1027637248,0.0619812,0.04699707
11.737,12,1592,1591,2.230867E-42,2.229466E-42
11.738,216,-1115404783,-1111122734,-0.06458677,-0.09649052
11.739,220,-1103129747,-1104671273,-0.1870858,-0.1641153
11.739,224,-1025023589,-1025023901,-115.6906,-115.6883
11.74,228,1050067319,1050044046,0.2944448,0.2937512
11.741,232,1050067319,1050044046,0.2944448,0.2937512
11.742,236,1050067319,1050044046,0.2944448,0.2937512
11.742,240,-1176387773,-1171742432,-0.0004305785,-0.0006432701
11.743,244,-1174783816,-1176797237,-0.0004772597,-0.0004186615
11.744,248,-1097393364,-1097393568,-0.2951292,-0.2951231
11.745,260,1096444129,1096411874,13.65061,13.61984
11.798,12,1591,1589,2.229466E-42,2.226663E-42
11.799,216,-1111122734,-1094991375,-0.09649052,-0.366714
11.8,220,-1104671273,-1111208671,-0.1641153,-0.09585024
11.801,224,-1025023901,-1025024230,-115.6883,-115.6857
11.802,228,1050044046,1050009671,0.2937512,0.2927267
11.803,232,1050044046,1050009671,0.2937512,0.2927267
11.803,236,1050044046,1050009671,0.2937512,0.2927267
11.804,240,-1171742432,-1155516347,-0.0006432701,-0.00244476
11.805,244,-1176797237,-1182780833,-0.0004186615,-0.0002445159
11.805,248,-1097393568,-1097393783,-0.2951231,-0.2951167
11.806,260,1096411874,1096369413,13.61984,13.57935
11.807,352,1027637248,1031667712,0.04699707,0.06201172
11.83,12,1589,1587,2.226663E-42,2.223861E-42
11.831,216,-1094991375,-1078244399,-0.366714,-1.463251
11.832,220,-1111208671,-1115339185,-0.09585024,-0.06507551
11.833,224,-1025024230,-1025024524,-115.6857,-115.6835
11.834,228,1050009671,1049972127,0.2927267,0.2916078
11.834,232,1050009671,1049972127,0.2927267,0.2916078
11.835,236,1050009671,1049972127,0.2927267,0.2916078
11.836,240,-1155516347,-1138764936,-0.00244476,-0.009755008
11.837,244,-1182780833,-1188162896,-0.0002445159,-0.0001660089
11.838,248,-1097393783,-1097393975,-0.2951167,-0.295111
11.838,260,1096369413,1096337200,13.57935,13.54863
11.84,352,1031667712,1027637248,0.06201172,0.04699707
11.892,12,1587,1585,2.223861E-42,2.221058E-42
11.893,216,-1078244399,-1075244525,-1.463251,-1.820864
11.894,220,-1115339185,-1124609047,-0.06507551,-0.03025241
11.895,224,-1025024524,-1024549255,-115.6835,-119.3095
11.896,228,1049972127,1049923857,0.2916078,0.2901693
11.896,232,1049972127,1049923857,0.2916078,0.2901693
11.897,236,1049972127,1049923857,0.2916078,0.2901693
11.898,240,-1138764936,-1136205043,-0.009755008,-0.01213909
11.899,244,-1188162896,-1197352766,-0.0001660089,-7.717453E-05
11.9,248,-1097393975,-1097083595,-0.295111,-0.304361
11.9,260,1096337200,1096303901,13.54863,13.51687
11.955,12,1585,1583,2.221058E-42,2.218255E-42
11.956,216,-1075244525,-1075910171,-1.820864,-1.741513
11.957,220,-1124609047,-1113585013,-0.03025241,-0.07814511
11.958,224,-1024549255,-1024551106,-119.3095,-119.2954
11.958,228,1049923857,1049871304,0.2901693,0.2886031
11.959,232,1049923857,1049871304,0.2901693,0.2886031
11.96,236,1049923857,1049871304,0.2901693,0.2886031
11.961,240,-1136205043,-1136773061,-0.01213909,-0.01161009
11.962,244,-1197352766,-1185871732,-7.717453E-05,-0.0001993498
11.962,248,-1097083595,-1097084804,-0.304361,-0.304325
11.963,260,1096303901,1096259520,13.51687,13.47455
11.964,352,1027637248,1031868416,0.04699707,0.0630188
11.986,12,1583,1581,2.218255E-42,2.215453E-42
11.987,216,-1075910171,-1085256416,-1.741513,-0.8136768
11.987,220,-1113585013,-1117016142,-0.07814511,-0.0575406
11.992,224,-1024551106,-1024551823,-119.2954,-119.2899
11.993,228,1049871304,1049840973,0.2886031,0.2876991
11.993,232,1049871304,1049840973,0.2886031,0.2876991
11.994,236,1049871304,1049840973,0.2886031,0.2876991
11.996,240,-1136773061,-1145978853,-0.01161009,-0.005424512
11.996,244,-1185871732,-1189483801,-0.0001993498,-0.0001467872
11.997,248,-1097084804,-1097085272,-0.304325,-0.304311
11.998,260,1096259520,1096226240,13.47455,13.44281
11.999,352,1031868416,1027637248,0.0630188,0.04699707
12.048,12,1581,1579,2.215453E-42,2.21265E-42
12.049,216,-1085256416,-1086888009,-0.8136768,-0.7164263
12.05,220,-1117016142,-1126252455,-0.0575406,-0.02719133
12.051,224,-1024551823,-1024552466,-119.2899,-119.285
12.051,228,1049840973,1049812148,0.2876991,0.2868401
12.052,232,1049840973,1049812148,0.2876991,0.2868401
12.053,236,1049840973,1049812148,0.2876991,0.2868401
12.053,240,-1145978853,-1147371145,-0.005424512,-0.004776176
12.054,244,-1189483801,-1198426012,-0.0001467872,-6.936563E-05
12.055,248,-1097085272,-1097085692,-0.304311,-0.3042985
12.056,260,1096226240,1096193681,13.44281,13.41176
12.057,352,1027637248,1027366912,0.04699707,0.04598999
12.111,12,1579,1577,2.21265E-42,2.209848E-42
12.112,216,-1086888009,-1085690387,-0.7164263,-0.7878101
12.113,220,-1126252455,1022568434,-0.02719133,0.02968213
12.114,224,-1024552466,-1024553426,-119.285,-119.2777
12.115,228,1049812148,1049772957,0.2868401,0.2856721
12.116,232,1049812148,1049772957,0.2868401,0.2856721
12.117,236,1049812148,1049772957,0.2868401,0.2856721
12.117,240,-1147371145,-1146349175,-0.004776176,-0.005252067
12.118,244,-1198426012,949930936,-6.936563E-05,7.571973E-05
12.119,248,-1097085692,-1097086319,-0.3042985,-0.3042798
12.12,260,1096193681,1096149263,13.41176,13.3694
12.12,352,1027366912,1031864320,0.04598999,0.06298828
12.142,12,1577,1575,2.209848E-42,2.207045E-42
12.143,216,-1085690387,-1074741631,-0.7878101,-1.880814
12.144,220,1022568434,1024964172,0.02968213,0.03703909
12.145,224,-1024553426,-1024553896,-119.2777,-119.2741
12.145,228,1049772957,1049731258,0.2856721,0.2844294
12.146,232,1049772957,1049731258,0.2856721,0.2844294
12.147,236,1049772957,1049731258,0.2856721,0.2844294
12.148,240,-1146349175,-1135775907,-0.005252067,-0.01253876
12.148,244,949930936,952510354,7.571973E-05,9.448746E-05
12.149,248,-1097086319,-1097086626,-0.3042798,-0.3042707
12.15,260,1096149263,1096115991,13.3694,13.33767
12.151,352,1031864320,1027637248,0.06298828,0.04699707
12.204,12,1575,1574,2.207045E-42,2.205644E-42
12.206,216,-1074741631,-1072412048,-1.880814,-2.317043
12.206,220,1024964172,1025398809,0.03703909,0.03865824
12.207,224,-1024553896,-1024555078,-119.2741,-119.2651
12.208,228,1049731258,1049684509,0.2844294,0.2830361
12.209,232,1049731258,1049684509,0.2844294,0.2830361
12.209,236,1049731258,1049684509,0.2844294,0.2830361
12.21,240,-1135775907,-1132653254,-0.01253876,-0.01544696
12.211,244,952510354,953078044,9.448746E-05,9.861795E-05
12.211,248,-1097086626,-1097087398,-0.3042707,-0.3042477
12.212,260,1096115991,1096082698,13.33767,13.30592
12.213,352,1027637248,1027645440,0.04699707,0.04702759
12.267,12,1574,1571,2.205644E-42,2.20144E-42
12.268,216,-1072412048,-1071985594,-2.317043,-2.418718
12.269,220,1025398809,1024024909,0.03865824,0.03354006
12.27,224,-1024555078,-1024557648,-119.2651,-119.2455
12.271,228,1049684509,1049621385,0.2830361,0.2811549
12.271,232,1049684509,1049621385,0.2830361,0.2811549
12.272,236,1049684509,1049621385,0.2830361,0.2811549
12.273,240,-1132653254,-1132193760,-0.01544696,-0.01612478
12.274,244,953078044,951283562,9.861795E-05,8.556138E-05
12.274,248,-1097087398,-1097089076,-0.3042477,-0.3041977
12.275,260,1096082698,1096039151,13.30592,13.26439
12.276,328,1,4,1.401298E-45,5.605194E-45
12.277,332,1,4,1.401298E-45,5.605194E-45
12.278,352,1027645440,1031659520,0.04702759,0.0619812
12.299,12,1571,1570,2.20144E-42,2.200039E-42
12.3,216,-1071985594,-1077405592,-2.418718,-1.563245
12.301,220,1024024909,1022282617,0.03354006,0.02914976
12.304,224,-1024557648,-1024558635,-119.2455,-119.238
12.305,228,1049621385,1049582379,0.2811549,0.2799924
12.306,232,1049621385,1049582379,0.2811549,0.2799924
12.307,236,1049621385,1049582379,0.2811549,0.2799924
12.308,240,-1132193760,-1138049154,-0.01612478,-0.01042163
12.309,244,951283562,949744280,8.556138E-05,7.436163E-05
12.309,248,-1097089076,-1097089721,-0.3041977,-0.3041784
12.31,260,1096039151,1096005883,13.26439,13.23266
12.311,352,1031659520,1027637248,0.0619812,0.04699707
12.361,12,1570,1568,2.200039E-42,2.197236E-42
12.362,216,-1077405592,-1080255978,-1.563245,-1.223452
12.363,220,1022282617,1023180993,0.02914976,0.03082311
12.364,224,-1024558635,-1024559718,-119.238,-119.2297
12.364,228,1049582379,1049547024,0.2799924,0.2789388
12.365,232,1049582379,1049547024,0.2799924,0.2789388
12.366,236,1049582379,1049547024,0.2799924,0.2789388
12.367,240,-1138049154,-1140481483,-0.01042163,-0.008156349
12.368,244,949744280,950330975,7.436163E-05,7.863039E-05
12.369,248,-1097089721,-1097090428,-0.3041784,-0.3041574
12.37,260,1096005883,1095972623,13.23266,13.20094
12.424,12,1568,1566,2.197236E-42,2.194433E-42
12.425,216,-1080255978,-1081727873,-1.223452,-1.047989
12.426,220,1023180993,1025476339,0.03082311,0.03894706
12.426,224,-1024559718,-1024561133,-119.2297,-119.2189
12.427,228,1049547024,1049503236,0.2789388,0.2776338
12.428,232,1049547024,1049503236,0.2789388,0.2776338
12.429,236,1049547024,1049503236,0.2789388,0.2776338
12.43,240,-1140481483,-1142624313,-0.008156349,-0.006986591
12.431,244,950330975,953179307,7.863039E-05,9.935474E-05
12.432,248,-1097090428,-1097091352,-0.3041574,-0.3041298
12.433,260,1095972623,1095928975,13.20094,13.15932
12.434,352,1027637248,1031667712,0.04699707,0.06201172
12.454,12,1566,1564,2.194433E-42,2.191631E-42
12.455,216,-1081727873,-1077362835,-1.047989,-1.568342
12.456,220,1025476339,1026796786,0.03894706,0.04386611
12.457,224,-1024561133,-1024561698,-119.2189,-119.2146
12.457,228,1049503236,1049464516,0.2776338,0.2764798
12.458,232,1049503236,1049464516,0.2776338,0.2764798
12.459,236,1049503236,1049464516,0.2776338,0.2764798
12.46,240,-1142624313,-1138012668,-0.006986591,-0.01045561
12.46,244,953179307,954903973,9.935474E-05,0.0001119033
12.461,248,-1097091352,-1097091721,-0.3041298,-0.3041188
12.462,260,1095928975,1095895714,13.15932,13.1276
12.463,352,1031667712,1027637248,0.06201172,0.04699707
12.517,12,1564,1562,2.191631E-42,2.188828E-42
12.518,216,-1077362835,-1076303766,-1.568342,-1.694593
12.518,220,1026796786,1027231258,0.04386611,0.04548464
12.519,224,-1024561698,-1024562707,-119.2146,-119.2069
12.52,228,1049464516,1049424537,0.2764798,0.2752884
12.521,232,1049464516,1049424537,0.2764798,0.2752884
12.521,236,1049464516,1049424537,0.2764798,0.2752884
12.522,240,-1138012668,-1137108929,-0.01045561,-0.01129728
12.523,244,954903973,955471446,0.0001119033,0.0001160322
12.524,248,-1097091721,-1097092380,-0.3041188,-0.3040992
12.524,260,1095895714,1095862458,13.1276,13.09588
12.579,12,1562,1560,2.188828E-42,2.186026E-42
12.58,216,-1076303766,-1076178094,-1.694593,-1.709574
12.581,220,1027231258,-1137709959,0.04548464,-0.01073753
12.582,224,-1024562707,-1024564693,-119.2069,-119.1917
12.583,228,1049424537,1049370032,0.2752884,0.273664
12.584,232,1049424537,1049370032,0.2752884,0.273664
12.585,236,1049424537,1049370032,0.2752884,0.273664
12.585,240,-1137108929,-1137001689,-0.01129728,-0.01139716
12.586,244,955471446,-1209678042,0.0001160322,-2.739166E-05
12.587,248,-1097092380,-1097093677,-0.3040992,-0.3040605
12.588,260,1095862458,1095818193,13.09588,13.05367
12.59,352,1027637248,1031868416,0.04699707,0.0630188
12.611,12,1560,1558,2.186026E-42,2.183223E-42
12.612,216,-1076178094,-1080158190,-1.709574,-1.23511
12.613,220,-1137709959,-1122400957,-0.01073753,-0.0374806
12.614,224,-1024564693,-1024565521,-119.1917,-119.1854
12.615,228,1049370032,1049333911,0.273664,0.2725875
12.616,232,1049370032,1049333911,0.273664,0.2725875
12.617,236,1049370032,1049333911,0.273664,0.2725875
12.617,240,-1137001689,-1140398037,-0.01139716,-0.008234064
12.618,244,-1209678042,-1194818493,-2.739166E-05,-9.561379E-05
12.619,248,-1097093677,-1097094218,-0.3040605,-0.3040444
12.62,260,1095818193,1095785004,13.05367,13.02201
12.621,352,1031868416,1027637248,0.0630188,0.04699707
12.673,12,1558,1557,2.183223E-42,2.181822E-42
12.674,104,0,1,0,1.401298E-45
12.675,116,0,8,0,1.121039E-44
12.676,120,0,1127534452,0,180.8104
12.676,124,0,10,0,1.401298E-44
12.677,216,-1080158190,-1081926501,-1.23511,-1.02431
12.678,220,-1122400957,-1115027855,-0.0374806,-0.0673951
12.679,224,-1024565521,-1024566556,-119.1854,-119.1775
12.68,228,1049333911,1049300821,0.2725875,0.2716013
12.68,232,1049333911,1049300821,0.2725875,0.2716013
12.681,236,1049333911,1049300821,0.2725875,0.2716013
12.683,240,-1140398037,-1142963304,-0.008234064,-0.006828737
12.684,244,-1194818493,-1187756260,-9.561379E-05,-0.0001719263
12.685,248,-1097094218,-1097094894,-0.3040444,-0.3040243
12.685,260,1095785004,1095752534,13.02201,12.99105
12.686,352,1027637248,1027366912,0.04699707,0.04598999
12.736,12,1557,1554,2.181822E-42,2.177618E-42
12.737,104,1,0,1.401298E-45,0
12.738,116,8,0,1.121039E-44,0
12.739,120,1127534452,0,180.8104,0
12.739,124,10,0,1.401298E-44,0
12.74,128,0,1,0,1.401298E-45
12.741,216,-1081926501,-1083089052,-1.02431,-0.9428618
12.742,220,-1115027855,-1107667441,-0.0673951,-0.1222345
12.743,224,-1024566556,-1024567889,-119.1775,-119.1674
12.743,228,1049300821,1049255864,0.2716013,0.2702615
12.744,232,1049300821,1049255864,0.2716013,0.2702615
12.745,236,1049300821,1049255864,0.2716013,0.2702615
12.746,240,-1142963304,-1144129369,-0.006828737,-0.006285745
12.747,244,-1187756260,-1180468193,-0.0001719263,-0.0003118226
12.747,248,-1097094894,-1097095764,-0.3040243,-0.3039984
12.748,260,1095752534,1095708124,12.99105,12.9487
12.749,352,1027366912,1031864320,0.04598999,0.06298828
12.767,12,1554,1552,2.177618E-42,2.174815E-42
12.768,104,0,1,0,1.401298E-45
12.769,116,0,8,0,1.121039E-44
12.77,120,0,1127534452,0,180.8104
12.771,124,0,10,0,1.401298E-44
12.772,128,1,0,1.401298E-45,0
12.772,216,-1083089052,-1097093509,-0.9428618,-0.3040656
12.773,220,-1107667441,-1106217306,-0.1222345,-0.1410776
12.774,224,-1024567889,-1024568504,-119.1674,-119.1627
12.775,228,1049255864,1049229702,0.2702615,0.2694818
12.776,232,1049255864,1049229702,0.2702615,0.2694818
12.777,236,1049255864,1049229702,0.2702615,0.2694818
12.778,240,-1144129369,-1157310168,-0.006285745,-0.002027104
12.779,244,-1180468193,-1178816546,-0.0003118226,-0.0003598919
12.779,248,-1097095764,-1097096166,-0.3039984,-0.3039864
12.78,260,1095708124,1095674931,12.9487,12.91704
12.781,352,1031864320,1027637248,0.06298828,0.04699707
12.829,12,1552,1551,2.174815E-42,2.173414E-42
12.831,104,1,0,1.401298E-45,0
12.832,116,8,0,1.121039E-44,0
12.833,120,1127534452,0,180.8104,0
12.834,124,10,0,1.401298E-44,0
12.835,128,0,1,0,1.401298E-45
12.836,216,-1097093509,-1098592379,-0.3040656,-0.2593957
12.837,220,-1106217306,-1104642632,-0.1410776,-0.1645421
12.838,224,-1024568504,-1024568971,-119.1627,-119.1591
12.839,228,1049229702,1049204131,0.2694818,0.2687198
12.84,232,1049229702,1049204131,0.2694818,0.2687198
12.841,236,1049229702,1049204131,0.2694818,0.2687198
12.842,240,-1157310168,-1159550503,-0.002027104,-0.001729305
12.843,244,-1178816546,-1176759829,-0.0003598919,-0.0004197502
12.844,248,-1097096166,-1097096471,-0.3039864,-0.3039773
12.845,260,1095674931,1095641651,12.91704,12.8853
12.846,352,1027637248,1027645440,0.04699707,0.04702759
12.877,12,1551,1548,2.173414E-42,2.16921E-42
12.878,128,1,0,1.401298E-45,0
12.879,216,-1098592379,-1178233042,-0.2593957,-0.0003768741
12.879,220,-1104642632,-1101322600,-0.1645421,-0.2140144
12.88,224,-1024568971,-1024569550,-119.1591,-119.1547
12.881,228,1049204131,1049173275,0.2687198,0.2678002
12.882,232,1049204131,1049173275,0.2687198,0.2678002
12.882,236,1049204131,1049173275,0.2687198,0.2678002
12.883,240,-1159550503,-1238852528,-0.001729305,-2.512494E-06
12.884,244,-1176759829,-1173414290,-0.0004197502,-0.0005459551
12.885,248,-1097096471,-1097096849,-0.3039773,-0.303966
12.886,260,1095641651,1095597939,12.8853,12.84362
12.887,352,1027645440,1031659520,0.04702759,0.0619812
12.94,12,1548,1547,2.16921E-42,2.167809E-42
12.941,216,-1178233042,-1180425959,-0.0003768741,-0.0003130518
12.941,220,-1101322600,-1100058087,-0.2140144,-0.2328571
12.942,224,-1024569550,-1024569772,-119.1547,-119.153
12.943,228,1049173275,1049150383,0.2678002,0.2671179
12.944,232,1049173275,1049150383,0.2678002,0.2671179
12.945,236,1049173275,1049150383,0.2678002,0.2671179
12.945,240,-1238852528,-1240723817,-2.512494E-06,-2.087012E-06
12.946,244,-1173414290,-1172588486,-0.0005459551,-0.0005940233
12.947,248,-1097096849,-1097096994,-0.303966,-0.3039617
12.948,260,1095597939,1095564727,12.84362,12.81194
12.948,352,1031659520,1027637248,0.0619812,0.04699707
12.971,12,1547,1545,2.167809E-42,2.165006E-42
12.972,216,-1180425959,-1182507616,-0.0003130518,-0.0002524676
12.972,220,-1100058087,-1099125504,-0.2328571,-0.2467537
12.973,224,-1024569772,-1024570020,-119.153,-119.1511
12.974,228,1049150383,1049127584,0.2671179,0.2664385
12.975,232,1049150383,1049127584,0.2671179,0.2664385
12.975,236,1049150383,1049127584,0.2671179,0.2664385
12.976,240,-1240723817,-1243486344,-2.087012E-06,-1.683117E-06
12.977,244,-1172588486,-1171979452,-0.0005940233,-0.0006294737
12.978,248,-1097096994,-1097097156,-0.3039617,-0.3039569
12.979,260,1095564727,1095531496,12.81194,12.78025
13.033,12,1545,1543,2.165006E-42,2.162204E-42
13.034,216,-1182507616,-1134278733,-0.0002524676,-0.01393311
13.035,220,-1099125504,-1100029473,-0.2467537,-0.2332835
13.036,224,-1024570020,-1024570470,-119.1511,-119.1477
13.037,228,1049127584,1049097952,0.2664385,0.2655554
13.038,232,1049127584,1049097952,0.2664385,0.2655554
13.038,236,1049127584,1049097952,0.2664385,0.2655554
13.039,240,-1243486344,-1195193205,-1.683117E-06,-9.28874E-05
13.04,244,-1171979452,-1172569799,-0.0006294737,-0.000595111
13.041,248,-1097097156,-1097097450,-0.3039569,-0.3039481
13.041,260,1095531496,1095487879,12.78025,12.73865
13.042,352,1027637248,1031667712,0.04699707,0.06201172
13.095,12,1543,1541,2.162204E-42,2.159401E-42
13.097,216,-1134278733,-1110940576,-0.01393311,-0.0978477
13.097,220,-1100029473,-1100653322,-0.2332835,-0.2239874
13.098,224,-1024570470,-1024570702,-119.1477,-119.1459
13.099,228,1049097952,1049075070,0.2655554,0.2648734
13.1,232,1049097952,1049075070,0.2655554,0.2648734
13.101,236,1049097952,1049075070,0.2655554,0.2648734
13.102,240,-1195193205,-1171586990,-9.28874E-05,-0.000652318
13.102,244,-1172569799,-1172977211,-0.000595111,-0.0005713965
13.103,248,-1097097450,-1097097601,-0.3039481,-0.3039436
13.104,260,1095487879,1095454664,12.73865,12.70698
13.105,352,1031667712,1027637248,0.06201172,0.04699707
13.126,12,1541,1539,2.159401E-42,2.156598E-42
13.127,216,-1110940576,-1086757816,-0.0978477,-0.7241864
13.128,220,-1100653322,-1101139183,-0.2239874,-0.2167475
13.129,224,-1024570702,-1024571002,-119.1459,-119.1436
13.13,228,1049075070,1049045591,0.2648734,0.2639949
13.131,232,1049075070,1049045591,0.2648734,0.2639949
13.132,236,1049075070,1049045591,0.2648734,0.2639949
13.133,240,-1171586990,-1147260047,-0.000652318,-0.00482791
13.134,244,-1172977211,-1173294508,-0.0005713965,-0.0005529274
13.134,248,-1097097601,-1097097797,-0.3039436,-0.3039378
13.135,260,1095454664,1095421384,12.70698,12.67524
13.189,12,1539,1537,2.156598E-42,2.153796E-42
13.19,216,-1086757816,-1078478500,-0.7241864,-1.435344
13.191,220,-1101139183,-1101600388,-0.2167475,-0.209875
13.192,224,-1024571002,-1024572247,-119.1436,-119.1341
13.193,228,1049045591,1048996196,0.2639949,0.2625228
13.193,232,1049045591,1048996196,0.2639949,0.2625228
13.194,236,1049045591,1048996196,0.2639949,0.2625228
13.195,240,-1147260047,-1138964702,-0.00482791,-0.009568961
13.196,244,-1173294508,-1173595703,-0.0005529274,-0.0005353955
13.196,248,-1097097797,-1097098610,-0.3039378,-0.3039135
13.198,260,1095421384,1095376910,12.67524,12.63283
13.199,352,1027637248,1031868416,0.04699707,0.0630188
13.251,12,1537,1535,2.153796E-42,2.150993E-42
13.252,216,-1078478500,-1074350916,-1.435344,-1.927391
13.253,220,-1101600388,-1101603838,-0.209875,-0.2098236
13.254,224,-1024572247,-1024572980,-119.1341,-119.1285
13.254,228,1048996196,1048954025,0.2625228,0.261266
13.255,232,1048996196,1048954025,0.2625228,0.261266
13.256,236,1048996196,1048954025,0.2625228,0.261266
13.257,240,-1138964702,-1135442497,-0.009568961,-0.01284927
13.257,244,-1173595703,-1173597956,-0.0005353955,-0.0005352644
13.258,248,-1097098610,-1097099089,-0.3039135,-0.3038993
13.259,260,1095376910,1095343718,12.63283,12.60117
13.26,352,1031868416,1027637248,0.0630188,0.04699707
13.283,12,1535,1534,2.150993E-42,2.149592E-42
13.284,216,-1074350916,-1079143713,-1.927391,-1.356045
13.285,220,-1101603838,-1101650877,-0.2098236,-0.2091227
13.286,224,-1024572980,-1024574260,-119.1285,-119.1187
13.287,228,1048954025,1048918634,0.261266,0.2602113
13.287,232,1048954025,1048918634,0.261266,0.2602113
13.288,236,1048954025,1048918634,0.261266,0.2602113
13.289,240,-1135442497,-1139532350,-0.01284927,-0.009040298
13.29,244,-1173597956,-1173628675,-0.0005352644,-0.0005334763
13.29,248,-1097099089,-1097099925,-0.3038993,-0.3038743
13.292,260,1095343718,1095311244,12.60117,12.5702
13.293,352,1027637248,1027366912,0.04699707,0.04598999
13.346,12,1534,1531,2.149592E-42,2.145388E-42
13.347,216,-1079143713,-1081409555,-1.356045,-1.085935
13.348,220,-1101650877,-1101571330,-0.2091227,-0.210308
13.349,224,-1024574260,-1024575819,-119.1187,-119.1068
13.349,228,1048918634,1048874076,0.2602113,0.2588834
13.35,232,1048918634,1048874076,0.2602113,0.2588834
13.351,236,1048918634,1048874076,0.2602113,0.2588834
13.352,240,-1139532350,-1142081050,-0.009040298,-0.007239568
13.353,244,-1173628675,-1173576726,-0.0005334763,-0.0005365001
13.353,248,-1097099925,-1097100943,-0.3038743,-0.303844
13.354,260,1095311244,1095266931,12.5702,12.52794
13.355,352,1027366912,1031864320,0.04598999,0.06298828
13.409,12,1531,1530,2.145388E-42,2.143987E-42
13.41,104,0,1,0,1.401298E-45
13.411,116,0,8,0,1.121039E-44
13.411,120,0,1127534452,0,180.8104
13.412,124,0,10,0,1.401298E-44
13.413,216,-1081409555,-1082114091,-1.085935,-1.001948
13.414,220,-1101571330,-1101572498,-0.210308,-0.2102906
13.415,224,-1024575819,-1024576395,-119.1068,-119.1025
13.416,228,1048874076,1048841605,0.2588834,0.2579156
13.417,232,1048874076,1048841605,0.2588834,0.2579156
13.418,236,1048874076,1048841605,0.2588834,0.2579156
13.419,240,-1142081050,-1143283457,-0.007239568,-0.006679654
13.42,244,-1173576726,-1173577489,-0.0005365001,-0.0005364557
13.42,248,-1097100943,-1097101319,-0.303844,-0.3038328
13.421,260,1095266931,1095233729,12.52794,12.49628
13.422,352,1031864320,1027637248,0.06298828,0.04699707
13.44,12,1530,1528,2.143987E-42,2.141184E-42
13.441,104,1,0,1.401298E-45,0
13.442,116,8,0,1.121039E-44,0
13.443,120,1127534452,0,180.8104,0
13.444,124,10,0,1.401298E-44,0
13.444,128,0,1,0,1.401298E-45
13.445,216,-1082114091,-1077636224,-1.001948,-1.535751
13.446,220,-1101572498,-1101572768,-0.2102906,-0.2102866
13.447,224,-1024576395,-1024577226,-119.1025,-119.0961
13.447,228,1048841605,1048803595,0.2579156,0.2567829
13.448,232,1048841605,1048803595,0.2579156,0.2567829
13.449,236,1048841605,1048803595,0.2579156,0.2567829
13.45,240,-1143283457,-1138245960,-0.006679654,-0.01023834
13.451,244,-1173577489,-1173577665,-0.0005364557,-0.0005364455
13.452,248,-1097101319,-1097101862,-0.3038328,-0.3038166
13.453,260,1095233729,1095200504,12.49628,12.46459
13.453,352,1027637248,1027645440,0.04699707,0.04702759
13.517,12,1528,1526,2.141184E-42,2.138381E-42
13.518,104,0,1,0,1.401298E-45
13.518,116,0,8,0,1.121039E-44
13.519,120,0,1127534452,0,180.8104
13.52,124,0,10,0,1.401298E-44
13.52,128,1,0,1.401298E-45,0
13.521,216,-1077636224,-1086815644,-1.535751,-0.7207396
13.522,220,-1101572768,-1101573230,-0.2102866,-0.2102797
13.523,224,-1024577226,-1024578725,-119.0961,-119.0847
13.524,228,1048803595,1048764937,0.2567829,0.2556308
13.524,232,1048803595,1048764937,0.2567829,0.2556308
13.525,236,1048803595,1048764937,0.2567829,0.2556308
13.526,240,-1138245960,-1147309394,-0.01023834,-0.004804931
13.527,244,-1173577665,-1173577967,-0.0005364455,-0.0005364279
13.528,248,-1097101862,-1097102841,-0.3038166,-0.3037874
13.529,260,1095200504,1095156917,12.46459,12.42302
13.53,352,1027645440,1031659520,0.04702759,0.0619812
13.549,12,1526,1524,2.138381E-42,2.135579E-42
13.55,104,1,0,1.401298E-45,0
13.55,116,8,0,1.121039E-44,0
13.555,120,1127534452,0,180.8104,0
13.555,124,10,0,1.401298E-44,0
13.556,128,0,1,0,1.401298E-45
13.557,216,-1086815644,-1089078971,-0.7207396,-0.5858348
13.557,220,-1101573230,-1101473371,-0.2102797,-0.2117677
13.559,224,-1024578725,-1024579152,-119.0847,-119.0814
13.559,228,1048764937,1048736951,0.2556308,0.2547967
13.56,232,1048764937,1048736951,0.2556308,0.2547967
13.561,236,1048764937,1048736951,0.2556308,0.2547967
13.562,240,-1147309394,-1149242237,-0.004804931,-0.003905565
13.562,244,-1173577967,-1173512753,-0.0005364279,-0.0005402238
13.563,248,-1097102841,-1097103120,-0.3037874,-0.3037791
13.564,260,1095156917,1095123719,12.42302,12.39136
13.565,352,1031659520,1027637248,0.0619812,0.04699707
13.595,12,1524,1522,2.135579E-42,2.132776E-42
13.596,104,0,1,0,1.401298E-45
13.597,116,0,8,0,1.121039E-44
13.598,120,0,1127534452,0,180.8104
13.599,124,0,10,0,1.401298E-44
13.6,128,1,0,1.401298E-45,0
13.601,216,-1089078971,-1238454433,-0.5858348,-2.60301E-06
13.602,220,-1101473371,-1101472605,-0.2117677,-0.2117792
13.602,224,-1024579152,-1024579722,-119.0814,-119.0771
13.603,228,1048736951,1048715075,0.2547967,0.2541448
13.604,232,1048736951,1048715075,0.2547967,0.2541448
13.605,236,1048736951,1048715075,0.2547967,0.2541448
13.606,240,-1149242237,-1298853752,-0.003905565,-1.73534E-08
13.607,244,-1173512753,-1173512253,-0.0005402238,-0.0005402529
13.608,248,-1097103120,-1097103492,-0.3037791,-0.303768
13.609,260,1095123719,1095090520,12.39136,12.3597
13.658,12,1522,1520,2.132776E-42,2.129974E-42
13.659,104,1,0,1.401298E-45,0
13.66,116,8,0,1.121039E-44,0
13.661,120,1127534452,0,180.8104,0
13.662,124,10,0,1.401298E-44,0
13.663,128,0,1,0,1.401298E-45
13.664,216,-1238454433,914535250,-2.60301E-06,3.895178E-06
13.664,220,-1101472605,-1101483543,-0.2117792,-0.2116162
13.665,224,-1024579722,-1024580099,-119.0771,-119.0742
13.666,228,1048715075,1048686393,0.2541448,0.25329
13.667,232,1048715075,1048686393,0.2541448,0.25329
13.669,236,1048715075,1048686393,0.2541448,0.25329
13.67,240,-1298853752,853479400,-1.73534E-08,2.596785E-08
13.671,244,-1173512253,-1173519396,-0.0005402529,-0.0005398372
13.671,248,-1097103492,-1097103738,-0.303768,-0.3037607
13.672,260,1095090520,1095046925,12.3597,12.31813
13.673,352,1027637248,1031667712,0.04699707,0.06201172
13.705,12,1520,1518,2.129974E-42,2.127171E-42
13.706,128,1,0,1.401298E-45,0
13.707,216,914535250,1056000548,3.895178E-06,0.4712688
13.708,220,-1101483543,-1101483693,-0.2116162,-0.2116139
13.709,224,-1024580099,-1024580264,-119.0742,-119.0729
13.709,228,1048686393,1048669495,0.25329,0.2527864
13.71,232,1048686393,1048669495,0.25329,0.2527864
13.711,236,1048686393,1048669495,0.25329,0.2527864
13.712,240,853479400,994961029,2.596785E-08,0.003141792
13.712,244,-1173519396,-1173519494,-0.0005398372,-0.0005398315
13.713,248,-1097103738,-1097103846,-0.3037607,-0.3037575
13.714,260,1095046925,1095013741,12.31813,12.28648
13.715,352,1031667712,1027637248,0.06201172,0.04699707
13.767,12,1518,1516,2.127171E-42,2.124368E-42
13.768,216,1056000548,1055919385,0.4712688,0.4688499
13.769,220,-1101483693,-1101483912,-0.2116139,-0.2116107
13.77,224,-1024580264,-1024580235,-119.0729,-119.0732
13.771,228,1048669495,1048652544,0.2527864,0.2522812
13.771,232,1048669495,1048652544,0.2527864,0.2522812
13.772,236,1048669495,1048652544,0.2527864,0.2522812
13.773,240,994961029,994891770,0.003141792,0.003125666
13.774,244,-1173519494,-1173519637,-0.0005398315,-0.0005398231
13.774,248,-1097103846,-1097103827,-0.3037575,-0.3037581
13.775,260,1095013741,1094980558,12.28648,12.25484
13.831,12,1516,1514,2.124368E-42,2.121566E-42
13.832,216,1055919385,1040456666,0.4688499,0.1290125
13.833,220,-1101483912,-1101484278,-0.2116107,-0.2116052
13.833,224,-1024580235,-1024580312,-119.0732,-119.0726
13.834,228,1048652544,1048625159,0.2522812,0.2514651
13.835,232,1048652544,1048625159,0.2522812,0.2514651
13.836,236,1048652544,1048625159,0.2522812,0.2514651
13.836,240,994891770,979466038,0.003125666,0.0008600833
13.837,244,-1173519637,-1173519876,-0.0005398231,-0.0005398092
13.838,248,-1097103827,-1097103877,-0.3037581,-0.3037566
13.839,260,1094980558,1094936253,12.25484,12.21258
13.839,352,1027637248,1031868416,0.04699707,0.0630188
13.861,12,1514,1512,2.121566E-42,2.118763E-42
13.862,216,1040456666,-1111984313,0.1290125,-0.09007125
13.863,220,-1101484278,-1101484425,-0.2116052,-0.211603
13.864,224,-1024580312,-1024580419,-119.0726,-119.0718
13.865,228,1048625159,1048602348,0.2514651,0.2507852
13.866,232,1048625159,1048602348,0.2514651,0.2507852
13.867,236,1048625159,1048602348,0.2514651,0.2507852
13.867,240,979466038,-1172477646,0.0008600833,-0.000600475
13.868,244,-1173519876,-1173519972,-0.0005398092,-0.0005398036
13.869,248,-1097103877,-1097103947,-0.3037566,-0.3037545
13.87,260,1094936253,1094903065,12.21258,12.18093
13.871,352,1031868416,1027637248,0.0630188,0.04699707
13.923,12,1512,1511,2.118763E-42,2.117362E-42
13.925,216,-1111984313,-1088384704,-0.09007125,-0.6272163
13.925,220,-1101484425,-1101484653,-0.211603,-0.2115996
13.926,224,-1024580419,-1024580719,-119.0718,-119.0695
13.927,228,1048602348,1048573060,0.2507852,0.2499562
13.928,232,1048602348,1048573060,0.2507852,0.2499562
13.928,236,1048602348,1048573060,0.2507852,0.2499562
13.929,240,-1172477646,-1148648325,-0.000600475,-0.004181442
13.93,244,-1173519972,-1173520121,-0.0005398036,-0.000539795
13.931,248,-1097103947,-1097104143,-0.3037545,-0.3037486
13.932,260,1094903065,1094870595,12.18093,12.14997
13.933,352,1027637248,1027366912,0.04699707,0.04598999
13.985,12,1511,1508,2.117362E-42,2.113158E-42
13.987,216,-1088384704,-1081796244,-0.6272163,-1.039838
13.988,220,-1101484653,-1101485033,-0.2115996,-0.211594
13.988,224,-1024580719,-1024581875,-119.0695,-119.0606
13.989,228,1048573060,1048485574,0.2499562,0.2486525
13.99,232,1048573060,1048485574,0.2499562,0.2486525
13.991,236,1048573060,1048485574,0.2499562,0.2486525
13.991,240,-1148648325,-1142740998,-0.004181442,-0.006932256
13.992,244,-1173520121,-1173520369,-0.000539795,-0.0005397805
13.993,248,-1097104143,-1097104898,-0.3037486,-0.3037261
13.994,260,1094870595,1094826313,12.14997,12.10774
13.994,352,1027366912,1031864320,0.04598999,0.06298828
14.017,12,1508,1507,2.113158E-42,2.111757E-42
14.019,216,-1081796244,-1083205169,-1.039838,-0.9359407
14.019,220,-1101485033,-1101485191,-0.211594,-0.2115916
14.02,224,-1024581875,-1024582439,-119.0606,-119.0563
14.021,228,1048485574,1048422379,0.2486525,0.2477109
14.022,232,1048485574,1048422379,0.2486525,0.2477109
14.023,236,1048485574,1048422379,0.2486525,0.2477109
14.023,240,-1142740998,-1144228455,-0.006932256,-0.006239605
14.024,244,-1173520369,-1173520472,-0.0005397805,-0.0005397745
14.025,248,-1097104898,-1097105266,-0.3037261,-0.3037152
14.026,260,1094826313,1094793127,12.10774,12.07609
14.026,352,1031864320,1027637248,0.06298828,0.04699707
14.08,12,1507,1505,2.111757E-42,2.108954E-42
14.081,132,0,1,0,1.401298E-45
14.082,144,0,13,0,1.821688E-44
14.083,148,0,1127534452,0,180.8104
14.084,152,0,60,0,8.407791E-44
14.085,216,-1083205169,-1083075984,-0.9359407,-0.9436407
14.085,220,-1101485191,-1101485422,-0.2115916,-0.2115882
14.086,224,-1024582439,-1024583216,-119.0563,-119.0504
14.087,228,1048422379,1048359061,0.2477109,0.2467674
14.087,232,1048422379,1048359061,0.2477109,0.2467674
14.088,236,1048422379,1048359061,0.2477109,0.2467674
14.09,240,-1144228455,-1144118217,-0.006239605,-0.006290938
14.09,244,-1173520472,-1173520623,-0.0005397745,-0.0005397658
14.091,248,-1097105266,-1097105774,-0.3037152,-0.3037
14.092,260,1094793127,1094759921,12.07609,12.04442
14.093,352,1027637248,1027645440,0.04699707,0.04702759
14.143,12,1505,1503,2.108954E-42,2.106152E-42
14.144,132,1,0,1.401298E-45,0
14.145,144,13,0,1.821688E-44,0
14.146,148,1127534452,0,180.8104,0
14.146,152,60,0,8.407791E-44,0
14.147,156,0,1,0,1.401298E-45
14.148,216,-1083075984,-1078810911,-0.9436407,-1.395718
14.149,220,-1101485422,-1101485812,-0.2115882,-0.2115824
14.149,224,-1024583216,-1024584705,-119.0504,-119.0391
14.15,228,1048359061,1048263404,0.2467674,0.245342
14.151,232,1048359061,1048263404,0.2467674,0.245342
14.152,236,1048359061,1048263404,0.2467674,0.245342
14.152,240,-1144118217,-1139248359,-0.006290938,-0.009304785
14.154,244,-1173520623,-1173520878,-0.0005397658,-0.0005397509
14.154,248,-1097105774,-1097106746,-0.3037,-0.3036711
14.155,260,1094759921,1094716360,12.04442,12.00288
14.156,352,1027645440,1031659520,0.04702759,0.0619812
14.174,12,1503,1501,2.106152E-42,2.103349E-42
14.175,156,1,0,1.401298E-45,0
14.175,216,-1078810911,-1069409445,-1.395718,-3.03292
14.176,220,-1101485812,-1101476202,-0.2115824,-0.2117256
14.177,224,-1024584705,-1024585575,-119.0391,-119.0324
14.178,228,1048263404,1048156509,0.245342,0.2437491
14.179,232,1048263404,1048156509,0.245342,0.2437491
14.179,236,1048263404,1048156509,0.245342,0.2437491
14.18,240,-1139248359,-1129995446,-0.009304785,-0.02021946
14.181,244,-1173520878,-1173514602,-0.0005397509,-0.0005401162
14.182,248,-1097106746,-1097107314,-0.3036711,-0.3036541
14.183,260,1094716360,1094683178,12.00288,11.97123
14.184,352,1031659520,1027637248,0.0619812,0.04699707
14.236,12,1501,1499,2.103349E-42,2.100546E-42
14.237,216,-1069409445,-1065210709,-3.03292,-4.067953
14.237,220,-1101476202,-1101524207,-0.2117256,-0.2110102
14.238,224,-1024585575,-1024587729,-119.0324,-119.016
14.239,228,1048156509,1048028258,0.2437491,0.241838
14.24,232,1048156509,1048028258,0.2437491,0.241838
14.24,236,1048156509,1048028258,0.2437491,0.241838
14.241,240,-1129995446,-1126290919,-0.02021946,-0.02711968
14.242,244,-1173514602,-1173545952,-0.0005401162,-0.0005382914
14.243,248,-1097107314,-1097108721,-0.3036541,-0.3036122
14.243,260,1094683178,1094649986,11.97123,11.93958
14.298,12,1499,1497,2.100546E-42,2.097744E-42
14.299,216,-1065210709,-1067595173,-4.067953,-3.465476
14.3,220,-1101524207,-1101505688,-0.2110102,-0.2112862
14.301,224,-1024587729,-1024591684,-119.016,-118.9858
14.302,228,1048028258,1047876114,0.241838,0.2395709
14.302,232,1048028258,1047876114,0.241838,0.2395709
14.303,236,1048028258,1047876114,0.241838,0.2395709
14.304,240,-1126290919,-1128447267,-0.02711968,-0.02310317
14.305,244,-1173545952,-1173533858,-0.0005382914,-0.0005389954
14.305,248,-1097108721,-1097111304,-0.3036122,-0.3035352
14.306,260,1094649986,1094606389,11.93958,11.898
14.308,352,1027637248,1031667712,0.04699707,0.06201172
14.33,12,1497,1495,2.097744E-42,2.094941E-42
14.331,216,-1067595173,-1070911284,-3.465476,-2.674853
14.332,220,-1101505688,-1101523466,-0.2112862,-0.2110213
14.333,224,-1024591684,-1024593171,-118.9858,-118.9745
14.334,228,1047876114,1047777411,0.2395709,0.2381001
14.334,232,1047876114,1047777411,0.2395709,0.2381001
14.335,236,1047876114,1047777411,0.2395709,0.2381001
14.336,240,-1128447267,-1131277015,-0.02310317,-0.01783236
14.337,244,-1173533858,-1173545468,-0.0005389954,-0.0005383196
14.338,248,-1097111304,-1097112275,-0.3035352,-0.3035063
14.338,260,1094606389,1094573209,11.898,11.86636
14.339,352,1031667712,1027637248,0.06201172,0.04699707
14.392,12,1495,1494,2.094941E-42,2.09354E-42
14.393,216,-1070911284,-1072652448,-2.674853,-2.259727
14.393,220,-1101523466,-1101523976,-0.2110213,-0.2110137
14.394,224,-1024593171,-1024594941,-118.9745,-118.961
14.395,228,1047777411,1047687627,0.2381001,0.2367622
14.396,232,1047777411,1047687627,0.2381001,0.2367622
14.397,236,1047777411,1047687627,0.2381001,0.2367622
14.398,240,-1131277015,-1133063537,-0.01783236,-0.01506485
14.398,244,-1173545468,-1173545801,-0.0005383196,-0.0005383002
14.399,248,-1097112275,-1097113431,-0.3035063,-0.3034718
14.4,260,1094573209,1094540034,11.86636,11.83472
14.454,12,1494,1491,2.09354E-42,2.089336E-42
14.455,216,-1072652448,-1070827200,-2.259727,-2.694901
14.456,220,-1101523976,-1101524790,-0.2110137,-0.2110015
14.457,224,-1024594941,-1024597740,-118.961,-118.9396
14.457,228,1047687627,1047555284,0.2367622,0.2347901
14.458,232,1047687627,1047555284,0.2367622,0.2347901
14.459,236,1047687627,1047555284,0.2367622,0.2347901
14.46,240,-1133063537,-1131205263,-0.01506485,-0.017966
14.46,244,-1173545801,-1173546333,-0.0005383002,-0.0005382692
14.461,248,-1097113431,-1097115259,-0.3034718,-0.3034174
14.462,260,1094540034,1094495733,11.83472,11.79247
14.463,352,1027637248,1031868416,0.04699707,0.0630188
14.486,12,1491,1490,2.089336E-42,2.087935E-42
14.487,216,-1070827200,-1068743838,-2.694901,-3.191613
14.488,220,-1101524790,-1101525136,-0.2110015,-0.2109964
14.492,224,-1024597740,-1024599077,-118.9396,-118.9294
14.493,228,1047555284,1047446239,0.2347901,0.2331652
14.493,232,1047555284,1047446239,0.2347901,0.2331652
14.494,236,1047555284,1047446239,0.2347901,0.2331652
14.495,240,-1131205263,-1129427461,-0.017966,-0.02127742
14.496,244,-1173546333,-1173546559,-0.0005382692,-0.0005382561
14.497,248,-1097115259,-1097116132,-0.3034174,-0.3033913
14.498,260,1094495733,1094462565,11.79247,11.76084
14.499,352,1031868416,1027637248,0.0630188,0.04699707
14.549,12,1490,1488,2.087935E-42,2.085132E-42
14.55,216,-1068743838,-1066914254,-3.191613,-3.62782
14.55,220,-1101525136,-1101525708,-0.2109964,-0.2109879
14.551,224,-1024599077,-1024601265,-118.9294,-118.9127
14.552,228,1047446239,1047330888,0.2331652,0.2314464
14.553,232,1047446239,1047330888,0.2331652,0.2314464
14.554,236,1047446239,1047330888,0.2331652,0.2314464
14.554,240,-1129427461,-1127866216,-0.02127742,-0.02418546
14.555,244,-1173546559,-1173546932,-0.0005382561,-0.0005382344
14.555,248,-1097116132,-1097117561,-0.3033913,-0.3033487
14.556,260,1094462565,1094430116,11.76084,11.72989
14.557,352,1027637248,1027366912,0.04699707,0.04598999
14.611,12,1488,1486,2.085132E-42,2.08233E-42
14.612,216,-1066914254,-1068944745,-3.62782,-3.143713
14.613,220,-1101525708,-1101526695,-0.2109879,-0.2109732
14.613,224,-1024601265,-1024604905,-118.9127,-118.8849
14.614,228,1047330888,1047186865,0.2314464,0.2293003
14.614,232,1047330888,1047186865,0.2314464,0.2293003
14.615,236,1047330888,1047186865,0.2314464,0.2293003
14.616,240,-1127866216,-1129598902,-0.02418546,-0.02095808
14.616,244,-1173546932,-1173547577,-0.0005382344,-0.0005381968
14.617,248,-1097117561,-1097119938,-0.3033487,-0.3032779
14.618,260,1094430116,1094385854,11.72989,11.68768
14.618,352,1027366912,1031864320,0.04598999,0.06298828
14.643,12,1486,1484,2.08233E-42,2.079527E-42
14.644,216,-1068944745,-1069771384,-3.143713,-2.946627
14.644,220,-1101526695,-1101527075,-0.2109732,-0.2109675
14.645,224,-1024604905,-1024606366,-118.8849,-118.8738
14.646,228,1047186865,1047083598,0.2293003,0.2277615
14.646,232,1047186865,1047083598,0.2293003,0.2277615
14.647,236,1047186865,1047083598,0.2293003,0.2277615
14.647,240,-1129598902,-1130304300,-0.02095808,-0.01964418
14.648,244,-1173547577,-1173547825,-0.0005381968,-0.0005381824
14.648,248,-1097119938,-1097120892,-0.3032779,-0.3032495
14.649,260,1094385854,1094352698,11.68768,11.65606
14.65,352,1031864320,1027637248,0.06298828,0.04699707
14.706,12,1484,1482,2.079527E-42,2.076724E-42
14.707,216,-1069771384,-1071755721,-2.946627,-2.473524
14.707,220,-1101527075,-1101524420,-0.2109675,-0.2110071
14.708,224,-1024606366,-1024608295,-118.8738,-118.8591
14.709,228,1047083598,1046990438,0.2277615,0.2263733
14.709,232,1047083598,1046990438,0.2277615,0.2263733
14.71,236,1047083598,1046990438,0.2277615,0.2263733
14.71,240,-1130304300,-1131997601,-0.01964418,-0.01649016
14.711,244,-1173547825,-1173546091,-0.0005381824,-0.0005382833
14.711,248,-1097120892,-1097122152,-0.3032495,-0.3032119
14.712,260,1094352698,1094319526,11.65606,11.62443
14.713,352,1027637248,1027645440,0.04699707,0.04702759
14.768,12,1482,1480,2.076724E-42,2.073922E-42
14.769,216,-1071755721,-1070641096,-2.473524,-2.739271
14.769,220,-1101524420,-1101512706,-0.2110071,-0.2111816
14.77,224,-1024608295,-1024611238,-118.8591,-118.8366
14.77,228,1046990438,1046860612,0.2263733,0.2244387
14.771,232,1046990438,1046860612,0.2263733,0.2244387
14.772,236,1046990438,1046860612,0.2263733,0.2244387
14.772,240,-1131997601,-1131046455,-0.01649016,-0.01826181
14.773,244,-1173546091,-1173538441,-0.0005382833,-0.0005387286
14.773,248,-1097122152,-1097124074,-0.3032119,-0.3031546
14.774,260,1094319526,1094276025,11.62443,11.58294
14.774,352,1027645440,1031659520,0.04702759,0.0619812
14.798,12,1480,1478,2.073922E-42,2.071119E-42
14.799,132,0,1,0,1.401298E-45
14.8,144,0,13,0,1.821688E-44
14.801,148,0,1127534452,0,180.8104
14.801,152,0,60,0,8.407791E-44
14.802,216,-1070641096,-1069554612,-2.739271,-2.998309
14.803,220,-1101512706,-1101513024,-0.2111816,-0.2111769
14.803,224,-1024611238,-1024612564,-118.8366,-118.8265
14.804,228,1046860612,1046756797,0.2244387,0.2228918
14.804,232,1046860612,1046756797,0.2244387,0.2228918
14.805,236,1046860612,1046756797,0.2244387,0.2228918
14.805,240,-1131046455,-1130119322,-0.01826181,-0.01998873
14.806,244,-1173538441,-1173538649,-0.0005387286,-0.0005387165
14.807,248,-1097124074,-1097124940,-0.3031546,-0.3031288
14.807,260,1094276025,1094242894,11.58294,11.55134
14.808,352,1031659520,1027637248,0.0619812,0.04699707
14.861,12,1478,1476,2.071119E-42,2.068317E-42
14.862,132,1,0,1.401298E-45,0
14.862,144,13,0,1.821688E-44,0
14.863,148,1127534452,0,180.8104,0
14.864,152,60,0,8.407791E-44,0
14.864,156,0,1,0,1.401298E-45
14.865,216,-1069554612,-1065373440,-2.998309,-3.995178
14.866,220,-1101513024,-1101513539,-0.2111769,-0.2111692
14.866,224,-1024612564,-1024614754,-118.8265,-118.8098
14.867,228,1046756797,1046632380,0.2228918,0.2210378
14.868,232,1046756797,1046632380,0.2228918,0.2210378
14.868,236,1046756797,1046632380,0.2228918,0.2210378
14.869,240,-1130119322,-1126551388,-0.01998873,-0.02663452
14.869,244,-1173538649,-1173538985,-0.0005387165,-0.0005386969
14.871,248,-1097124940,-1097126370,-0.3031288,-0.3030862
14.871,260,1094242894,1094209769,11.55134,11.51975
14.924,12,1476,1474,2.068317E-42,2.065514E-42
14.925,156,1,0,1.401298E-45,0
14.925,216,-1065373440,-1063988573,-3.995178,-4.650712
14.926,220,-1101513539,-1101505477,-0.2111692,-0.2112893
14.926,224,-1024614754,-1024619532,-118.8098,-118.7733
14.927,228,1046632380,1046450539,0.2210378,0.2183282
14.928,232,1046632380,1046450539,0.2210378,0.2183282
14.928,236,1046632380,1046450539,0.2210378,0.2183282
14.929,240,-1126551388,-1124205140,-0.02663452,-0.03100475
14.929,244,-1173538985,-1173533720,-0.0005386969,-0.0005390034
14.93,248,-1097126370,-1097129490,-0.3030862,-0.3029932
14.93,260,1094209769,1094166264,11.51975,11.47826
14.931,352,1027637248,1031667712,0.04699707,0.06201172
14.956,12,1474,1472,2.065514E-42,2.062711E-42
14.957,216,-1063988573,-1063704610,-4.650712,-4.786117
14.958,220,-1101505477,-1101547349,-0.2112893,-0.2106654
14.958,224,-1024619532,-1024621738,-118.7733,-118.7565
14.959,228,1046450539,1046310018,0.2183282,0.2162342
14.96,232,1046450539,1046310018,0.2183282,0.2162342
14.96,236,1046450539,1046310018,0.2183282,0.2162342
14.961,240,-1124205140,-1123896991,-0.03100475,-0.03190744
14.961,244,-1173533720,-1173561065,-0.0005390034,-0.0005374117
14.962,248,-1097129490,-1097130931,-0.3029932,-0.3029503
14.962,260,1094166264,1094133052,11.47826,11.44659
14.963,352,1031667712,1027637248,0.06201172,0.04699707
15.017,12,1472,1471,2.062711E-42,2.06131E-42
15.018,216,-1063704610,-1064210391,-4.786117,-4.544941
15.018,220,-1101547349,-1101573046,-0.2106654,-0.2102825
15.019,224,-1024621738,-1024624847,-118.7565,-118.7328
15.019,228,1046310018,1046174970,0.2162342,0.2142219
15.02,232,1046310018,1046174970,0.2162342,0.2142219
15.021,236,1046310018,1046174970,0.2162342,0.2142219
15.021,240,-1123896991,-1124583709,-0.03190744,-0.03029961
15.022,244,-1173561065,-1173577847,-0.0005374117,-0.0005364349
15.022,248,-1097130931,-1097132961,-0.3029503,-0.3028898
15.023,260,1094133052,1094099851,11.44659,11.41493
15.08,12,1471,1468,2.06131E-42,2.057106E-42
15.081,216,-1064210391,-1062593322,-4.544941,-5.31602
15.082,220,-1101573046,-1101550025,-0.2102825,-0.2106255
15.083,224,-1024624847,-1024630056,-118.7328,-118.6931
15.083,228,1046174970,1045972572,0.2142219,0.2112059
15.084,232,1046174970,1045972572,0.2142219,0.2112059
15.085,236,1046174970,1045972572,0.2142219,0.2112059
15.085,240,-1124583709,-1122948692,-0.03029961,-0.03544013
15.086,244,-1173577847,-1173562813,-0.0005364349,-0.00053731
15.086,248,-1097132961,-1097136363,-0.3028898,-0.3027884
15.087,260,1094099851,1094055559,11.41493,11.37269
15.087,352,1027637248,1031868416,0.04699707,0.0630188
15.111,12,1468,1467,2.057106E-42,2.055705E-42
15.112,216,-1062593322,-1058738946,-5.31602,-7.15393
15.113,220,-1101550025,-1101550759,-0.2106255,-0.2106146
15.114,224,-1024630056,-1024633083,-118.6931,-118.67
15.114,228,1045972572,1045783537,0.2112059,0.2083891
15.115,232,1045972572,1045783537,0.2112059,0.2083891
15.116,236,1045972572,1045783537,0.2112059,0.2083891
15.117,240,-1122948692,-1119659624,-0.03544013,-0.04769287
15.117,244,-1173562813,-1173563292,-0.00053731,-0.0005372821
15.118,248,-1097136363,-1097138340,-0.3027884,-0.3027295
15.118,260,1094055559,1094022466,11.37269,11.34113
15.119,352,1031868416,1027637248,0.0630188,0.04699707
15.174,12,1467,1465,2.055705E-42,2.052902E-42
15.175,216,-1058738946,-1048991287,-7.15393,-15.60395
15.176,220,-1101550759,-1101076466,-0.2106146,-0.2176821
15.176,224,-1024633083,-1024641790,-118.67,-118.6035
15.177,228,1045783537,1045426037,0.2083891,0.2030619
15.178,232,1045783537,1045426037,0.2083891,0.2030619
15.178,236,1045783537,1045426037,0.2083891,0.2030619
15.179,240,-1119659624,-1110111293,-0.04769287,-0.1040263
15.179,244,-1173563292,-1173253550,-0.0005372821,-0.0005553114
15.18,248,-1097138340,-1097144026,-0.3027295,-0.30256
15.18,260,1094022466,1093990102,11.34113,11.31026
15.181,352,1027637248,1027366912,0.04699707,0.04598999
15.236,12,1465,1463,2.052902E-42,2.0501E-42
15.237,216,-1048991287,-1043531254,-15.60395,-25.62209
15.237,220,-1101076466,-1100072410,-0.2176821,-0.2326437
15.238,224,-1024641790,-1024666572,-118.6035,-118.4145
15.238,228,1045426037,1044656268,0.2030619,0.1915914
15.239,232,1045426037,1044656268,0.2030619,0.1915914
15.24,236,1045426037,1044656268,0.2030619,0.1915914
15.24,240,-1110111293,-1104221735,-0.1040263,-0.1708139
15.241,244,-1173253550,-1172597840,-0.0005553114,-0.0005934788
15.241,248,-1097144026,-1097160210,-0.30256,-0.3020777
15.242,260,1093990102,1093945900,11.31026,11.26811
15.243,352,1027366912,1031864320,0.04598999,0.06298828
15.267,12,1463,1461,2.0501E-42,2.047297E-42
15.268,216,-1043531254,-1038399917,-25.62209,-38.81868
15.269,220,-1100072410,-1098708581,-0.2326437,-0.2559327
15.27,224,-1024666572,-1024700057,-118.4145,-118.159
15.27,228,1044656268,1043807801,0.1915914,0.1789483
15.271,232,1044656268,1043807801,0.1915914,0.1789483
15.271,236,1044656268,1043807801,0.1915914,0.1789483
15.272,240,-1104221735,-1098612665,-0.1708139,-0.2587912
15.272,244,-1172597840,-1171577173,-0.0005934788,-0.0006528894
15.273,248,-1097160210,-1097182078,-0.3020777,-0.301426
15.274,260,1093945900,1093912885,11.26811,11.23662
15.274,352,1031864320,1027637248,0.06298828,0.04699707
15.33,12,1461,1459,2.047297E-42,2.044494E-42
15.331,216,-1038399917,-1035943314,-38.81868,-48.18987
15.332,220,-1098708581,-1097960238,-0.2559327,-0.278235
15.332,224,-1024700057,-1024741960,-118.159,-117.8393
15.333,228,1043807801,1042766365,0.1789483,0.1634297
15.334,232,1043807801,1042766365,0.1789483,0.1634297
15.334,236,1043807801,1042766365,0.1789483,0.1634297
15.335,240,-1098612665,-1096516364,-0.2587912,-0.3212658
15.336,244,-1171577173,-1170599745,-0.0006528894,-0.0007097832
15.336,248,-1097182078,-1097209443,-0.301426,-0.3006105
15.337,260,1093912885,1093879919,11.23662,11.20518
15.337,352,1027637248,1027645440,0.04699707,0.04702759
15.392,12,1459,1457,2.044494E-42,2.041692E-42
15.393,216,-1035943314,-1033242093,-48.18987,-58.49421
15.393,220,-1097960238,-1097421110,-0.278235,-0.2943023
15.394,224,-1024741960,-1024795755,-117.8393,-117.4289
15.394,228,1042766365,1041110916,0.1634297,0.1387616
15.395,232,1042766365,1041110916,0.1634297,0.1387616
15.396,236,1042766365,1041110916,0.1634297,0.1387616
15.396,240,-1096516364,-1094211322,-0.3212658,-0.3899614
15.397,244,-1170599745,-1169895578,-0.0007097832,-0.0007507711
15.398,248,-1097209443,-1097244575,-0.3006105,-0.2995634
15.398,260,1093879919,1093836770,11.20518,11.16403
15.399,352,1027645440,1031659520,0.04702759,0.0619812
15.424,12,1457,1455,2.041692E-42,2.038889E-42
15.425,216,-1033242093,-1030432437,-58.49421,-74.4244
15.425,220,-1097421110,-1096325933,-0.2943023,-0.3269411
15.426,224,-1024795755,-1024890503,-117.4289,-116.706
15.427,228,1041110916,1038865745,0.1387616,0.115153
15.427,232,1041110916,1038865745,0.1387616,0.115153
15.428,236,1041110916,1038865745,0.1387616,0.115153
15.428,240,-1094211322,-1090647799,-0.3899614,-0.4961627
15.429,244,-1169895578,-1168465143,-0.0007507711,-0.0008340334
15.43,248,-1097244575,-1097306451,-0.2995634,-0.2977194
15.43,260,1093836770,1093804024,11.16403,11.1328
15.431,352,1031659520,1027637248,0.0619812,0.04699707
15.487,12,1455,1454,2.038889E-42,2.037488E-42
15.488,216,-1030432437,-1026960181,-74.4244,-100.9156
15.488,220,-1096325933,-1092313102,-0.3269411,-0.4465328
15.489,224,-1024890503,-1025037696,-116.706,-115.583
15.49,228,1038865745,1034601507,0.115153,0.08338191
15.49,232,1038865745,1034601507,0.115153,0.08338191
15.491,236,1038865745,1034601507,0.115153,0.08338191
15.491,240,-1090647799,-1087620428,-0.4961627,-0.6727707
15.492,244,-1168465143,-1164620203,-0.0008340334,-0.001139114
15.492,248,-1097306451,-1097402577,-0.2977194,-0.2948546
15.493,260,1093804024,1093771473,11.1328,11.10176
15.549,12,1454,1451,2.037488E-42,2.033284E-42
15.55,132,0,1,0,1.401298E-45
15.551,144,0,13,0,1.821688E-44
15.551,148,0,1127534452,0,180.8104
15.552,152,0,60,0,8.407791E-44
15.553,216,-1026960181,-1023134935,-100.9156,-132.1998
15.553,220,-1092313102,-1088075059,-0.4465328,-0.6456726
15.554,224,-1025037696,-1025187699,-115.583,-114.4386
15.554,228,1034601507,1022001816,0.08338191,0.02862673
15.555,232,1034601507,1022001816,0.08338191,0.02862673
15.555,236,1034601507,1022001816,0.08338191,0.02862673
15.556,240,-1087620428,-1084121345,-0.6727707,-0.8813323
15.557,244,-1164620203,-1160256432,-0.001139114,-0.001647124
15.557,248,-1097402577,-1097500538,-0.2948546,-0.2919351
15.558,260,1093771473,1093729031,11.10176,11.06129
15.559,352,1027637248,1031667712,0.04699707,0.06201172
15.58,12,1451,1450,2.033284E-42,2.031883E-42
15.581,132,1,0,1.401298E-45,0
15.581,144,13,0,1.821688E-44,0
15.582,148,1127534452,0,180.8104,0
15.583,152,60,0,8.407791E-44,0
15.584,156,0,1,0,1.401298E-45
15.584,216,-1023134935,-1021401819,-132.1998,-158.6451
15.585,220,-1088075059,-1086116878,-0.6456726,-0.7623893
15.585,224,-1025187699,-1025538161,-114.4386,-111.7648
15.586,228,1022001816,-1129595122,0.02862673,-0.02096513
15.587,232,1022001816,-1129595122,0.02862673,-0.02096513
15.587,236,1022001816,-1129595122,0.02862673,-0.02096513
15.588,240,-1084121345,-1081646963,-0.8813323,-1.057634
15.588,244,-1160256432,-1157698808,-0.001647124,-0.001944871
15.589,248,-1097500538,-1097729411,-0.2919351,-0.2851142
15.59,260,1093729031,1093697287,11.06129,11.03101
15.591,352,1031667712,1027637248,0.06201172,0.04699707
15.642,12,1450,1448,2.031883E-42,2.02908E-42
15.643,156,1,0,1.401298E-45,0
15.643,216,-1021401819,-1020148143,-158.6451,-177.7747
15.644,220,-1086116878,-1084748582,-0.7623893,-0.8439461
15.645,224,-1025538161,-1025780314,-111.7648,-109.9173
15.645,228,-1129595122,-1113832319,-0.02096513,-0.07630254
15.646,232,-1129595122,-1113832319,-0.02096513,-0.07630254
15.646,236,-1129595122,-1113832319,-0.02096513,-0.07630254
15.647,240,-1081646963,-1080577160,-1.057634,-1.185164
15.647,244,-1157698808,-1156769775,-0.001944871,-0.002152924
15.648,248,-1097729411,-1097887552,-0.2851142,-0.2804012
15.648,260,1093697287,1093665896,11.03101,11.00108
15.705,12,1448,1446,2.02908E-42,2.026278E-42
15.707,216,-1020148143,-1019821525,-177.7747,-182.7585
15.707,220,-1084748582,-1088624149,-0.8439461,-0.6129443
15.708,224,-1025780314,-1025776111,-109.9173,-109.9493
15.709,228,-1113832319,-1105451134,-0.07630254,-0.1524945
15.709,232,-1113832319,-1105451134,-0.07630254,-0.1524945
15.71,236,-1113832319,-1105451134,-0.07630254,-0.1524945
15.71,240,-1080577160,-1080298446,-1.185164,-1.21839
15.711,244,-1156769775,-1160973611,-0.002152924,-0.001563633
15.711,248,-1097887552,-1097884807,-0.2804012,-0.280483
15.712,260,1093665896,1093624168,11.00108,10.96128
15.713,352,1027637248,1031868416,0.04699707,0.0630188
15.736,12,1446,1444,2.026278E-42,2.023475E-42
15.737,216,-1019821525,-1019825223,-182.7585,-182.702
15.738,220,-1088624149,-1092717309,-0.6129443,-0.4344865
15.738,224,-1025776111,-1026094686,-109.9493,-107.5188
15.739,228,-1105451134,-1101654754,-0.1524945,-0.2090649
15.739,232,-1105451134,-1101654754,-0.1524945,-0.2090649
15.74,236,-1105451134,-1101654754,-0.1524945,-0.2090649
15.74,240,-1080298446,-1080301601,-1.21839,-1.218014
15.743,244,-1160973611,-1164884175,-0.001563633,-0.001108384
15.743,248,-1097884807,-1098092856,-0.280483,-0.2742827
15.744,260,1093624168,1093593406,10.96128,10.93194
15.744,352,1031868416,1027637248,0.0630188,0.04699707
15.799,12,1444,1443,2.023475E-42,2.022074E-42
15.8,216,-1019825223,-1019896868,-182.702,-181.6088
15.801,220,-1092717309,-1097706131,-0.4344865,-0.285808
15.802,224,-1026094686,-1026190032,-107.5188,-106.7914
15.802,228,-1101654754,-1098443601,-0.2090649,-0.2638297
15.803,232,-1101654754,-1098443601,-0.2090649,-0.2638297
15.803,236,-1101654754,-1098443601,-0.2090649,-0.2638297
15.804,240,-1080301601,-1080362738,-1.218014,-1.210726
15.804,244,-1164884175,-1170267850,-0.001108384,-0.0007291021
15.805,248,-1098092856,-1098155123,-0.2742827,-0.272427
15.806,260,1093593406,1093563554,10.93194,10.90347
15.806,352,1027637248,1027366912,0.04699707,0.04598999
15.861,12,1443,1441,2.022074E-42,2.019271E-42
15.862,216,-1019896868,-1019836679,-181.6088,-182.5272
15.862,220,-1097706131,-1104120653,-0.285808,-0.1723202
15.863,224,-1026190032,-1026169062,-106.7914,-106.9514
15.864,228,-1098443601,-1095917457,-0.2638297,-0.3391146
15.864,232,-1098443601,-1095917457,-0.2638297,-0.3391146
15.865,236,-1098443601,-1095917457,-0.2638297,-0.3391146
15.865,240,-1080362738,-1080311377,-1.210726,-1.216848
15.866,244,-1170267850,-1176078060,-0.0007291021,-0.0004395923
15.867,248,-1098155123,-1098141428,-0.272427,-0.2728351
15.867,260,1093563554,1093522866,10.90347,10.86467
15.868,352,1027366912,1031864320,0.04598999,0.06298828
15.892,12,1441,1439,2.019271E-42,2.016468E-42
15.893,216,-1019836679,-1019941818,-182.5272,-180.9229
15.894,220,-1104120653,-1106649174,-0.1723202,-0.1346423
15.894,224,-1026169062,-1026477364,-106.9514,-104.5992
15.895,228,-1095917457,-1094058192,-0.3391146,-0.3945251
15.896,232,-1095917457,-1094058192,-0.3391146,-0.3945251
15.896,236,-1095917457,-1094058192,-0.3391146,-0.3945251
15.897,240,-1080311377,-1080401096,-1.216848,-1.206153
15.897,244,-1176078060,-1179380618,-0.0004395923,-0.0003434752
15.898,248,-1098141428,-1098342768,-0.2728351,-0.2668347
15.899,260,1093522866,1093492854,10.86467,10.83605
15.899,352,1031864320,1027637248,0.06298828,0.04699707
15.955,12,1439,1438,2.016468E-42,2.015067E-42
15.956,216,-1019941818,-1020054856,-180.9229,-179.1981
15.956,220,-1106649174,-1108769187,-0.1346423,-0.1140258
15.957,224,-1026477364,-1026583124,-104.5992,-103.7923
15.957,228,-1094058192,-1092225045,-0.3945251,-0.4491571
15.958,232,-1094058192,-1092225045,-0.3945251,-0.4491571
15.959,236,-1094058192,-1092225045,-0.3945251,-0.4491571
15.959,240,-1080401096,-1080497555,-1.206153,-1.194654
15.96,244,-1179380618,-1181187701,-0.0003434752,-0.0002908822
15.96,248,-1098342768,-1098411836,-0.2668347,-0.2647763
15.961,260,1093492854,1093463160,10.83605,10.80773
15.962,352,1027637248,1027645440,0.04699707,0.04702759
16.018,12,1438,1436,2.015067E-42,2.012265E-42
16.019,216,-1020054856,-1020664532,-179.1981,-169.8952
16.019,220,-1108769187,-1113228219,-0.1140258,-0.08080343
16.02,224,-1026583124,-1026485752,-103.7923,-104.5352
16.02,228,-1092225045,-1090230478,-0.4491571,-0.5171996
16.021,232,-1092225045,-1090230478,-0.4491571,-0.5171996
16.022,236,-1092225045,-1090230478,-0.4491571,-0.5171996
16.022,240,-1080497555,-1081017812,-1.194654,-1.132635
16.023,244,-1181187701,-1185405716,-0.0002908822,-0.0002061312
16.023,248,-1098411836,-1098348246,-0.2647763,-0.2666715
16.024,260,1093463160,1093424199,10.80773,10.77058
16.024,352,1027645440,1031659520,0.04702759,0.0619812
16.048,12,1436,1434,2.012265E-42,2.009462E-42
16.049,216,-1020664532,-1020859068,-169.8952,-166.9268
16.05,220,-1113228219,-1114876595,-0.08080343,-0.06852207
16.05,224,-1026485752,-1026754870,-104.5352,-102.482
16.051,228,-1090230478,-1089384378,-0.5171996,-0.5676311
16.051,232,-1090230478,-1089384378,-0.5171996,-0.5676311
16.052,236,-1090230478,-1089384378,-0.5171996,-0.5676311
16.053,240,-1081017812,-1081183816,-1.132635,-1.112845
16.053,244,-1185405716,-1187558697,-0.0002061312,-0.0001748012
16.054,248,-1098348246,-1098523997,-0.2666715,-0.2614337
16.054,260,1093424199,1093394985,10.77058,10.74271
16.055,352,1031659520,1027637248,0.0619812,0.04699707
16.112,12,1434,1433,2.009462E-42,2.008061E-42
16.113,216,-1020859068,-1020915782,-166.9268,-166.0614
16.113,220,-1114876595,-1112339725,-0.06852207,-0.08742323
16.114,224,-1026754870,-1026858697,-102.482,-101.6899
16.115,228,-1089384378,-1088547311,-0.5676311,-0.6175242
16.115,232,-1089384378,-1088547311,-0.5676311,-0.6175242
16.116,236,-1089384378,-1088547311,-0.5676311,-0.6175242
16.117,240,-1081183816,-1081232212,-1.112845,-1.107076
16.117,244,-1187558697,-1184245233,-0.0001748012,-0.0002230184
16.118,248,-1098523997,-1098591802,-0.2614337,-0.2594129
16.118,260,1093394985,1093366000,10.74271,10.71507
16.174,12,1433,1431,2.008061E-42,2.005258E-42
16.175,216,-1020915782,-1020518224,-166.0614,-172.1277
16.175,220,-1112339725,-1101382703,-0.08742323,-0.2131188
16.176,224,-1026858697,-1026864924,-101.6899,-101.6424
16.177,228,-1088547311,-1087403821,-0.6175242,-0.6856815
16.177,232,-1088547311,-1087403821,-0.6175242,-0.6856815
16.178,236,-1088547311,-1087403821,-0.6175242,-0.6856815
16.179,240,-1081232212,-1080892962,-1.107076,-1.147518
16.179,244,-1184245233,-1173453541,-0.0002230184,-0.0005436704
16.18,248,-1098591802,-1098595869,-0.2594129,-0.2592917
16.18,260,1093366000,1093328045,10.71507,10.67888
16.181,352,1027637248,1031667712,0.04699707,0.06201172
16.206,12,1431,1429,2.005258E-42,2.002456E-42
16.207,216,-1020518224,-1020127685,-172.1277,-178.0868
16.207,220,-1101382703,-1100547401,-0.2131188,-0.2255658
16.208,224,-1026864924,-1027211860,-101.6424,-98.99545
16.208,228,-1087403821,-1086510745,-0.6856815,-0.738913
16.209,232,-1087403821,-1086510745,-0.6856815,-0.738913
16.21,236,-1087403821,-1086510745,-0.6856815,-0.738913
16.211,240,-1080892962,-1080559702,-1.147518,-1.187246
16.211,244,-1173453541,-1172908038,-0.0005436704,-0.0005754229
16.212,248,-1098595869,-1098822439,-0.2592917,-0.2525394
16.212,260,1093328045,1093299711,10.67888,10.65185
16.213,352,1031667712,1027637248,0.06201172,0.04699707
16.268,12,1429,1428,2.002456E-42,2.001054E-42
16.269,216,-1020127685,-1019926511,-178.0868,-181.1565
16.269,220,-1100547401,-1088433437,-0.2255658,-0.6243116
16.27,224,-1027211860,-1027354608,-98.99545,-97.90637
16.271,228,-1086510745,-1085607037,-0.738913,-0.7927782
16.271,232,-1086510745,-1085607037,-0.738913,-0.7927782
16.272,236,-1086510745,-1085607037,-0.738913,-0.7927782
16.272,240,-1080559702,-1080388034,-1.187246,-1.20771
16.273,244,-1172908038,-1160724518,-0.0005754229,-0.001592632
16.273,248,-1098822439,-1098923677,-0.2525394,-0.2497611
16.274,260,1093299711,1093271591,10.65185,10.62504
16.331,12,1428,1426,2.001054E-42,1.998252E-42
16.332,216,-1019926511,-1020119067,-181.1565,-178.2183
16.333,220,-1088433437,-1082033997,-0.6243116,-1.011496
16.334,224,-1027354608,-1027295324,-97.90637,-98.35867
16.334,228,-1085607037,-1084419648,-0.7927782,-0.8635521
16.335,232,-1085607037,-1084419648,-0.7927782,-0.8635521
16.335,236,-1085607037,-1084419648,-0.7927782,-0.8635521
16.336,240,-1080388034,-1080552348,-1.20771,-1.188122
16.336,244,-1160724518,-1154934007,-0.001592632,-0.002580347
16.337,248,-1098923677,-1098876946,-0.2497611,-0.250915
16.338,260,1093271591,1093234157,10.62504,10.58934
16.338,352,1027637248,1031868416,0.04699707,0.0630188
16.362,12,1426,1424,1.998252E-42,1.995449E-42
16.363,216,-1020119067,-1020129250,-178.2183,-178.063
16.363,220,-1082033997,-1084176015,-1.011496,-0.8780738
16.364,224,-1027295324,-1027608858,-98.35867,-95.9666
16.364,228,-1084419648,-1083539824,-0.8635521,-0.9159937
16.365,232,-1084419648,-1083539824,-0.8635521,-0.9159937
16.365,236,-1084419648,-1083539824,-0.8635521,-0.9159937
16.366,240,-1080552348,-1080561038,-1.188122,-1.187086
16.367,244,-1154934007,-1156395854,-0.002580347,-0.002239984
16.367,248,-1098876946,-1099255759,-0.250915,-0.2448127
16.368,260,1093234157,1093206617,10.58934,10.56307
16.369,352,1031868416,1027637248,0.0630188,0.04699707
16.423,12,1424,1423,1.995449E-42,1.994048E-42
16.424,132,0,1,0,1.401298E-45
16.425,144,0,13,0,1.821688E-44
16.425,148,0,1127534452,0,180.8104
16.426,152,0,60,0,8.407791E-44
16.427,216,-1020129250,-1020006266,-178.063,-179.9395
16.427,220,-1084176015,-1082916213,-0.8780738,-0.9531638
16.428,224,-1027608858,-1027726698,-95.9666,-95.06755
16.428,228,-1083539824,-1082674578,-0.9159937,-0.9675664
16.429,232,-1083539824,-1082674578,-0.9159937,-0.9675664
16.43,236,-1083539824,-1082674578,-0.9159937,-0.9675664
16.43,240,-1080561038,-1080456091,-1.187086,-1.199597
16.431,244,-1156395854,-1155573126,-0.002239984,-0.00243154
16.432,248,-1099255759,-1099409672,-0.2448127,-0.2425193
16.433,260,1093206617,1093179955,10.56307,10.53765
16.434,352,1027637248,1027366912,0.04699707,0.04598999
16.486,12,1423,1421,1.994048E-42,1.991245E-42
16.487,132,1,0,1.401298E-45,0
16.488,144,13,0,1.821688E-44,0
16.488,148,1127534452,0,180.8104,0
16.489,152,60,0,8.407791E-44,0
16.489,156,0,1,0,1.401298E-45
16.49,216,-1020006266,-1019378450,-179.9395,-189.5193
16.491,220,-1082916213,-1084590470,-0.9531638,-0.8533703
16.491,224,-1027726698,-1027755567,-95.06755,-94.8473
16.492,228,-1082674578,-1081779243,-0.9675664,-1.041865
16.492,232,-1082674578,-1081779243,-0.9675664,-1.041865
16.493,236,-1082674578,-1081779243,-0.9675664,-1.041865
16.493,240,-1080456091,-1079920355,-1.199597,-1.263462
16.494,244,-1155573126,-1156666518,-0.00243154,-0.002176965
16.494,248,-1099409672,-1099447378,-0.2425193,-0.2419574
16.495,260,1093179955,1093143759,10.53765,10.50313
16.496,352,1027366912,1031864320,0.04598999,0.06298828
16.517,12,1421,1420,1.991245E-42,1.989844E-42
16.518,156,1,0,1.401298E-45,0
16.518,216,-1019378450,-1018353770,-189.5193,-205.1546
16.519,220,-1084590470,-1085276174,-0.8533703,-0.8124992
16.52,224,-1027755567,-1028249322,-94.8473,-91.08025
16.52,228,-1081779243,-1081277236,-1.041865,-1.101709
16.521,232,-1081779243,-1081277236,-1.041865,-1.101709
16.521,236,-1081779243,-1081277236,-1.041865,-1.101709
16.522,240,-1079920355,-1079045961,-1.263462,-1.367698
16.523,244,-1156666518,-1157114325,-0.002176965,-0.002072702
16.523,248,-1099447378,-1100092283,-0.2419574,-0.2323476
16.524,260,1093143759,1093117387,10.50313,10.47798
16.524,352,1031864320,1027637248,0.06298828,0.04699707
16.58,12,1420,1418,1.989844E-42,1.987041E-42
16.581,216,-1018353770,-1017843530,-205.1546,-212.9403
16.581,220,-1085276174,-1082442111,-0.8124992,-0.9814225
16.582,224,-1028249322,-1026082537,-91.08025,-107.6115
16.583,228,-1081277236,-1080763251,-1.101709,-1.162981
16.583,232,-1081277236,-1080763251,-1.101709,-1.162981
16.584,236,-1081277236,-1080763251,-1.101709,-1.162981
16.585,240,-1079045961,-1078610557,-1.367698,-1.419602
16.585,244,-1157114325,-1155263508,-0.002072702,-0.002503629
16.586,248,-1100092283,-1098084922,-0.2323476,-0.2745191
16.586,260,1093117387,1093086103,10.47798,10.44814
16.587,352,1027637248,1027645440,0.04699707,0.04702759
16.642,12,1418,1416,1.987041E-42,1.984239E-42
16.643,216,-1017843530,-1018032980,-212.9403,-210.0495
16.644,220,-1082442111,-1079795649,-0.9814225,-1.278328
16.644,224,-1026082537,-1025715749,-107.6115,-110.4099
16.645,228,-1080763251,-1080099884,-1.162981,-1.24206
16.646,232,-1080763251,-1080099884,-1.162981,-1.24206
16.646,236,-1080763251,-1080099884,-1.162981,-1.24206
16.647,240,-1078610557,-1078772221,-1.419602,-1.40033
16.647,244,-1155263508,-1152010450,-0.002503629,-0.00326104
16.648,248,-1098084922,-1097845387,-0.2745191,-0.2816578
16.649,260,1093086103,1093044373,10.44814,10.40835
16.649,352,1027645440,1031659520,0.04702759,0.0619812
16.673,12,1416,1414,1.984239E-42,1.981436E-42
16.675,216,-1018032980,-1018457008,-210.0495,-203.5793
16.675,220,-1079795649,-1082013150,-1.278328,-1.013981
16.676,224,-1025715749,-1025999767,-110.4099,-108.243
16.677,228,-1080099884,-1079617336,-1.24206,-1.299584
16.677,232,-1080099884,-1079617336,-1.24206,-1.299584
16.678,236,-1080099884,-1079617336,-1.24206,-1.299584
16.679,240,-1078772221,-1079134058,-1.40033,-1.357196
16.679,244,-1152010450,-1154906778,-0.00326104,-0.002586687
16.68,248,-1097845387,-1098030868,-0.2816578,-0.2761301
16.681,260,1093044373,1093013001,10.40835,10.37843
16.681,352,1031659520,1027637248,0.0619812,0.04699707
16.736,12,1414,1413,1.981436E-42,1.980035E-42
16.737,216,-1018457008,-1018694356,-203.5793,-199.9577
16.737,220,-1082013150,-1082115320,-1.013981,-1.001801
16.738,224,-1025999767,-1025968962,-108.243,-108.478
16.739,228,-1079617336,-1079148247,-1.299584,-1.355504
16.739,232,-1079617336,-1079148247,-1.299584,-1.355504
16.74,236,-1079617336,-1079148247,-1.299584,-1.355504
16.74,240,-1079134058,-1079336595,-1.357196,-1.333051
16.741,244,-1154906778,-1155040224,-0.002586687,-0.002555616
16.742,248,-1098030868,-1098010751,-0.2761301,-0.2767296
16.742,260,1093013001,1092981592,10.37843,10.34847
16.798,12,1413,1411,1.980035E-42,1.977232E-42
16.8,216,-1018694356,-1018744948,-199.9577,-199.1857
16.801,220,-1082115320,-1084207801,-1.001801,-0.8761792
16.802,224,-1025968962,-1025655166,-108.478,-110.8721
16.802,228,-1079148247,-1078536280,-1.355504,-1.428456
16.803,232,-1079148247,-1078536280,-1.355504,-1.428456
16.803,236,-1079148247,-1078536280,-1.355504,-1.428456
16.804,240,-1079336595,-1079379767,-1.333051,-1.327905
16.805,244,-1155040224,-1156416612,-0.002555616,-0.002235151
16.806,248,-1098010751,-1097805823,-0.2767296,-0.2828369
16.806,260,1092981592,1092939715,10.34847,10.30854
16.807,352,1027637248,1031667712,0.04699707,0.06201172
16.83,12,1411,1409,1.977232E-42,1.97443E-42
16.831,216,-1018744948,-1018377809,-199.1857,-204.7878
16.832,220,-1084207801,-1084822298,-0.8761792,-0.8395523
16.833,224,-1025655166,-1026021190,-110.8721,-108.0795
16.833,228,-1078536280,-1078062653,-1.428456,-1.484917
16.834,232,-1078536280,-1078062653,-1.428456,-1.484917
16.835,236,-1078536280,-1078062653,-1.428456,-1.484917
16.835,240,-1079379767,-1079066475,-1.327905,-1.365252
16.836,244,-1156416612,-1156817916,-0.002235151,-0.002141715
16.837,248,-1097805823,-1098044859,-0.2828369,-0.2757131
16.837,260,1092939715,1092908329,10.30854,10.2786
16.838,352,1031667712,1027637248,0.06201172,0.04699707
16.892,12,1409,1407,1.97443E-42,1.971627E-42
16.893,216,-1018377809,-1018405399,-204.7878,-204.3668
16.894,220,-1084822298,-1083545049,-0.8395523,-0.9156823
16.894,224,-1026021190,-1026020215,-108.0795,-108.087
16.895,228,-1078062653,-1077594857,-1.484917,-1.540683
16.896,232,-1078062653,-1077594857,-1.484917,-1.540683
16.896,236,-1078062653,-1077594857,-1.484917,-1.540683
16.897,240,-1079066475,-1079090018,-1.365252,-1.362446
16.897,244,-1156817916,-1155983794,-0.002141715,-0.002335924
16.898,248,-1098044859,-1098044222,-0.2757131,-0.2757321
16.899,260,1092908329,1092876908,10.2786,10.24864
16.955,12,1407,1405,1.971627E-42,1.968824E-42
16.956,216,-1018405399,-1018648627,-204.3668,-200.6555
16.957,220,-1083545049,-1086464626,-0.9156823,-0.7416619
16.958,224,-1026020215,-1025680993,-108.087,-110.675
16.958,228,-1077594857,-1076985066,-1.540683,-1.613375
16.959,232,-1077594857,-1076985066,-1.540683,-1.613375
16.959,236,-1077594857,-1076985066,-1.540683,-1.613375
16.96,240,-1079090018,-1079297573,-1.362446,-1.337703
16.961,244,-1155983794,-1158153010,-0.002335924,-0.001891995
16.961,248,-1098044222,-1097822689,-0.2757321,-0.2823343
16.962,260,1092876908,1092834401,10.24864,10.2081
16.963,352,1027637248,1031868416,0.04699707,0.0630188
16.986,12,1405,1403,1.968824E-42,1.966022E-42
16.987,216,-1018648627,-1019196854,-200.6555,-192.2902
16.988,220,-1086464626,-1090288148,-0.7416619,-0.5137622
16.989,224,-1025680993,-1025915116,-110.675,-108.8888
16.99,228,-1076985066,-1076555308,-1.613375,-1.664607
16.99,232,-1076985066,-1076555308,-1.613375,-1.664607
16.991,236,-1076985066,-1076555308,-1.613375,-1.664607
16.992,240,-1079297573,-1079765393,-1.337703,-1.281935
16.993,244,-1158153010,-1163146997,-0.001891995,-0.001310618
16.993,248,-1097822689,-1097975586,-0.2823343,-0.2777776
16.994,260,1092834401,1092802979,10.2081,10.17813
16.995,352,1031868416,1027637248,0.0630188,0.04699707
17.049,12,1403,1402,1.966022E-42,1.96462E-42
17.05,216,-1019196854,-1019451852,-192.2902,-188.3992
17.051,220,-1090288148,-1096758793,-0.5137622,-0.3140409
17.052,224,-1025915116,-1025865329,-108.8888,-109.2687
17.052,228,-1076555308,-1076148506,-1.664607,-1.713101
17.053,232,-1076555308,-1076148506,-1.664607,-1.713101
17.053,236,-1076555308,-1076148506,-1.664607,-1.713101
17.054,240,-1079765393,-1079982991,-1.281935,-1.255995
17.054,244,-1163146997,-1169030511,-0.001310618,-0.0008011247
17.055,248,-1097975586,-1097943072,-0.2777776,-0.2787466
17.056,260,1092802979,1092772172,10.17813,10.14875
17.056,352,1027637248,1027366912,0.04699707,0.04598999
17.111,12,1402,1400,1.96462E-42,1.961818E-42
17.112,216,-1019451852,-1019568126,-188.3992,-186.625
17.113,220,-1096758793,-1104168170,-0.3140409,-0.1716121
17.113,224,-1025865329,-1025601412,-109.2687,-111.2822
17.114,228,-1076148506,-1075601781,-1.713101,-1.778276
17.115,232,-1076148506,-1075601781,-1.713101,-1.778276
17.115,236,-1076148506,-1075601781,-1.713101,-1.778276
17.116,240,-1079982991,-1080082212,-1.255995,-1.244167
17.117,244,-1169030511,-1176140124,-0.0008011247,-0.000437786
17.118,248,-1097943072,-1097770718,-0.2787466,-0.2838832
17.118,260,1092772172,1092729766,10.14875,10.10831
17.119,352,1027366912,1031864320,0.04598999,0.06298828
17.142,12,1400,1398,1.961818E-42,1.959015E-42
17.143,132,0,1,0,1.401298E-45
17.144,144,0,13,0,1.821688E-44
17.144,148,0,1127534452,0,180.8104
17.145,152,0,60,0,8.407791E-44
17.145,216,-1019568126,-1019165363,-186.625,-192.7707
17.146,220,-1104168170,-1099699029,-0.1716121,-0.2382075
17.147,224,-1025601412,-1025928524,-111.2822,-108.7865
17.147,228,-1075601781,-1075183473,-1.778276,-1.828142
17.148,232,-1075601781,-1075183473,-1.778276,-1.828142
17.148,236,-1075601781,-1075183473,-1.778276,-1.828142
17.149,240,-1080082212,-1079738521,-1.244167,-1.285138
17.149,244,-1176140124,-1172353999,-0.000437786,-0.0006076722
17.15,248,-1097770718,-1097984342,-0.2838832,-0.2775167
17.151,260,1092729766,1092698423,10.10831,10.07842
17.152,328,4,1,5.605194E-45,1.401298E-45
17.153,332,4,1,5.605194E-45,1.401298E-45
17.153,352,1031864320,1027637248,0.06298828,0.04699707
17.205,12,1398,1396,1.959015E-42,1.956213E-42
17.206,132,1,0,1.401298E-45,0
17.207,144,13,0,1.821688E-44,0
17.207,148,1127534452,0,180.8104,0
17.208,152,60,0,8.407791E-44,0
17.209,156,0,1,0,1.401298E-45
17.209,216,-1019165363,-1019226664,-192.7707,-191.8353
17.21,220,-1099699029,-1098563108,-0.2382075,-0.2602681
17.21,224,-1025928524,-1025923376,-108.7865,-108.8258
17.211,228,-1075183473,-1074772006,-1.828142,-1.877193
17.212,232,-1075183473,-1074772006,-1.828142,-1.877193
17.212,236,-1075183473,-1074772006,-1.828142,-1.877193
17.213,240,-1079738521,-1079790831,-1.285138,-1.278902
17.214,244,-1172353999,-1171387168,-0.0006076722,-0.0006639492
17.215,248,-1097984342,-1097980980,-0.2775167,-0.2776169
17.216,260,1092698423,1092667064,10.07842,10.04852
17.216,352,1027637248,1027645440,0.04699707,0.04702759
17.267,12,1396,1394,1.956213E-42,1.95341E-42
17.268,156,1,0,1.401298E-45,0
17.268,216,-1019226664,-1019266639,-191.8353,-191.2254
17.269,220,-1098563108,-1098279882,-0.2602681,-0.2687089
17.27,224,-1025923376,-1025625851,-108.8258,-111.0957
17.27,228,-1074772006,-1074237100,-1.877193,-1.940958
17.271,232,-1074772006,-1074237100,-1.877193,-1.940958
17.271,236,-1074772006,-1074237100,-1.877193,-1.940958
17.272,240,-1079790831,-1079824943,-1.278902,-1.274836
17.272,244,-1171387168,-1171017240,-0.0006639492,-0.0006854818
17.273,248,-1097980980,-1097786678,-0.2776169,-0.2834075
17.274,260,1092667064,1092625441,10.04852,10.00882
17.274,352,1027645440,1031659520,0.04702759,0.0619812
17.298,12,1394,1393,1.95341E-42,1.952009E-42
17.299,216,-1019266639,-1019876956,-191.2254,-181.9127
17.3,220,-1098279882,-1101773516,-0.2687089,-0.2072952
17.3,224,-1025625851,-1025840546,-111.0957,-109.4577
17.301,228,-1074237100,-1073858296,-1.940958,-1.986115
17.302,232,-1074237100,-1073858296,-1.940958,-1.986115
17.302,236,-1074237100,-1073858296,-1.940958,-1.986115
17.303,240,-1079824943,-1080345747,-1.274836,-1.212751
17.303,244,-1171017240,-1173708766,-0.0006854818,-0.0005288144
17.304,248,-1097786678,-1097926887,-0.2834075,-0.279229
17.304,260,1092625441,1092594024,10.00882,9.978859
17.305,352,1031659520,1027637248,0.0619812,0.04699707
17.362,12,1393,1391,1.952009E-42,1.949206E-42
17.363,216,-1019876956,-1020627348,-181.9127,-170.4626
17.363,220,-1101773516,-1113074388,-0.2072952,-0.08194956
17.364,224,-1025840546,-1025746525,-109.4577,-110.1751
17.364,228,-1073858296,-1073626425,-1.986115,-2.027513
17.365,232,-1073858296,-1073626425,-1.986115,-2.027513
17.366,236,-1073858296,-1073626425,-1.986115,-2.027513
17.367,240,-1080345747,-1080986081,-1.212751,-1.136417
17.368,244,-1173708766,-1185204794,-0.0005288144,-0.000209055
17.368,248,-1097926887,-1097865486,-0.279229,-0.2810588
17.369,260,1092594024,1092562510,9.978859,9.948805
17.424,12,1391,1389,1.949206E-42,1.946404E-42
17.425,216,-1020627348,-1021353345,-170.4626,-159.3848
17.425,220,-1113074388,1022734340,-0.08194956,0.02999116
17.426,224,-1025746525,-1025454936,-110.1751,-112.3997
17.427,228,-1073626425,-1073416679,-2.027513,-2.077521
17.427,232,-1073626425,-1073416679,-2.027513,-2.077521
17.428,236,-1073626425,-1073416679,-2.027513,-2.077521
17.429,240,-1080986081,-1081605599,-1.136417,-1.062565
17.429,244,-1185204794,950039283,-0.000209055,7.650805E-05
17.43,248,-1097865486,-1097675060,-0.2810588,-0.286734
17.43,260,1092562510,1092520585,9.948805,9.908822
17.431,352,1027637248,1031667712,0.04699707,0.06201172
17.456,12,1389,1387,1.946404E-42,1.943601E-42
17.457,216,-1021353345,-1021173103,-159.3848,-162.135
17.457,220,1022734340,-1126604002,0.02999116,-0.02653652
17.458,224,-1025454936,-1025685004,-112.3997,-110.6444
17.458,228,-1073416679,-1073256410,-2.077521,-2.115732
17.459,232,-1073416679,-1073256410,-2.077521,-2.115732
17.46,236,-1073416679,-1073256410,-2.077521,-2.115732
17.46,240,-1081605599,-1081451792,-1.062565,-1.0809
17.461,244,950039283,-1198655594,7.650805E-05,-6.76952E-05
17.461,248,-1097675060,-1097825309,-0.286734,-0.2822562
17.462,260,1092520585,1092488977,9.908822,9.878678
17.462,352,1031667712,1027637248,0.06201172,0.04699707
17.517,12,1387,1385,1.943601E-42,1.940798E-42
17.518,216,-1021173103,-1020944522,-162.135,-165.6229
17.519,220,-1126604002,-1108394568,-0.02653652,-0.1168169
17.519,224,-1025685004,-1025714695,-110.6444,-110.4179
17.52,228,-1073256410,-1073094195,-2.115732,-2.154407
17.52,232,-1073256410,-1073094195,-2.115732,-2.154407
17.521,236,-1073256410,-1073094195,-2.115732,-2.154407
17.521,240,-1081451792,-1081256736,-1.0809,-1.104153
17.522,244,-1198655594,-1180943052,-6.76952E-05,-0.0002980024
17.523,248,-1097825309,-1097844699,-0.2822562,-0.2816783
17.523,260,1092488977,1092457393,9.878678,9.848557
17.581,12,1385,1383,1.940798E-42,1.937996E-42
17.582,216,-1020944522,-1020853665,-165.6229,-167.0093
17.583,220,-1108394568,-1100469620,-0.1168169,-0.2267248
17.583,224,-1025714695,-1025506736,-110.4179,-112.0045
17.584,228,-1073094195,-1072877027,-2.154407,-2.206184
17.584,232,-1073094195,-1072877027,-2.154407,-2.206184
17.585,236,-1073094195,-1072877027,-2.154407,-2.206184
17.586,240,-1081256736,-1081179205,-1.104153,-1.113395
17.586,244,-1180943052,-1172857242,-0.0002980024,-0.0005783796
17.587,248,-1097844699,-1097708889,-0.2816783,-0.2857258
17.587,260,1092457393,1092414880,9.848557,9.808014
17.588,352,1027637248,1031868416,0.04699707,0.0630188
17.611,12,1383,1382,1.937996E-42,1.936594E-42
17.612,216,-1020853665,-1021210495,-167.0093,-161.5645
17.613,220,-1100469620,-1102261683,-0.2267248,-0.200021
17.614,224,-1025506736,-1025687477,-112.0045,-110.6256
17.614,228,-1072877027,-1072723411,-2.206184,-2.242809
17.615,232,-1072877027,-1072723411,-2.206184,-2.242809
17.616,236,-1072877027,-1072723411,-2.206184,-2.242809
17.616,240,-1081179205,-1081483700,-1.113395,-1.077096
17.617,244,-1172857242,-1174027569,-0.0005783796,-0.0005102576
17.617,248,-1097708889,-1097826924,-0.2857258,-0.2822081
17.618,260,1092414880,1092383302,9.808014,9.777899
17.619,352,1031868416,1027637248,0.0630188,0.04699707
17.674,12,1382,1380,1.936594E-42,1.933792E-42
17.675,216,-1021210495,-1021718373,-161.5645,-153.8149
17.675,220,-1102261683,-1105766758,-0.200021,-0.1477913
17.676,224,-1025687477,-1025617550,-110.6256,-111.1591
17.676,228,-1072723411,-1072583687,-2.242809,-2.276121
17.677,232,-1072723411,-1072583687,-2.242809,-2.276121
17.678,236,-1072723411,-1072583687,-2.242809,-2.276121
17.678,240,-1081483700,-1081917089,-1.077096,-1.025432
17.679,244,-1174027569,-1178228075,-0.0005102576,-0.0003770186
17.679,248,-1097826924,-1097781257,-0.2822081,-0.2835691
17.68,260,1092383302,1092352321,9.777899,9.748353
17.681,352,1027637248,1027366912,0.04699707,0.04598999
17.736,12,1380,1378,1.933792E-42,1.930989E-42
17.737,216,-1021718373,-1022210909,-153.8149,-146.2994
17.738,220,-1105766758,-1112339642,-0.1477913,-0.08742385
17.738,224,-1025617550,-1025404882,-111.1591,-112.7816
17.739,228,-1072583687,-1072405709,-2.276121,-2.318555
17.739,232,-1072583687,-1072405709,-2.276121,-2.318555
17.74,236,-1072583687,-1072405709,-2.276121,-2.318555
17.741,240,-1081917089,-1082544342,-1.025432,-0.975329
17.741,244,-1178228075,-1184245125,-0.0003770186,-0.00022302
17.742,248,-1097781257,-1097642372,-0.2835691,-0.2877082
17.742,260,1092352321,1092309685,9.748353,9.707692
17.743,352,1027366912,1031864320,0.04598999,0.06298828
17.768,12,1378,1376,1.930989E-42,1.928187E-42
17.769,216,-1022210909,-1022200691,-146.2994,-146.4553
17.769,220,-1112339642,-1110118678,-0.08742385,-0.1039713
17.77,224,-1025404882,-1025580102,-112.7816,-111.4448
17.77,228,-1072405709,-1072274588,-2.318555,-2.349816
17.771,232,-1072405709,-1072274588,-2.318555,-2.349816
17.772,236,-1072405709,-1072274588,-2.318555,-2.349816
17.772,240,-1082544342,-1082526902,-0.975329,-0.9763685
17.773,244,-1184245125,-1182069001,-0.00022302,-0.000265233
17.773,248,-1097642372,-1097756801,-0.2877082,-0.2842979
17.774,260,1092309685,1092277985,9.707692,9.677461
17.775,352,1031864320,1027637248,0.06298828,0.04699707
17.83,12,1376,1375,1.928187E-42,1.926785E-42
17.831,216,-1022200691,-1021869893,-146.4553,-151.5029
17.832,220,-1110118678,-1104193594,-0.1039713,-0.1712333
17.832,224,-1025580102,-1025619502,-111.4448,-111.1442
17.833,228,-1072274588,-1072139703,-2.349816,-2.381975
17.833,232,-1072274588,-1072139703,-2.349816,-2.381975
17.834,236,-1072274588,-1072139703,-2.349816,-2.381975
17.835,240,-1082526902,-1082046386,-0.9763685,-1.010019
17.835,244,-1182069001,-1176173330,-0.000265233,-0.0004368196
17.836,248,-1097756801,-1097782532,-0.2842979,-0.2835311
17.837,260,1092277985,1092246311,9.677461,9.647254
17.837,352,1027637248,1027645440,0.04699707,0.04702759
17.892,12,1375,1372,1.926785E-42,1.922581E-42
17.893,216,-1021869893,-1021594760,-151.5029,-155.701
17.894,220,-1104193594,-1098538860,-0.1712333,-0.2609907
17.894,224,-1025619502,-1025450042,-111.1442,-112.4371
17.895,228,-1072139703,-1071958238,-2.381975,-2.42524
17.895,232,-1072139703,-1071958238,-2.381975,-2.42524
17.896,236,-1072139703,-1071958238,-2.381975,-2.42524
17.897,240,-1082046386,-1081811606,-1.010019,-1.038007
17.897,244,-1176173330,-1171355497,-0.0004368196,-0.0006657927
17.898,248,-1097782532,-1097671864,-0.2835311,-0.2868292
17.898,260,1092246311,1092204418,9.647254,9.607302
17.899,352,1027645440,1031659520,0.04702759,0.0619812
17.924,12,1372,1371,1.922581E-42,1.92118E-42
17.925,216,-1021594760,-1021662745,-155.701,-154.6637
17.925,220,-1098538860,-1098643346,-0.2609907,-0.2578768
17.926,224,-1025450042,-1025647646,-112.4371,-110.9295
17.927,228,-1071958238,-1071823854,-2.42524,-2.45728
17.927,232,-1071958238,-1071823854,-2.42524,-2.45728
17.928,236,-1071958238,-1071823854,-2.42524,-2.45728
17.929,240,-1081811606,-1081869620,-1.038007,-1.031091
17.929,244,-1171355497,-1171491968,-0.0006657927,-0.000657849
17.93,248,-1097671864,-1097800912,-0.2868292,-0.2829833
17.93,260,1092204418,1092172781,9.607302,9.57713
17.931,352,1031659520,1027637248,0.0619812,0.04699707
17.986,12,1371,1369,1.92118E-42,1.918378E-42
17.987,216,-1021662745,-1022195282,-154.6637,-146.5378
17.987,220,-1098643346,-1102780169,-0.2578768,-0.1922949
17.988,224,-1025647646,-1025588647,-110.9295,-111.3796
17.989,228,-1071823854,-1071700292,-2.45728,-2.486739
17.989,232,-1071823854,-1071700292,-2.45728,-2.486739
17.99,236,-1071823854,-1071700292,-2.45728,-2.486739
17.99,240,-1081869620,-1082517671,-1.031091,-0.9769188
17.991,244,-1171491968,-1174366172,-0.000657849,-0.0004905483
17.991,248,-1097800912,-1097762382,-0.2829833,-0.2841316
17.992,260,1092172781,1092141102,9.57713,9.546919
18.049,12,1369,1367,1.918378E-42,1.915575E-42
18.05,104,0,1,0,1.401298E-45
18.051,116,0,8,0,1.121039E-44
18.051,120,0,1127534452,0,180.8104
18.052,124,0,10,0,1.401298E-44
18.053,216,-1022195282,-1022802699,-146.5378,-137.2694
18.053,220,-1102780169,-1111986844,-0.1922949,-0.0900524
18.054,224,-1025588647,-1025365564,-111.3796,-113.0816
18.054,228,-1071700292,-1071552456,-2.486739,-2.521986
18.055,232,-1071700292,-1071552456,-2.486739,-2.521986
18.055,236,-1071700292,-1071552456,-2.486739,-2.521986
18.056,240,-1082517671,-1083554329,-0.9769188,-0.9151291
18.057,244,-1174366172,-1183784328,-0.0004905483,-0.0002297255
18.057,248,-1097762382,-1097616695,-0.2841316,-0.2884734
18.058,260,1092141102,1092099095,9.546919,9.506858
18.059,352,1027637248,1031667712,0.04699707,0.06201172
18.08,12,1367,1365,1.915575E-42,1.912772E-42
18.081,104,1,0,1.401298E-45,0
18.081,116,8,0,1.121039E-44,0
18.082,120,1127534452,0,180.8104,0
18.083,124,10,0,1.401298E-44,0
18.083,128,0,1,0,1.401298E-45
18.084,216,-1022802699,-1022892169,-137.2694,-135.9042
18.085,220,-1111986844,-1108994212,-0.0900524,-0.1123492
18.085,224,-1025365564,-1025517512,-113.0816,-111.9223
18.086,228,-1071552456,-1071443653,-2.521986,-2.547927
18.086,232,-1071552456,-1071443653,-2.521986,-2.547927
18.087,236,-1071552456,-1071443653,-2.521986,-2.547927
18.087,240,-1083554329,-1083707025,-0.9151291,-0.9060277
18.088,244,-1183784328,-1181334656,-0.0002297255,-0.0002866052
18.089,248,-1097616695,-1097715926,-0.2884734,-0.2855161
18.09,260,1092099095,1092067287,9.506858,9.476523
18.091,352,1031667712,1027637248,0.06201172,0.04699707
18.143,12,1365,1364,1.912772E-42,1.911371E-42
18.144,104,0,1,0,1.401298E-45
18.144,116,0,8,0,1.121039E-44
18.145,120,0,1127534452,0,180.8104
18.145,124,0,10,0,1.401298E-44
18.146,128,1,0,1.401298E-45,0
18.147,216,-1022892169,-1023431477,-135.9042,-127.8375
18.147,220,-1108994212,-1111994826,-0.1123492,-0.08999293
18.148,224,-1025517512,-1025465559,-111.9223,-112.3187
18.148,228,-1071443653,-1071345019,-2.547927,-2.571443
18.149,232,-1071443653,-1071345019,-2.547927,-2.571443
18.149,236,-1071443653,-1071345019,-2.547927,-2.571443
18.15,240,-1083707025,-1084609267,-0.9060277,-0.8522499
18.151,244,-1181334656,-1183794753,-0.0002866052,-0.0002295738
18.151,248,-1097715926,-1097681998,-0.2855161,-0.2865272
18.152,260,1092067287,1092035472,9.476523,9.446182
18.205,12,1364,1361,1.911371E-42,1.907167E-42
18.206,128,0,1,0,1.401298E-45
18.207,216,-1023431477,-1024451970,-127.8375,-120.0517
18.208,220,-1111994826,-1111420329,-0.08999293,-0.09427326
18.208,224,-1025465559,-1025299229,-112.3187,-113.5877
18.209,228,-1071345019,-1071225370,-2.571443,-2.599969
18.209,232,-1071345019,-1071225370,-2.571443,-2.599969
18.21,236,-1071345019,-1071225370,-2.571443,-2.599969
18.21,240,-1084609267,-1085480088,-0.8522499,-0.8003449
18.211,244,-1183794753,-1183044390,-0.0002295738,-0.000240493
18.211,248,-1097681998,-1097573374,-0.2865272,-0.2897645
18.212,260,1092035472,1091992689,9.446182,9.405381
18.213,352,1027637248,1031868416,0.04699707,0.0630188
18.236,12,1361,1360,1.907167E-42,1.905766E-42
18.237,104,1,0,1.401298E-45,0
18.237,116,8,0,1.121039E-44,0
18.238,120,1127534452,0,180.8104,0
18.238,124,10,0,1.401298E-44,0
18.239,216,-1024451970,-1025757438,-120.0517,-110.0918
18.24,220,-1111420329,-1112351690,-0.09427326,-0.08733408
18.24,224,-1025299229,-1025361923,-113.5877,-113.1094
18.241,228,-1071225370,-1071147961,-2.599969,-2.618425
18.242,232,-1071225370,-1071147961,-2.599969,-2.618425
18.242,236,-1071225370,-1071147961,-2.599969,-2.618425
18.243,240,-1085480088,-1086594087,-0.8003449,-0.7339454
18.243,244,-1183044390,-1184260861,-0.000240493,-0.000222791
18.244,248,-1097573374,-1097614317,-0.2897645,-0.2885443
18.244,260,1091992689,1091960701,9.405381,9.374875
18.246,352,1031868416,1027637248,0.0630188,0.04699707
18.298,12,1360,1358,1.905766E-42,1.902963E-42
18.299,128,1,0,1.401298E-45,0
18.3,216,-1025757438,-1026493180,-110.0918,-104.4785
18.3,220,-1112351690,-1112650319,-0.08733408,-0.08510912
18.301,224,-1025361923,-1025326404,-113.1094,-113.3803
18.302,228,-1071147961,-1071079102,-2.618425,-2.634842
18.302,232,-1071147961,-1071079102,-2.618425,-2.634842
18.303,236,-1071147961,-1071079102,-2.618425,-2.634842
18.303,240,-1086594087,-1087221920,-0.7339454,-0.6965237
18.304,244,-1184260861,-1184650908,-0.000222791,-0.0002171151
18.305,248,-1097614317,-1097591121,-0.2885443,-0.2892356
18.305,260,1091960701,1091929350,9.374875,9.344976
18.306,352,1027637248,1027366912,0.04699707,0.04598999
18.361,12,1358,1356,1.902963E-42,1.900161E-42
18.362,216,-1026493180,-1026523422,-104.4785,-104.2478
18.363,220,-1112650319,-1106569980,-0.08510912,-0.1358224
18.363,224,-1025326404,-1025241342,-113.3803,-114.0293
18.364,228,-1071079102,-1070986227,-2.634842,-2.656986
18.364,232,-1071079102,-1070986227,-2.634842,-2.656986
18.365,236,-1071079102,-1070986227,-2.634842,-2.656986
18.366,240,-1087221920,-1087247727,-0.6965237,-0.6949854
18.366,244,-1184650908,-1179277182,-0.0002171151,-0.0003464856
18.367,248,-1097591121,-1097535570,-0.2892356,-0.2908911
18.368,260,1091929350,1091886477,9.344976,9.30409
18.368,352,1027366912,1031864320,0.04598999,0.06298828
18.392,12,1356,1354,1.900161E-42,1.897358E-42
18.393,216,-1026523422,-1026641994,-104.2478,-103.3432
18.394,220,-1106569980,-1104670838,-0.1358224,-0.1641218
18.394,224,-1025241342,-1025328787,-114.0293,-113.3622
18.395,228,-1070986227,-1070919117,-2.656986,-2.672986
18.395,232,-1070986227,-1070919117,-2.656986,-2.672986
18.396,236,-1070986227,-1070919117,-2.656986,-2.672986
18.397,240,-1087247727,-1087348908,-0.6949854,-0.6889546
18.397,244,-1179277182,-1176796670,-0.0003464856,-0.000418678
18.398,248,-1097535570,-1097592677,-0.2908911,-0.2891892
18.398,260,1091886477,1091854488,9.30409,9.273582
18.399,352,1031864320,1027637248,0.06298828,0.04699707
18.455,12,1354,1353,1.897358E-42,1.895957E-42
18.456,216,-1026641994,-1026252781,-103.3432,-106.3126
18.456,220,-1104670838,-1102744619,-0.1641218,-0.1928247
18.457,224,-1025328787,-1025346085,-113.3622,-113.2302
18.458,228,-1070919117,-1070850194,-2.672986,-2.689418
18.458,232,-1070919117,-1070850194,-2.672986,-2.689418
18.459,236,-1070919117,-1070850194,-2.672986,-2.689418
18.459,240,-1087348908,-1087016780,-0.6889546,-0.708751
18.46,244,-1176796670,-1174342956,-0.000418678,-0.0004918997
18.46,248,-1097592677,-1097603974,-0.2891892,-0.2888525
18.461,260,1091854488,1091822498,9.273582,9.243074
18.462,352,1027637248,1027645440,0.04699707,0.04702759
18.517,12,1353,1350,1.895957E-42,1.891753E-42
18.518,216,-1026252781,-1026326381,-106.3126,-105.7511
18.518,220,-1102744619,-1100929137,-0.1928247,-0.2198775
18.519,224,-1025346085,-1025246450,-113.2302,-113.9903
18.52,228,-1070850194,-1070761494,-2.689418,-2.710566
18.52,232,-1070850194,-1070761494,-2.689418,-2.710566
18.521,236,-1070850194,-1070761494,-2.689418,-2.710566
18.521,240,-1087016780,-1087079585,-0.708751,-0.7050075
18.522,244,-1174342956,-1173157335,-0.0004918997,-0.0005609119
18.523,248,-1097603974,-1097538906,-0.2888525,-0.2907917
18.523,260,1091822498,1091780263,9.243074,9.202796
18.524,352,1027645440,1031659520,0.04702759,0.0619812
18.549,12,1350,1349,1.891753E-42,1.890352E-42
18.55,216,-1026326381,-1026557254,-105.7511,-103.9897
18.551,220,-1100929137,-1101761039,-0.2198775,-0.2074812
18.551,224,-1025246450,-1025335896,-113.9903,-113.3079
18.552,228,-1070761494,-1070697280,-2.710566,-2.725876
18.553,232,-1070761494,-1070697280,-2.710566,-2.725876
18.553,236,-1070761494,-1070697280,-2.710566,-2.725876
18.554,240,-1087079585,-1087276597,-0.7050075,-0.6932647
18.554,244,-1173157335,-1173700618,-0.0005609119,-0.0005292887
18.555,248,-1097538906,-1097597320,-0.2907917,-0.2890508
18.556,260,1091780263,1091748231,9.202796,9.172248
18.556,352,1031659520,1027637248,0.0619812,0.04699707
18.611,12,1349,1347,1.890352E-42,1.887549E-42
18.612,216,-1026557254,-1028133604,-103.9897,-91.9631
18.613,220,-1101761039,-1104860354,-0.2074812,-0.1612978
18.614,224,-1025335896,-1025275611,-113.3079,-113.7679
18.614,228,-1070697280,-1070646055,-2.725876,-2.738089
18.615,232,-1070697280,-1070646055,-2.725876,-2.738089
18.615,236,-1070697280,-1070646055,-2.725876,-2.738089
18.616,240,-1087276597,-1088621749,-0.6932647,-0.6130874
18.617,244,-1173700618,-1177044201,-0.0005292887,-0.0004114739
18.617,248,-1097597320,-1097557950,-0.2890508,-0.2902241
18.618,260,1091748231,1091716151,9.172248,9.141654
18.674,12,1347,1345,1.887549E-42,1.884746E-42
18.675,216,-1028133604,-1030439301,-91.9631,-74.37203
18.675,220,-1104860354,-1110847668,-0.1612978,-0.09853992
18.676,224,-1025275611,-1025151307,-113.7679,-114.7162
18.676,228,-1070646055,-1070601920,-2.738089,-2.748611
18.677,232,-1070646055,-1070601920,-2.738089,-2.748611
18.678,236,-1070646055,-1070601920,-2.738089,-2.748611
18.678,240,-1088621749,-1090659514,-0.6130874,-0.4958135
18.679,244,-1177044201,-1182545076,-0.0004114739,-0.0002513774
18.679,248,-1097557950,-1097476772,-0.2902241,-0.2926434
18.68,260,1091716151,1091673783,9.141654,9.101249
18.68,352,1027637248,1031667712,0.04699707,0.06201172
18.706,12,1345,1343,1.884746E-42,1.881944E-42
18.707,216,-1030439301,-1034053766,-74.37203,-55.39793
18.707,220,-1110847668,-1111568876,-0.09853992,-0.0931665
18.708,224,-1025151307,-1025136289,-114.7162,-114.8308
18.709,228,-1070601920,-1070587500,-2.748611,-2.752049
18.709,232,-1070601920,-1070587500,-2.748611,-2.752049
18.71,236,-1070601920,-1070587500,-2.748611,-2.752049
18.71,240,-1090659514,-1094903950,-0.4958135,-0.3693195
18.711,244,-1182545076,-1183238411,-0.0002513774,-0.0002376696
18.711,248,-1097476772,-1097466964,-0.2926434,-0.2929357
18.712,260,1091673783,1091641610,9.101249,9.070566
18.713,352,1031667712,1027637248,0.06201172,0.04699707
18.767,12,1343,1341,1.881944E-42,1.879141E-42
18.768,216,-1034053766,-1037119768,-55.39793,-43.70206
18.769,220,-1111568876,-1109975357,-0.0931665,-0.1050391
18.769,224,-1025136289,-1025106275,-114.8308,-115.0598
18.77,228,-1070587500,-1070584831,-2.752049,-2.752686
18.77,232,-1070587500,-1070584831,-2.752049,-2.752686
18.771,236,-1070587500,-1070584831,-2.752049,-2.752686
18.772,240,-1094903950,-1097520271,-0.3693195,-0.2913471
18.772,244,-1183238411,-1181975404,-0.0002376696,-0.000267957
18.773,248,-1097466964,-1097447363,-0.2929357,-0.2935199
18.773,260,1091641610,1091609375,9.070566,9.039824
18.829,12,1341,1339,1.879141E-42,1.876339E-42
18.83,216,-1037119768,-1038697884,-43.70206,-37.68202
18.831,220,-1109975357,-1106166129,-0.1050391,-0.1418402
18.831,224,-1025106275,-1025081502,-115.0598,-115.2488
18.832,228,-1070584831,-1070589195,-2.752686,-2.751645
18.832,232,-1070584831,-1070589195,-2.752686,-2.751645
18.833,236,-1070584831,-1070589195,-2.752686,-2.751645
18.834,240,-1097520271,-1098866930,-0.2913471,-0.2512135
18.834,244,-1181975404,-1178749703,-0.000267957,-0.0003618372
18.835,248,-1097447363,-1097431185,-0.2935199,-0.294002
18.835,260,1091609375,1091566160,9.039824,8.998611
18.836,352,1027637248,1031868416,0.04699707,0.0630188
18.862,12,1339,1338,1.876339E-42,1.874937E-42
18.863,216,-1038697884,-1038755624,-37.68202,-37.46176
18.863,220,-1106166129,-1104677932,-0.1418402,-0.1640161
18.864,224,-1025081502,-1025093604,-115.2488,-115.1565
18.864,228,-1070589195,-1070592989,-2.751645,-2.750741
18.865,232,-1070589195,-1070592989,-2.751645,-2.750741
18.866,236,-1070589195,-1070592989,-2.751645,-2.750741
18.866,240,-1098866930,-1098924756,-0.2512135,-0.2497451
18.867,244,-1178749703,-1176805935,-0.0003618372,-0.0004184083
18.868,248,-1097431185,-1097439088,-0.294002,-0.2937665
18.868,260,1091566160,1091533883,8.998611,8.96783
18.869,352,1031868416,1027637248,0.0630188,0.04699707
18.924,12,1338,1336,1.874937E-42,1.872135E-42
18.925,216,-1038755624,-1038897985,-37.46176,-36.9187
18.926,220,-1104677932,-1103165898,-0.1640161,-0.1865471
18.926,224,-1025093604,-1025091991,-115.1565,-115.1688
18.927,228,-1070592989,-1070597481,-2.750741,-2.74967
18.927,232,-1070592989,-1070597481,-2.750741,-2.74967
18.928,236,-1070592989,-1070597481,-2.750741,-2.74967
18.929,240,-1098924756,-1099167719,-0.2497451,-0.2461246
18.929,244,-1176805935,-1174831033,-0.0004184083,-0.0004758856
18.93,248,-1097439088,-1097438035,-0.2937665,-0.2937979
18.93,260,1091533883,1091502305,8.96783,8.937715
18.931,352,1027637248,1027366912,0.04699707,0.04598999
18.986,12,1336,1334,1.872135E-42,1.869332E-42
18.987,216,-1038897985,-1039736083,-36.9187,-33.72161
18.987,220,-1103165898,1024632155,-0.1865471,0.03580223
18.988,224,-1025091991,-1025077208,-115.1688,-115.2816
18.989,228,-1070597481,-1070607727,-2.74967,-2.747227
18.989,232,-1070597481,-1070607727,-2.74967,-2.747227
18.99,236,-1070597481,-1070607727,-2.74967,-2.747227
18.99,240,-1099167719,-1100598073,-0.2461246,-0.2248107
18.991,244,-1174831033,952076700,-0.0004758856,9.133221E-05
18.991,248,-1097438035,-1097428381,-0.2937979,-0.2940856
18.992,260,1091502305,1091459196,8.937715,8.896603
18.993,352,1027366912,1031864320,0.04598999,0.06298828
19.017,12,1334,1332,1.869332E-42,1.86653E-42
19.018,216,-1039736083,-1042495633,-33.72161,-27.59738
19.019,220,1024632155,1042633783,0.03580223,0.1614541
19.02,224,-1025077208,-1025077305,-115.2816,-115.2808
19.02,228,-1070607727,-1070621514,-2.747227,-2.74394
19.021,232,-1070607727,-1070621514,-2.747227,-2.74394
19.021,236,-1070607727,-1070621514,-2.747227,-2.74394
19.022,240,-1100598073,-1103338005,-0.2248107,-0.1839825
19.022,244,952076700,970453147,9.133221E-05,0.0004118726
19.023,248,-1097428381,-1097428444,-0.2940856,-0.2940837
19.024,260,1091459196,1091426938,8.896603,8.865839
19.024,352,1031864320,1027637248,0.06298828,0.04699707
19.079,12,1332,1330,1.86653E-42,1.863727E-42
19.08,216,-1042495633,-1044929973,-27.59738,-22.95424
19.081,220,1042633783,1051223157,0.1614541,0.3288914
19.082,224,-1025077305,-1025071272,-115.2808,-115.3268
19.082,228,-1070621514,-1070639884,-2.74394,-2.73956
19.083,232,-1070621514,-1070639884,-2.74394,-2.73956
19.083,236,-1070621514,-1070639884,-2.74394,-2.73956
19.084,240,-1103338005,-1105415309,-0.1839825,-0.1530283
19.085,244,970453147,979103980,0.0004118726,0.0008390087
19.085,248,-1097428444,-1097424504,-0.2940837,-0.2942011
19.086,260,1091426938,1091394655,8.865839,8.835052
19.086,352,1027637248,1027645440,0.04699707,0.04702759
19.142,12,1330,1328,1.863727E-42,1.860924E-42
19.143,216,-1044929973,-1045996513,-22.95424,-20.91998
19.144,220,1051223157,1057999303,0.3288914,0.5616726
19.144,224,-1025071272,-1025065087,-115.3268,-115.374
19.145,228,-1070639884,-1070666671,-2.73956,-2.733174
19.145,232,-1070639884,-1070666671,-2.73956,-2.733174
19.146,236,-1070639884,-1070666671,-2.73956,-2.733174
19.147,240,-1105415309,-1106325423,-0.1530283,-0.1394665
19.147,244,979103980,985386516,0.0008390087,0.001432838
19.148,248,-1097424504,-1097420465,-0.2942011,-0.2943215
19.148,260,1091394655,1091352131,8.835052,8.794497
19.149,352,1027645440,1031659520,0.04702759,0.0619812
19.173,12,1328,1326,1.860924E-42,1.858122E-42
19.174,216,-1045996513,-1045810245,-20.91998,-21.27526
19.175,220,1057999303,1058760552,0.5616726,0.6070466
19.175,224,-1025065087,-1025069682,-115.374,-115.339
19.176,228,-1070666671,-1070686824,-2.733174,-2.728369
19.176,232,-1070666671,-1070686824,-2.733174,-2.728369
19.177,236,-1070666671,-1070686824,-2.733174,-2.728369
19.178,240,-1106325423,-1106166474,-0.1394665,-0.1418351
19.178,244,985386516,986380800,0.001432838,0.001548588
19.179,248,-1097420465,-1097423466,-0.2943215,-0.2942321
19.179,260,1091352131,1091319847,8.794497,8.763709
19.18,352,1031659520,1027637248,0.0619812,0.04699707
19.237,12,1326,1325,1.858122E-42,1.85672E-42
19.238,216,-1045810245,-1045614225,-21.27526,-21.64914
19.238,220,1058760552,1060872990,0.6070466,0.7329577
19.239,224,-1025069682,-1025070379,-115.339,-115.3337
19.239,228,-1070686824,-1070706792,-2.728369,-2.723608
19.24,232,-1070686824,-1070706792,-2.728369,-2.723608
19.241,236,-1070686824,-1070706792,-2.728369,-2.723608
19.241,240,-1106166474,-1105999204,-0.1418351,-0.1443276
19.242,244,986380800,989139903,0.001548588,0.00186979
19.243,248,-1097423466,-1097423921,-0.2942321,-0.2942185
19.243,260,1091319847,1091287543,8.763709,8.732902
19.299,12,1325,1323,1.85672E-42,1.853918E-42
19.3,216,-1045614225,-1046667574,-21.64914,-19.64003
19.301,220,1060872990,1063600469,0.7329577,0.8955281
19.302,224,-1025070379,-1025065017,-115.3337,-115.3746
19.302,228,-1070706792,-1070735788,-2.723608,-2.716695
19.303,232,-1070706792,-1070735788,-2.723608,-2.716695
19.303,236,-1070706792,-1070735788,-2.723608,-2.716695
19.304,240,-1105999204,-1106898062,-0.1443276,-0.1309336
19.304,244,989139903,991279034,0.00186979,0.002284511
19.305,248,-1097423921,-1097420419,-0.2942185,-0.2943229
19.306,260,1091287543,1091244864,8.732902,8.6922
19.306,352,1027637248,1031667712,0.04699707,0.06201172
19.329,12,1323,1321,1.853918E-42,1.851115E-42
19.33,216,-1046667574,-1048041543,-19.64003,-17.0194
19.331,220,1063600469,1063966471,0.8955281,0.9173436
19.331,224,-1025065017,-1025066268,-115.3746,-115.365
19.332,228,-1070735788,-1070760455,-2.716695,-2.710814
19.333,232,-1070735788,-1070760455,-2.716695,-2.710814
19.333,236,-1070735788,-1070760455,-2.716695,-2.710814
19.334,240,-1106898062,-1108844775,-0.1309336,-0.1134626
19.334,244,991279034,991518056,0.002284511,0.002340162
19.335,248,-1097420419,-1097421236,-0.2943229,-0.2942985
19.336,260,1091244864,1091212416,8.6922,8.661255
19.336,352,1031667712,1027637248,0.06201172,0.04699707
19.392,12,1321,1319,1.851115E-42,1.848313E-42
19.393,216,-1048041543,-1049042248,-17.0194,-15.55535
19.394,220,1063966471,1065501391,0.9173436,1.017664
19.395,224,-1025066268,-1025065202,-115.365,-115.3732
19.395,228,-1070760455,-1070786714,-2.710814,-2.704553
19.396,232,-1070760455,-1070786714,-2.710814,-2.704553
19.397,236,-1070760455,-1070786714,-2.710814,-2.704553
19.397,240,-1108844775,-1110154779,-0.1134626,-0.1037023
19.398,244,991518056,992617220,0.002340162,0.002596081
19.398,248,-1097421236,-1097420540,-0.2942985,-0.2943193
19.399,260,1091212416,1091179872,8.661255,8.630219
19.455,12,1319,1317,1.848313E-42,1.84551E-42
19.456,216,-1049042248,-1048113852,-15.55535,-16.88148
19.457,220,1065501391,1068723099,1.017664,1.401721
19.457,224,-1025065202,-1025064634,-115.3732,-115.3775
19.458,228,-1070786714,-1070820880,-2.704553,-2.696407
19.458,232,-1070786714,-1070820880,-2.704553,-2.696407
19.459,236,-1070786714,-1070820880,-2.704553,-2.696407
19.46,240,-1110154779,-1108968181,-0.1037023,-0.1125432
19.46,244,992617220,996825165,0.002596081,0.00357582
19.461,248,-1097420540,-1097420169,-0.2943193,-0.2943303
19.461,260,1091179872,1091135780,8.630219,8.588169
19.462,352,1027637248,1031868416,0.04699707,0.0630188
19.486,12,1317,1314,1.84551E-42,1.841306E-42
19.487,216,-1048113852,-1046797846,-16.88148,-19.39156
19.488,220,1068723099,1070985157,1.401721,1.67138
19.489,224,-1025064634,-1017096124,-115.3775,-224.3448
19.489,228,-1070820880,-1070882747,-2.696407,-2.681657
19.49,232,-1070820880,-1070882747,-2.696407,-2.681657
19.49,236,-1070820880,-1070882747,-2.696407,-2.681657
19.491,240,-1108968181,-1107009227,-0.1125432,-0.1292771
19.491,244,996825165,999012021,0.00357582,0.004263724
19.492,248,-1097420169,-1089305911,-0.2943303,-0.5723081
19.492,260,1091135780,1091071772,8.588169,8.527126
19.493,352,1031868416,1027637248,0.0630188,0.04699707
19.549,12,1314,1310,1.841306E-42,1.835701E-42
19.55,216,-1046797846,-1045327744,-19.39156,-22.19556
19.55,220,1070985157,-1078521602,1.67138,-1.430206
19.551,224,-1017096124,-1017108405,-224.3448,-224.1574
19.551,228,-1070882747,-1070941611,-2.681657,-2.667623
19.552,232,-1070882747,-1070941611,-2.681657,-2.667623
19.552,236,-1070882747,-1070941611,-2.681657,-2.667623
19.553,240,-1107009227,-1105754740,-0.1292771,-0.1479704
19.554,244,999012021,-1150346389,0.004263724,-0.003648485
19.554,248,-1089305911,-1089313931,-0.5723081,-0.5718301
19.555,260,1091071772,1091009370,8.527126,8.467615
19.556,352,1027637248,1027366912,0.04699707,0.04598999
19.611,12,1310,1306,1.835701E-42,1.830096E-42
19.612,216,-1045327744,-1045685271,-22.19556,-21.51363
19.613,220,-1078521602,-1081447714,-1.430206,-1.081386
19.614,224,-1017108405,-1017126322,-224.1574,-223.884
19.614,228,-1070941611,-1071023425,-2.667623,-2.648117
19.615,232,-1070941611,-1071023425,-2.667623,-2.648117
19.616,236,-1070941611,-1071023425,-2.667623,-2.648117
19.616,240,-1105754740,-1106059830,-0.1479704,-0.1434242
19.617,244,-1150346389,-1154168249,-0.003648485,-0.002758639
19.617,248,-1089313931,-1089325632,-0.5718301,-0.5711327
19.618,260,1091009370,1090924071,8.467615,8.386268
19.618,352,1027366912,1031864320,0.04598999,0.06298828
19.642,12,1306,1303,1.830096E-42,1.825892E-42
19.643,216,-1045685271,-1046357908,-21.51363,-20.23067
19.644,220,-1081447714,-1082809196,-1.081386,-0.9595425
19.644,224,-1017126322,-1017135875,-223.884,-223.7382
19.645,228,-1071023425,-1071085003,-2.648117,-2.633435
19.645,232,-1071023425,-1071085003,-2.648117,-2.633435
19.646,236,-1071023425,-1071085003,-2.648117,-2.633435
19.647,240,-1106059830,-1106633813,-0.1434242,-0.1348712
19.647,244,-1154168249,-1155503237,-0.002758639,-0.002447813
19.648,248,-1089325632,-1089331871,-0.5711327,-0.5707608
19.648,260,1090924071,1090860911,8.386268,8.326034
19.649,352,1031864320,1027637248,0.06298828,0.04699707
19.704,12,1303,1299,1.825892E-42,1.820287E-42
19.705,216,-1046357908,-1047806695,-20.23067,-17.46733
19.706,220,-1082809196,-1083994013,-0.9595425,-0.8889219
19.707,224,-1017135875,-1017146188,-223.7382,-223.5809
19.707,228,-1071085003,-1071149121,-2.633435,-2.618149
19.708,232,-1071085003,-1071149121,-2.633435,-2.618149
19.708,236,-1071085003,-1071149121,-2.633435,-2.618149
19.709,240,-1106633813,-1108443967,-0.1348712,-0.1164489
19.709,244,-1155503237,-1156276995,-0.002447813,-0.002267658
19.71,248,-1089331871,-1089338606,-0.5707608,-0.5703593
19.71,260,1090860911,1090797870,8.326034,8.265913
19.711,352,1027637248,1027645440,0.04699707,0.04702759
19.768,12,1299,1295,1.820287E-42,1.814682E-42
19.769,216,-1047806695,-1048560399,-17.46733,-16.02976
19.769,220,-1083994013,-1085557904,-0.8889219,-0.7957067
19.77,224,-1017146188,-1017160985,-223.5809,-223.3551
19.77,228,-1071149121,-1071235261,-2.618149,-2.597611
19.771,232,-1071149121,-1071235261,-2.618149,-2.597611
19.772,236,-1071149121,-1071235261,-2.618149,-2.597611
19.772,240,-1108443967,-1109730288,-0.1164489,-0.106865
19.773,244,-1156276995,-1157298312,-0.002267658,-0.002029864
19.773,248,-1089338606,-1089348269,-0.5703593,-0.5697834
19.774,260,1090797870,1090714940,8.265913,8.186825
19.774,352,1027645440,1031659520,0.04702759,0.0619812
19.799,12,1295,1292,1.814682E-42,1.810478E-42
19.8,216,-1048560399,-1050180754,-16.02976,-14.46959
19.801,220,-1085557904,-1086280700,-0.7957067,-0.7526248
19.802,224,-1017160985,-1017167929,-223.3551,-223.2491
19.802,228,-1071235261,-1071301820,-2.597611,-2.581742
19.803,232,-1071235261,-1071301820,-2.597611,-2.581742
19.803,236,-1071235261,-1071301820,-2.597611,-2.581742
19.804,240,-1109730288,-1111126304,-0.106865,-0.09646392
19.805,244,-1157298312,-1157912780,-0.002029864,-0.001919961
19.805,248,-1089348269,-1089352804,-0.5697834,-0.5695131
19.806,260,1090714940,1090652167,8.186825,8.12696
19.807,352,1031659520,1027637248,0.0619812,0.04699707
19.861,12,1292,1289,1.810478E-42,1.806274E-42
19.862,216,-1050180754,-1051049927,-14.46959,-13.64068
19.863,220,-1086280700,-1087498535,-0.7526248,-0.6800361
19.863,224,-1017167929,-1017176409,-223.2491,-223.1197
19.864,228,-1071301820,-1071369214,-2.581742,-2.565674
19.864,232,-1071301820,-1071369214,-2.581742,-2.565674
19.865,236,-1071301820,-1071369214,-2.581742,-2.565674
19.866,240,-1111126304,-1111867999,-0.09646392,-0.09093786
19.866,244,-1157912780,-1159503422,-0.001919961,-0.001734786
19.867,248,-1089352804,-1089358342,-0.5695131,-0.569183
19.868,260,1090652167,1090589457,8.12696,8.067155
19.924,12,1289,1284,1.806274E-42,1.799267E-42
19.925,216,-1051049927,-1054586684,-13.64068,-10.26777
19.925,220,-1087498535,-1090304432,-0.6800361,-0.5127916
19.926,224,-1017176409,-1017187186,-223.1197,-222.9553
19.926,228,-1071369214,-1071462278,-2.565674,-2.543486
19.927,232,-1071369214,-1071462278,-2.565674,-2.543486
19.928,236,-1071369214,-1071462278,-2.565674,-2.543486
19.928,240,-1111867999,-1114886031,-0.09093786,-0.06845177
19.929,244,-1159503422,-1163168267,-0.001734786,-0.001308142
19.93,248,-1089358342,-1089365380,-0.569183,-0.5687635
19.93,260,1090589457,1090494751,8.067155,7.988418
19.931,352,1027637248,1031667712,0.04699707,0.06201172
19.956,12,1284,1281,1.799267E-42,1.795063E-42
19.957,216,-1054586684,-1060137728,-10.26777,-6.486938
19.957,220,-1090304432,-1092164667,-0.5127916,-0.4509565
19.958,224,-1017187186,-1017190965,-222.9553,-222.8976
19.958,228,-1071462278,-1071536214,-2.543486,-2.525858
19.959,232,-1071462278,-1071536214,-2.543486,-2.525858
19.96,236,-1071462278,-1071536214,-2.543486,-2.525858
19.96,240,-1114886031,-1120853251,-0.06845177,-0.04324626
19.961,244,-1163168267,-1164523266,-0.001308142,-0.001150399
19.961,248,-1089365380,-1089367848,-0.5687635,-0.5686164
19.962,260,1090494751,1090369658,7.988418,7.928769
19.962,352,1031667712,1027637248,0.06201172,0.04699707
20.017,12,1281,1278,1.795063E-42,1.790859E-42
20.018,216,-1060137728,-1072152468,-6.486938,-2.378932
20.018,220,-1092164667,-1095833689,-0.4509565,-0.3416111
20.019,224,-1017190965,-1017194447,-222.8976,-222.8445
20.02,228,-1071536214,-1071613930,-2.525858,-2.507329
20.02,232,-1071536214,-1071613930,-2.525858,-2.507329
20.021,236,-1071536214,-1071613930,-2.525858,-2.507329
20.022,240,-1120853251,-1132336159,-0.04324626,-0.01585955
20.022,244,-1164523266,-1167822212,-0.001150399,-0.0008714569
20.023,248,-1089367848,-1089370122,-0.5686164,-0.5684808
20.023,260,1090369658,1090244603,7.928769,7.869138
20.049,12,1278,1275,1.790859E-42,1.786656E-42
20.05,216,-1072152468,-1089594197,-2.378932,-0.5551249
20.05,220,-1095833689,-1100444783,-0.3416111,-0.2270949
20.051,224,-1017194447,-1017195818,-222.8445,-222.8236
20.052,228,-1071613930,-1071693276,-2.507329,-2.488412
20.052,232,-1071613930,-1071693276,-2.507329,-2.488412
20.053,236,-1071613930,-1071693276,-2.507329,-2.488412
20.054,240,-1132336159,-1150121555,-0.01585955,-0.003700833
20.054,244,-1167822212,-1172841022,-0.0008714569,-0.0005793237
20.055,248,-1089370122,-1089371017,-0.5684808,-0.5684275
20.055,260,1090244603,1090119671,7.869138,7.809566
20.111,12,1275,1270,1.786656E-42,1.779649E-42
20.112,216,-1089594197,-1118502196,-0.5551249,-0.05200462
20.113,220,-1100444783,-1097076512,-0.2270949,-0.3045721
20.113,224,-1017195818,-1017196113,-222.8236,-222.8191
20.114,228,-1071693276,-1071800144,-2.488412,-2.462933
20.115,232,-1071693276,-1071800144,-2.488412,-2.462933
20.115,236,-1071693276,-1071800144,-2.488412,-2.462933
20.116,240,-1150121555,-1179269902,-0.003700833,-0.0003466975
20.116,244,-1172841022,-1169445491,-0.0005793237,-0.0007769697
20.117,248,-1089371017,-1089371210,-0.5684275,-0.568416
20.117,260,1090119671,1089952453,7.809566,7.72983
20.118,352,1027637248,1031868416,0.04699707,0.0630188
20.174,12,1270,1267,1.779649E-42,1.775445E-42
20.175,216,-1118502196,-1116943037,-0.05200462,-0.05781294
20.175,220,-1097076512,-1095479107,-0.3045721,-0.3521785
20.176,224,-1017196113,-1017196262,-222.8191,-222.8168
20.176,228,-1071800144,-1071877947,-2.462933,-2.444383
20.177,232,-1071800144,-1071877947,-2.462933,-2.444383
20.178,236,-1071800144,-1071877947,-2.462933,-2.444383
20.178,240,-1179269902,-1177939419,-0.0003466975,-0.0003854196
20.179,244,-1169445491,-1167359084,-0.0007769697,-0.0008984145
20.179,248,-1089371210,-1089371307,-0.568416,-0.5684102
20.18,260,1089952453,1089830234,7.72983,7.671552
20.181,352,1031868416,1027366912,0.0630188,0.04598999
20.205,12,1267,1264,1.775445E-42,1.771241E-42
20.206,216,-1116943037,-1111453569,-0.05781294,-0.0940256
20.207,220,-1095479107,-1091764732,-0.3521785,-0.4628755
20.208,224,-1017196262,-1017196488,-222.8168,-222.8134
20.208,228,-1071877947,-1071957376,-2.444383,-2.425446
20.209,232,-1071877947,-1071957376,-2.444383,-2.425446
20.209,236,-1071877947,-1071957376,-2.444383,-2.425446
20.21,240,-1177939419,-1172024744,-0.0003854196,-0.0006268374
20.21,244,-1167359084,-1164262084,-0.0008984145,-0.001180805
20.211,248,-1089371307,-1089371455,-0.5684102,-0.5684014
20.212,260,1089830234,1089705342,7.671552,7.611999
20.212,352,1027366912,1027637248,0.04598999,0.04699707
20.268,12,1264,1261,1.771241E-42,1.767037E-42
20.269,216,-1111453569,-1104670426,-0.0940256,-0.1641279
20.269,220,-1091764732,-1089504362,-0.4628755,-0.5604795
20.27,224,-1017196488,-1017196900,-222.8134,-222.8071
20.271,228,-1071957376,-1072036663,-2.425446,-2.406542
20.271,232,-1071957376,-1072036663,-2.425446,-2.406542
20.272,236,-1071957376,-1072036663,-2.425446,-2.406542
20.272,240,-1172024744,-1165006133,-0.0006268374,-0.001094186
20.273,244,-1164262084,-1162123277,-0.001180805,-0.001429795
20.274,248,-1089371455,-1089371724,-0.5684014,-0.5683854
20.274,260,1089705342,1089580417,7.611999,7.55243
20.299,12,1261,1257,1.767037E-42,1.761432E-42
20.3,216,-1104670426,-1106112088,-0.1641279,-0.1426455
20.3,220,-1089504362,-1088072589,-0.5604795,-0.6458198
20.301,224,-1017196900,-1017197367,-222.8071,-222.7999
20.302,228,-1072036663,-1072116002,-2.406542,-2.387626
20.302,232,-1072036663,-1072116002,-2.406542,-2.387626
20.303,236,-1072036663,-1072116002,-2.406542,-2.387626
20.304,240,-1165006133,-1166456190,-0.001094186,-0.0009509699
20.304,244,-1162123277,-1160253206,-0.001429795,-0.0016475
20.305,248,-1089371724,-1089372029,-0.5683854,-0.5683672
20.306,260,1089580417,1089455398,7.55243,7.492816
20.361,12,1257,1551,1.761432E-42,2.173414E-42
20.362,24,0,1,0,1.401298E-45
20.363,216,-1106112088,-1103775760,-0.1426455,-0.1774595
20.363,220,-1088072589,-1086562247,-0.6458198,-0.7358432
20.364,224,-1017197367,-1017198105,-222.7999,-222.7887
20.364,228,-1072116002,-1072222209,-2.387626,-2.362304
20.365,232,-1072116002,-1072222209,-2.387626,-2.362304
20.366,236,-1072116002,-1072222209,-2.387626,-2.362304
20.366,240,-1166456190,-1164242685,-0.0009509699,-0.001183063
20.367,244,-1160253206,-1158280514,-0.0016475,-0.001877151
20.368,248,-1089372029,-1089372511,-0.5683672,-0.5683385
20.368,260,1089455398,1089287820,7.492816,7.412909
20.369,352,1027637248,1031868416,0.04699707,0.0630188
20.423,12,1551,1546,2.173414E-42,2.166407E-42
20.424,24,1,0,1.401298E-45,0
20.425,216,-1103775760,-1098828261,-0.1774595,-0.2523659
20.425,220,-1086562247,-1085900946,-0.7358432,-0.7752599
20.426,224,-1017198105,-1017198395,-222.7887,-222.7843
20.427,228,-1072222209,-1072299895,-2.362304,-2.343783
20.427,232,-1072222209,-1072299895,-2.362304,-2.343783
20.428,236,-1072222209,-1072299895,-2.362304,-2.343783
20.429,240,-1164242685,-1159953075,-0.001183063,-0.001682439
20.429,244,-1158280514,-1157522339,-0.001877151,-0.001977704
20.43,248,-1089372511,-1089372700,-0.5683385,-0.5683272
20.431,260,1089287820,1089165393,7.412909,7.354531
20.431,352,1031868416,1027366912,0.0630188,0.04598999
20.456,12,1546,1540,2.166407E-42,2.158E-42
20.457,216,-1098828261,-1095790931,-0.2523659,-0.3428854
20.457,220,-1085900946,-1085215462,-0.7752599,-0.8161179
20.458,224,-1017198395,-1017198840,-222.7843,-222.7775
20.458,228,-1072299895,-1072379266,-2.343783,-2.324859
20.459,232,-1072299895,-1072379266,-2.343783,-2.324859
20.459,236,-1072299895,-1072379266,-2.343783,-2.324859
20.46,240,-1159953075,-1156198635,-0.001682439,-0.002285903
20.461,244,-1157522339,-1157074676,-0.001977704,-0.002081933
20.461,248,-1089372700,-1089372991,-0.5683272,-0.5683098
20.462,260,1089165393,1089040215,7.354531,7.294841
20.462,352,1027366912,1027637248,0.04598999,0.04699707
20.518,12,1540,1534,2.158E-42,2.149592E-42
20.519,216,-1095790931,-1086191781,-0.3428854,-0.7579247
20.519,220,-1085215462,-1084781354,-0.8161179,-0.8419927
20.52,224,-1017198840,-1017199291,-222.7775,-222.7706
20.521,228,-1072379266,-1072458292,-2.324859,-2.306018
20.521,232,-1072379266,-1072458292,-2.324859,-2.306018
20.522,236,-1072379266,-1072458292,-2.324859,-2.306018
20.523,240,-1156198635,-1146777031,-0.002285903,-0.005052831
20.523,244,-1157074676,-1156791177,-0.002081933,-0.002147941
20.524,248,-1089372991,-1089373285,-0.5683098,-0.5682923
20.524,260,1089040215,1088915000,7.294841,7.235134
20.548,12,1534,1529,2.149592E-42,2.142585E-42
20.549,216,-1086191781,-1077245856,-0.7579247,-1.582287
20.55,220,-1084781354,-1083884145,-0.8419927,-0.8954706
20.55,224,-1017199291,-1017200039,-222.7706,-222.7592
20.551,228,-1072458292,-1072536589,-2.306018,-2.28735
20.551,232,-1072458292,-1072536589,-2.306018,-2.28735
20.552,236,-1072458292,-1072536589,-2.306018,-2.28735
20.553,240,-1146777031,-1137912846,-0.005052831,-0.01054858
20.553,244,-1156791177,-1156205245,-0.002147941,-0.002284364
20.554,248,-1089373285,-1089373774,-0.5682923,-0.5682632
20.555,260,1088915000,1088789793,7.235134,7.175431
20.611,12,1529,1521,2.142585E-42,2.131375E-42
20.612,216,-1077245856,-1070656793,-1.582287,-2.735529
20.613,220,-1083884145,-1081694288,-0.8954706,-1.051992
20.614,224,-1017200039,-1017202999,-222.7592,-222.714
20.614,228,-1072536589,-1072640088,-2.28735,-2.262674
20.615,232,-1072536589,-1072640088,-2.28735,-2.262674
20.616,236,-1072536589,-1072640088,-2.28735,-2.262674
20.616,240,-1137912846,-1131059849,-0.01054858,-0.01823686
20.617,244,-1156205245,-1154490305,-0.002284364,-0.002683654
20.617,248,-1089373774,-1089375707,-0.5682632,-0.568148
20.618,260,1088789793,1088621825,7.175431,7.095337
20.619,352,1027637248,1031868416,0.04699707,0.0630188
20.673,12,1521,1516,2.131375E-42,2.124368E-42
20.674,216,-1070656793,-1069270175,-2.735529,-3.066124
20.675,220,-1081694288,-1081099358,-1.051992,-1.122914
20.675,224,-1017202999,-1017204635,-222.714,-222.689
20.676,228,-1072640088,-1072715446,-2.262674,-2.244708
20.676,232,-1072640088,-1072715446,-2.262674,-2.244708
20.677,236,-1072640088,-1072715446,-2.262674,-2.244708
20.678,240,-1131059849,-1129876602,-0.01823686,-0.02044083
20.678,244,-1154490305,-1153713254,-0.002683654,-0.002864575
20.679,248,-1089375707,-1089376775,-0.568148,-0.5680843
20.679,260,1088621825,1088499158,7.095337,7.036845
20.68,352,1031868416,1027366912,0.0630188,0.04598999
20.705,12,1516,1510,2.124368E-42,2.115961E-42
20.706,216,-1069270175,-1069907789,-3.066124,-2.914105
20.707,220,-1081099358,-1080250118,-1.122914,-1.224151
20.707,224,-1017204635,-1017207175,-222.689,-222.6503
20.708,228,-1072715446,-1072792670,-2.244708,-2.226296
20.708,232,-1072715446,-1072792670,-2.244708,-2.226296
20.709,236,-1072715446,-1072792670,-2.244708,-2.226296
20.709,240,-1129876602,-1130420699,-0.02044083,-0.01942737
20.71,244,-1153713254,-1152604043,-0.002864575,-0.003122834
20.71,248,-1089376775,-1089378434,-0.5680843,-0.5679854
20.711,260,1088499158,1088373753,7.036845,6.977047
20.712,352,1027366912,1027637248,0.04598999,0.04699707
20.767,12,1510,1504,2.115961E-42,2.107553E-42
20.768,216,-1069907789,-1072802485,-2.914105,-2.223956
20.769,220,-1080250118,-1079318931,-1.224151,-1.335157
20.769,224,-1017207175,-1017209587,-222.6503,-222.6135
20.77,228,-1072792670,-1072870633,-2.226296,-2.207708
20.77,232,-1072792670,-1072870633,-2.226296,-2.207708
20.771,236,-1072792670,-1072870633,-2.226296,-2.207708
20.772,240,-1130420699,-1133319599,-0.01942737,-0.01482637
20.772,244,-1152604043,-1151387798,-0.003122834,-0.003406013
20.773,248,-1089378434,-1089380009,-0.5679854,-0.5678915
20.773,260,1088373753,1088248162,6.977047,6.917161
20.799,12,1504,1500,2.107553E-42,2.101948E-42
20.8,216,-1072802485,-1073712080,-2.223956,-2.007092
20.8,220,-1079318931,-1079071038,-1.335157,-1.364708
20.801,224,-1017209587,-1020804901,-222.6135,-167.7533
20.802,228,-1072870633,-1072929975,-2.207708,-2.19356
20.802,232,-1072870633,-1072929975,-2.207708,-2.19356
20.803,236,-1072870633,-1072929975,-2.207708,-2.19356
20.803,240,-1133319599,-1134871975,-0.01482637,-0.01338061
20.804,244,-1151387798,-1151064019,-0.003406013,-0.003481399
20.804,248,-1089380009,-1092936898,-0.5678915,-0.4279422
20.805,260,1088248162,1088154161,6.917161,6.872338
20.861,12,1500,1494,2.101948E-42,2.09354E-42
20.862,216,-1073712080,-1074069067,-2.007092,-1.96099
20.863,220,-1079071038,1042487167,-1.364708,0.1592693
20.863,224,-1020804901,-1020808768,-167.7533,-167.6943
20.864,228,-1072929975,-1073007366,-2.19356,-2.175108
20.864,232,-1072929975,-1073007366,-2.19356,-2.175108
20.865,236,-1072929975,-1073007366,-2.19356,-2.175108
20.866,240,-1134871975,-1135201986,-0.01338061,-0.01307326
20.866,244,-1151064019,970261649,-0.003481399,0.0004062993
20.867,248,-1092936898,-1092941950,-0.4279422,-0.4277917
20.868,260,1088154161,1088028353,6.872338,6.812348
20.868,352,1027637248,1031868416,0.04699707,0.0630188
20.924,12,1494,1490,2.09354E-42,2.087935E-42
20.925,216,-1074069067,-1071654025,-1.96099,-2.49777
20.925,220,1042487167,1040000737,0.1592693,0.1236093
20.926,224,-1020808768,-1020810575,-167.6943,-167.6668
20.926,228,-1073007366,-1073063687,-2.175108,-2.16168
20.927,232,-1073007366,-1073063687,-2.175108,-2.16168
20.928,236,-1073007366,-1073063687,-2.175108,-2.16168
20.928,240,-1135201986,-1131910821,-0.01307326,-0.0166518
20.929,244,970261649,967135964,0.0004062993,0.0003153299
20.93,248,-1092941950,-1092944310,-0.4277917,-0.4277213
20.93,260,1088028353,1087936393,6.812348,6.768498
20.931,352,1031868416,1027366912,0.0630188,0.04598999
20.956,12,1490,1486,2.087935E-42,2.08233E-42
20.957,216,-1071654025,-1068424021,-2.49777,-3.267863
20.957,220,1040000737,1031802230,0.1236093,0.06252567
20.958,224,-1020810575,-1020813512,-167.6668,-167.6219
20.959,228,-1073063687,-1073120601,-2.16168,-2.148111
20.959,232,-1073063687,-1073120601,-2.16168,-2.148111
20.96,236,-1073063687,-1073120601,-2.16168,-2.148111
20.961,240,-1131910821,-1129154551,-0.0166518,-0.02178575
20.962,244,967135964,958873754,0.0003153299,0.0001595043
20.962,248,-1092944310,-1092948146,-0.4277213,-0.427607
20.963,260,1087936393,1087842434,6.768498,6.723695
20.963,352,1027366912,1027637248,0.04598999,0.04699707
21.017,12,1486,1482,2.08233E-42,2.076724E-42
21.018,216,-1068424021,-1064602932,-3.267863,-4.357763
21.019,220,1031802230,-1115392298,0.06252567,-0.06467979
21.02,224,-1020813512,-1020817536,-167.6219,-167.5605
21.02,228,-1073120601,-1073176416,-2.148111,-2.134804
21.021,232,-1073120601,-1073176416,-2.148111,-2.134804
21.021,236,-1073120601,-1073176416,-2.148111,-2.134804
21.022,240,-1129154551,-1125253645,-0.02178575,-0.02905176
21.023,244,958873754,-1188232268,0.0001595043,-0.0001649995
21.023,248,-1092948146,-1092953401,-0.427607,-0.4274504
21.024,260,1087842434,1087748613,6.723695,6.678957
21.048,12,1482,1478,2.076724E-42,2.071119E-42
21.049,216,-1064602932,-1063951824,-4.357763,-4.668236
21.05,220,-1115392298,-1101545055,-0.06467979,-0.2106996
21.05,224,-1020817536,-1020822903,-167.5605,-167.4787
21.051,228,-1073176416,-1073231831,-2.134804,-2.121592
21.051,232,-1073176416,-1073231831,-2.134804,-2.121592
21.052,236,-1073176416,-1073231831,-2.134804,-2.121592
21.053,240,-1125253645,-1124142422,-0.02905176,-0.03112157
21.053,244,-1188232268,-1173559567,-0.0001649995,-0.0005374989
21.054,248,-1092953401,-1092960411,-0.4274504,-0.4272415
21.055,260,1087748613,1087654836,6.678957,6.634241
21.112,12,1478,1472,2.071119E-42,2.062711E-42
21.113,216,-1063951824,-1064128474,-4.668236,-4.584002
21.113,220,-1101545055,-1092559482,-0.2106996,-0.4391901
21.114,224,-1020822903,-1020832605,-167.4787,-167.3306
21.115,228,-1073231831,-1073305670,-2.121592,-2.103987
21.115,232,-1073231831,-1073305670,-2.121592,-2.103987
21.116,236,-1073231831,-1073305670,-2.121592,-2.103987
21.116,240,-1124142422,-1124443904,-0.03112157,-0.03056002
21.117,244,-1173559567,-1164781104,-0.0005374989,-0.001120383
21.118,248,-1092960411,-1092973084,-0.4272415,-0.4268638
21.118,260,1087654836,1087529422,6.634241,6.574439
21.119,352,1027637248,1031868416,0.04699707,0.0630188
21.174,12,1472,1468,2.062711E-42,2.057106E-42
21.175,216,-1064128474,-1066907180,-4.584002,-3.629506
21.176,220,-1092559482,-1090721995,-0.4391901,-0.4939515
21.177,224,-1020832605,-1020836568,-167.3306,-167.2701
21.177,228,-1073305670,-1073360806,-2.103987,-2.090842
21.178,232,-1073305670,-1073360806,-2.103987,-2.090842
21.178,236,-1073305670,-1073360806,-2.103987,-2.090842
21.179,240,-1124443904,-1127860180,-0.03056002,-0.02419671
21.18,244,-1164781104,-1163581113,-0.001120383,-0.00126008
21.18,248,-1092973084,-1092978260,-0.4268638,-0.4267095
21.181,260,1087529422,1087437727,6.574439,6.530715
21.182,352,1031868416,1027366912,0.0630188,0.04598999
21.205,12,1468,1464,2.057106E-42,2.051501E-42
21.206,216,-1066907180,-1071279155,-3.629506,-2.587146
21.207,220,-1090721995,-1088837509,-0.4939515,-0.6002271
21.207,224,-1020836568,-1020840942,-167.2701,-167.2034
21.208,228,-1073360806,-1073418242,-2.090842,-2.077148
21.209,232,-1073360806,-1073418242,-2.090842,-2.077148
21.209,236,-1073360806,-1073418242,-2.090842,-2.077148
21.21,240,-1127860180,-1131590932,-0.02419671,-0.01724764
21.21,244,-1163581113,-1161252285,-0.00126008,-0.001531192
21.211,248,-1092978260,-1092983973,-0.4267095,-0.4265393
21.211,260,1087437727,1087343997,6.530715,6.486022
21.212,352,1027366912,1027637248,0.04598999,0.04699707
21.267,12,1464,1458,2.051501E-42,2.043093E-42
21.268,216,-1071279155,-1082096517,-2.587146,-1.004043
21.269,220,-1088837509,-1085759991,-0.6002271,-0.7836614
21.27,224,-1020840942,-1020845658,-167.2034,-167.1314
21.27,228,-1073418242,-1073496808,-2.077148,-2.058416
21.271,232,-1073418242,-1073496808,-2.077148,-2.058416
21.271,236,-1073418242,-1073496808,-2.077148,-2.058416
21.272,240,-1131590932,-1143253464,-0.01724764,-0.00669362
21.273,244,-1161252285,-1157430287,-0.001531192,-0.001999136
21.273,248,-1092983973,-1092990132,-0.4265393,-0.4263557
21.274,260,1087343997,1087218430,6.486022,6.426147
21.274,352,1027637248,1031864320,0.04699707,0.06298828
21.329,12,1458,1454,2.043093E-42,2.037488E-42
21.33,216,-1082096517,-1099790251,-1.004043,-0.2368482
21.331,220,-1085759991,-1084916182,-0.7836614,-0.8339564
21.332,224,-1020845658,-1020846901,-167.1314,-167.1125
21.332,228,-1073496808,-1073556498,-2.058416,-2.044185
21.333,232,-1073496808,-1073556498,-2.058416,-2.044185
21.333,236,-1073496808,-1073556498,-2.058416,-2.044185
21.334,240,-1143253464,-1160841717,-0.00669362,-0.001578988
21.335,244,-1157430287,-1156879228,-0.001999136,-0.00212744
21.335,248,-1092990132,-1092991756,-0.4263557,-0.4263073
21.336,260,1087218430,1087124475,6.426147,6.381345
21.336,352,1031864320,1027645440,0.06298828,0.04702759
21.361,12,1454,1449,2.037488E-42,2.030481E-42
21.362,216,-1099790251,-1122192877,-0.2368482,-0.03825576
21.363,220,-1084916182,-1083388264,-0.8339564,-0.9250274
21.363,224,-1020846901,-1020847584,-167.1125,-167.1021
21.364,228,-1073556498,-1073616444,-2.044185,-2.029893
21.364,232,-1073556498,-1073616444,-2.044185,-2.029893
21.365,236,-1073556498,-1073616444,-2.044185,-2.029893
21.366,240,-1160841717,-1182419283,-0.001578988,-0.0002550384
21.366,244,-1156879228,-1155881404,-0.00212744,-0.002359764
21.367,248,-1092991756,-1092992648,-0.4263073,-0.4262807
21.367,260,1087124475,1087030538,6.381345,6.336553
21.368,352,1027645440,1027637248,0.04702759,0.04699707
21.423,12,1449,1444,2.030481E-42,2.023475E-42
21.424,216,-1122192877,-1101803935,-0.03825576,-0.206842
21.425,220,-1083388264,-1081337654,-0.9250274,-1.094507
21.425,224,-1020847584,-1020848749,-167.1021,-167.0843
21.426,228,-1073616444,-1073695133,-2.029893,-2.011132
21.427,232,-1073616444,-1073695133,-2.029893,-2.011132
21.427,236,-1073616444,-1073695133,-2.029893,-2.011132
21.428,240,-1182419283,-1162560061,-0.0002550384,-0.001378946
21.429,244,-1155881404,-1154024497,-0.002359764,-0.002792109
21.429,248,-1092992648,-1092994170,-0.4262807,-0.4262354
21.43,260,1087030538,1086906478,6.336553,6.277396
21.431,352,1027637248,1031659520,0.04699707,0.0619812
21.486,12,1444,1440,2.023475E-42,2.01787E-42
21.487,216,-1101803935,-1090104466,-0.206842,-0.5247105
21.488,220,-1081337654,-1080936799,-1.094507,-1.142292
21.488,224,-1020848749,-1020849339,-167.0843,-167.0753
21.489,228,-1073695133,-1073767636,-2.011132,-1.996923
21.49,232,-1073695133,-1073767636,-2.011132,-1.996923
21.49,236,-1073695133,-1073767636,-2.011132,-1.996923
21.491,240,-1162560061,-1150992414,-0.001378946,-0.00349807
21.491,244,-1154024497,-1153500932,-0.002792109,-0.002914011
21.492,248,-1092994170,-1092994940,-0.4262354,-0.4262124
21.493,260,1086906478,1086812344,6.277396,6.23251
21.493,352,1031659520,1027637248,0.0619812,0.04699707
21.517,12,1440,1435,2.01787E-42,2.010863E-42
21.518,216,-1090104466,-1084995490,-0.5247105,-0.8292292
21.518,220,-1080936799,-1080291126,-1.142292,-1.219262
21.519,224,-1020849339,-1020850356,-167.0753,-167.0598
21.519,228,-1073767636,-1073886487,-1.996923,-1.982755
21.52,232,-1073767636,-1073886487,-1.996923,-1.982755
21.521,236,-1073767636,-1073886487,-1.996923,-1.982755
21.521,240,-1150992414,-1145756196,-0.00349807,-0.005528195
21.522,244,-1153500932,-1152657604,-0.002914011,-0.003110363
21.523,248,-1092994940,-1092996269,-0.4262124,-0.4261728
21.523,260,1086812344,1086718161,6.23251,6.1876
21.58,12,1435,1430,2.010863E-42,2.003857E-42
21.581,216,-1084995490,-1086910885,-0.8292292,-0.7150628
21.582,220,-1080291126,-1078722912,-1.219262,-1.406208
21.582,224,-1020850356,-1020852937,-167.0598,-167.0204
21.583,228,-1073886487,-1074043560,-1.982755,-1.96403
21.583,232,-1073886487,-1074043560,-1.982755,-1.96403
21.584,236,-1073886487,-1074043560,-1.982755,-1.96403
21.585,240,-1145756196,-1147390666,-0.005528195,-0.004767085
21.585,244,-1152657604,-1150609325,-0.003110363,-0.003587265
21.586,248,-1092996269,-1092999639,-0.4261728,-0.4260724
21.586,260,1086718161,1086593480,6.1876,6.128147
21.587,352,1027637248,1031667712,0.04699707,0.06201172
21.643,12,1430,1425,2.003857E-42,1.99685E-42
21.644,216,-1086910885,-1088160214,-0.7150628,-0.640597
21.644,220,-1078722912,-1078203688,-1.406208,-1.468104
21.645,224,-1020852937,-1020853979,-167.0204,-167.0045
21.646,228,-1074043560,-1074162970,-1.96403,-1.949795
21.646,232,-1074043560,-1074162970,-1.96403,-1.949795
21.647,236,-1074043560,-1074162970,-1.96403,-1.949795
21.647,240,-1147390666,-1148456760,-0.004767085,-0.004270647
21.648,244,-1150609325,-1149931154,-0.003587265,-0.003745164
21.648,248,-1092999639,-1093001001,-0.4260724,-0.4260318
21.649,260,1086593480,1086499025,6.128147,6.083107
21.65,352,1031667712,1027637248,0.06201172,0.04699707
21.674,12,1425,1421,1.99685E-42,1.991245E-42
21.675,216,-1088160214,-1106513378,-0.640597,-0.1366658
21.675,220,-1078203688,-1077450307,-1.468104,-1.557914
21.676,224,-1020853979,-1020855204,-167.0045,-166.9858
21.676,228,-1074162970,-1074283486,-1.949795,-1.935429
21.677,232,-1074162970,-1074283486,-1.949795,-1.935429
21.678,236,-1074162970,-1074283486,-1.949795,-1.935429
21.678,240,-1148456760,-1167141059,-0.004270647,-0.0009111052
21.679,244,-1149931154,-1149093221,-0.003745164,-0.003974271
21.679,248,-1093001001,-1093002600,-0.4260318,-0.4259841
21.68,260,1086499025,1086404507,6.083107,6.038038
21.736,12,1421,1415,1.991245E-42,1.982837E-42
21.737,216,-1106513378,-1128191447,-0.1366658,-0.02357967
21.738,220,-1077450307,-1075568154,-1.557914,-1.782284
21.738,224,-1020855204,-1020735463,-166.9858,-168.8129
21.739,228,-1074283486,-1074454263,-1.935429,-1.915071
21.739,232,-1074283486,-1074454263,-1.935429,-1.915071
21.74,236,-1074283486,-1074454263,-1.935429,-1.915071
21.741,240,-1167141059,-1188768392,-0.0009111052,-0.0001571978
21.741,244,-1149093221,-1147864060,-0.003974271,-0.004546644
21.742,248,-1093002600,-1092846204,-0.4259841,-0.4306451
21.742,260,1086404507,1086275302,6.038038,5.976428
21.743,352,1027637248,1031868416,0.04699707,0.0630188
21.799,12,1415,1411,1.982837E-42,1.977232E-42
21.8,104,0,1,0,1.401298E-45
21.801,116,0,8,0,1.121039E-44
21.801,120,0,1127534452,0,180.8104
21.802,124,0,10,0,1.401298E-44
21.803,216,-1128191447,-1147483745,-0.02357967,-0.004723742
21.803,220,-1075568154,-1075147343,-1.782284,-1.832449
21.804,224,-1020735463,-1020735630,-168.8129,-168.8103
21.804,228,-1074454263,-1074574694,-1.915071,-1.900714
21.805,232,-1074454263,-1074574694,-1.915071,-1.900714
21.806,236,-1074454263,-1074574694,-1.915071,-1.900714
21.806,240,-1188768392,-1207691811,-0.0001571978,-3.149161E-05
21.807,244,-1147864060,-1147589245,-0.004546644,-0.004674615
21.807,248,-1092846204,-1092846422,-0.4306451,-0.4306386
21.808,260,1086275302,1086181230,5.976428,5.931571
21.809,352,1031868416,1027366912,0.0630188,0.04598999
21.829,12,1411,1407,1.977232E-42,1.971627E-42
21.83,104,1,0,1.401298E-45,0
21.831,116,8,0,1.121039E-44,0
21.831,120,1127534452,0,180.8104,0
21.832,124,10,0,1.401298E-44,0
21.832,128,0,1,0,1.401298E-45
21.833,216,-1147483745,-1147099868,-0.004723742,-0.004902499
21.834,220,-1075147343,-1074473140,-1.832449,-1.91282
21.834,224,-1020735630,-1020735854,-168.8103,-168.8069
21.835,228,-1074574694,-1074697835,-1.900714,-1.886035
21.835,232,-1074574694,-1074697835,-1.900714,-1.886035
21.836,236,-1074574694,-1074697835,-1.900714,-1.886035
21.837,240,-1207691811,-1207364236,-3.149161E-05,-3.268333E-05
21.837,244,-1147589245,-1147148949,-0.004674615,-0.004879644
21.838,248,-1092846422,-1092846715,-0.4306386,-0.4306299
21.839,260,1086181230,1086085071,5.931571,5.885719
21.84,352,1027366912,1027637248,0.04598999,0.04699707
21.892,12,1407,1401,1.971627E-42,1.963219E-42
21.893,104,0,1,0,1.401298E-45
21.893,116,0,8,0,1.121039E-44
21.894,120,0,1127534452,0,180.8104
21.894,124,0,10,0,1.401298E-44
21.895,128,1,0,1.401298E-45,0
21.896,216,-1147099868,-1156389562,-0.004902499,-0.002241449
21.896,220,-1074473140,-1073537923,-1.91282,-2.048614
21.897,224,-1020735854,-1020736296,-168.8069,-168.8002
21.897,228,-1074697835,-1074864310,-1.886035,-1.866189
21.898,232,-1074697835,-1074864310,-1.886035,-1.866189
21.899,236,-1074697835,-1074864310,-1.886035,-1.866189
21.899,240,-1207364236,-1216695381,-3.268333E-05,-1.494299E-05
21.9,244,-1147148949,-1146405035,-0.004879644,-0.005226056
21.9,248,-1092846715,-1092847292,-0.4306299,-0.4306127
21.902,260,1086085071,1085954972,5.885719,5.823683
21.902,352,1027637248,1031864320,0.04699707,0.06298828
21.955,12,1401,1396,1.963219E-42,1.956213E-42
21.956,104,1,0,1.401298E-45,0
21.956,116,8,0,1.121039E-44,0
21.957,120,1127534452,0,180.8104,0
21.958,124,10,0,1.401298E-44,0
21.958,128,0,1,0,1.401298E-45
21.959,216,-1156389562,-1159180166,-0.002241449,-0.001772418
21.959,220,-1073537923,-1073555611,-2.048614,-2.044397
21.96,224,-1020736296,-1020736464,-168.8002,-168.7976
21.961,228,-1074864310,-1074988016,-1.866189,-1.851442
21.961,232,-1074864310,-1074988016,-1.866189,-1.851442
21.962,236,-1074864310,-1074988016,-1.866189,-1.851442
21.962,240,-1216695381,-1220133415,-1.494299E-05,-1.181612E-05
21.963,244,-1146405035,-1146428138,-0.005226056,-0.005215297
21.963,248,-1092847292,-1092847511,-0.4306127,-0.4306062
21.965,260,1085954972,1085858376,5.823683,5.777622
21.965,352,1031864320,1027645440,0.06298828,0.04702759
21.986,12,1396,1392,1.956213E-42,1.950607E-42
21.987,104,0,1,0,1.401298E-45
21.988,116,0,8,0,1.121039E-44
21.989,120,0,1127534452,0,180.8104
21.989,124,0,10,0,1.401298E-44
21.99,128,1,0,1.401298E-45,0
21.99,216,-1159180166,1018363991,-0.001772418,0.02185075
21.991,220,-1073555611,-1073632137,-2.044397,-2.026151
21.992,224,-1020736464,-1020736523,-168.7976,-168.7967
21.992,228,-1074988016,-1075111838,-1.851442,-1.836682
21.993,232,-1074988016,-1075111838,-1.851442,-1.836682
21.993,236,-1074988016,-1075111838,-1.851442,-1.836682
21.994,240,-1220133415,957923184,-1.181612E-05,0.0001456717
21.994,244,-1146428138,-1146528090,-0.005215297,-0.005168754
21.995,248,-1092847511,-1092847588,-0.4306062,-0.4306039
21.996,260,1085858376,1085761789,5.777622,5.731566
21.997,352,1027645440,1027637248,0.04702759,0.04699707
22.048,12,1392,1386,1.950607E-42,1.9422E-42
22.049,104,1,0,1.401298E-45,0
22.05,116,8,0,1.121039E-44,0
22.05,120,1127534452,0,180.8104,0
22.051,124,10,0,1.401298E-44,0
22.051,128,0,1,0,1.401298E-45
22.052,216,1018363991,1019608043,0.02185075,0.02416798
22.053,220,-1073632137,-1073785024,-2.026151,-1.99485
22.053,224,-1020736523,-1020736633,-168.7967,-168.795
22.054,228,-1075111838,-1075276473,-1.836682,-1.817056
22.055,232,-1075111838,-1075276473,-1.836682,-1.817056
22.056,236,-1075111838,-1075276473,-1.836682,-1.817056
22.056,240,957923184,958984775,0.0001456717,0.0001611198
22.057,244,-1146528090,-1146699567,-0.005168754,-0.005088903
22.058,248,-1092847588,-1092847732,-0.4306039,-0.4305996
22.059,260,1085761789,1085633429,5.731566,5.670359
22.059,352,1027637248,1031659520,0.04699707,0.0619812
22.111,12,1386,1382,1.9422E-42,1.936594E-42
22.112,104,0,1,0,1.401298E-45
22.113,116,0,8,0,1.121039E-44
22.114,120,0,1127534452,0,180.8104
22.114,124,0,10,0,1.401298E-44
22.115,128,1,0,1.401298E-45,0
22.116,216,1019608043,1033742342,0.02416798,0.07698064
22.116,220,-1073785024,-1073907579,-1.99485,-1.98024
22.117,224,-1020736633,-1020736614,-168.795,-168.7953
22.117,228,-1075276473,-1075400326,-1.817056,-1.802291
22.118,232,-1075276473,-1075400326,-1.817056,-1.802291
22.119,236,-1075276473,-1075400326,-1.817056,-1.802291
22.119,240,958984775,973506702,0.0001611198,0.0005132043
22.12,244,-1146699567,-1146779603,-0.005088903,-0.005051634
22.121,248,-1092847732,-1092847708,-0.4305996,-0.4306003
22.122,260,1085633429,1085536940,5.670359,5.62435
22.123,352,1031659520,1027637248,0.0619812,0.04699707
22.142,12,1382,1378,1.936594E-42,1.930989E-42
22.143,104,1,0,1.401298E-45,0
22.143,116,8,0,1.121039E-44,0
22.144,120,1127534452,0,180.8104,0
22.144,124,10,0,1.401298E-44,0
22.145,128,0,1,0,1.401298E-45
22.146,216,1033742342,1040553922,0.07698064,0.1304617
22.146,220,-1073907579,-1073913476,-1.98024,-1.979537
22.147,224,-1020736614,-1020736650,-168.7953,-168.7948
22.147,228,-1075400326,-1075524182,-1.802291,-1.787526
22.148,232,-1075400326,-1075524182,-1.802291,-1.787526
22.148,236,-1075400326,-1075524182,-1.802291,-1.787526
22.149,240,973506702,979632022,0.0005132043,0.0008697448
22.15,244,-1146779603,-1146783454,-0.005051634,-0.005049841
22.15,248,-1092847708,-1092847754,-0.4306003,-0.4305989
22.151,260,1085536940,1085440524,5.62435,5.578375
22.205,12,1378,1372,1.930989E-42,1.922581E-42
22.206,104,0,1,0,1.401298E-45
22.207,116,0,8,0,1.121039E-44
22.207,120,0,1127534452,0,180.8104
22.208,124,0,10,0,1.401298E-44
22.208,128,1,0,1.401298E-45,0
22.209,216,1040553922,1048498817,0.1304617,0.2488499
22.21,220,-1073913476,-1073936633,-1.979537,-1.976777
22.21,224,-1020736650,-1020736624,-168.7948,-168.7952
22.211,228,-1075524182,-1075689171,-1.787526,-1.767858
22.211,232,-1075524182,-1075689171,-1.787526,-1.767858
22.212,236,-1075524182,-1075689171,-1.787526,-1.767858
22.212,240,979632022,987329223,0.0008697448,0.001658999
22.213,244,-1146783454,-1146798577,-0.005049841,-0.005042798
22.213,248,-1092847754,-1092847720,-0.4305989,-0.4305999
22.214,260,1085440524,1085312286,5.578375,5.517226
22.215,352,1027637248,1031667712,0.04699707,0.06201172
22.267,12,1372,1367,1.922581E-42,1.915575E-42
22.268,104,1,0,1.401298E-45,0
22.269,116,8,0,1.121039E-44,0
22.27,120,1127534452,0,180.8104,0
22.27,124,10,0,1.401298E-44,0
22.271,128,0,1,0,1.401298E-45
22.272,216,1048498817,1052363916,0.2488499,0.3628887
22.272,220,-1073936633,-1073884725,-1.976777,-1.982965
22.273,224,-1020736624,-1020736582,-168.7952,-168.7958
22.273,228,-1075689171,-1075813358,-1.767858,-1.753054
22.274,232,-1075689171,-1075813358,-1.767858,-1.753054
22.274,236,-1075689171,-1075813358,-1.767858,-1.753054
22.275,240,987329223,991857770,0.001658999,0.002419258
22.276,244,-1146798577,-1146764678,-0.005042798,-0.005058584
22.276,248,-1092847720,-1092847666,-0.4305999,-0.4306015
22.278,260,1085312286,1085215915,5.517226,5.471273
22.278,352,1031667712,1027637248,0.06201172,0.04699707
22.299,12,1367,1363,1.915575E-42,1.90997E-42
22.3,104,0,1,0,1.401298E-45
22.3,116,0,8,0,1.121039E-44
22.301,120,0,1127534452,0,180.8104
22.302,124,0,10,0,1.401298E-44
22.302,128,1,0,1.401298E-45,0
22.303,216,1052363916,1054600925,0.3628887,0.4295568
22.303,220,-1073884725,-1073905265,-1.982965,-1.980516
22.304,224,-1020736582,-1020736511,-168.7958,-168.7969
22.305,228,-1075813358,-1075937642,-1.753054,-1.738238
22.305,232,-1075813358,-1075937642,-1.753054,-1.738238
22.306,236,-1075813358,-1075937642,-1.753054,-1.738238
22.306,240,991857770,993766684,0.002419258,0.002863712
22.307,244,-1146764678,-1146778092,-0.005058584,-0.005052337
22.308,248,-1092847666,-1092847573,-0.4306015,-0.4306043
22.309,260,1085215915,1085119549,5.471273,5.425322
22.361,12,1363,1357,1.90997E-42,1.901562E-42
22.362,104,1,0,1.401298E-45,0
22.363,116,8,0,1.121039E-44,0
22.363,120,1127534452,0,180.8104,0
22.364,124,10,0,1.401298E-44,0
22.364,128,0,1,0,1.401298E-45
22.365,216,1054600925,1051958614,0.4295568,0.3508098
22.366,220,-1073905265,-1073864301,-1.980516,-1.9854
22.366,224,-1020736511,-1020736357,-168.7969,-168.7992
22.367,228,-1075937642,-1076105295,-1.738238,-1.718252
22.368,232,-1075937642,-1076105295,-1.738238,-1.718252
22.368,236,-1075937642,-1076105295,-1.738238,-1.718252
22.369,240,993766684,991511912,0.002863712,0.002338732
22.37,244,-1146778092,-1146751340,-0.005052337,-0.005064795
22.371,248,-1092847573,-1092847372,-0.4306043,-0.4306103
22.372,260,1085119549,1084989398,5.425322,5.363261
22.372,352,1027637248,1031868416,0.04699707,0.0630188
22.424,12,1357,1353,1.901562E-42,1.895957E-42
22.425,128,1,0,1.401298E-45,0
22.425,216,1051958614,1049928896,0.3508098,0.2903194
22.426,220,-1073864301,-1073916770,-1.9854,-1.979145
22.427,224,-1020736357,-1020736282,-168.7992,-168.8004
22.427,228,-1076105295,-1076226722,-1.718252,-1.703777
22.428,232,-1076105295,-1076226722,-1.718252,-1.703777
22.429,236,-1076105295,-1076226722,-1.718252,-1.703777
22.429,240,991511912,989704029,0.002338732,0.001935463
22.43,244,-1146751340,-1146785605,-0.005064795,-0.005048839
22.43,248,-1092847372,-1092847274,-0.4306103,-0.4306132
22.431,260,1084989398,1084895051,5.363261,5.318273
22.432,352,1031868416,1027366912,0.0630188,0.04598999
22.456,12,1353,1349,1.895957E-42,1.890352E-42
22.458,216,1049928896,1043377749,0.2903194,0.17254
22.458,220,-1073916770,-1073903362,-1.979145,-1.980743
22.459,224,-1020736282,-1020736194,-168.8004,-168.8017
22.459,228,-1076226722,-1076350489,-1.703777,-1.689023
22.46,232,-1076226722,-1076350489,-1.703777,-1.689023
22.461,236,-1076226722,-1076350489,-1.703777,-1.689023
22.461,240,989704029,982959245,0.001935463,0.001150267
22.462,244,-1146785605,-1146776849,-0.005048839,-0.005052916
22.462,248,-1092847274,-1092847159,-0.4306132,-0.4306166
22.463,260,1084895051,1084798721,5.318273,5.272339
22.464,352,1027366912,1027637248,0.04598999,0.04699707
22.518,12,1349,1343,1.890352E-42,1.881944E-42
22.519,216,1043377749,-1137289486,0.17254,-0.01112913
22.519,220,-1073903362,-1074105723,-1.980743,-1.95662
22.52,224,-1020736194,-1020736183,-168.8017,-168.8019
22.521,228,-1076350489,-1076517012,-1.689023,-1.669172
22.521,232,-1076350489,-1076517012,-1.689023,-1.669172
22.522,236,-1076350489,-1076517012,-1.689023,-1.669172
22.522,240,982959245,-1197762381,0.001150267,-7.419418E-05
22.523,244,-1146776849,-1146909003,-0.005052916,-0.004991377
22.524,248,-1092847159,-1092847144,-0.4306166,-0.4306171
22.524,260,1084798721,1084668762,5.272339,5.21037
22.525,352,1027637248,1031864320,0.04699707,0.06298828
22.58,12,1343,1338,1.881944E-42,1.874937E-42
22.581,216,-1137289486,-1093334736,-0.01112913,-0.4160857
22.582,220,-1074105723,-1074486220,-1.95662,-1.911261
22.583,224,-1020736183,-1020736205,-168.8019,-168.8016
22.583,228,-1076517012,-1076639705,-1.669172,-1.654546
22.584,232,-1076517012,-1076639705,-1.669172,-1.654546
22.584,236,-1076517012,-1076639705,-1.669172,-1.654546
22.585,240,-1197762381,-1154102682,-7.419418E-05,-0.002773905
22.585,244,-1146909003,-1147157491,-0.004991377,-0.004875666
22.586,248,-1092847144,-1092847173,-0.4306171,-0.4306162
22.587,260,1084668762,1084572446,5.21037,5.164443
22.587,352,1031864320,1027645440,0.06298828,0.04702759
22.611,12,1338,1334,1.874937E-42,1.869332E-42
22.612,216,-1093334736,-1079478214,-0.4160857,-1.316169
22.613,220,-1074486220,-1074979639,-1.911261,-1.852441
22.614,224,-1020736205,-1020736415,-168.8016,-168.7984
22.614,228,-1076639705,-1076760666,-1.654546,-1.640126
22.615,232,-1076639705,-1076760666,-1.654546,-1.640126
22.616,236,-1076639705,-1076760666,-1.654546,-1.640126
22.616,240,-1154102682,-1139817791,-0.002773905,-0.00877446
22.617,244,-1147157491,-1147479724,-0.004875666,-0.004725615
22.617,248,-1092847173,-1092847447,-0.4306162,-0.4306081
22.618,260,1084572446,1084476243,5.164443,5.11857
22.619,352,1027645440,1027637248,0.04702759,0.04699707
22.673,12,1334,1328,1.869332E-42,1.860924E-42
22.674,216,-1079478214,-1075579938,-1.316169,-1.78088
22.675,220,-1074979639,-1075652961,-1.852441,-1.772175
22.675,224,-1020736415,-1020737605,-168.7984,-168.7802
22.676,228,-1076760666,-1076919930,-1.640126,-1.62114
22.677,232,-1076760666,-1076919930,-1.640126,-1.62114
22.677,236,-1076760666,-1076919930,-1.640126,-1.62114
22.678,240,-1139817791,-1136491262,-0.00877446,-0.01187253
22.678,244,-1147479724,-1147919444,-0.004725615,-0.004520854
22.679,248,-1092847447,-1092849002,-0.4306081,-0.4305617
22.679,260,1084476243,1084348794,5.11857,5.057797
22.68,352,1027637248,1031659520,0.04699707,0.0619812
22.736,12,1328,1324,1.860924E-42,1.855319E-42
22.737,216,-1075579938,-1074442136,-1.78088,-1.916516
22.737,220,-1075652961,-1075824764,-1.772175,-1.751694
22.738,224,-1020737605,-1020738207,-168.7802,-168.771
22.739,228,-1076919930,-1077039566,-1.62114,-1.606879
22.739,232,-1076919930,-1077039566,-1.62114,-1.606879
22.74,236,-1076919930,-1077039566,-1.62114,-1.606879
22.741,240,-1136491262,-1135520338,-0.01187253,-0.01277678
22.741,244,-1147919444,-1148031642,-0.004520854,-0.004468608
22.742,248,-1092849002,-1092849788,-0.4305617,-0.4305383
22.742,260,1084348794,1084252831,5.057797,5.012039
22.743,352,1031659520,1027637248,0.0619812,0.04699707
22.767,12,1324,1320,1.855319E-42,1.849714E-42
22.768,216,-1074442136,-1075716063,-1.916516,-1.764652
22.768,220,-1075824764,-1076124149,-1.751694,-1.716005
22.769,224,-1020738207,-1020739136,-168.771,-168.7568
22.77,228,-1077039566,-1077159437,-1.606879,-1.592589
22.77,232,-1077039566,-1077159437,-1.606879,-1.592589
22.771,236,-1077039566,-1077159437,-1.606879,-1.592589
22.771,240,-1135520338,-1136607422,-0.01277678,-0.01176435
22.772,244,-1148031642,-1148227159,-0.004468608,-0.004377563
22.773,248,-1092849788,-1092851002,-0.4305383,-0.4305021
22.773,260,1084252831,1084156925,5.012039,4.966307
22.83,12,1320,1314,1.849714E-42,1.841306E-42
22.831,216,-1075716063,-1075665966,-1.764652,-1.770624
22.832,220,-1076124149,-1076507652,-1.716005,-1.670288
22.832,224,-1020739136,-1020740643,-168.7568,-168.7338
22.833,228,-1077159437,-1077318289,-1.592589,-1.573652
22.834,232,-1077159437,-1077318289,-1.592589,-1.573652
22.834,236,-1077159437,-1077318289,-1.592589,-1.573652
22.835,240,-1136607422,-1136564673,-0.01176435,-0.01180416
22.835,244,-1148227159,-1148477610,-0.004377563,-0.004260938
22.836,248,-1092851002,-1092852970,-0.4305021,-0.4304435
22.836,260,1084156925,1084029876,4.966307,4.905725
22.837,352,1027637248,1031667712,0.04699707,0.06201172
22.892,12,1314,1310,1.841306E-42,1.835701E-42
22.893,216,-1075665966,-1075465286,-1.770624,-1.794547
22.893,220,-1076507652,-1076626234,-1.670288,-1.656152
22.894,224,-1020740643,-1020741272,-168.7338,-168.7242
22.894,228,-1077318289,-1077437972,-1.573652,-1.559385
22.895,232,-1077318289,-1077437972,-1.573652,-1.559385
22.896,236,-1077318289,-1077437972,-1.573652,-1.559385
22.896,240,-1136564673,-1136393426,-0.01180416,-0.01196365
22.897,244,-1148477610,-1148555051,-0.004260938,-0.004224876
22.897,248,-1092852970,-1092853792,-0.4304435,-0.430419
22.898,260,1084029876,1083934110,4.905725,4.860061
22.899,352,1031667712,1027637248,0.06201172,0.04699707
22.924,12,1310,1305,1.835701E-42,1.828694E-42
22.925,216,-1075465286,-1072994515,-1.794547,-2.178172
22.925,220,-1076626234,-1076839806,-1.656152,-1.630692
22.926,224,-1020741272,-1020742255,-168.7242,-168.7092
22.926,228,-1077437972,-1077556950,-1.559385,-1.545202
22.927,232,-1077437972,-1077556950,-1.559385,-1.545202
22.928,236,-1077437972,-1077556950,-1.559385,-1.545202
22.929,240,-1136393426,-1133647331,-0.01196365,-0.01452115
22.929,244,-1148555051,-1148694527,-0.004224876,-0.004159928
22.93,248,-1092853792,-1092855075,-0.430419,-0.4303807
22.93,260,1083934110,1083838383,4.860061,4.814415
22.987,12,1305,1299,1.828694E-42,1.820287E-42
22.988,216,-1072994515,-1071556757,-2.178172,-2.520961
22.989,220,-1076839806,-1077226115,-1.630692,-1.58464
22.989,224,-1020742255,-1020744262,-168.7092,-168.6786
22.99,228,-1077556950,-1077716269,-1.545202,-1.526209
22.99,232,-1077556950,-1077716269,-1.545202,-1.526209
22.991,236,-1077556950,-1077716269,-1.545202,-1.526209
22.991,240,-1133647331,-1131827819,-0.01452115,-0.0168064
22.992,244,-1148694527,-1148946810,-0.004159928,-0.004042449
22.993,248,-1092855075,-1092857696,-0.4303807,-0.4303026
22.993,260,1083838383,1083709594,4.814415,4.753003
22.994,352,1027637248,1031868416,0.04699707,0.0630188
23.049,12,1299,1295,1.820287E-42,1.814682E-42
23.05,216,-1071556757,-1069816698,-2.520961,-2.935823
23.05,220,-1077226115,-1077342263,-1.58464,-1.570794
23.051,224,-1020744262,-1020745331,-168.6786,-168.6623
23.052,228,-1077716269,-1077831276,-1.526209,-1.512499
23.052,232,-1077716269,-1077831276,-1.526209,-1.512499
23.053,236,-1077716269,-1077831276,-1.526209,-1.512499
23.053,240,-1131827819,-1130342968,-0.0168064,-0.01957215
23.054,244,-1148946810,-1149022662,-0.004042449,-0.004007128
23.054,248,-1092857696,-1092859093,-0.4303026,-0.430261
23.055,260,1083709594,1083616054,4.753003,4.7084
23.056,352,1031868416,1027366912,0.0630188,0.04598999
23.081,12,1295,1291,1.814682E-42,1.809076E-42
23.082,216,-1069816698,-1070017805,-2.935823,-2.887875
23.083,220,-1077342263,-1077527903,-1.570794,-1.548664
23.083,224,-1020745331,-1020746935,-168.6623,-168.6378
23.084,228,-1077831276,-1077948987,-1.512499,-1.498467
23.084,232,-1077831276,-1077948987,-1.512499,-1.498467
23.085,236,-1077831276,-1077948987,-1.512499,-1.498467
23.085,240,-1130342968,-1130514580,-0.01957215,-0.0192525
23.086,244,-1149022662,-1149143896,-0.004007128,-0.003950674
23.087,248,-1092859093,-1092861188,-0.430261,-0.4301986
23.087,260,1083616054,1083520442,4.7084,4.662808
23.088,352,1027366912,1027637248,0.04598999,0.04699707
23.142,12,1291,1285,1.809076E-42,1.800669E-42
23.143,216,-1070017805,-1071420559,-2.887875,-2.553433
23.143,220,-1077527903,-1077785309,-1.548664,-1.517979
23.144,224,-1020746935,-1020749294,-168.6378,-168.6018
23.144,228,-1077948987,-1078108046,-1.498467,-1.479506
23.145,232,-1077948987,-1078108046,-1.498467,-1.479506
23.146,236,-1077948987,-1078108046,-1.498467,-1.479506
23.146,240,-1130514580,-1131711596,-0.0192525,-0.01702289
23.147,244,-1149143896,-1149384700,-0.003950674,-0.003872395
23.147,248,-1092861188,-1092864269,-0.4301986,-0.4301067
23.148,260,1083520442,1083391981,4.662808,4.601553
23.148,352,1027637248,1031864320,0.04699707,0.06298828
23.205,12,1285,1281,1.800669E-42,1.795063E-42
23.206,216,-1071420559,-1074757860,-2.553433,-1.878879
23.207,220,-1077785309,-1077914401,-1.517979,-1.50259
23.207,224,-1020749294,-1020750271,-168.6018,-168.5869
23.208,228,-1078108046,-1078227597,-1.479506,-1.465254
23.208,232,-1078108046,-1078227597,-1.479506,-1.465254
23.209,236,-1078108046,-1078227597,-1.479506,-1.465254
23.209,240,-1131711596,-1135789756,-0.01702289,-0.01252586
23.21,244,-1149384700,-1149553310,-0.003872395,-0.003833138
23.21,248,-1092864269,-1092865545,-0.4301067,-0.4300687
23.211,260,1083391981,1083296420,4.601553,4.555986
23.212,352,1031864320,1027645440,0.06298828,0.04702759
23.236,12,1281,1277,1.795063E-42,1.789458E-42
23.237,216,-1074757860,-1080693811,-1.878879,-1.171259
23.238,220,-1077914401,-1078062996,-1.50259,-1.484876
23.238,224,-1020750271,-1020751203,-168.5869,-168.5727
23.239,228,-1078227597,-1078348365,-1.465254,-1.450858
23.239,232,-1078227597,-1078348365,-1.465254,-1.450858
23.24,236,-1078227597,-1078348365,-1.465254,-1.450858
23.241,240,-1135789756,-1140859514,-0.01252586,-0.00780839
23.241,244,-1149553310,-1149747393,-0.003833138,-0.003787949
23.242,248,-1092865545,-1092866762,-0.4300687,-0.4300324
23.242,260,1083296420,1083200951,4.555986,4.510463
23.243,352,1027645440,1027637248,0.04702759,0.04699707
23.299,12,1277,1271,1.789458E-42,1.78105E-42
23.3,216,-1080693811,-1088205774,-1.171259,-0.6378814
23.3,220,-1078062996,-1077862439,-1.484876,-1.508784
23.301,224,-1020751203,-1020752111,-168.5727,-168.5589
23.302,228,-1078348365,-1078509238,-1.450858,-1.43168
23.302,232,-1078348365,-1078509238,-1.450858,-1.43168
23.303,236,-1078348365,-1078509238,-1.450858,-1.43168
23.303,240,-1140859514,-1148495638,-0.00780839,-0.004252543
23.304,244,-1149747393,-1149485441,-0.003787949,-0.00384894
23.305,248,-1092866762,-1092867948,-0.4300324,-0.4299971
23.305,260,1083200951,1083074785,4.510463,4.450303
23.306,352,1027637248,1031659520,0.04699707,0.0619812
23.361,12,1271,1267,1.78105E-42,1.775445E-42
23.362,216,-1088205774,-1094014889,-0.6378814,-0.3958156
23.363,220,-1077862439,-1077779616,-1.508784,-1.518658
23.363,224,-1020752111,-1020752390,-168.5589,-168.5546
23.364,228,-1078509238,-1078631261,-1.43168,-1.417134
23.364,232,-1078509238,-1078631261,-1.43168,-1.417134
23.365,236,-1078509238,-1078631261,-1.43168,-1.417134
23.366,240,-1148495638,-1154683079,-0.004252543,-0.002638771
23.366,244,-1149485441,-1149377264,-0.00384894,-0.003874127
23.367,248,-1092867948,-1092868313,-0.4299971,-0.4299862
23.368,260,1083074785,1082979409,4.450303,4.404824
23.369,352,1031659520,1027637248,0.0619812,0.04699707
23.392,12,1267,1262,1.775445E-42,1.768439E-42
23.393,216,-1094014889,-1093768377,-0.3958156,-0.4031622
23.394,220,-1077779616,-1077634322,-1.518658,-1.535978
23.394,224,-1020752390,-1020752688,-168.5546,-168.55
23.395,228,-1078631261,-1078753272,-1.417134,-1.402589
23.396,232,-1078631261,-1078753272,-1.417134,-1.402589
23.396,236,-1078631261,-1078753272,-1.417134,-1.402589
23.397,240,-1154683079,-1154472722,-0.002638771,-0.002687748
23.397,244,-1149377264,-1149213394,-0.003874127,-0.003918312
23.398,248,-1092868313,-1092868702,-0.4299862,-0.4299746
23.399,260,1082979409,1082884039,4.404824,4.359348
23.454,12,1262,1257,1.768439E-42,1.761432E-42
23.455,216,-1093768377,-1090826717,-0.4031622,-0.4908305
23.456,220,-1077634322,-1077355643,-1.535978,-1.569199
23.457,224,-1020752688,-1020753337,-168.55,-168.5401
23.457,228,-1078753272,-1078914569,-1.402589,-1.383361
23.458,232,-1078753272,-1078914569,-1.402589,-1.383361
23.458,236,-1078753272,-1078914569,-1.402589,-1.383361
23.459,240,-1154472722,-1151962505,-0.002687748,-0.003272203
23.46,244,-1149213394,-1149031400,-0.003918312,-0.004003059
23.46,248,-1092868702,-1092869550,-0.4299746,-0.4299493
23.461,260,1082884039,1082757786,4.359348,4.299146
23.461,352,1027637248,1031667712,0.04699707,0.06201172
23.517,12,1257,1252,1.761432E-42,1.754426E-42
23.518,216,-1090826717,-1087711882,-0.4908305,-0.6673197
23.519,220,-1077355643,-1077344246,-1.569199,-1.570558
23.519,224,-1020753337,-1020753568,-168.5401,-168.5366
23.52,228,-1078914569,-1079036233,-1.383361,-1.368857
23.521,232,-1078914569,-1079036233,-1.383361,-1.368857
23.521,236,-1078914569,-1079036233,-1.383361,-1.368857
23.522,240,-1151962505,-1148074184,-0.003272203,-0.004448798
23.522,244,-1149031400,-1149023957,-0.004003059,-0.004006525
23.523,248,-1092869550,-1092869852,-0.4299493,-0.4299403
23.523,260,1082757786,1082662321,4.299146,4.253624
23.524,352,1031667712,1027637248,0.06201172,0.04699707
23.549,12,1252,1248,1.754426E-42,1.74882E-42
23.55,216,-1087711882,-1086754966,-0.6673197,-0.7243563
23.551,220,-1077344246,-1077221945,-1.570558,-1.585137
23.551,224,-1020753568,-1020753984,-168.5366,-168.5303
23.552,228,-1079036233,-1079157750,-1.368857,-1.354371
23.552,232,-1079036233,-1079157750,-1.368857,-1.354371
23.553,236,-1079036233,-1079157750,-1.368857,-1.354371
23.554,240,-1148074184,-1147257615,-0.004448798,-0.004829042
23.554,244,-1149023957,-1148944087,-0.004006525,-0.004043717
23.555,248,-1092869852,-1092870395,-0.4299403,-0.4299242
23.555,260,1082662321,1082566920,4.253624,4.208134
23.611,12,1248,1244,1.74882E-42,1.743215E-42
23.612,216,-1086754966,-1087183463,-0.7243563,-0.6988159
23.613,220,-1077221945,1036921594,-1.585137,0.1006679
23.614,224,-1020753984,-1025354336,-168.5303,-113.1672
23.614,228,-1079157750,-1079266692,-1.354371,-1.341384
23.615,232,-1079157750,-1079266692,-1.354371,-1.341384
23.615,236,-1079157750,-1079266692,-1.354371,-1.341384
23.616,240,-1147257615,-1147623266,-0.004829042,-0.004658773
23.617,244,-1148944087,965125095,-0.004043717,0.0002568059
23.617,248,-1092870395,-1097609362,-0.4299242,-0.2886919
23.618,260,1082566920,1082481970,4.208134,4.167626
23.618,352,1027637248,1031868416,0.04699707,0.0630188
23.674,12,1244,1241,1.743215E-42,1.739011E-42
23.675,216,-1087183463,-1089442425,-0.6988159,-0.5641713
23.675,220,1036921594,1038209424,0.1006679,0.110263
23.676,224,-1025354336,-1025355453,-113.1672,-113.1587
23.676,228,-1079266692,-1079345629,-1.341384,-1.331974
23.677,232,-1079266692,-1079345629,-1.341384,-1.331974
23.678,236,-1079266692,-1079345629,-1.341384,-1.331974
23.678,240,-1147623266,-1149862531,-0.004658773,-0.003761142
23.679,244,965125095,965966127,0.0002568059,0.0002812831
23.679,248,-1097609362,-1097610092,-0.2886919,-0.2886702
23.68,260,1082481970,1082419918,4.167626,4.138038
23.681,352,1031868416,1027366912,0.0630188,0.04598999
23.705,12,1241,1238,1.739011E-42,1.734807E-42
23.706,216,-1089442425,-1095648264,-0.5641713,-0.3471372
23.707,220,1038209424,1038937570,0.110263,0.1156881
23.707,224,-1025355453,-1025356789,-113.1587,-113.1485
23.708,228,-1079345629,-1079426684,-1.331974,-1.322312
23.708,232,-1079345629,-1079426684,-1.331974,-1.322312
23.709,236,-1079345629,-1079426684,-1.331974,-1.322312
23.709,240,-1149862531,-1156076892,-0.003761142,-0.002314248
23.71,244,965966127,966441651,0.0002812831,0.0002951227
23.71,248,-1097610092,-1097610964,-0.2886702,-0.2886442
23.711,260,1082419918,1082356501,4.138038,4.107798
23.712,352,1027366912,1027637248,0.04598999,0.04699707
23.767,12,1238,1235,1.734807E-42,1.730604E-42
23.768,216,-1095648264,-1102193242,-0.3471372,-0.2010408
23.769,220,1038937570,1036496424,0.1156881,0.09750015
23.769,224,-1025356789,-1025358075,-113.1485,-113.1387
23.77,228,-1079426684,-1079535429,-1.322312,-1.309348
23.771,232,-1079426684,-1079535429,-1.322312,-1.309348
23.771,236,-1079426684,-1079535429,-1.322312,-1.309348
23.772,240,-1156076892,-1162892269,-0.002314248,-0.001340272
23.772,244,966441651,964847433,0.0002951227,0.0002487249
23.773,248,-1097610964,-1097611804,-0.2886442,-0.2886192
23.774,260,1082356501,1082271667,4.107798,4.067346
23.774,352,1027637248,1031864320,0.04699707,0.06298828
23.831,12,1235,1232,1.730604E-42,1.7264E-42
23.832,216,-1102193242,-1106908851,-0.2010408,-0.1307728
23.832,220,1036496424,1034762978,0.09750015,0.08458497
23.833,224,-1025358075,-1025358491,-113.1387,-113.1355
23.833,228,-1079535429,-1079616861,-1.309348,-1.299641
23.834,232,-1079535429,-1079616861,-1.309348,-1.299641
23.835,236,-1079535429,-1079616861,-1.309348,-1.299641
23.835,240,-1162892269,-1167815999,-0.001340272,-0.0008718186
23.836,244,964847433,962740853,0.0002487249,0.000215778
23.837,248,-1097611804,-1097612076,-0.2886192,-0.2886111
23.837,260,1082271667,1082208221,4.067346,4.037093
23.838,352,1031864320,1027645440,0.06298828,0.04702759
23.862,12,1232,1229,1.7264E-42,1.722196E-42
23.863,216,-1106908851,-1106937896,-0.1307728,-0.13034
23.863,220,1034762978,1032112663,0.08458497,0.06483858
23.864,224,-1025358491,-1025358926,-113.1355,-113.1322
23.864,228,-1079616861,-1079698239,-1.299641,-1.28994
23.865,232,-1079616861,-1079698239,-1.299641,-1.28994
23.866,236,-1079616861,-1079698239,-1.299641,-1.28994
23.866,240,-1167815999,-1167865570,-0.0008718186,-0.0008689332
23.867,244,962740853,959279217,0.000215778,0.0001654045
23.868,248,-1097612076,-1097612360,-0.2886111,-0.2886026
23.868,260,1082208221,1082144817,4.037093,4.006859
23.869,352,1027645440,1027637248,0.04702759,0.04699707
23.924,12,1229,1225,1.722196E-42,1.716591E-42
23.925,76,0,1,0,1.401298E-45
23.925,88,0,17,0,2.382207E-44
23.926,92,0,1062171562,0,0.8103586
23.926,96,0,5,0,7.006492E-45
23.927,216,-1106937896,-1104409192,-0.13034,-0.1680206
23.928,220,1032112663,1024444802,0.06483858,0.03510428
23.928,224,-1025358926,-1025359781,-113.1322,-113.1257
23.929,228,-1079698239,-1079805227,-1.28994,-1.277186
23.93,232,-1079698239,-1079805227,-1.28994,-1.277186
23.93,236,-1079698239,-1079805227,-1.28994,-1.277186
23.931,240,-1167865570,-1164783213,-0.0008689332,-0.001120137
23.931,244,959279217,951831993,0.0001654045,8.955174E-05
23.932,248,-1097612360,-1097612918,-0.2886026,-0.288586
23.932,260,1082144817,1081992268,4.006859,3.967059
23.934,352,1027637248,1031659520,0.04699707,0.0619812
23.986,12,1225,1222,1.716591E-42,1.712387E-42
23.987,76,1,0,1.401298E-45,0
23.988,88,17,0,2.382207E-44,0
23.989,92,1062171562,0,0.8103586,0
23.989,96,5,0,7.006492E-45,0
23.99,100,0,1,0,1.401298E-45
23.991,216,-1104409192,-1096529029,-0.1680206,-0.3208884
23.991,220,1024444802,1020816378,0.03510428,0.02641867
23.992,224,-1025359781,-1025360162,-113.1257,-113.1228
23.992,228,-1079805227,-1079886266,-1.277186,-1.267525
23.993,232,-1079805227,-1079886266,-1.277186,-1.267525
23.993,236,-1079805227,-1079886266,-1.277186,-1.267525
23.994,240,-1164783213,-1156828478,-0.001120137,-0.002139256
23.995,244,951831993,948786736,8.955174E-05,6.739458E-05
23.996,248,-1097612918,-1097613167,-0.288586,-0.2885785
23.997,260,1081992268,1081865466,3.967059,3.936827
23.997,352,1031659520,1027637248,0.0619812,0.04699707
24.017,12,1222,1219,1.712387E-42,1.708183E-42
24.018,100,1,0,1.401298E-45,0
24.019,216,-1096529029,-1094571625,-0.3208884,-0.3792236
24.019,220,1020816378,1010318094,0.02641867,0.01124455
24.02,224,-1025360162,-1025361056,-113.1228,-113.116
24.02,228,-1079886266,-1079967222,-1.267525,-1.257875
24.021,232,-1079886266,-1079967222,-1.267525,-1.257875
24.022,236,-1079886266,-1079967222,-1.267525,-1.257875
24.022,240,-1156828478,-1155158160,-0.002139256,-0.002528157
24.023,244,948786736,938516666,6.739458E-05,2.868507E-05
24.024,248,-1097613167,-1097613751,-0.2885785,-0.2885611
24.024,260,1081865466,1081738654,3.936827,3.906593
24.08,12,1219,1216,1.708183E-42,1.703979E-42
24.081,216,-1094571625,-1093550881,-0.3792236,-0.4096441
24.082,220,1010318094,-1116990976,0.01124455,-0.05763435
24.083,224,-1025361056,-1025363006,-113.116,-113.1011
24.083,228,-1079967222,-1080073672,-1.257875,-1.245185
24.084,232,-1079967222,-1080073672,-1.257875,-1.245185
24.084,236,-1079967222,-1080073672,-1.257875,-1.245185
24.085,240,-1155158160,-1154287125,-0.002528157,-0.002730961
24.085,244,938516666,-1189467366,2.868507E-05,-0.0001470264
24.086,248,-1097613751,-1097615024,-0.2885611,-0.2885232
24.087,260,1081738654,1081571655,3.906593,3.866777
24.087,352,1027637248,1031667712,0.04699707,0.06201172
24.143,12,1216,1213,1.703979E-42,1.699775E-42
24.144,76,0,1,0,1.401298E-45
24.144,88,0,17,0,2.382207E-44
24.145,92,0,1062171562,0,0.8103586
24.145,96,0,5,0,7.006492E-45
24.146,216,-1093550881,-1096876979,-0.4096441,-0.3105187
24.146,220,-1116990976,-1112379346,-0.05763435,-0.08712803
24.147,224,-1025363006,-1025363852,-113.1011,-113.0946
24.148,228,-1080073672,-1080154692,-1.245185,-1.235527
24.148,232,-1080073672,-1080154692,-1.245185,-1.235527
24.149,236,-1080073672,-1080154692,-1.245185,-1.235527
24.149,240,-1154287125,-1157125396,-0.002730961,-0.002070124
24.15,244,-1189467366,-1184296984,-0.0001470264,-0.0002222654
24.15,248,-1097615024,-1097615577,-0.2885232,-0.2885067
24.151,260,1081571655,1081444855,3.866777,3.836546
24.151,352,1031667712,1027637248,0.06201172,0.04699707
24.174,12,1213,1210,1.699775E-42,1.695571E-42
24.175,76,1,0,1.401298E-45,0
24.175,88,17,0,2.382207E-44,0
24.176,92,1062171562,0,0.8103586,0
24.177,96,5,0,7.006492E-45,0
24.177,100,0,1,0,1.401298E-45
24.178,104,0,1,0,1.401298E-45
24.178,116,0,8,0,1.121039E-44
24.179,120,0,1127534452,0,180.8104
24.179,124,0,10,0,1.401298E-44
24.18,216,-1096876979,-1098068174,-0.3105187,-0.2750183
24.181,220,-1112379346,-1107268876,-0.08712803,-0.125408
24.181,224,-1025363852,-1025364823,-113.0946,-113.0872
24.182,228,-1080154692,-1080235786,-1.235527,-1.225859
24.183,232,-1080154692,-1080235786,-1.235527,-1.225859
24.184,236,-1080154692,-1080235786,-1.235527,-1.225859
24.184,240,-1157125396,-1158655860,-0.002070124,-0.001833455
24.185,244,-1184296984,-1180190025,-0.0002222654,-0.0003199184
24.186,248,-1097615577,-1097616211,-0.2885067,-0.2884878
24.186,260,1081444855,1081318075,3.836546,3.806319
24.236,12,1210,1206,1.695571E-42,1.689966E-42
24.237,100,1,0,1.401298E-45,0
24.237,128,0,1,0,1.401298E-45
24.238,216,-1098068174,-1102005942,-0.2750183,-0.2038318
24.239,220,-1107268876,-1102045353,-0.125408,-0.2032446
24.239,224,-1025364823,-1025366295,-113.0872,-113.076
24.24,228,-1080235786,-1080344488,-1.225859,-1.212901
24.24,232,-1080235786,-1080344488,-1.225859,-1.212901
24.241,236,-1080235786,-1080344488,-1.225859,-1.212901
24.242,240,-1158655860,-1162732440,-0.001833455,-0.001358879
24.243,244,-1180190025,-1173886292,-0.0003199184,-0.000518481
24.243,248,-1097616211,-1097617172,-0.2884878,-0.2884592
24.244,260,1081318075,1081148257,3.806319,3.765831
24.244,352,1027637248,1031868416,0.04699707,0.0630188
24.298,12,1206,1203,1.689966E-42,1.685762E-42
24.299,104,1,0,1.401298E-45,0
24.3,116,8,0,1.121039E-44,0
24.3,120,1127534452,0,180.8104,0
24.301,124,10,0,1.401298E-44,0
24.302,216,-1102005942,-1119858213,-0.2038318,-0.04695306
24.302,220,-1102045353,-1100160569,-0.2032446,-0.23133
24.303,224,-1025366295,-1025366838,-113.076,-113.0719
24.303,228,-1080344488,-1080424237,-1.212901,-1.203394
24.304,232,-1080344488,-1080424237,-1.212901,-1.203394
24.305,236,-1080344488,-1080424237,-1.212901,-1.203394
24.305,240,-1162732440,-1180427036,-0.001358879,-0.0003130204
24.306,244,-1173886292,-1172655413,-0.000518481,-0.0005901276
24.306,248,-1097617172,-1097617527,-0.2884592,-0.2884486
24.307,260,1081148257,1081024189,3.765831,3.736251
24.308,352,1031868416,1027366912,0.0630188,0.04598999
24.33,12,1203,1200,1.685762E-42,1.681558E-42
24.331,76,0,1,0,1.401298E-45
24.332,88,0,17,0,2.382207E-44
24.332,92,0,1062171562,0,0.8103586
24.333,96,0,5,0,7.006492E-45
24.334,128,1,0,1.401298E-45,0
24.334,216,-1119858213,-1134901589,-0.04695306,-0.01335303
24.335,220,-1100160569,-1098445906,-0.23133,-0.263761
24.335,224,-1025366838,-1025367131,-113.0719,-113.0696
24.336,228,-1080424237,-1080505827,-1.203394,-1.193668
24.336,232,-1080424237,-1080505827,-1.203394,-1.193668
24.337,236,-1080424237,-1080505827,-1.203394,-1.193668
24.338,240,-1180427036,-1195724709,-0.0003130204,-8.90202E-05
24.338,244,-1172655413,-1171234087,-0.0005901276,-0.0006728597
24.339,248,-1097617527,-1097617718,-0.2884486,-0.2884429
24.34,260,1081024189,1080897390,3.736251,3.70602
24.341,352,1027366912,1027637248,0.04598999,0.04699707
24.392,12,1200,1197,1.681558E-42,1.677354E-42
24.393,76,1,0,1.401298E-45,0
24.393,88,17,0,2.382207E-44,0
24.394,92,1062171562,0,0.8103586,0
24.394,96,5,0,7.006492E-45,0
24.395,100,0,1,0,1.401298E-45
24.395,104,0,1,0,1.401298E-45
24.396,116,0,8,0,1.121039E-44
24.397,120,0,1127534452,0,180.8104
24.397,124,0,10,0,1.401298E-44
24.398,216,-1134901589,-1117366089,-0.01335303,-0.05623695
24.398,220,-1098445906,-1096046612,-0.263761,-0.3352655
24.399,224,-1025367131,-1025367670,-113.0696,-113.0655
24.399,228,-1080505827,-1080614862,-1.193668,-1.18067
24.4,232,-1080505827,-1080614862,-1.193668,-1.18067
24.401,236,-1080505827,-1080614862,-1.193668,-1.18067
24.402,240,-1195724709,-1178300424,-8.90202E-05,-0.000374913
24.402,244,-1171234087,-1168100316,-0.0006728597,-0.0008552691
24.403,248,-1097617718,-1097618070,-0.2884429,-0.2884324
24.403,260,1080897390,1080727666,3.70602,3.665555
24.404,352,1027637248,1031864320,0.04699707,0.06298828
24.454,12,1197,1194,1.677354E-42,1.67315E-42
24.455,100,1,0,1.401298E-45,0
24.456,128,0,1,0,1.401298E-45
24.457,216,-1117366089,-1107389701,-0.05623695,-0.1243038
24.457,220,-1096046612,-1095198274,-0.3352655,-0.360548
24.458,224,-1025367670,-1025367932,-113.0655,-113.0635
24.458,228,-1080614862,-1080696327,-1.18067,-1.170959
24.459,232,-1080614862,-1080696327,-1.18067,-1.170959
24.46,236,-1080614862,-1080696327,-1.18067,-1.170959
24.46,240,-1178300424,-1168556910,-0.000374913,-0.0008286919
24.461,244,-1168100316,-1166992282,-0.0008552691,-0.0009197652
24.461,248,-1097618070,-1097618241,-0.2884324,-0.2884273
24.462,260,1080727666,1080600728,3.665555,3.63529
24.463,352,1031864320,1027645440,0.06298828,0.04702759
24.487,12,1194,1191,1.67315E-42,1.668946E-42
24.488,104,1,0,1.401298E-45,0
24.489,116,8,0,1.121039E-44,0
24.489,120,1127534452,0,180.8104,0
24.49,124,10,0,1.401298E-44,0
24.49,216,-1107389701,-1114928113,-0.1243038,-0.06813823
24.491,220,-1095198274,-1094085153,-0.360548,-0.3937216
24.492,224,-1025367932,-1025368532,-113.0635,-113.0589
24.492,228,-1080696327,-1080777862,-1.170959,-1.161239
24.493,232,-1080696327,-1080777862,-1.170959,-1.161239
24.493,236,-1080696327,-1080777862,-1.170959,-1.161239
24.494,240,-1168556910,-1175574257,-0.0008286919,-0.0004542549
24.494,244,-1166992282,-1165777461,-0.0009197652,-0.001004392
24.495,248,-1097618241,-1097618633,-0.2884273,-0.2884156
24.496,260,1080600728,1080473887,3.63529,3.605049
24.497,352,1027645440,1027637248,0.04702759,0.04699707
24.549,12,1191,1187,1.668946E-42,1.663341E-42
24.55,104,0,1,0,1.401298E-45
24.551,116,0,8,0,1.121039E-44
24.551,120,0,1127534452,0,180.8104
24.552,124,0,10,0,1.401298E-44
24.553,128,1,0,1.401298E-45,0
24.553,216,-1114928113,-1114052871,-0.06813823,-0.0746593
24.554,220,-1094085153,-1091702531,-0.3937216,-0.4647292
24.555,224,-1025368532,-1025369253,-113.0589,-113.0534
24.555,228,-1080777862,-1080885240,-1.161239,-1.148438
24.556,232,-1080777862,-1080885240,-1.161239,-1.148438
24.556,236,-1080777862,-1080885240,-1.161239,-1.148438
24.557,240,-1175574257,-1174242815,-0.0004542549,-0.0004977286
24.557,244,-1165777461,-1164221463,-0.001004392,-0.001185534
24.558,248,-1097618633,-1097619104,-0.2884156,-0.2884016
24.559,260,1080473887,1080306668,3.605049,3.565181
24.56,352,1027637248,1031659520,0.04699707,0.0619812
24.611,12,1187,1184,1.663341E-42,1.659137E-42
24.612,104,1,0,1.401298E-45,0
24.613,116,8,0,1.121039E-44,0
24.613,120,1127534452,0,180.8104,0
24.614,124,10,0,1.401298E-44,0
24.615,128,0,1,0,1.401298E-45
24.615,216,-1114052871,-1109442527,-0.0746593,-0.109009
24.616,220,-1091702531,-1090752810,-0.4647292,-0.4930331
24.617,224,-1025369253,-1025369487,-113.0534,-113.0516
24.617,228,-1080885240,-1080966776,-1.148438,-1.138719
24.618,232,-1080885240,-1080966776,-1.148438,-1.138719
24.618,236,-1080885240,-1080966776,-1.148438,-1.138719
24.619,240,-1174242815,-1170308655,-0.0004977286,-0.0007267269
24.619,244,-1164221463,-1163601237,-0.001185534,-0.001257738
24.62,248,-1097619104,-1097619257,-0.2884016,-0.288397
24.621,260,1080306668,1080179693,3.565181,3.534908
24.622,352,1031659520,1027637248,0.0619812,0.04699707
24.643,12,1184,1181,1.659137E-42,1.654933E-42
24.644,104,0,1,0,1.401298E-45
24.644,116,0,8,0,1.121039E-44
24.645,120,0,1127534452,0,180.8104
24.646,124,0,10,0,1.401298E-44
24.646,128,1,0,1.401298E-45,0
24.647,132,0,1,0,1.401298E-45
24.647,144,0,13,0,1.821688E-44
24.648,148,0,1127534452,0,180.8104
24.648,152,0,60,0,8.407791E-44
24.649,216,-1109442527,-1127696942,-0.109009,-0.02450076
24.649,220,-1090752810,-1090098101,-0.4930331,-0.5250899
24.65,224,-1025369487,-1025370051,-113.0516,-113.0473
24.651,228,-1080966776,-1081048440,-1.138719,-1.128983
24.651,232,-1080966776,-1081048440,-1.138719,-1.128983
24.652,236,-1080966776,-1081048440,-1.138719,-1.128983
24.653,240,-1170308655,-1188346414,-0.0007267269,-0.0001633384
24.654,244,-1163601237,-1162898773,-0.001257738,-0.001339515
24.654,248,-1097619257,-1097619625,-0.288397,-0.2883861
24.655,260,1080179693,1080052773,3.534908,3.504647
24.705,12,1181,1178,1.654933E-42,1.65073E-42
24.706,104,1,0,1.401298E-45,0
24.706,116,8,0,1.121039E-44,0
24.707,120,1127534452,0,180.8104,0
24.708,124,10,0,1.401298E-44,0
24.708,128,0,1,0,1.401298E-45
24.709,132,1,0,1.401298E-45,0
24.709,144,13,0,1.821688E-44,0
24.71,148,1127534452,0,180.8104,0
24.71,152,60,0,8.407791E-44,0
24.711,156,0,1,0,1.401298E-45
24.712,216,-1127696942,1000824011,-0.02450076,0.005107497
24.712,220,-1090098101,-1088867445,-0.5250899,-0.5984427
24.713,224,-1025370051,-1025370449,-113.0473,-113.0443
24.713,228,-1081048440,-1081156160,-1.128983,-1.116142
24.715,232,-1081048440,-1081156160,-1.128983,-1.116142
24.715,236,-1081048440,-1081156160,-1.128983,-1.116142
24.716,240,-1188346414,940495076,-0.0001633384,3.404998E-05
24.716,244,-1162898773,-1161291385,-0.001339515,-0.00152664
24.717,248,-1097619625,-1097619885,-0.2883861,-0.2883783
24.718,260,1080052773,1079885330,3.504647,3.464726
24.718,352,1027637248,1031667712,0.04699707,0.06201172
24.767,12,1178,1175,1.65073E-42,1.646526E-42
24.768,104,0,1,0,1.401298E-45
24.769,116,0,8,0,1.121039E-44
24.769,120,0,1127534452,0,180.8104
24.77,124,0,10,0,1.401298E-44
24.77,128,1,0,1.401298E-45,0
24.771,156,1,0,1.401298E-45,0
24.772,216,1000824011,1033102797,0.005107497,0.07221565
24.772,220,-1088867445,-1088524700,-0.5984427,-0.6188719
24.773,224,-1025370449,-1025370600,-113.0443,-113.0432
24.773,228,-1081156160,-1081238025,-1.116142,-1.106383
24.774,232,-1081156160,-1081238025,-1.116142,-1.106383
24.774,236,-1081156160,-1081238025,-1.116142,-1.106383
24.775,240,940495076,972843386,3.404998E-05,0.0004814377
24.776,244,-1161291385,-1160843718,-0.00152664,-0.001578755
24.776,248,-1097619885,-1097619984,-0.2883783,-0.2883754
24.777,260,1079885330,1079758359,3.464726,3.434454
24.778,352,1031667712,1027637248,0.06201172,0.04699707
24.798,12,1175,1172,1.646526E-42,1.642322E-42
24.799,104,1,0,1.401298E-45,0
24.8,116,8,0,1.121039E-44,0
24.8,120,1127534452,0,180.8104,0
24.801,124,10,0,1.401298E-44,0
24.801,128,0,1,0,1.401298E-45
24.802,216,1033102797,1043393254,0.07221565,0.1727711
24.803,220,-1088524700,-1088281568,-0.6188719,-0.6333637
24.803,224,-1025370600,-1025370643,-113.0432,-113.0428
24.804,228,-1081238025,-1081320098,-1.106383,-1.096599
24.804,232,-1081238025,-1081320098,-1.106383,-1.096599
24.805,236,-1081238025,-1081320098,-1.106383,-1.096599
24.806,240,972843386,982972476,0.0004814377,0.001151807
24.806,244,-1160843718,-1160526159,-0.001578755,-0.001615724
24.808,248,-1097619984,-1097620012,-0.2883754,-0.2883745
24.808,260,1079758359,1079631382,3.434454,3.40418
24.86,12,1172,1168,1.642322E-42,1.636717E-42
24.861,128,1,0,1.401298E-45,0
24.862,216,1043393254,1049909948,0.1727711,0.2897547
24.862,220,-1088281568,-1087782307,-0.6333637,-0.663122
24.863,224,-1025370643,-1025369830,-113.0428,-113.049
24.864,228,-1081320098,-1081430486,-1.096599,-1.08344
24.864,232,-1081320098,-1081430486,-1.096599,-1.08344
24.865,236,-1081320098,-1081430486,-1.096599,-1.08344
24.865,240,982972476,989671690,0.001151807,0.001931698
24.866,244,-1160526159,-1159874062,-0.001615724,-0.001691638
24.867,248,-1097620012,-1097619481,-0.2883745,-0.2883904
24.867,260,1079631382,1079461009,3.40418,3.36356
24.868,352,1027637248,1031868416,0.04699707,0.0630188
24.924,12,1168,1165,1.636717E-42,1.632513E-42
24.925,216,1049909948,1052070521,0.2897547,0.3541448
24.925,220,-1087782307,-1087601672,-0.663122,-0.6738887
24.926,224,-1025369830,-1025369267,-113.049,-113.0533
24.926,228,-1081430486,-1081511214,-1.08344,-1.073817
24.927,232,-1081430486,-1081511214,-1.08344,-1.073817
24.928,236,-1081430486,-1081511214,-1.08344,-1.073817
24.928,240,989671690,991607406,0.001931698,0.002360966
24.929,244,-1159874062,-1159638131,-0.001691638,-0.001719104
24.929,248,-1097619481,-1097619113,-0.2883904,-0.2884013
24.93,260,1079461009,1079336618,3.36356,3.333903
24.93,352,1031868416,1027366912,0.0630188,0.04598999
24.954,12,1165,1162,1.632513E-42,1.628309E-42
24.956,216,1052070521,1043830541,0.3541448,0.1792872
24.956,220,-1087601672,-1087253295,-0.6738887,-0.6946536
24.957,224,-1025369267,-1025368394,-113.0533,-113.06
24.957,228,-1081511214,-1081593342,-1.073817,-1.064026
24.958,232,-1081511214,-1081593342,-1.073817,-1.064026
24.959,236,-1081511214,-1081593342,-1.073817,-1.064026
24.959,240,991607406,983345627,0.002360966,0.001195248
24.96,244,-1159638131,-1159183108,-0.001719104,-0.001772075
24.96,248,-1097619113,-1097618543,-0.2884013,-0.2884183
24.961,260,1079336618,1079209576,3.333903,3.303614
24.962,352,1027366912,1027637248,0.04598999,0.04699707
25.018,12,1162,1158,1.628309E-42,1.622704E-42
25.019,216,1043830541,1025508352,0.1792872,0.03906631
25.019,220,-1087253295,-1085992162,-0.6946536,-0.769823
25.02,224,-1025368394,-1025368137,-113.06,-113.0619
25.02,228,-1081593342,-1081703039,-1.064026,-1.050949
25.021,232,-1081593342,-1081703039,-1.064026,-1.050949
25.022,236,-1081593342,-1081703039,-1.064026,-1.050949
25.022,240,983345627,965250034,0.001195248,0.0002604421
25.023,244,-1159183108,-1157581909,-0.001772075,-0.001963834
25.024,248,-1097618543,-1097618375,-0.2884183,-0.2884233
25.024,260,1079209576,1079039219,3.303614,3.262997
25.025,352,1027637248,1031864320,0.04699707,0.06298828
25.079,12,1158,1156,1.622704E-42,1.619901E-42
25.08,216,1025508352,981705261,0.03906631,0.001004284
25.081,220,-1085992162,-1085435358,-0.769823,-0.8030111
25.082,224,-1025368137,-1025368271,-113.0619,-113.0609
25.083,228,-1081703039,-1081784895,-1.050949,-1.041191
25.083,232,-1081703039,-1081784895,-1.050949,-1.041191
25.084,236,-1081703039,-1081784895,-1.050949,-1.041191
25.084,240,965250034,920692621,0.0002604421,6.695226E-06
25.085,244,-1157581909,-1157218282,-0.001963834,-0.002048498
25.085,248,-1097618375,-1097618463,-0.2884233,-0.2884207
25.086,260,1079039219,1078912017,3.262997,3.23267
25.087,352,1031864320,1027645440,0.06298828,0.04702759
25.111,12,1156,1153,1.619901E-42,1.615697E-42
25.112,216,981705261,-1131751464,0.001004284,-0.01694863
25.113,220,-1085435358,-1084763029,-0.8030111,-0.843085
25.114,224,-1025368271,-1025368494,-113.0609,-113.0592
25.114,228,-1081784895,-1081866691,-1.041191,-1.03144
25.115,232,-1081784895,-1081866691,-1.041191,-1.03144
25.116,236,-1081784895,-1081866691,-1.041191,-1.03144
25.116,240,920692621,-1192430210,6.695226E-06,-0.0001129908
25.117,244,-1157218282,-1156779210,-0.002048498,-0.002150727
25.117,248,-1097618463,-1097618608,-0.2884207,-0.2884164
25.118,260,1078912017,1078784873,3.23267,3.202357
25.118,352,1027645440,1027637248,0.04702759,0.04699707
25.173,12,1153,1149,1.615697E-42,1.610092E-42
25.174,216,-1131751464,-1133070440,-0.01694863,-0.01505842
25.175,220,-1084763029,-1083427184,-0.843085,-0.9227076
25.176,224,-1025368494,-1025369167,-113.0592,-113.0541
25.176,228,-1081866691,-1081974542,-1.03144,-1.018584
25.177,232,-1081866691,-1081974542,-1.03144,-1.018584
25.177,236,-1081866691,-1081974542,-1.03144,-1.018584
25.178,240,-1192430210,-1194162128,-0.0001129908,-0.0001003895
25.178,244,-1156779210,-1155906821,-0.002150727,-0.002353846
25.179,248,-1097618608,-1097619048,-0.2884164,-0.2884033
25.18,260,1078784873,1078617113,3.202357,3.162359
25.18,352,1027637248,1031659520,0.04699707,0.0619812
25.236,12,1149,1146,1.610092E-42,1.605888E-42
25.237,216,-1133070440,993543506,-0.01505842,0.002811749
25.238,220,-1083427184,-1082936983,-0.9227076,-0.9519258
25.238,224,-1025369167,-1025369325,-113.0541,-113.0529
25.239,228,-1081974542,-1082056490,-1.018584,-1.008815
25.239,232,-1081974542,-1082056490,-1.018584,-1.008815
25.24,236,-1081974542,-1082056490,-1.018584,-1.008815
25.241,240,-1194162128,933052049,-0.0001003895,1.874499E-05
25.241,244,-1155906821,-1155586690,-0.002353846,-0.002428382
25.242,248,-1097619048,-1097619151,-0.2884033,-0.2884002
25.242,260,1078617113,1078489788,3.162359,3.132003
25.243,352,1031659520,1027637248,0.0619812,0.04699707
25.267,12,1146,1143,1.605888E-42,1.601684E-42
25.268,216,993543506,1000045190,0.002811749,0.004744831
25.269,220,-1082936983,-1082377363,-0.9519258,-0.9852818
25.269,224,-1025369325,-1025369506,-113.0529,-113.0515
25.27,228,-1082056490,-1082146433,-1.008815,-0.9990463
25.27,232,-1082056490,-1082146433,-1.008815,-0.9990463
25.271,236,-1082056490,-1082146433,-1.008815,-0.9990463
25.271,240,933052049,939830482,1.874499E-05,3.16322E-05
25.272,244,-1155586690,-1155221224,-0.002428382,-0.002513474
25.273,248,-1097619151,-1097619269,-0.2884002,-0.2883967
25.274,260,1078489788,1078362498,3.132003,3.101655
25.33,12,1143,1140,1.601684E-42,1.59748E-42
25.331,216,1000045190,1000989541,0.004744831,0.005184578
25.332,220,-1082377363,-1081863340,-0.9852818,-1.03184
25.332,224,-1025369506,-1032883837,-113.0515,-59.86085
25.333,228,-1082146433,-1082318278,-0.9990463,-0.9888035
25.333,232,-1082146433,-1082318278,-0.9990463,-0.9888035
25.334,236,-1082146433,-1082318278,-0.9990463,-0.9888035
25.335,240,939830482,940636328,3.16322E-05,3.456385E-05
25.335,244,-1155221224,-1154711108,-0.002513474,-0.002632244
25.336,248,-1097619269,-1105436921,-0.2883967,-0.1527063
25.336,260,1078362498,1078234218,3.101655,3.07107
25.337,352,1027637248,1031667712,0.04699707,0.06201172
25.392,12,1140,1139,1.59748E-42,1.596079E-42
25.393,216,1000989541,-1145179998,0.005184578,-0.005796508
25.394,220,-1081863340,1057980255,-1.03184,0.5605373
25.394,224,-1032883837,-1032882730,-59.86085,-59.86507
25.395,228,-1082318278,-1082404845,-0.9888035,-0.9836437
25.396,232,-1082318278,-1082404845,-0.9888035,-0.9836437
25.396,236,-1082318278,-1082404845,-0.9888035,-0.9836437
25.397,240,940636328,-1205725947,3.456385E-05,-3.864339E-05
25.397,244,-1154711108,985361636,-0.002632244,0.001429942
25.398,248,-1105436921,-1105436198,-0.1527063,-0.152717
25.398,260,1078234218,1078166960,3.07107,3.055035
25.399,352,1031667712,1027637248,0.06201172,0.04699707
25.423,12,1139,1137,1.596079E-42,1.593276E-42
25.424,216,-1145179998,-1123787670,-0.005796508,-0.0323147
25.425,220,1057980255,1057898959,0.5605373,0.5556917
25.426,224,-1032882730,-1032882995,-59.86507,-59.86406
25.426,228,-1082404845,-1082491238,-0.9836437,-0.9784943
25.427,232,-1082404845,-1082491238,-0.9836437,-0.9784943
25.428,236,-1082404845,-1082491238,-0.9836437,-0.9784943
25.428,240,-1205725947,-1184766617,-3.864339E-05,-0.0002154313
25.429,244,985361636,985255454,0.001429942,0.001417581
25.43,248,-1105436198,-1105436371,-0.152717,-0.1527144
25.43,260,1078166960,1078099788,3.055035,3.03902
25.485,12,1137,1135,1.593276E-42,1.590474E-42
25.486,76,0,1,0,1.401298E-45
25.487,88,0,17,0,2.382207E-44
25.488,92,0,1062171562,0,0.8103586
25.488,96,0,5,0,7.006492E-45
25.489,216,-1123787670,-1112359042,-0.0323147,-0.0872793
25.49,220,1057898959,1057284402,0.5556917,0.5190612
25.491,224,-1032882995,-1032883318,-59.86406,-59.86283
25.491,228,-1082491238,-1082606698,-0.9784943,-0.9716123
25.492,232,-1082491238,-1082606698,-0.9784943,-0.9716123
25.493,236,-1082491238,-1082606698,-0.9784943,-0.9716123
25.493,240,-1184766617,-1172797414,-0.0002154313,-0.0005818621
25.494,244,985255454,984452768,0.001417581,0.001324136
25.494,248,-1105436371,-1105436582,-0.1527144,-0.1527113
25.495,260,1078099788,1078009764,3.03902,3.017556
25.496,352,1027637248,1031868416,0.04699707,0.0630188
25.548,12,1135,1134,1.590474E-42,1.589072E-42
25.549,76,1,0,1.401298E-45,0
25.55,88,17,0,2.382207E-44,0
25.55,92,1062171562,0,0.8103586,0
25.551,96,5,0,7.006492E-45,0
25.552,100,0,1,0,1.401298E-45
25.552,216,-1112359042,-1105578085,-0.0872793,-0.1506027
25.553,220,1057284402,1056906062,0.5190612,0.4982552
25.553,224,-1032883318,-1032883491,-59.86283,-59.86217
25.554,228,-1082606698,-1082690858,-0.9716123,-0.966596
25.555,232,-1082606698,-1082690858,-0.9716123,-0.966596
25.555,236,-1082606698,-1082690858,-0.9716123,-0.966596
25.556,240,-1172797414,-1165780669,-0.0005818621,-0.001004018
25.556,244,984452768,983996843,0.001324136,0.001271059
25.557,248,-1105436582,-1105436695,-0.1527113,-0.1527096
25.558,260,1078009764,1077943976,3.017556,3.001871
25.559,352,1031868416,1027366912,0.0630188,0.04598999
25.579,12,1134,1132,1.589072E-42,1.58627E-42
25.58,100,1,0,1.401298E-45,0
25.581,216,-1105578085,-1105313838,-0.1506027,-0.1545403
25.582,220,1056906062,1056043686,0.4982552,0.4725544
25.583,224,-1032883491,-1032884260,-59.86217,-59.85924
25.583,228,-1082690858,-1082776757,-0.966596,-0.961476
25.584,232,-1082690858,-1082776757,-0.966596,-0.961476
25.584,236,-1082690858,-1082776757,-0.966596,-0.961476
25.585,240,-1165780669,-1165555178,-0.001004018,-0.001030269
25.585,244,983996843,983433659,0.001271059,0.001205496
25.586,248,-1105436695,-1105437197,-0.1527096,-0.1527021
25.586,260,1077943976,1077876821,3.001871,2.98586
25.587,352,1027366912,1027637248,0.04598999,0.04699707
25.642,12,1132,1130,1.58627E-42,1.583467E-42
25.643,216,-1105313838,-1106739352,-0.1545403,-0.1332985
25.644,220,1056043686,1053728318,0.4725544,0.403551
25.644,224,-1032884260,-1032885206,-59.85924,-59.85563
25.645,228,-1082776757,-1082891757,-0.961476,-0.9546215
25.645,232,-1082776757,-1082891757,-0.961476,-0.9546215
25.646,236,-1082776757,-1082891757,-0.961476,-0.9546215
25.646,240,-1165555178,-1167526721,-0.001030269,-0.0008886568
25.647,244,983433659,981921582,0.001205496,0.001029467
25.648,248,-1105437197,-1105437815,-0.1527021,-0.1526929
25.648,260,1077876821,1077786939,2.98586,2.964431
25.649,352,1027637248,1031864320,0.04699707,0.06298828
25.706,12,1130,1129,1.583467E-42,1.582066E-42
25.707,76,0,1,0,1.401298E-45
25.708,88,0,17,0,2.382207E-44
25.709,92,0,1062171562,0,0.8103586
25.709,96,0,5,0,7.006492E-45
25.71,216,-1106739352,-1117498432,-0.1332985,-0.05574393
25.71,220,1053728318,1052747790,0.403551,0.374329
25.711,224,-1032885206,-1032885617,-59.85563,-59.85406
25.712,228,-1082891757,-1082977995,-0.9546215,-0.9494813
25.712,232,-1082891757,-1082977995,-0.9546215,-0.9494813
25.713,236,-1082891757,-1082977995,-0.9546215,-0.9494813
25.713,240,-1167526721,-1178413356,-0.0008886568,-0.0003716262
25.714,244,981921582,981095338,0.001029467,0.000954921
25.714,248,-1105437815,-1105438083,-0.1526929,-0.1526889
25.715,260,1077786939,1077719789,2.964431,2.948421
25.716,352,1031864320,1027645440,0.06298828,0.04702759
25.735,12,1129,1127,1.582066E-42,1.579263E-42
25.736,76,1,0,1.401298E-45,0
25.737,88,17,0,2.382207E-44,0
25.738,92,1062171562,0,0.8103586,0
25.739,96,5,0,7.006492E-45,0
25.739,100,0,1,0,1.401298E-45
25.74,216,-1117498432,-1129822281,-0.05574393,-0.02054201
25.741,220,1052747790,1051715722,0.374329,0.343571
25.741,224,-1032885617,-1032885649,-59.85406,-59.85394
25.742,228,-1082977995,-1083064391,-0.9494813,-0.9443317
25.743,232,-1082977995,-1083064391,-0.9494813,-0.9443317
25.743,236,-1082977995,-1083064391,-0.9494813,-0.9443317
25.744,240,-1178413356,-1190160037,-0.0003716262,-0.0001369467
25.745,244,981095338,979747331,0.000954921,0.0008764567
25.746,248,-1105438083,-1105438104,-0.1526889,-0.1526886
25.746,260,1077719789,1077652622,2.948421,2.932407
25.747,352,1027645440,1027637248,0.04702759,0.04699707
25.798,12,1127,1125,1.579263E-42,1.576461E-42
25.799,100,1,0,1.401298E-45,0
25.8,216,-1129822281,-1140353725,-0.02054201,-0.008275333
25.8,220,1051715722,1050116934,0.343571,0.2959234
25.801,224,-1032885649,-1032886007,-59.85394,-59.85257
25.801,228,-1083064391,-1083178086,-0.9443317,-0.937555
25.802,232,-1083064391,-1083178086,-0.9443317,-0.937555
25.803,236,-1083064391,-1083178086,-0.9443317,-0.937555
25.803,240,-1190160037,-1201183452,-0.0001369467,-5.516889E-05
25.804,244,979747331,977659118,0.0008764567,0.0007549067
25.804,248,-1105438104,-1105438338,-0.1526886,-0.1526851
25.805,260,1077652622,1077564247,2.932407,2.911337
25.806,352,1027637248,1031659520,0.04699707,0.0619812
25.861,12,1125,1124,1.576461E-42,1.575059E-42
25.862,216,-1140353725,-1131353550,-0.008275333,-0.0176898
25.863,220,1050116934,1049755911,0.2959234,0.2851641
25.863,224,-1032886007,-1032886091,-59.85257,-59.85225
25.864,228,-1083178086,-1083264485,-0.937555,-0.9324052
25.864,232,-1083178086,-1083264485,-0.937555,-0.9324052
25.865,236,-1083178086,-1083264485,-0.937555,-0.9324052
25.866,240,-1201183452,-1191751103,-5.516889E-05,-0.000117932
25.866,244,977659118,977187577,0.0007549067,0.0007274594
25.867,248,-1105438338,-1105438393,-0.1526851,-0.1526843
25.868,260,1077564247,1077497106,2.911337,2.895329
25.868,352,1031659520,1027637248,0.0619812,0.04699707
25.893,12,1124,1122,1.575059E-42,1.572257E-42
25.894,76,0,1,0,1.401298E-45
25.895,88,0,17,0,2.382207E-44
25.895,92,0,1062171562,0,0.8103586
25.896,96,0,5,0,7.006492E-45
25.897,216,-1131353550,-1126795435,-0.0176898,-0.02617995
25.897,220,1049755911,1049445967,0.2851641,0.275927
25.898,224,-1032886091,-1032886131,-59.85225,-59.8521
25.899,228,-1083264485,-1083350865,-0.9324052,-0.9272565
25.9,232,-1083264485,-1083350865,-0.9324052,-0.9272565
25.9,236,-1083264485,-1083350865,-0.9324052,-0.9272565
25.901,240,-1191751103,-1187577128,-0.000117932,-0.000174533
25.901,244,977187577,976782753,0.0007274594,0.0007038955
25.902,248,-1105438393,-1105438419,-0.1526843,-0.1526839
25.903,260,1077497106,1077429965,2.895329,2.879321
25.956,12,1122,1120,1.572257E-42,1.569454E-42
25.957,76,1,0,1.401298E-45,0
25.958,88,17,0,2.382207E-44,0
25.958,92,1062171562,0,0.8103586,0
25.959,96,5,0,7.006492E-45,0
25.959,100,0,1,0,1.401298E-45
25.96,216,-1126795435,-1114233906,-0.02617995,-0.07331048
25.961,220,1049445967,1048635105,0.275927,0.2517615
25.961,224,-1032886131,-1032886518,-59.8521,-59.85062
25.962,228,-1083350865,-1083464337,-0.9272565,-0.9204931
25.962,232,-1083350865,-1083464337,-0.9272565,-0.9204931
25.963,236,-1083350865,-1083464337,-0.9272565,-0.9204931
25.963,240,-1187577128,-1174397298,-0.000174533,-0.0004887366
25.964,244,976782753,975723668,0.0007038955,0.0006422487
25.965,248,-1105438419,-1105438672,-0.1526839,-0.1526802
25.966,260,1077429965,1077341571,2.879321,2.858247
25.967,352,1027637248,1031667712,0.04699707,0.06201172
26.017,12,1120,1119,1.569454E-42,1.568053E-42
26.018,100,1,0,1.401298E-45,0
26.019,216,-1114233906,-1110493497,-0.07331048,-0.1011787
26.02,220,1048635105,1047992511,0.2517615,0.2413053
26.02,224,-1032886518,-1032886862,-59.85062,-59.84931
26.021,228,-1083464337,-1083550350,-0.9204931,-0.9153663
26.021,232,-1083464337,-1083550350,-0.9204931,-0.9153663
26.022,236,-1083464337,-1083550350,-0.9204931,-0.9153663
26.023,240,-1174397298,-1171205483,-0.0004887366,-0.0006745246
26.023,244,975723668,975265415,0.0006422487,0.0006155748
26.024,248,-1105438672,-1105438896,-0.1526802,-0.1526768
26.024,260,1077341571,1077274501,2.858247,2.842256
26.025,352,1031667712,1027637248,0.06201172,0.04699707
26.049,12,1119,1117,1.568053E-42,1.56525E-42
26.05,216,-1110493497,-1107140901,-0.1011787,-0.127315
26.051,220,1047992511,1047171514,0.2413053,0.2290715
26.051,224,-1032886862,-1032887400,-59.84931,-59.84726
26.052,228,-1083550350,-1083636256,-0.9153663,-0.9102459
26.052,232,-1083550350,-1083636256,-0.9153663,-0.9102459
26.053,236,-1083550350,-1083636256,-0.9153663,-0.9102459
26.053,240,-1171205483,-1168212031,-0.0006745246,-0.0008487665
26.054,244,975265415,974729254,0.0006155748,0.0005843661
26.054,248,-1105438896,-1105439248,-0.1526768,-0.1526716
26.055,260,1077274501,1077207446,2.842256,2.826269
26.11,12,1117,1115,1.56525E-42,1.562448E-42
26.112,216,-1107140901,-1109809352,-0.127315,-0.106276
26.112,220,1047171514,1044919251,0.2290715,0.1955102
26.113,224,-1032887400,-1032888050,-59.84726,-59.84478
26.113,228,-1083636256,-1083751460,-0.9102459,-0.9033792
26.114,232,-1083636256,-1083751460,-0.9102459,-0.9033792
26.115,236,-1083636256,-1083751460,-0.9102459,-0.9033792
26.115,240,-1168212031,-1170621679,-0.0008487665,-0.0007085065
26.116,244,974729254,973258388,0.0005843661,0.0004987505
26.116,248,-1105439248,-1105439672,-0.1526716,-0.1526653
26.117,260,1077207446,1077117575,2.826269,2.804842
26.118,352,1027637248,1031868416,0.04699707,0.0630188
26.174,12,1115,1114,1.562448E-42,1.561046E-42
26.175,216,-1109809352,-1112363673,-0.106276,-0.0872448
26.176,220,1044919251,1044002334,0.1955102,0.1818471
26.176,224,-1032888050,-1032888253,-59.84478,-59.84401
26.177,228,-1083751460,-1083835734,-0.9033792,-0.8983561
26.177,232,-1083751460,-1083835734,-0.9033792,-0.8983561
26.178,236,-1083751460,-1083835734,-0.9033792,-0.8983561
26.178,240,-1170621679,-1172801366,-0.0007085065,-0.000581632
26.179,244,973258388,972240643,0.0004987505,0.0004638956
26.18,248,-1105439672,-1105439805,-0.1526653,-0.1526633
26.18,260,1077117575,1077051902,2.804842,2.789184
26.181,352,1031868416,1027366912,0.0630188,0.04598999
26.206,12,1114,1112,1.561046E-42,1.558244E-42
26.207,216,-1112363673,-1120145439,-0.0872448,-0.04588306
26.207,220,1044002334,1043080080,0.1818471,0.1681044
26.208,224,-1032888253,-1032888829,-59.84401,-59.84181
26.208,228,-1083835734,-1083921914,-0.8983561,-0.8932194
26.209,232,-1083835734,-1083921914,-0.8983561,-0.8932194
26.21,236,-1083835734,-1083921914,-0.8983561,-0.8932194
26.21,240,-1172801366,-1180672136,-0.000581632,-0.0003058871
26.211,244,972240643,971036066,0.0004638956,0.0004288378
26.211,248,-1105439805,-1105440181,-0.1526633,-0.1526577
26.212,260,1077051902,1076984866,2.789184,2.773201
26.213,352,1027366912,1027637248,0.04598999,0.04699707
26.267,12,1112,1110,1.558244E-42,1.555441E-42
26.268,216,-1120145439,-1126979920,-0.04588306,-0.02583632
26.269,220,1043080080,1040978484,0.1681044,0.1367882
26.269,224,-1032888829,-1032888981,-59.84181,-59.84123
26.27,228,-1083921914,-1084037367,-0.8932194,-0.8863378
26.27,232,-1083921914,-1084037367,-0.8932194,-0.8863378
26.271,236,-1083921914,-1084037367,-0.8932194,-0.8863378
26.271,240,-1180672136,-1187734555,-0.0003058871,-0.0001722421
26.272,244,971036066,968291124,0.0004288378,0.0003489495
26.273,248,-1105440181,-1105440280,-0.1526577,-0.1526562
26.273,260,1076984866,1076895116,2.773201,2.751803
26.274,352,1027637248,1031864320,0.04699707,0.06298828
26.331,12,1110,1109,1.555441E-42,1.55404E-42
26.332,216,-1126979920,-1127070909,-0.02583632,-0.02566684
26.333,220,1040978484,1040049948,0.1367882,0.123976
26.333,224,-1032888981,-1032889316,-59.84123,-59.83995
26.334,228,-1084037367,-1084123666,-0.8863378,-0.881194
26.334,232,-1084037367,-1084123666,-0.8863378,-0.881194
26.335,236,-1084037367,-1084123666,-0.8863378,-0.881194
26.335,240,-1187734555,-1187812199,-0.0001722421,-0.0001711123
26.336,244,968291124,967168102,0.0003489495,0.0003162652
26.337,248,-1105440280,-1105440499,-0.1526562,-0.1526529
26.337,260,1076895116,1076828042,2.751803,2.735812
26.338,352,1031864320,1027645440,0.06298828,0.04702759
26.361,12,1109,1107,1.55404E-42,1.551237E-42
26.363,216,-1127070909,-1122001439,-0.02566684,-0.03896892
26.363,220,1040049948,1038275912,0.123976,0.1107584
26.364,224,-1032889316,-1032889431,-59.83995,-59.83951
26.364,228,-1084123666,-1084209891,-0.881194,-0.8760546
26.365,232,-1084123666,-1084209891,-0.881194,-0.8760546
26.366,236,-1084123666,-1084209891,-0.881194,-0.8760546
26.366,240,-1187812199,-1182255922,-0.0001711123,-0.0002597928
26.367,244,967168102,966009548,0.0003162652,0.0002825469
26.368,248,-1105440499,-1105440574,-0.1526529,-0.1526518
26.368,260,1076828042,1076760992,2.735812,2.719826
26.369,352,1027645440,1027637248,0.04702759,0.04699707
26.423,12,1107,1105,1.551237E-42,1.548435E-42
26.424,216,-1122001439,-1114354204,-0.03896892,-0.07241419
26.425,220,1038275912,1034122424,0.1107584,0.07981247
26.425,224,-1032889431,-1032889711,-59.83951,-59.83844
26.426,228,-1084209891,-1084323262,-0.8760546,-0.8692971
26.427,232,-1084209891,-1084323262,-0.8760546,-0.8692971
26.427,236,-1084209891,-1084323262,-0.8760546,-0.8692971
26.428,240,-1182255922,-1174594785,-0.0002597928,-0.0004827613
26.429,244,966009548,961904212,0.0002825469,0.0002036032
26.429,248,-1105440574,-1105440757,-0.1526518,-0.1526491
26.43,260,1076760992,1076672690,2.719826,2.698773
26.431,352,1027637248,1031659520,0.04699707,0.0619812
26.485,12,1105,1103,1.548435E-42,1.545632E-42
26.487,216,-1114354204,-1108066653,-0.07241419,-0.1192601
26.487,220,1034122424,1032405386,0.07981247,0.06701954
26.488,224,-1032889711,-1032890129,-59.83844,-59.83685
26.489,228,-1084323262,-1084409167,-0.8692971,-0.8641768
26.489,232,-1084323262,-1084409167,-0.8692971,-0.8641768
26.49,236,-1084323262,-1084409167,-0.8692971,-0.8641768
26.491,240,-1174594785,-1169134576,-0.0004827613,-0.0007950673
26.491,244,961904212,959661550,0.0002036032,0.0001709682
26.492,248,-1105440757,-1105441030,-0.1526491,-0.152645
26.492,260,1076672690,1076605663,2.698773,2.682792
26.493,352,1031659520,1027637248,0.0619812,0.04699707
26.517,12,1103,1102,1.545632E-42,1.544231E-42
26.518,216,-1108066653,-1104598604,-0.1192601,-0.1651981
26.519,220,1032405386,1029414898,0.06701954,0.05361933
26.519,224,-1032890129,-1032890636,-59.83685,-59.83492
26.52,228,-1084409167,-1084494912,-0.8641768,-0.859066
26.52,232,-1084409167,-1084494912,-0.8641768,-0.859066
26.521,236,-1084409167,-1084494912,-0.8641768,-0.859066
26.522,240,-1169134576,-1164944845,-0.0007950673,-0.001101321
26.522,244,959661550,957312430,0.0001709682,0.000136784
26.523,248,-1105441030,-1105441361,-0.152645,-0.1526401
26.523,260,1076605663,1076538638,2.682792,2.666812
26.58,12,1102,1100,1.544231E-42,1.541428E-42
26.581,216,-1104598604,-1105204423,-0.1651981,-0.1561707
26.582,220,1029414898,1018887719,0.05361933,0.02282627
26.582,224,-1032890636,-1032891706,-59.83492,-59.83083
26.583,228,-1084494912,-1084607850,-0.859066,-0.8523344
26.584,232,-1084494912,-1084607850,-0.859066,-0.8523344
26.584,236,-1084494912,-1084607850,-0.859066,-0.8523344
26.585,240,-1164944845,-1165461810,-0.001101321,-0.001041138
26.585,244,957312430,947141704,0.000136784,5.823027E-05
26.586,248,-1105441361,-1105442060,-0.1526401,-0.1526297
26.586,260,1076538638,1076450373,2.666812,2.645768
26.587,352,1027637248,1031667712,0.04699707,0.06201172
26.642,12,1100,1098,1.541428E-42,1.538626E-42
26.643,216,-1105204423,-1106162035,-0.1561707,-0.1419012
26.644,220,1018887719,1009931915,0.02282627,0.01088489
26.644,224,-1032891706,-1032892181,-59.83083,-59.82902
26.645,228,-1084607850,-1084693687,-0.8523344,-0.8472181
26.646,232,-1084607850,-1084693687,-0.8523344,-0.8472181
26.646,236,-1084607850,-1084693687,-0.8523344,-0.8472181
26.647,240,-1165461810,-1166541433,-0.001041138,-0.0009460081
26.647,244,947141704,938012268,5.823027E-05,2.776758E-05
26.648,248,-1105442060,-1105442370,-0.1526297,-0.1526251
26.648,260,1076450373,1076383347,2.645768,2.629788
26.649,352,1031667712,1027637248,0.06201172,0.04699707
26.673,12,1098,1097,1.538626E-42,1.537224E-42
26.675,216,-1106162035,-1114418297,-0.1419012,-0.07193666
26.675,220,1009931915,-1157413117,0.01088489,-0.002003134
26.676,224,-1032892181,-1032892862,-59.82902,-59.82642
26.676,228,-1084693687,-1084779785,-0.8472181,-0.8420863
26.677,232,-1084693687,-1084779785,-0.8472181,-0.8420863
26.677,236,-1084693687,-1084779785,-0.8472181,-0.8420863
26.678,240,-1166541433,-1174704170,-0.0009460081,-0.0004795777
26.679,244,938012268,-1230276897,2.776758E-05,-5.110036E-06
26.679,248,-1105442370,-1105442815,-0.1526251,-0.1526184
26.68,260,1076383347,1076316320,2.629788,2.613808
26.736,12,1097,1095,1.537224E-42,1.534422E-42
26.738,216,-1114418297,-1122840755,-0.07193666,-0.03584223
26.738,220,-1157413117,-1123703756,-0.002003134,-0.0326273
26.739,224,-1032892862,-1032893351,-59.82642,-59.82456
26.74,228,-1084779785,-1084895245,-0.8420863,-0.8352043
26.74,232,-1084779785,-1084895245,-0.8420863,-0.8352043
26.741,236,-1084779785,-1084895245,-0.8420863,-0.8352043
26.741,240,-1174704170,-1183150550,-0.0004795777,-0.0002389482
26.742,244,-1230276897,-1196520109,-5.110036E-06,-8.32329E-05
26.743,248,-1105442815,-1105443134,-0.1526184,-0.1526137
26.743,260,1076316320,1076226549,2.613808,2.592405
26.744,352,1027637248,1031868416,0.04699707,0.0630188
26.799,12,1095,1093,1.534422E-42,1.531619E-42
26.8,216,-1122840755,-1131738033,-0.03584223,-0.01697364
26.801,220,-1123703756,-1120476646,-0.0326273,-0.04464922
26.801,224,-1032893351,-1032893233,-59.82456,-59.82501
26.802,228,-1084895245,-1084979770,-0.8352043,-0.8301662
26.803,232,-1084895245,-1084979770,-0.8352043,-0.8301662
26.803,236,-1084895245,-1084979770,-0.8352043,-0.8301662
26.804,240,-1183150550,-1192407288,-0.0002389482,-0.0001131576
26.804,244,-1196520109,-1192305107,-8.32329E-05,-0.0001139011
26.805,248,-1105443134,-1105443057,-0.1526137,-0.1526148
26.806,260,1076226549,1076160897,2.592405,2.576752
26.807,352,1031868416,1027366912,0.0630188,0.04598999
26.83,12,1093,1092,1.531619E-42,1.530218E-42
26.831,216,-1131738033,-1125984097,-0.01697364,-0.02769118
26.831,220,-1120476646,-1117176210,-0.04464922,-0.0569443
26.832,224,-1032893233,-1032893630,-59.82501,-59.82349
26.832,228,-1084979770,-1085066033,-0.8301662,-0.8250245
26.833,232,-1084979770,-1085066033,-0.8301662,-0.8250245
26.834,236,-1084979770,-1085066033,-0.8301662,-0.8250245
26.834,240,-1192407288,-1186884786,-0.0001131576,-0.0001846079
26.835,244,-1192305107,-1189588335,-0.0001139011,-0.0001452661
26.835,248,-1105443057,-1105443316,-0.1526148,-0.152611
26.836,260,1076160897,1076093866,2.576752,2.560771
26.837,352,1027366912,1027637248,0.04598999,0.04699707
26.892,12,1092,1090,1.530218E-42,1.527415E-42
26.893,216,-1125984097,-1122174709,-0.02769118,-0.03832344
26.894,220,-1117176210,-1112616699,-0.0569443,-0.08535961
26.894,224,-1032893630,-1032893974,-59.82349,-59.82218
26.895,228,-1085066033,-1085181440,-0.8250245,-0.8181458
26.896,232,-1085066033,-1085181440,-0.8250245,-0.8181458
26.896,236,-1085066033,-1085181440,-0.8250245,-0.8181458
26.897,240,-1186884786,-1182403779,-0.0001846079,-0.0002554896
26.897,244,-1189588335,-1184606996,-0.0001452661,-0.0002177541
26.898,248,-1105443316,-1105443541,-0.152611,-0.1526076
26.899,260,1076093866,1076004136,2.560771,2.539377
26.899,352,1027637248,1031864320,0.04699707,0.06298828
26.955,12,1090,1088,1.527415E-42,1.524613E-42
26.956,216,-1122174709,-1113497519,-0.03832344,-0.07879699
26.957,220,-1112616699,-1111509860,-0.08535961,-0.0936062
26.957,224,-1032893974,-1032893859,-59.82218,-59.82262
26.958,228,-1085181440,-1085267666,-0.8181458,-0.8130063
26.959,232,-1085181440,-1085267666,-0.8181458,-0.8130063
26.959,236,-1085181440,-1085267666,-0.8181458,-0.8130063
26.96,240,-1182403779,-1173768915,-0.0002554896,-0.0005253133
26.96,244,-1184606996,-1183161328,-0.0002177541,-0.0002387913
26.961,248,-1105443541,-1105443466,-0.1526076,-0.1526087
26.961,260,1076004136,1075936992,2.539377,2.523369
26.962,352,1031864320,1027645440,0.06298828,0.04702759
26.986,12,1088,1087,1.524613E-42,1.523211E-42
26.987,216,-1113497519,-1107417870,-0.07879699,-0.1240939
26.987,220,-1111509860,-1110567847,-0.0936062,-0.1006247
26.988,224,-1032893859,-1032894391,-59.82262,-59.82059
26.989,228,-1085267666,-1085353601,-0.8130063,-0.8078842
26.989,232,-1085267666,-1085353601,-0.8130063,-0.8078842
26.99,236,-1085267666,-1085353601,-0.8130063,-0.8078842
26.99,240,-1173768915,-1168580948,-0.0005253133,-0.0008272927
26.991,244,-1183161328,-1182362336,-0.0002387913,-0.0002566958
26.992,248,-1105443466,-1105443813,-0.1526087,-0.1526036
26.992,260,1075936992,1075869960,2.523369,2.507387
26.993,352,1027645440,1027637248,0.04702759,0.04699707
27.048,12,1087,1085,1.523211E-42,1.520409E-42
27.049,216,-1107417870,-1105675182,-0.1240939,-0.1491559
27.05,220,-1110567847,-1110963055,-0.1006247,-0.09768022
27.05,224,-1032894391,-1032895334,-59.82059,-59.81699
27.051,228,-1085353601,-1085466605,-0.8078842,-0.8011486
27.051,232,-1085353601,-1085466605,-0.8078842,-0.8011486
27.052,236,-1085353601,-1085466605,-0.8078842,-0.8011486
27.052,240,-1168580948,-1165863525,-0.0008272927,-0.0009943725
27.053,244,-1182362336,-1182620431,-0.0002566958,-0.0002491842
27.054,248,-1105443813,-1105444429,-0.1526036,-0.1525944
27.054,260,1075869960,1075781720,2.507387,2.486349
27.055,352,1027637248,1031659520,0.04699707,0.0619812
27.112,12,1085,1083,1.520409E-42,1.517606E-42
27.113,76,0,1,0,1.401298E-45
27.113,88,0,17,0,2.382207E-44
27.114,92,0,1062171562,0,0.8103586
27.115,96,0,5,0,7.006492E-45
27.115,216,-1105675182,-1107138726,-0.1491559,-0.1273474
27.116,220,-1110963055,-1111475239,-0.09768022,-0.09386415
27.117,224,-1032895334,-1032895735,-59.81699,-59.81546
27.117,228,-1085466605,-1085552571,-0.8011486,-0.7960246
27.118,232,-1085466605,-1085552571,-0.8011486,-0.7960246
27.118,236,-1085466605,-1085552571,-0.8011486,-0.7960246
27.119,240,-1165863525,-1168208319,-0.0009943725,-0.0008489825
27.119,244,-1182620431,-1183116109,-0.0002491842,-0.0002394494
27.12,248,-1105444429,-1105444691,-0.1525944,-0.1525905
27.12,260,1075781720,1075714675,2.486349,2.470364
27.122,352,1031659520,1027637248,0.0619812,0.04699707
27.142,12,1083,1082,1.517606E-42,1.516205E-42
27.143,76,1,0,1.401298E-45,0
27.144,88,17,0,2.382207E-44,0
27.144,92,1062171562,0,0.8103586,0
27.145,96,5,0,7.006492E-45,0
27.145,100,0,1,0,1.401298E-45
27.146,216,-1107138726,-1111885840,-0.1273474,-0.09080493
27.146,220,-1111475239,-1112883279,-0.09386415,-0.08337343
27.147,224,-1032895735,-1032896256,-59.81546,-59.81348
27.148,228,-1085552571,-1085638660,-0.7960246,-0.7908933
27.148,232,-1085552571,-1085638660,-0.7960246,-0.7908933
27.149,236,-1085552571,-1085638660,-0.7960246,-0.7908933
27.149,240,-1168208319,-1172393615,-0.0008489825,-0.0006053663
27.15,244,-1183116109,-1184955182,-0.0002394494,-0.0002126873
27.15,248,-1105444691,-1105445031,-0.1525905,-0.1525854
27.152,260,1075714675,1075647629,2.470364,2.454379
27.205,12,1082,1080,1.516205E-42,1.513402E-42
27.206,100,1,0,1.401298E-45,0
27.207,216,-1111885840,-1114460202,-0.09080493,-0.07162444
27.207,220,-1112883279,-1116942290,-0.08337343,-0.05781572
27.208,224,-1032896256,-1032896870,-59.81348,-59.81113
27.209,228,-1085638660,-1085752148,-0.7908933,-0.7841289
27.209,232,-1085638660,-1085752148,-0.7908933,-0.7841289
27.21,236,-1085638660,-1085752148,-0.7908933,-0.7841289
27.21,240,-1172393615,-1174775688,-0.0006053663,-0.0004774963
27.211,244,-1184955182,-1189435571,-0.0002126873,-0.0001474891
27.212,248,-1105445031,-1105445432,-0.1525854,-0.1525794
27.212,260,1075647629,1075559356,2.454379,2.433333
27.213,352,1027637248,1031667712,0.04699707,0.06201172
27.268,12,1080,1078,1.513402E-42,1.5106E-42
27.269,216,-1114460202,-1118033898,-0.07162444,-0.05374917
27.27,220,-1116942290,-1119042081,-0.05781572,-0.04999339
27.271,224,-1032896870,-1032897170,-59.81113,-59.80999
27.271,228,-1085752148,-1085838364,-0.7841289,-0.77899
27.272,232,-1085752148,-1085838364,-0.7841289,-0.77899
27.272,236,-1085752148,-1085838364,-0.7841289,-0.77899
27.273,240,-1174775688,-1178870287,-0.0004774963,-0.0003583278
27.274,244,-1189435571,-1190806863,-0.0001474891,-0.0001275342
27.274,248,-1105445432,-1105445628,-0.1525794,-0.1525765
27.275,260,1075559356,1075492329,2.433333,2.417353
27.275,352,1031667712,1027637248,0.06201172,0.04699707
27.298,12,1078,1077,1.5106E-42,1.509198E-42
27.299,76,0,1,0,1.401298E-45
27.3,88,0,17,0,2.382207E-44
27.3,92,0,1062171562,0,0.8103586
27.301,96,0,5,0,7.006492E-45
27.301,216,-1118033898,-1118900171,-0.05374917,-0.05052205
27.302,220,-1119042081,-1120897353,-0.04999339,-0.04308197
27.303,224,-1032897170,-1032897148,-59.80999,-59.81007
27.303,228,-1085838364,-1085924673,-0.77899,-0.7738456
27.304,232,-1085838364,-1085924673,-0.77899,-0.7738456
27.305,236,-1085838364,-1085924673,-0.77899,-0.7738456
27.305,240,-1178870287,-1179609507,-0.0003583278,-0.0003368137
27.306,244,-1190806863,-1192854603,-0.0001275342,-0.000109903
27.307,248,-1105445628,-1105445614,-0.1525765,-0.1525767
27.308,260,1075492329,1075425237,2.417353,2.401357
27.361,12,1077,1075,1.509198E-42,1.506396E-42
27.362,76,1,0,1.401298E-45,0
27.362,88,17,0,2.382207E-44,0
27.363,92,1062171562,0,0.8103586,0
27.364,96,5,0,7.006492E-45,0
27.364,100,0,1,0,1.401298E-45
27.365,216,-1118900171,-1119224867,-0.05052205,-0.04931246
27.366,220,-1120897353,-1125332717,-0.04308197,-0.02890447
27.366,224,-1032897148,-1032897707,-59.81007,-59.80794
27.367,228,-1085924673,-1086040107,-0.7738456,-0.7669652
27.368,232,-1085924673,-1086040107,-0.7738456,-0.7669652
27.368,236,-1085924673,-1086040107,-0.7738456,-0.7669652
27.369,240,-1179609507,-1179886581,-0.0003368137,-0.0003287497
27.369,244,-1192854603,-1197825367,-0.000109903,-7.37359E-05
27.371,248,-1105445614,-1105445979,-0.1525767,-0.1525713
27.371,260,1075425237,1075335518,2.401357,2.379966
27.372,352,1027637248,1031868416,0.04699707,0.0630188
27.423,12,1075,1073,1.506396E-42,1.503593E-42
27.424,100,1,0,1.401298E-45,0
27.425,216,-1119224867,-1115390669,-0.04931246,-0.06469192
27.425,220,-1125332717,-1128484709,-0.02890447,-0.02303343
27.426,224,-1032897707,-1032897971,-59.80794,-59.80693
27.427,228,-1086040107,-1086124433,-0.7669652,-0.761939
27.427,232,-1086040107,-1086124433,-0.7669652,-0.761939
27.428,236,-1086040107,-1086124433,-0.7669652,-0.761939
27.429,240,-1179886581,-1176363685,-0.0003287497,-0.0004312795
27.429,244,-1197825367,-1200196677,-7.37359E-05,-5.875875E-05
27.43,248,-1105445979,-1105446151,-0.1525713,-0.1525687
27.43,260,1075335518,1075269928,2.379966,2.364328
27.431,352,1031868416,1027366912,0.0630188,0.04598999
27.455,12,1073,1072,1.503593E-42,1.502192E-42
27.456,216,-1115390669,-1114788432,-0.06469192,-0.06917894
27.456,220,-1128484709,-1131857271,-0.02303343,-0.01675154
27.457,224,-1032897971,-1032897995,-59.80693,-59.80684
27.458,228,-1086124433,-1086210684,-0.761939,-0.756798
27.458,232,-1086124433,-1086210684,-0.761939,-0.756798
27.459,236,-1086124433,-1086210684,-0.761939,-0.756798
27.459,240,-1176363685,-1175335867,-0.0004312795,-0.0004611929
27.46,244,-1200196677,-1204601656,-5.875875E-05,-4.273353E-05
27.461,248,-1105446151,-1105446167,-0.1525687,-0.1525685
27.461,260,1075269928,1075202834,2.364328,2.348332
27.462,352,1027366912,1027637248,0.04598999,0.04699707
27.517,12,1072,1070,1.502192E-42,1.499389E-42
27.518,76,0,1,0,1.401298E-45
27.518,88,0,17,0,2.382207E-44
27.519,92,0,1062171562,0,0.8103586
27.52,96,0,5,0,7.006492E-45
27.52,216,-1114788432,-1109626776,-0.06917894,-0.1076363
27.521,220,-1131857271,-1157141640,-0.01675154,-0.002066342
27.521,224,-1032897995,-1032898916,-59.80684,-59.80333
27.522,228,-1086210684,-1086325792,-0.756798,-0.7499371
27.523,232,-1086210684,-1086325792,-0.756798,-0.7499371
27.523,236,-1086210684,-1086325792,-0.756798,-0.7499371
27.524,240,-1175335867,-1170465881,-0.0004611929,-0.0007175751
27.524,244,-1204601656,-1229922314,-4.273353E-05,-5.271281E-06
27.525,248,-1105446167,-1105446768,-0.1525685,-0.1525595
27.526,260,1075202834,1075113149,2.348332,2.326949
27.527,352,1027637248,1031864320,0.04699707,0.06298828
27.581,12,1070,1068,1.499389E-42,1.496587E-42
27.582,76,1,0,1.401298E-45,0
27.583,88,17,0,2.382207E-44,0
27.584,92,1062171562,0,0.8103586,0
27.584,96,5,0,7.006492E-45,0
27.585,100,0,1,0,1.401298E-45
27.585,216,-1109626776,-1109723121,-0.1076363,-0.1069184
27.586,220,-1157141640,998046560,-0.002066342,0.003860198
27.586,224,-1032898916,-1032898960,-59.80333,-59.80316
27.587,228,-1086325792,-1086411958,-0.7499371,-0.7448012
27.588,232,-1086325792,-1086411958,-0.7499371,-0.7448012
27.588,236,-1086325792,-1086411958,-0.7499371,-0.7448012
27.589,240,-1170465881,-1170548095,-0.0007175751,-0.0007127897
27.589,244,-1229922314,925185651,-5.271281E-06,9.847444E-06
27.59,248,-1105446768,-1105446797,-0.1525595,-0.1525591
27.59,260,1075113149,1075046018,2.326949,2.310944
27.592,352,1031864320,1027645440,0.06298828,0.04702759
27.611,12,1068,1067,1.496587E-42,1.495185E-42
27.612,100,1,0,1.401298E-45,0
27.613,216,-1109723121,-1110105004,-0.1069184,-0.1040732
27.613,220,998046560,1009432399,0.003860198,0.01041968
27.614,224,-1032898960,-1032899706,-59.80316,-59.80032
27.615,228,-1086411958,-1086498006,-0.7448012,-0.7396723
27.615,232,-1086411958,-1086498006,-0.7448012,-0.7396723
27.616,236,-1086411958,-1086498006,-0.7448012,-0.7396723
27.617,240,-1170548095,-1170873969,-0.0007127897,-0.0006938213
27.617,244,925185651,937359839,9.847444E-06,2.658082E-05
27.618,248,-1105446797,-1105447284,-0.1525591,-0.1525518
27.618,260,1075046018,1074978985,2.310944,2.294962
27.619,352,1027645440,1027637248,0.04702759,0.04699707
27.673,12,1067,1065,1.495185E-42,1.492383E-42
27.674,216,-1110105004,-1114994096,-0.1040732,-0.06764662
27.675,220,1009432399,1020959675,0.01041968,0.02668559
27.676,224,-1032899706,-1032900381,-59.80032,-59.79774
27.676,228,-1086498006,-1086611551,-0.7396723,-0.7329045
27.677,232,-1086498006,-1086611551,-0.7396723,-0.7329045
27.677,236,-1086498006,-1086611551,-0.7396723,-0.7329045
27.678,240,-1170873969,-1175686868,-0.0006938213,-0.0004509775
27.679,244,937359839,948880318,2.658082E-05,6.807547E-05
27.679,248,-1105447284,-1105447725,-0.1525518,-0.1525453
27.68,260,1074978985,1074890683,2.294962,2.273909
27.68,352,1027637248,1031659520,0.04699707,0.0619812
27.736,12,1065,1063,1.492383E-42,1.48958E-42
27.737,216,-1114994096,-1121877969,-0.06764662,-0.03942889
27.737,220,1020959675,1023940288,0.02668559,0.03322482
27.738,224,-1032900381,-1032900307,-59.79774,-59.79802
27.738,228,-1086611551,-1086697917,-0.7329045,-0.7277567
27.739,232,-1086611551,-1086697917,-0.7329045,-0.7277567
27.74,236,-1086611551,-1086697917,-0.7329045,-0.7277567
27.74,240,-1175686868,-1182150561,-0.0004509775,-0.0002628592
27.741,244,948880318,951173037,6.807547E-05,8.47572E-05
27.741,248,-1105447725,-1105447677,-0.1525453,-0.152546
27.742,260,1074890683,1074823591,2.273909,2.257913
27.743,352,1031659520,1027637248,0.0619812,0.04699707
27.768,12,1063,1062,1.48958E-42,1.488179E-42
27.769,216,-1121877969,-1129454103,-0.03942889,-0.02122779
27.77,220,1023940288,1025804726,0.03322482,0.04017039
27.77,224,-1032900307,-1032900790,-59.79802,-59.79618
27.771,228,-1086697917,-1086784268,-0.7277567,-0.7226098
27.771,232,-1086697917,-1086784268,-0.7277567,-0.7226098
27.772,236,-1086697917,-1086784268,-0.7277567,-0.7226098
27.773,240,-1182150561,-1189845858,-0.0002628592,-0.0001415186
27.773,244,951173037,953608221,8.47572E-05,0.0001024755
27.774,248,-1105447677,-1105447992,-0.152546,-0.1525413
27.774,260,1074823591,1074756561,2.257913,2.241932
27.832,216,-1129454103,-1126836937,-0.02122779,-0.02610265
27.833,220,1025804726,-1127546526,0.04017039,-0.02478093
27.833,224,-1032900790,1113429959,-59.79618,55.39822
27.834,228,-1086784268,-1086787859,-0.7226098,-0.7223957
27.834,232,-1086784268,-1086787859,-0.7226098,-0.7223957
27.835,236,-1086784268,-1086787859,-0.7226098,-0.7223957
27.836,240,-1189845858,-1187612543,-0.0001415186,-0.0001740176
27.836,244,953608221,-1199271120,0.0001024755,-6.321666E-05
27.837,248,-1105447992,1041282742,-0.1525413,0.141322
27.837,260,1074756561,1074753695,2.241932,2.241249
27.838,352,1027637248,1031667712,0.04699707,0.06201172
27.893,12,1062,1060,1.488179E-42,1.485376E-42
27.894,216,-1126836937,-1122903334,-0.02610265,-0.0356091
27.895,220,-1127546526,1038649253,-0.02478093,0.11354
27.895,224,1113429959,-1032900848,55.39822,-59.79596
27.896,228,-1086787859,-1086874245,-0.7223957,-0.7172467
27.897,232,-1086787859,-1086874245,-0.7223957,-0.7172467
27.897,236,-1086787859,-1086874245,-0.7223957,-0.7172467
27.898,240,-1187612543,-1183257350,-0.0001740176,-0.000237394
27.899,244,-1199271120,966253362,-6.321666E-05,0.0002896428
27.899,248,1041282742,-1105448030,0.141322,-0.1525407
27.9,260,1074753695,1074686648,2.241249,2.225264
27.9,352,1031667712,1027637248,0.06201172,0.04699707
27.924,12,1060,1062,1.485376E-42,1.488179E-42
27.925,216,-1122903334,-1115742191,-0.0356091,-0.06228644
27.925,220,1038649253,-1129108957,0.11354,-0.02187068
27.926,224,-1032900848,1113430084,-59.79596,55.3987
27.927,228,-1086874245,-1086793412,-0.7172467,-0.7220647
27.927,232,-1086874245,-1086793412,-0.7172467,-0.7220647
27.928,236,-1086874245,-1086793412,-0.7172467,-0.7220647
27.929,240,-1183257350,-1176914697,-0.000237394,-0.0004152429
27.929,244,966253362,-1201012021,0.0002896428,-5.579255E-05
27.93,248,-1105448030,1041282824,-0.1525407,0.1413232
27.93,260,1074686648,1074749186,2.225264,2.240174
27.986,216,-1115742191,-1109665796,-0.06228644,-0.1073456
27.987,220,-1129108957,-1132841372,-0.02187068,-0.01527176
27.987,224,1113430084,1113430404,55.3987,55.39992
27.988,228,-1086793412,-1086796745,-0.7220647,-0.7218661
27.988,232,-1086793412,-1086796745,-0.7220647,-0.7218661
27.989,236,-1086793412,-1086796745,-0.7220647,-0.7218661
27.99,240,-1176914697,-1170499178,-0.0004152429,-0.000715637
27.99,244,-1201012021,-1205639312,-5.579255E-05,-3.895856E-05
27.991,248,1041282824,1041283033,0.1413232,0.1413263
27.991,260,1074749186,1074746250,2.240174,2.239474
27.992,352,1027637248,1031868416,0.04699707,0.0630188
28.048,12,1062,1060,1.488179E-42,1.485376E-42
28.049,216,-1109665796,-1106736627,-0.1073456,-0.1333391
28.05,220,-1132841372,1045567011,-0.01527176,0.2051626
28.051,224,1113430404,-1032901829,55.39992,-59.79222
28.051,228,-1086796745,-1086880894,-0.7218661,-0.7168504
28.052,232,-1086796745,-1086880894,-0.7218661,-0.7168504
28.052,236,-1086796745,-1086880894,-0.7218661,-0.7168504
28.053,240,-1170499178,-1167522071,-0.000715637,-0.0008889274
28.054,244,-1205639312,973681415,-3.895856E-05,0.0005233739
28.054,248,1041283033,-1105448671,0.1413263,-0.1525312
28.055,260,1074746250,1074680653,2.239474,2.223834
28.055,352,1031868416,1027366912,0.0630188,0.04598999
28.08,12,1060,1061,1.485376E-42,1.486778E-42
28.081,216,-1106736627,-1107843069,-0.1333391,-0.1209259
28.082,220,1045567011,-1137349413,0.2051626,-0.01107332
28.083,224,-1032901829,1113431380,-59.79222,55.40364
28.083,228,-1086880894,-1086799828,-0.7168504,-0.7216823
28.084,232,-1086880894,-1086799828,-0.7168504,-0.7216823
28.084,236,-1086880894,-1086799828,-0.7168504,-0.7216823
28.085,240,-1167522071,-1168943784,-0.0008889274,-0.0008061728
28.086,244,973681415,-1209207125,0.0005233739,-2.824826E-05
28.086,248,-1105448671,1041283670,-0.1525312,0.1413358
28.087,260,1074680653,1074743177,2.223834,2.238741
28.087,352,1027366912,1027637248,0.04598999,0.04699707
28.143,216,-1107843069,-1112255007,-0.1209259,-0.08805443
28.144,220,-1137349413,-1137915888,-0.01107332,-0.01054575
28.145,224,1113431380,1113432107,55.40364,55.40641
28.145,228,-1086799828,-1086803121,-0.7216823,-0.721486
28.146,232,-1086799828,-1086803121,-0.7216823,-0.721486
28.146,236,-1086799828,-1086803121,-0.7216823,-0.721486
28.147,240,-1168943784,-1172708638,-0.0008061728,-0.0005870295
28.147,244,-1209207125,-1209947010,-2.824826E-05,-2.690241E-05
28.148,248,1041283670,1041284145,0.1413358,0.1413429
28.149,260,1074743177,1074740302,2.238741,2.238056
28.149,352,1027637248,1031864320,0.04699707,0.06298828
28.206,12,1061,1060,1.486778E-42,1.485376E-42
28.207,216,-1112255007,-1115020681,-0.08805443,-0.06744855
28.207,220,-1137915888,1047649498,-0.01054575,0.236194
28.208,224,1113432107,-1032903293,55.40641,-59.78663
28.208,228,-1086803121,-1086889489,-0.721486,-0.7163381
28.209,232,-1086803121,-1086889489,-0.721486,-0.7163381
28.209,236,-1086803121,-1086889489,-0.721486,-0.7163381
28.21,240,-1172708638,-1175732240,-0.0005870295,-0.000449657
28.211,244,-1209947010,975041407,-2.690241E-05,0.0006025358
28.211,248,1041284145,-1105449627,0.1413429,-0.1525169
28.212,260,1074740302,1074673160,2.238056,2.222048
28.212,352,1031864320,1027645440,0.06298828,0.04702759
28.236,12,1060,1061,1.485376E-42,1.486778E-42
28.237,216,-1115020681,-1123165349,-0.06744855,-0.03463302
28.237,220,1047649498,-1136902071,0.236194,-0.01148994
28.238,224,-1032903293,1113432502,-59.78663,55.40792
28.238,228,-1086889489,-1086808785,-0.7163381,-0.7211484
28.239,232,-1086889489,-1086808785,-0.7163381,-0.7211484
28.239,236,-1086889489,-1086808785,-0.7163381,-0.7211484
28.24,240,-1175732240,-1183704523,-0.000449657,-0.0002308868
28.241,244,975041407,-1208622842,0.0006025358,-2.931106E-05
28.241,248,-1105449627,1041284403,-0.1525169,0.1413467
28.242,260,1074673160,1074735636,2.222048,2.236943
28.243,352,1027645440,1027637248,0.04702759,0.04699707
28.299,216,-1123165349,-1123446050,-0.03463302,-0.03358733
28.3,220,-1136902071,-1132019766,-0.01148994,-0.01644887
28.301,224,1113432502,1113432641,55.40792,55.40845
28.301,228,-1086808785,-1086812400,-0.7211484,-0.720933
28.302,232,-1086808785,-1086812400,-0.7211484,-0.720933
28.303,236,-1086808785,-1086812400,-0.7211484,-0.720933
28.303,240,-1183704523,-1184183586,-0.0002308868,-0.0002239155
28.304,244,-1208622842,-1204813894,-2.931106E-05,-4.196142E-05
28.304,248,1041284403,1041284494,0.1413467,0.1413481
28.305,260,1074735636,1074732735,2.236943,2.236252
28.306,352,1027637248,1031659520,0.04699707,0.0619812
28.361,12,1061,1063,1.486778E-42,1.48958E-42
28.362,216,-1123446050,-1123154081,-0.03358733,-0.034675
28.362,220,-1132019766,-1129107792,-0.01644887,-0.02187285
28.363,224,1113432641,1113432661,55.40845,55.40853
28.363,228,-1086812400,-1086731766,-0.720933,-0.7257391
28.364,232,-1086812400,-1086731766,-0.720933,-0.7257391
28.365,236,-1086812400,-1086731766,-0.720933,-0.7257391
28.365,240,-1184183586,-1183685292,-0.0002239155,-0.0002311667
28.366,244,-1204813894,-1201010500,-4.196142E-05,-5.579808E-05
28.367,248,1041284494,1041284507,0.1413481,0.1413483
28.367,260,1074732735,1074795203,2.236252,2.251145
28.368,352,1031659520,1027637248,0.0619812,0.04699707
28.393,12,1063,1061,1.48958E-42,1.486778E-42
28.394,216,-1123154081,-1115756219,-0.034675,-0.06223418
28.394,220,-1129107792,1051629543,-0.02187285,0.3410027
28.395,224,1113432661,-1032903917,55.40853,-59.78425
28.396,228,-1086731766,-1086818215,-0.7257391,-0.7205864
28.396,232,-1086731766,-1086818215,-0.7257391,-0.7205864
28.397,236,-1086731766,-1086818215,-0.7257391,-0.7205864
28.397,240,-1183685292,-1176926668,-0.0002311667,-0.0004148945
28.398,244,-1201010500,979634770,-5.579808E-05,0.0008699048
28.399,248,1041284507,-1105450034,0.1413483,-0.1525109
28.399,260,1074795203,1074728042,2.251145,2.235133
28.4,352,1027637248,1027645440,0.04699707,0.04702759
28.455,216,-1115756219,-1112897341,-0.06223418,-0.08326866
28.456,220,1051629543,1052930278,0.3410027,0.3797676
28.457,224,-1032903917,-1032904273,-59.78425,-59.78289
28.458,228,-1086818215,-1086821744,-0.7205864,-0.720376
28.459,232,-1086818215,-1086821744,-0.7205864,-0.720376
28.459,236,-1086818215,-1086821744,-0.7205864,-0.720376
28.46,240,-1176926668,-1173256763,-0.0004148945,-0.0005551244
28.46,244,979634770,981333690,0.0008699048,0.0009687949
28.461,248,-1105450034,-1105450267,-0.1525109,-0.1525074
28.461,260,1074728042,1074725049,2.235133,2.234419
28.462,352,1027645440,1031659520,0.04702759,0.0619812
28.518,12,1061,1062,1.486778E-42,1.488179E-42
28.519,216,-1112897341,-1106718610,-0.08326866,-0.1336076
28.52,220,1052930278,-1135454973,0.3797676,-0.01283765
28.52,224,-1032904273,1113433556,-59.78289,55.41194
28.521,228,-1086821744,-1086740641,-0.720376,-0.7252101
28.521,232,-1086821744,-1086740641,-0.720376,-0.7252101
28.522,236,-1086821744,-1086740641,-0.720376,-0.7252101
28.522,240,-1173256763,-1167491321,-0.0005551244,-0.0008907173
28.523,244,981333690,-1207346153,0.0009687949,-3.274911E-05
28.524,248,-1105450267,1041285091,-0.1525074,0.141357
28.524,260,1074725049,1074787558,2.234419,2.249322
28.525,352,1031659520,1027637248,0.0619812,0.04699707
28.549,12,1062,1061,1.488179E-42,1.486778E-42
28.55,216,-1106718610,-1106199605,-0.1336076,-0.1413414
28.551,220,-1135454973,1053828297,-0.01283765,0.4065306
28.551,224,1113433556,-1032905157,55.41194,-59.77952
28.552,228,-1086740641,-1086826746,-0.7252101,-0.7200779
28.552,232,-1086740641,-1086826746,-0.7252101,-0.7200779
28.553,236,-1086740641,-1086826746,-0.7252101,-0.7200779
28.553,240,-1167491321,-1166605553,-0.0008907173,-0.0009422758
28.554,244,-1207346153,981986874,-3.274911E-05,0.001037068
28.555,248,1041285091,-1105450844,0.141357,-0.1524988
28.555,260,1074787558,1074720427,2.249322,2.233317
28.611,216,-1106199605,-1106385081,-0.1413414,-0.1385776
28.612,220,1053828297,1055164888,0.4065306,0.4463642
28.613,224,-1032905157,-1032906218,-59.77952,-59.77547
28.613,228,-1086826746,-1086830028,-0.7200779,-0.7198822
28.614,232,-1086826746,-1086830028,-0.7200779,-0.7198822
28.615,236,-1086826746,-1086830028,-0.7200779,-0.7198822
28.615,240,-1166605553,-1166922098,-0.0009422758,-0.0009238505
28.616,244,981986874,982859750,0.001037068,0.001138684
28.616,248,-1105450844,-1105451537,-0.1524988,-0.1524885
28.617,260,1074720427,1074717411,2.233317,2.232598
28.618,352,1027637248,1031868416,0.04699707,0.0630188
28.673,12,1061,1062,1.486778E-42,1.488179E-42
28.674,216,-1106385081,-1111657718,-0.1385776,-0.09250458
28.675,220,1055164888,-1132456452,0.4463642,-0.01563548
28.675,224,-1032906218,1113435490,-59.77547,55.41932
28.676,228,-1086830028,-1086750818,-0.7198822,-0.7246035
28.677,232,-1086830028,-1086750818,-0.7198822,-0.7246035
28.677,236,-1086830028,-1086750818,-0.7198822,-0.7246035
28.678,240,-1166922098,-1172198951,-0.0009238505,-0.0006166972
28.678,244,982859750,-1205384260,0.001138684,-3.988644E-05
28.679,248,-1105451537,1041286354,-0.1524885,0.1413758
28.68,260,1074717411,1074778573,2.232598,2.24718
28.68,352,1031868416,1027366912,0.0630188,0.04598999
28.706,12,1062,1061,1.488179E-42,1.486778E-42
28.707,216,-1111657718,-1117570425,-0.09250458,-0.05547574
28.708,220,-1132456452,1056428901,-0.01563548,0.4840347
28.709,224,1113435490,-1032906968,55.41932,-59.77261
28.71,228,-1086750818,-1086837196,-0.7246035,-0.719455
28.71,232,-1086750818,-1086837196,-0.7246035,-0.719455
28.711,236,-1086750818,-1086837196,-0.7246035,-0.719455
28.712,240,-1172198951,-1178474790,-0.0006166972,-0.0003698383
28.712,244,-1205384260,983685228,-3.988644E-05,0.001234782
28.713,248,1041286354,-1105452027,0.1413758,-0.1524812
28.714,260,1074778573,1074711484,2.24718,2.231185
28.714,352,1027366912,1027637248,0.04598999,0.04699707
28.768,216,-1117570425,-1126637790,-0.05547574,-0.02647359
28.769,220,1056428901,1057517973,0.4840347,0.5329831
28.769,224,-1032906968,-1032907262,-59.77261,-59.77149
28.77,228,-1086837196,-1086841020,-0.719455,-0.7192271
28.771,232,-1086837196,-1086841020,-0.719455,-0.7192271
28.771,236,-1086837196,-1086841020,-0.719455,-0.7192271
28.772,240,-1178474790,-1187442604,-0.0003698383,-0.0001764906
28.772,244,983685228,984757840,0.001234782,0.001359651
28.773,248,-1105452027,-1105452219,-0.1524812,-0.1524783
28.774,260,1074711484,1074708479,2.231185,2.230469
28.774,352,1027637248,1031868416,0.04699707,0.0630188
28.831,12,1061,1062,1.486778E-42,1.488179E-42
28.832,216,-1126637790,-1129642284,-0.02647359,-0.02087728
28.833,220,1057517973,-1132207812,0.5329831,-0.01609861
28.834,224,-1032907262,1113436033,-59.77149,55.42139
28.835,228,-1086841020,-1086760396,-0.7192271,-0.7240326
28.835,232,-1086841020,-1086760396,-0.7192271,-0.7240326
28.836,236,-1086841020,-1086760396,-0.7192271,-0.7240326
28.837,240,-1187442604,-1190006439,-0.0001764906,-0.0001391819
28.837,244,984757840,-1205059505,0.001359651,-4.106789E-05
28.838,248,-1105452219,1041286709,-0.1524783,0.1413811
28.838,260,1074708479,1074770935,2.230469,2.245359
28.839,352,1031868416,1027637248,0.0630188,0.04699707
28.861,12,1062,1061,1.488179E-42,1.486778E-42
28.862,216,-1129642284,-1123981340,-0.02087728,-0.03159322
28.863,220,-1132207812,1058207784,-0.01609861,0.5740991
28.863,224,1113436033,-1032907354,55.42139,-59.77114
28.864,228,-1086760396,-1086846908,-0.7240326,-0.7188761
28.864,232,-1086760396,-1086846908,-0.7240326,-0.7188761
28.865,236,-1086760396,-1086846908,-0.7240326,-0.7188761
28.866,240,-1190006439,-1185097148,-0.0001391819,-0.0002106215
28.866,244,-1205059505,985658817,-4.106789E-05,0.001464538
28.867,248,1041286709,-1105452279,0.1413811,-0.1524774
28.868,260,1074770935,1074703814,2.245359,2.229356
28.924,12,1061,1059,1.486778E-42,1.483975E-42
28.925,216,-1123981340,-1119321308,-0.03159322,-0.04895319
28.925,220,1058207784,-1171830926,0.5740991,-0.0006381191
28.926,224,-1032907354,-1034638474,-59.77114,-53.16744
28.927,228,-1086846908,-1086949564,-0.7188761,-0.7127573
28.928,232,-1086846908,-1086949564,-0.7188761,-0.7127573
28.929,236,-1086846908,-1086949564,-0.7188761,-0.7127573
28.929,240,-1185097148,-1179968877,-0.0002106215,-0.0003263546
28.93,244,985658817,-1243972438,0.001464538,-1.627855E-06
28.93,248,-1105452279,-1106582806,-0.1524774,-0.1356312
28.931,260,1074703814,1074620377,2.229356,2.209463
28.932,352,1027637248,1031659520,0.04699707,0.0619812
28.986,12,1059,1057,1.483975E-42,1.481172E-42
28.987,216,-1119321308,-1111703204,-0.04895319,-0.09216568
28.988,220,-1171830926,-1185255386,-0.0006381191,-0.0002083188
28.988,224,-1034638474,-1034638800,-53.16744,-53.1662
28.989,228,-1086949564,-1087029388,-0.7127573,-0.7079995
28.99,232,-1086949564,-1087029388,-0.7127573,-0.7079995
28.99,236,-1086949564,-1087029388,-0.7127573,-0.7079995
28.991,240,-1179968877,-1172237766,-0.0003263546,-0.0006144379
28.991,244,-1243972438,-1257330872,-1.627855E-06,-5.314255E-07
28.992,248,-1106582806,-1106583019,-0.1356312,-0.1356281
28.993,260,1074620377,1074558257,2.209463,2.194653
28.993,352,1031659520,1027637248,0.0619812,0.04699707
29.018,12,1057,1056,1.481172E-42,1.479771E-42
29.019,216,-1111703204,-1109741952,-0.09216568,-0.1067781
29.019,220,-1185255386,1001354641,-0.0002083188,0.005354591
29.02,224,-1034638800,-1034639227,-53.1662,-53.16457
29.02,228,-1087029388,-1087109192,-0.7079995,-0.7032428
29.021,232,-1087029388,-1087109192,-0.7079995,-0.7032428
29.022,236,-1087029388,-1087109192,-0.7079995,-0.7032428
29.022,240,-1172237766,-1170564164,-0.0006144379,-0.0007118543
29.023,244,-1257330872,929377239,-5.314255E-07,1.365967E-05
29.024,248,-1106583019,-1106583298,-0.1356281,-0.1356239
29.024,260,1074558257,1074496114,2.194653,2.179837
29.025,352,1027637248,1027645440,0.04699707,0.04702759
29.081,12,1056,1054,1.479771E-42,1.476969E-42
29.082,216,-1109741952,-1109767354,-0.1067781,-0.1065889
29.083,220,1001354641,1008500042,0.005354591,0.009551356
29.083,224,-1034639227,-1034639820,-53.16457,-53.16231
29.084,228,-1087109192,-1087216306,-0.7032428,-0.6968583
29.084,232,-1087109192,-1087216306,-0.7032428,-0.6968583
29.085,236,-1087109192,-1087216306,-0.7032428,-0.6968583
29.086,240,-1170564164,-1170585841,-0.0007118543,-0.0007105925
29.086,244,929377239,936142067,1.365967E-05,2.43657E-05
29.087,248,-1106583298,-1106583685,-0.1356239,-0.1356181
29.087,260,1074496114,1074412752,2.179837,2.159962
29.088,352,1027645440,1031659520,0.04702759,0.0619812
29.143,12,1054,1053,1.476969E-42,1.475567E-42
29.144,216,-1109767354,-1113337016,-0.1065889,-0.07999283
29.145,220,1008500042,1007754002,0.009551356,0.008856552
29.145,224,-1034639820,-1034639881,-53.16231,-53.16208
29.146,228,-1087216306,-1087295947,-0.6968583,-0.6921113
29.146,232,-1087216306,-1087295947,-0.6968583,-0.6921113
29.147,236,-1087216306,-1087295947,-0.6968583,-0.6921113
29.147,240,-1170585841,-1173631952,-0.0007105925,-0.0005332856
29.148,244,936142067,935167648,2.43657E-05,2.259325E-05
29.148,248,-1106583685,-1106583725,-0.1356181,-0.1356175
29.149,260,1074412752,1074350837,2.159962,2.1452
29.15,352,1031659520,1027637248,0.0619812,0.04699707
29.173,12,1053,1051,1.475567E-42,1.472765E-42
29.174,216,-1113337016,-1115303141,-0.07999283,-0.06534406
29.175,220,1007754002,1011095046,0.008856552,0.01196814
29.175,224,-1034639881,-1034640167,-53.16208,-53.16098
29.176,228,-1087295947,-1087375577,-0.6921113,-0.687365
29.177,232,-1087295947,-1087375577,-0.6921113,-0.687365
29.177,236,-1087295947,-1087375577,-0.6921113,-0.687365
29.178,240,-1173631952,-1176214304,-0.0005332856,-0.0004356271
29.178,244,935167648,939527778,2.259325E-05,3.053097E-05
29.179,248,-1106583725,-1106583912,-0.1356175,-0.1356148
29.18,260,1074350837,1074288973,2.1452,2.13045
29.236,12,1051,1049,1.472765E-42,1.469962E-42
29.237,216,-1115303141,-1123706573,-0.06534406,-0.03261681
29.238,220,1011095046,1010479258,0.01196814,0.01139464
29.239,224,-1034640167,-1034640582,-53.16098,-53.1594
29.239,228,-1087375577,-1087484159,-0.687365,-0.680893
29.24,232,-1087375577,-1087484159,-0.687365,-0.680893
29.241,236,-1087375577,-1087484159,-0.687365,-0.680893
29.241,240,-1176214304,-1184628212,-0.0004356271,-0.0002174454
29.242,244,939527778,938727166,3.053097E-05,2.906797E-05
29.242,248,-1106583912,-1106584183,-0.1356148,-0.1356107
29.243,260,1074288973,1074204776,2.13045,2.110376
29.243,352,1027637248,1031868416,0.04699707,0.0630188
29.299,12,1049,1048,1.469962E-42,1.468561E-42
29.3,216,-1123706573,-1124501704,-0.03261681,-0.03045236
29.3,220,1010479258,1008567333,0.01139464,0.009614025
29.301,224,-1034640582,-1034640498,-53.1594,-53.15972
29.301,228,-1087484159,-1087562119,-0.680893,-0.6762462
29.302,232,-1087484159,-1087562119,-0.680893,-0.6762462
29.303,236,-1087484159,-1087562119,-0.680893,-0.6762462
29.303,240,-1184628212,-1185619811,-0.0002174454,-0.0002030157
29.304,244,938727166,936229957,2.906797E-05,2.452557E-05
29.304,248,-1106584183,-1106584128,-0.1356107,-0.1356115
29.305,260,1074204776,1074144310,2.110376,2.09596
29.305,352,1031868416,1027366912,0.0630188,0.04598999
29.331,12,1048,1047,1.468561E-42,1.467159E-42
29.332,216,-1124501704,-1123888051,-0.03045236,-0.03194075
29.332,220,1008567333,1010568243,0.009614025,0.01147752
29.333,224,-1034640498,-1034640368,-53.15972,-53.16022
29.334,228,-1087562119,-1087641590,-0.6762462,-0.6715094
29.334,232,-1087562119,-1087641590,-0.6762462,-0.6715094
29.335,236,-1087562119,-1087641590,-0.6762462,-0.6715094
29.335,240,-1185619811,-1184937935,-0.0002030157,-0.0002129383
29.336,244,936229957,938843391,2.452557E-05,2.927938E-05
29.336,248,-1106584128,-1106584043,-0.1356115,-0.1356128
29.337,260,1074144310,1074082665,2.09596,2.081263
29.338,352,1027366912,1027637248,0.04598999,0.04699707
29.393,12,1047,1045,1.467159E-42,1.464357E-42
29.394,216,-1123888051,-1115565177,-0.03194075,-0.06339174
29.395,220,1010568243,1009818687,0.01147752,0.01077944
29.395,224,-1034640368,-1034640662,-53.16022,-53.1591
29.396,228,-1087641590,-1087749472,-0.6715094,-0.6650791
29.397,232,-1087641590,-1087749472,-0.6715094,-0.6650791
29.397,236,-1087641590,-1087749472,-0.6715094,-0.6650791
29.398,240,-1184937935,-1176661512,-0.0002129383,-0.0004226116
29.398,244,938843391,937864379,2.927938E-05,2.749857E-05
29.399,248,-1106584043,-1106584235,-0.1356128,-0.1356099
29.4,260,1074082665,1073998891,2.081263,2.06129
29.4,352,1027637248,1031868416,0.04699707,0.0630188
29.455,12,1045,1043,1.464357E-42,1.461554E-42
29.456,216,-1115565177,-1107968190,-0.06339174,-0.1199937
29.456,220,1009818687,1007906271,0.01077944,0.008998363
29.457,224,-1034640662,-1034640598,-53.1591,-53.15934
29.458,228,-1087749472,-1087828427,-0.6650791,-0.660373
29.458,232,-1087749472,-1087828427,-0.6650791,-0.660373
29.459,236,-1087749472,-1087828427,-0.6650791,-0.660373
29.459,240,-1176661512,-1169050554,-0.0004226116,-0.000799958
29.46,244,937864379,935366529,2.749857E-05,2.295501E-05
29.46,248,-1106584235,-1106584193,-0.1356099,-0.1356106
29.461,260,1073998891,1073937403,2.06129,2.04663
29.462,352,1031868416,1027637248,0.0630188,0.04699707
29.487,12,1043,1042,1.461554E-42,1.460153E-42
29.488,216,-1107968190,-1100025247,-0.1199937,-0.2333465
29.488,220,1007906271,1010912762,0.008998363,0.01179838
29.489,224,-1034640598,-1034641112,-53.15934,-53.15738
29.49,228,-1087828427,-1087906915,-0.660373,-0.6556948
29.49,232,-1087828427,-1087906915,-0.660373,-0.6556948
29.491,236,-1087828427,-1087906915,-0.660373,-0.6556948
29.491,240,-1169050554,-1161042247,-0.000799958,-0.001555643
29.492,244,935366529,939293375,2.295501E-05,3.00979E-05
29.493,248,-1106584193,-1106584529,-0.1356106,-0.1356056
29.493,260,1073937403,1073875960,2.04663,2.031981
29.548,12,1042,1040,1.460153E-42,1.45735E-42
29.549,216,-1100025247,-1095007889,-0.2333465,-0.3662219
29.55,220,1010912762,1008098635,0.01179838,0.009177516
29.551,224,-1034641112,-1034643348,-53.15738,-53.14885
29.551,228,-1087906915,-1088011087,-0.6556948,-0.6494856
29.552,232,-1087906915,-1088011087,-0.6556948,-0.6494856
29.553,236,-1087906915,-1088011087,-0.6556948,-0.6494856
29.553,240,-1161042247,-1155530439,-0.001555643,-0.002441479
29.554,244,939293375,935617780,3.00979E-05,2.341203E-05
29.554,248,-1106584529,-1106585989,-0.1356056,-0.1355838
29.555,260,1073875960,1073793956,2.031981,2.012429
29.555,352,1027637248,1031659520,0.04699707,0.0619812
29.611,12,1040,1039,1.45735E-42,1.455949E-42
29.612,216,-1095007889,-1090305405,-0.3662219,-0.5127336
29.612,220,1008098635,1005224753,0.009177516,0.007156753
29.613,224,-1034643348,-1034644684,-53.14885,-53.14375
29.614,228,-1088011087,-1088088456,-0.6494856,-0.6448741
29.614,232,-1088011087,-1088088456,-0.6494856,-0.6448741
29.615,236,-1088011087,-1088088456,-0.6494856,-0.6448741
29.615,240,-1155530439,-1151335351,-0.002441479,-0.003418224
29.616,244,935617780,932783784,2.341203E-05,1.825702E-05
29.617,248,-1106585989,-1106586862,-0.1355838,-0.1355708
29.617,260,1073793956,1073723402,2.012429,1.997804
29.618,352,1031659520,1027637248,0.0619812,0.04699707
29.642,12,1039,1037,1.455949E-42,1.453147E-42
29.643,216,-1090305405,-1088473982,-0.5127336,-0.621895
29.644,220,1005224753,1008304632,0.007156753,0.009369366
29.644,224,-1034644684,-1034647145,-53.14375,-53.13437
29.645,228,-1088088456,-1088165440,-0.6448741,-0.6402855
29.645,232,-1088088456,-1088165440,-0.6448741,-0.6402855
29.646,236,-1088088456,-1088165440,-0.6448741,-0.6402855
29.646,240,-1151335351,-1148724509,-0.003418224,-0.004145966
29.647,244,932783784,935886837,1.825702E-05,2.390144E-05
29.648,248,-1106586862,-1106588469,-0.1355708,-0.1355468
29.648,260,1073723402,1073600726,1.997804,1.98318
29.649,352,1027637248,1027645440,0.04699707,0.04702759
29.705,12,1037,1035,1.453147E-42,1.450344E-42
29.706,216,-1088473982,-1088118223,-0.621895,-0.6430998
29.706,220,1008304632,1007686122,0.009369366,0.008793334
29.707,224,-1034647145,-1034652338,-53.13437,-53.11456
29.708,228,-1088165440,-1088267951,-0.6402855,-0.6341754
29.708,232,-1088165440,-1088267951,-0.6402855,-0.6341754
29.709,236,-1088165440,-1088267951,-0.6402855,-0.6341754
29.709,240,-1148724509,-1148420928,-0.004145966,-0.004287332
29.71,244,935886837,935078988,2.390144E-05,2.243197E-05
29.71,248,-1106588469,-1106591860,-0.1355468,-0.1354963
29.711,260,1073600726,1073437330,1.98318,1.963701
29.712,352,1027645440,1031659520,0.04702759,0.0619812
29.768,12,1035,1034,1.450344E-42,1.448943E-42
29.769,216,-1088118223,-1087491354,-0.6430998,-0.6804641
29.769,220,1007686122,1005097897,0.008793334,0.007097681
29.77,224,-1034652338,-1034654360,-53.11456,-53.10684
29.77,228,-1088267951,-1088344501,-0.6341754,-0.6296126
29.771,232,-1088267951,-1088344501,-0.6341754,-0.6296126
29.771,236,-1088267951,-1088344501,-0.6341754,-0.6296126
29.772,240,-1148420928,-1147886000,-0.004287332,-0.004536428
29.773,244,935078988,932700939,2.243197E-05,1.810633E-05
29.773,248,-1106591860,-1106593181,-0.1354963,-0.1354766
29.774,260,1073437330,1073315060,1.963701,1.949126
29.774,352,1031659520,1027637248,0.0619812,0.04699707
29.799,12,1034,1033,1.448943E-42,1.447541E-42
29.8,216,-1087491354,-1086433213,-0.6804641,-0.7435343
29.801,220,1005097897,1008433303,0.007097681,0.0094892
29.801,224,-1034654360,-1034657766,-53.10684,-53.09385
29.802,228,-1088344501,-1088420746,-0.6296126,-0.6250681
29.802,232,-1088344501,-1088420746,-0.6296126,-0.6250681
29.803,236,-1088344501,-1088420746,-0.6296126,-0.6250681
29.803,240,-1147886000,-1146983053,-0.004536428,-0.004956895
29.804,244,932700939,936054898,1.810633E-05,2.420714E-05
29.805,248,-1106593181,-1106595405,-0.1354766,-0.1354435
29.805,260,1073315060,1073192949,1.949126,1.934569
29.861,12,1033,1031,1.447541E-42,1.444739E-42
29.862,216,-1086433213,-1082273652,-0.7435343,-0.9914634
29.863,220,1008433303,1008260641,0.0094892,0.009328396
29.863,224,-1034657766,-1034664938,-53.09385,-53.06649
29.864,228,-1088420746,-1088522820,-0.6250681,-0.618984
29.864,232,-1088420746,-1088522820,-0.6250681,-0.618984
29.865,236,-1088420746,-1088522820,-0.6250681,-0.618984
29.866,240,-1146983053,-1143433561,-0.004956895,-0.006609756
29.867,244,936054898,935829380,2.420714E-05,2.379693E-05
29.867,248,-1106595405,-1106600089,-0.1354435,-0.1353737
29.868,260,1073192949,1073027670,1.934569,1.914866
29.868,352,1027637248,1031868416,0.04699707,0.0630188
29.924,12,1031,1029,1.444739E-42,1.441936E-42
29.925,216,-1082273652,-1078639438,-0.9914634,-1.416159
29.925,220,1008260641,1006285796,0.009328396,0.007650839
29.926,224,-1034664938,-1034668724,-53.06649,-53.05205
29.926,228,-1088522820,-1088594946,-0.618984,-0.6146849
29.927,232,-1088522820,-1088594946,-0.618984,-0.6146849
29.928,236,-1088522820,-1088594946,-0.618984,-0.6146849
29.929,240,-1143433561,-1139102036,-0.006609756,-0.009441059
29.929,244,935829380,933476710,2.379693E-05,1.951745E-05
29.93,248,-1106600089,-1106602561,-0.1353737,-0.1353369
29.93,260,1073027670,1072908439,1.914866,1.900653
29.931,352,1031868416,1027366912,0.0630188,0.04598999
29.956,12,1029,1028,1.441936E-42,1.440535E-42
29.958,216,-1078639438,-1073305993,-1.416159,-2.10391
29.958,220,1006285796,1008438124,0.007650839,0.00949369
29.959,224,-1034668724,-1034676729,-53.05205,-53.02151
29.959,228,-1088594946,-1088666161,-0.6146849,-0.6104402
29.96,232,-1088594946,-1088666161,-0.6146849,-0.6104402
29.961,236,-1088594946,-1088666161,-0.6146849,-0.6104402
29.961,240,-1139102036,-1134178920,-0.009441059,-0.01402607
29.962,244,933476710,936061195,1.951745E-05,2.42186E-05
29.962,248,-1106602561,-1106607789,-0.1353369,-0.135259
29.963,260,1072908439,1072786715,1.900653,1.886142
29.963,352,1027366912,1027637248,0.04598999,0.04699707
30.017,12,1028,1026,1.440535E-42,1.437732E-42
30.018,216,-1073305993,-1070340290,-2.10391,-2.810989
30.019,220,1008438124,1007794412,0.00949369,0.008894186
30.019,224,-1034676729,-1034698174,-53.02151,-52.9397
30.02,228,-1088666161,-1088759097,-0.6104402,-0.6049008
30.02,232,-1088666161,-1088759097,-0.6104402,-0.6049008
30.021,236,-1088666161,-1088759097,-0.6104402,-0.6049008
30.021,240,-1134178920,-1130789767,-0.01402607,-0.01873993
30.022,244,936061195,935220428,2.42186E-05,2.268925E-05
30.022,248,-1106607789,-1106621794,-0.135259,-0.1350503
30.023,260,1072786715,1072622313,1.886142,1.866544
30.024,352,1027637248,1031868416,0.04699707,0.0630188
30.082,12,1026,1025,1.437732E-42,1.436331E-42
30.083,216,-1070340290,-1067304148,-2.810989,-3.534862
30.083,220,1007794412,1006067428,0.008894186,0.007549154
30.084,224,-1034698174,-1034710250,-52.9397,-52.89364
30.084,228,-1088759097,-1088825027,-0.6049008,-0.600971
30.085,232,-1088759097,-1088825027,-0.6049008,-0.600971
30.085,236,-1088759097,-1088825027,-0.6049008,-0.600971
30.086,240,-1130789767,-1128198926,-0.01873993,-0.02356574
30.086,244,935220428,933334102,2.268925E-05,1.925804E-05
30.087,248,-1106621794,-1106629680,-0.1350503,-0.1349328
30.088,260,1072622313,1072501100,1.866544,1.852094
30.088,352,1031868416,1027637248,0.0630188,0.04699707
30.111,12,1025,1023,1.436331E-42,1.433528E-42
30.112,216,-1067304148,-1066620226,-3.534862,-3.697921
30.113,220,1006067428,1010946562,0.007549154,0.01182985
30.113,224,-1034710250,-1034729900,-52.89364,-52.81868
30.114,228,-1088825027,-1088890453,-0.600971,-0.5970713
30.115,232,-1088825027,-1088890453,-0.600971,-0.5970713
30.115,236,-1088825027,-1088890453,-0.600971,-0.5970713
30.116,240,-1128198926,-1127615312,-0.02356574,-0.02465281
30.116,244,933334102,939337522,1.925804E-05,3.01782E-05
30.117,248,-1106629680,-1106642513,-0.1349328,-0.1347415
30.117,260,1072501100,1072380030,1.852094,1.837662
30.174,12,1023,1022,1.433528E-42,1.432127E-42
30.175,216,-1066620226,-1067255765,-3.697921,-3.546397
30.175,220,1010946562,1011899176,0.01182985,0.01271705
30.176,224,-1034729900,-1034761605,-52.81868,-52.69773
30.176,228,-1088890453,-1088978186,-0.5970713,-0.5918421
30.177,232,-1088890453,-1088978186,-0.5970713,-0.5918421
30.178,236,-1088890453,-1088978186,-0.5970713,-0.5918421
30.178,240,-1127615312,-1128157639,-0.02465281,-0.02364265
30.179,244,939337522,940052924,3.01782E-05,3.244144E-05
30.179,248,-1106642513,-1106663218,-0.1347415,-0.134433
30.18,260,1072380030,1072219438,1.837662,1.818517
30.181,352,1027637248,1031659520,0.04699707,0.0619812
30.236,12,1022,1020,1.432127E-42,1.429324E-42
30.237,216,-1067255765,-1068978815,-3.546397,-3.13559
30.237,220,1011899176,1010171263,0.01271705,0.0111078
30.238,224,-1034761605,-1034775047,-52.69773,-52.64646
30.238,228,-1088978186,-1089045429,-0.5918421,-0.5878341
30.239,232,-1088978186,-1089045429,-0.5918421,-0.5878341
30.239,236,-1088978186,-1089045429,-0.5918421,-0.5878341
30.24,240,-1128157639,-1129627975,-0.02364265,-0.02090393
30.241,244,940052924,938324886,3.244144E-05,2.833623E-05
30.241,248,-1106663218,-1106671997,-0.134433,-0.1343022
30.242,260,1072219438,1072099027,1.818517,1.804163
30.243,352,1031659520,1027637248,0.0619812,0.04699707
30.268,12,1020,1019,1.429324E-42,1.427923E-42
30.269,216,-1068978815,-1070159328,-3.13559,-2.854134
30.269,220,1010171263,1012333463,0.0111078,0.01312151
30.27,224,-1034775047,-1034792130,-52.64646,-52.58129
30.27,228,-1089045429,-1089113721,-0.5878341,-0.5837635
30.271,232,-1089045429,-1089113721,-0.5878341,-0.5837635
30.271,236,-1089045429,-1089113721,-0.5878341,-0.5837635
30.272,240,-1129627975,-1130635346,-0.02090393,-0.01902756
30.273,244,938324886,940336540,2.833623E-05,3.347323E-05
30.273,248,-1106671997,-1106683153,-0.1343022,-0.1341359
30.274,260,1072099027,1071978754,1.804163,1.789826
30.274,352,1027637248,1027645440,0.04699707,0.04702759
30.33,12,1019,1017,1.427923E-42,1.425121E-42
30.331,216,-1070159328,-1071260463,-2.854134,-2.591603
30.331,220,1012333463,1010256702,0.01312151,0.01118737
30.332,224,-1034792130,-1034816832,-52.58129,-52.48706
30.332,228,-1089113721,-1089205566,-0.5837635,-0.5782892
30.333,232,-1089113721,-1089205566,-0.5837635,-0.5782892
30.334,236,-1089113721,-1089205566,-0.5837635,-0.5782892
30.334,240,-1130635346,-1131574981,-0.01902756,-0.01727735
30.335,244,940336540,938436480,3.347323E-05,2.853922E-05
30.335,248,-1106683153,-1106699285,-0.1341359,-0.1338956
30.336,260,1071978754,1071819445,1.789826,1.770835
30.336,352,1027645440,1031659520,0.04702759,0.0619812
30.393,12,1017,1016,1.425121E-42,1.423719E-42
30.394,216,-1071260463,-1071131146,-2.591603,-2.622434
30.395,220,1010256702,1008356504,0.01118737,0.009417675
30.396,224,-1034816832,-1034827262,-52.48706,-52.44727
30.396,228,-1089205566,-1089274418,-0.5782892,-0.5741853
30.397,232,-1089205566,-1089274418,-0.5782892,-0.5741853
30.397,236,-1089205566,-1089274418,-0.5782892,-0.5741853
30.398,240,-1131574981,-1131464631,-0.01727735,-0.01748289
30.399,244,938436480,935954589,2.853922E-05,2.402468E-05
30.399,248,-1106699285,-1106706096,-0.1338956,-0.1337941
30.4,260,1071819445,1071699821,1.770835,1.756574
30.4,352,1031659520,1027637248,0.0619812,0.04699707
30.424,12,1016,1014,1.423719E-42,1.420917E-42
30.425,216,-1071131146,-1070945554,-2.622434,-2.666683
30.426,220,1008356504,1010216298,0.009417675,0.01114974
30.427,224,-1034827262,-1034842452,-52.44727,-52.38933
30.427,228,-1089274418,-1089343128,-0.5741853,-0.5700898
30.428,232,-1089274418,-1089343128,-0.5741853,-0.5700898
30.429,236,-1089274418,-1089343128,-0.5741853,-0.5700898
30.43,240,-1131464631,-1131306259,-0.01748289,-0.01777788
30.43,244,935954589,938383707,2.402468E-05,2.844322E-05
30.431,248,-1106706096,-1106716016,-0.1337941,-0.1336462
30.431,260,1071699821,1071580364,1.756574,1.742334
30.486,12,1014,1013,1.420917E-42,1.419515E-42
30.487,216,-1070945554,-1070612370,-2.666683,-2.74612
30.488,220,1010216298,1009205369,0.01114974,0.01020824
30.488,224,-1034842452,-1034868273,-52.38933,-52.29083
30.489,228,-1089343128,-1089435394,-0.5700898,-0.5645903
30.49,232,-1089343128,-1089435394,-0.5700898,-0.5645903
30.49,236,-1089343128,-1089435394,-0.5700898,-0.5645903
30.491,240,-1131306259,-1131021942,-0.01777788,-0.01830747
30.491,244,938383707,937063310,2.844322E-05,2.604143E-05
30.492,248,-1106716016,-1106732879,-0.1336462,-0.133395
30.492,260,1071580364,1071419539,1.742334,1.723162
30.493,352,1027637248,1031868416,0.04699707,0.0630188
30.549,12,1013,1011,1.419515E-42,1.416713E-42
30.55,216,-1070612370,-1070484909,-2.74612,-2.776509
30.55,220,1009205369,1007491706,0.01020824,0.00861227
30.551,224,-1034868273,-1034879797,-52.29083,-52.24687
30.551,228,-1089435394,-1089502126,-0.5645903,-0.5606128
30.552,232,-1089435394,-1089502126,-0.5645903,-0.5606128
30.553,236,-1089435394,-1089502126,-0.5645903,-0.5606128
30.553,240,-1131021942,-1130913175,-0.01830747,-0.01851006
30.554,244,937063310,934825057,2.604143E-05,2.197008E-05
30.554,248,-1106732879,-1106740405,-0.133395,-0.1332828
30.555,260,1071419539,1071303089,1.723162,1.70928
30.555,352,1031868416,1027366912,0.0630188,0.04598999
30.58,12,1011,1010,1.416713E-42,1.415311E-42
30.581,216,-1070484909,-1070767002,-2.776509,-2.709253
30.582,220,1007491706,1009934822,0.00861227,0.0108876
30.582,224,-1034879797,-1034895917,-52.24687,-52.18538
30.583,228,-1089502126,-1089570541,-0.5606128,-0.5565349
30.583,232,-1089502126,-1089570541,-0.5606128,-0.5565349
30.584,236,-1089502126,-1089570541,-0.5606128,-0.5565349
30.585,240,-1130913175,-1131153894,-0.01851006,-0.01806169
30.585,244,934825057,938016065,2.197008E-05,2.777449E-05
30.586,248,-1106740405,-1106750932,-0.1332828,-0.133126
30.586,260,1071303089,1071184316,1.70928,1.695121
30.587,352,1027366912,1027637248,0.04598999,0.04699707
30.643,12,1010,1008,1.415311E-42,1.412509E-42
30.644,216,-1070767002,-1071654180,-2.709253,-2.497733
30.645,220,1009934822,1008036941,0.0108876,0.009120059
30.645,224,-1034895917,-1034921366,-52.18538,-52.08829
30.646,228,-1089570541,-1089663731,-0.5565349,-0.5509804
30.646,232,-1089570541,-1089663731,-0.5565349,-0.5509804
30.647,236,-1089570541,-1089663731,-0.5565349,-0.5509804
30.647,240,-1131153894,-1131910953,-0.01806169,-0.01665155
30.648,244,938016065,935537200,2.777449E-05,2.326546E-05
30.648,248,-1106750932,-1106767552,-0.133126,-0.1328783
30.649,260,1071184316,1071024511,1.695121,1.676071
30.65,352,1027637248,1031868416,0.04699707,0.0630188
30.706,12,1008,1007,1.412509E-42,1.411108E-42
30.707,216,-1071654180,-1072960122,-2.497733,-2.186372
30.707,220,1008036941,1006663553,0.009120059,0.007840992
30.708,224,-1034921366,-1034931713,-52.08829,-52.04882
30.709,228,-1089663731,-1089733835,-0.5509804,-0.5468019
30.709,232,-1089663731,-1089733835,-0.5509804,-0.5468019
30.71,236,-1089663731,-1089733835,-0.5509804,-0.5468019
30.71,240,-1131910953,-1133588633,-0.01665155,-0.01457582
30.711,244,935537200,933743388,2.326546E-05,2.000253E-05
30.711,248,-1106767552,-1106774309,-0.1328783,-0.1327776
30.712,260,1071024511,1070906222,1.676071,1.66197
30.713,352,1031868416,1027637248,0.0630188,0.04699707
30.736,12,1007,1006,1.411108E-42,1.409706E-42
30.737,216,-1072960122,-1074700310,-2.186372,-1.88574
30.738,220,1006663553,1009260913,0.007840992,0.01025997
30.739,224,-1034931713,-1034944790,-52.04882,-51.99894
30.739,228,-1089733835,-1089805000,-0.5468019,-0.5425601
30.74,232,-1089733835,-1089805000,-0.5468019,-0.5425601
30.741,236,-1089733835,-1089805000,-0.5468019,-0.5425601
30.741,240,-1133588633,-1135740646,-0.01457582,-0.0125716
30.742,244,933743388,937135858,2.000253E-05,2.61734E-05
30.742,248,-1106774309,-1106782849,-0.1327776,-0.1326504
30.743,260,1070906222,1070788086,1.66197,1.647887
30.799,12,1006,1004,1.409706E-42,1.406904E-42
30.8,216,-1074700310,-1077736348,-1.88574,-1.523816
30.801,220,1009260913,1007409359,0.01025997,0.008535578
30.801,224,-1034944790,-1034962091,-51.99894,-51.93294
30.802,228,-1089805000,-1089900935,-0.5425601,-0.5368419
30.802,232,-1089805000,-1089900935,-0.5425601,-0.5368419
30.803,236,-1089805000,-1089900935,-0.5425601,-0.5368419
30.804,240,-1135740646,-1138331399,-0.0125716,-0.01015877
30.804,244,937135858,934717501,2.61734E-05,2.177443E-05
30.805,248,-1106782849,-1106794148,-0.1326504,-0.132482
30.805,260,1070788086,1070631770,1.647887,1.629253
30.806,352,1027637248,1031659520,0.04699707,0.0619812
30.861,12,1004,1002,1.406904E-42,1.404101E-42
30.862,216,-1077736348,-1079020879,-1.523816,-1.370688
30.863,220,1007409359,844224984,0.008535578,1.221493E-08
30.863,224,-1034962091,-1034968570,-51.93294,-51.90823
30.864,228,-1089900935,-1089973802,-0.5368419,-0.5324987
30.865,232,-1089900935,-1089973802,-0.5368419,-0.5324987
30.865,236,-1089900935,-1089973802,-0.5368419,-0.5324987
30.866,240,-1138331399,-1139427532,-0.01015877,-0.009137917
30.866,244,934717501,772344743,2.177443E-05,3.116054E-11
30.867,248,-1106794148,-1106798379,-0.132482,-0.1324189
30.868,260,1070631770,1070513935,1.629253,1.615206
30.868,352,1031659520,1027637248,0.0619812,0.04699707
30.893,12,1002,1001,1.404101E-42,1.4027E-42
30.894,216,-1079020879,-1080228407,-1.370688,-1.226739
30.895,220,844224984,1015726029,1.221493E-08,0.01693716
30.896,224,-1034968570,-1034977091,-51.90823,-51.87572
30.896,228,-1089973802,-1090047213,-0.5324987,-0.5281231
30.897,232,-1089973802,-1090047213,-0.5324987,-0.5281231
30.897,236,-1089973802,-1090047213,-0.5324987,-0.5281231
30.898,240,-1139427532,-1140457956,-0.009137917,-0.00817826
30.898,244,772344743,943012149,3.116054E-11,4.320704E-05
30.899,248,-1106798379,-1106803944,-0.1324189,-0.132336
30.9,260,1070513935,1070396107,1.615206,1.601159
30.9,352,1027637248,1027645440,0.04699707,0.04702759
30.957,12,1001,999,1.4027E-42,1.399897E-42
30.958,216,-1080228407,-1080386075,-1.226739,-1.207944
30.958,220,1015726029,1007510897,0.01693716,0.008630143
30.959,224,-1034977091,-1034989767,-51.87572,-51.82737
30.96,228,-1090047213,-1090144370,-0.5281231,-0.5223321
30.96,232,-1090047213,-1090144370,-0.5281231,-0.5223321
30.961,236,-1090047213,-1090144370,-0.5281231,-0.5223321
30.962,240,-1140457956,-1140592499,-0.00817826,-0.008052957
30.962,244,943012149,934850123,4.320704E-05,2.201567E-05
30.963,248,-1106803944,-1106812222,-0.132336,-0.1322127
30.963,260,1070396107,1070240463,1.601159,1.582605
30.964,352,1027645440,1031659520,0.04702759,0.0619812
31.018,12,999,998,1.399897E-42,1.398496E-42
31.019,216,-1080386075,-1080778228,-1.207944,-1.161195
31.019,220,1007510897,1005011363,0.008630143,0.007057385
31.02,224,-1034989767,-1034994966,-51.82737,-51.80753
31.021,228,-1090144370,-1090217839,-0.5223321,-0.517953
31.021,232,-1090144370,-1090217839,-0.5223321,-0.517953
31.022,236,-1090144370,-1090217839,-0.5223321,-0.517953
31.022,240,-1140592499,-1141003585,-0.008052957,-0.007741302
31.023,244,934850123,932644427,2.201567E-05,1.800353E-05
31.023,248,-1106812222,-1106815617,-0.1322127,-0.1321621
31.024,260,1070240463,1070123034,1.582605,1.568607
31.024,352,1031659520,1027637248,0.0619812,0.04699707
31.049,12,998,997,1.398496E-42,1.397095E-42
31.05,216,-1080778228,-1081002919,-1.161195,-1.13441
31.05,220,1005011363,1007890133,0.007057385,0.008983334
31.051,224,-1034994966,-1035002513,-51.80753,-51.77874
31.051,228,-1090217839,-1090291374,-0.517953,-0.51357
31.052,232,-1090217839,-1090291374,-0.517953,-0.51357
31.053,236,-1090217839,-1090291374,-0.517953,-0.51357
31.053,240,-1141003585,-1141387057,-0.007741302,-0.007562734
31.054,244,932644427,935345451,1.800353E-05,2.291667E-05
31.054,248,-1106815617,-1106820546,-0.1321621,-0.1320886
31.055,260,1070123034,1070005730,1.568607,1.554623
31.111,12,997,995,1.397095E-42,1.394292E-42
31.112,216,-1081002919,-1083115786,-1.13441,-0.9412683
31.113,220,1007890133,1007270257,0.008983334,0.008406029
31.114,224,-1035002513,-1035013901,-51.77874,-51.7353
31.114,228,-1090291374,-1090391203,-0.51357,-0.5076197
31.115,232,-1090291374,-1090391203,-0.51357,-0.5076197
31.115,236,-1090291374,-1090391203,-0.51357,-0.5076197
31.116,240,-1141387057,-1144152182,-0.007562734,-0.006275122
31.117,244,935345451,934535817,2.291667E-05,2.144395E-05
31.117,248,-1106820546,-1106827983,-0.1320886,-0.1319778
31.118,260,1070005730,1069848027,1.554623,1.535823
31.118,352,1027637248,1031868416,0.04699707,0.0630188
31.173,12,995,994,1.394292E-42,1.392891E-42
31.174,216,-1083115786,-1086317376,-0.9412683,-0.7504387
31.175,220,1007270257,1003573733,0.008406029,0.006387936
31.175,224,-1035013901,-1035018153,-51.7353,-51.71908
31.176,228,-1090391203,-1090464452,-0.5076197,-0.5032537
31.177,232,-1090391203,-1090464452,-0.5076197,-0.5032537
31.177,236,-1090391203,-1090464452,-0.5076197,-0.5032537
31.178,240,-1144152182,-1146884205,-0.006275122,-0.005002925
31.178,244,934535817,931705567,2.144395E-05,1.629576E-05
31.179,248,-1106827983,-1106830760,-0.1319778,-0.1319364
31.18,260,1069848027,1069733368,1.535823,1.522155
31.18,352,1031868416,1027366912,0.0630188,0.04598999
31.206,12,994,992,1.392891E-42,1.390088E-42
31.207,216,-1086317376,-1091925649,-0.7504387,-0.4580798
31.208,220,1003573733,1007455619,0.006387936,0.008578661
31.209,224,-1035018153,-1035022850,-51.71908,-51.70116
31.209,228,-1090464452,-1090561452,-0.5032537,-0.498736
31.21,232,-1090464452,-1090561452,-0.5032537,-0.498736
31.21,236,-1090464452,-1090561452,-0.5032537,-0.498736
31.211,240,-1146884205,-1152900261,-0.005002925,-0.003053865
31.212,244,931705567,934777923,1.629576E-05,2.188434E-05
31.212,248,-1106830760,-1106833827,-0.1319364,-0.1318907
31.213,260,1069733368,1069616371,1.522155,1.508208
31.214,352,1027366912,1027637248,0.04598999,0.04699707
31.267,12,992,991,1.390088E-42,1.388687E-42
31.268,216,-1091925649,-1100087464,-0.4580798,-0.2324194
31.269,220,1007455619,1001323523,0.008578661,0.005340101
31.269,224,-1035022850,-1035026869,-51.70116,-51.68583
31.27,228,-1090561452,-1090767420,-0.498736,-0.4925977
31.27,232,-1090561452,-1090767420,-0.498736,-0.4925977
31.271,236,-1090561452,-1090767420,-0.498736,-0.4925977
31.271,240,-1152900261,-1161095339,-0.003053865,-0.001549462
31.272,244,934777923,929336595,2.188434E-05,1.362271E-05
31.272,248,-1106833827,-1106836452,-0.1318907,-0.1318516
31.273,260,1069616371,1069459084,1.508208,1.489458
31.274,352,1027637248,1031868416,0.04699707,0.0630188
31.331,12,991,989,1.388687E-42,1.385884E-42
31.332,216,-1100087464,-1111972692,-0.2324194,-0.09015784
31.333,220,1001323523,998552788,0.005340101,0.004049877
31.333,224,-1035026869,-1035028076,-51.68583,-51.68123
31.334,228,-1090767420,-1090921530,-0.4925977,-0.4880049
31.335,232,-1090767420,-1090921530,-0.4925977,-0.4880049
31.335,236,-1090767420,-1090921530,-0.4925977,-0.4880049
31.336,240,-1161095339,-1172467729,-0.001549462,-0.0006010522
31.336,244,929336595,925717677,1.362271E-05,1.033132E-05
31.337,248,-1106836452,-1106837240,-0.1318516,-0.1318399
31.338,260,1069459084,1069342133,1.489458,1.475516
31.338,352,1031868416,1027637248,0.0630188,0.04699707
31.362,12,989,988,1.385884E-42,1.384483E-42
31.363,216,-1111972692,-1122617763,-0.09015784,-0.03667294
31.363,220,998552788,998638535,0.004049877,0.004089806
31.364,224,-1035028076,-1035028674,-51.68123,-51.67895
31.364,228,-1090921530,-1091075989,-0.4880049,-0.4834016
31.365,232,-1090921530,-1091075989,-0.4880049,-0.4834016
31.366,236,-1090921530,-1091075989,-0.4880049,-0.4834016
31.366,240,-1172467729,-1182781852,-0.0006010522,-0.0002444863
31.367,244,925717677,925829672,1.033132E-05,1.043318E-05
31.368,248,-1106837240,-1106837631,-0.1318399,-0.131834
31.368,260,1069342133,1069225201,1.475516,1.461577
31.423,12,988,986,1.384483E-42,1.38168E-42
31.424,216,-1122617763,-1122806977,-0.03667294,-0.03596806
31.425,220,998638535,998616565,0.004089806,0.004079575
31.425,224,-1035028674,-1035028936,-51.67895,-51.67795
31.426,228,-1091075989,-1091280234,-0.4834016,-0.4773147
31.427,232,-1091075989,-1091280234,-0.4834016,-0.4773147
31.428,236,-1091075989,-1091280234,-0.4834016,-0.4773147
31.428,240,-1182781852,-1183092902,-0.0002444863,-0.0002397871
31.429,244,925829672,925800977,1.043318E-05,1.040708E-05
31.43,248,-1106837631,-1106837802,-0.131834,-0.1318315
31.43,260,1069225201,1069070596,1.461577,1.443146
31.431,352,1027637248,1031659520,0.04699707,0.0619812
31.486,12,986,985,1.38168E-42,1.380279E-42
31.487,216,-1122806977,-1113753753,-0.03596806,-0.0768879
31.488,220,998616565,993219676,0.004079575,0.002736351
31.489,224,-1035028936,-1035029002,-51.67795,-51.6777
31.489,228,-1091280234,-1091434235,-0.4773147,-0.4727251
31.49,232,-1091280234,-1091434235,-0.4773147,-0.4727251
31.49,236,-1091280234,-1091434235,-0.4773147,-0.4727251
31.491,240,-1183092902,-1173987568,-0.0002397871,-0.000512586
31.492,244,925800977,921319920,1.040708E-05,6.980488E-06
31.492,248,-1106837802,-1106837845,-0.1318315,-0.1318309
31.493,260,1069070596,1068953798,1.443146,1.429223
31.493,352,1031659520,1027637248,0.0619812,0.04699707
31.518,12,985,983,1.380279E-42,1.377476E-42
31.519,216,-1113753753,-1105681243,-0.0768879,-0.1490656
31.52,220,993219676,999777369,0.002736351,0.004620117
31.52,224,-1035029002,-1035029702,-51.6777,-51.67503
31.521,228,-1091434235,-1091587908,-0.4727251,-0.4681453
31.522,232,-1091434235,-1091587908,-0.4727251,-0.4681453
31.522,236,-1091434235,-1091587908,-0.4727251,-0.4681453
31.523,240,-1173987568,-1165868697,-0.000512586,-0.0009937704
31.523,244,921319920,927317129,6.980488E-06,1.178601E-05
31.524,248,-1106837845,-1106838302,-0.1318309,-0.131824
31.524,260,1068953798,1068836868,1.429223,1.415284
31.525,352,1027637248,1027645440,0.04699707,0.04702759
31.581,12,983,982,1.377476E-42,1.376075E-42
31.582,216,-1105681243,-1102149475,-0.1490656,-0.201693
31.583,220,999777369,999864038,0.004620117,0.004660475
31.583,224,-1035029702,-1035031608,-51.67503,-51.66776
31.584,228,-1091587908,-1091790442,-0.4681453,-0.4621093
31.585,232,-1091587908,-1091790442,-0.4681453,-0.4621093
31.585,236,-1091587908,-1091790442,-0.4681453,-0.4621093
31.586,240,-1165868697,-1162854921,-0.0009937704,-0.00134462
31.586,244,927317129,927430330,1.178601E-05,1.188897E-05
31.587,248,-1106838302,-1106839547,-0.131824,-0.1318055
31.587,260,1068836868,1068682421,1.415284,1.396872
31.588,352,1027645440,1031659520,0.04702759,0.0619812
31.642,12,982,980,1.376075E-42,1.373272E-42
31.643,216,-1102149475,-1100573466,-0.201693,-0.2251774
31.644,220,999864038,994574974,0.004660475,0.003051906
31.644,224,-1035031608,-1035032397,-51.66776,-51.66475
31.645,228,-1091790442,-1091943320,-0.4621093,-0.4575531
31.645,232,-1091790442,-1091943320,-0.4621093,-0.4575531
31.646,236,-1091790442,-1091943320,-0.4621093,-0.4575531
31.647,240,-1162854921,-1161510060,-0.00134462,-0.001501183
31.647,244,927430330,922918493,1.188897E-05,7.785476E-06
31.648,248,-1106839547,-1106840062,-0.1318055,-0.1317978
31.648,260,1068682421,1068565716,1.396872,1.38296
31.649,352,1031659520,1027637248,0.0619812,0.04699707
31.674,12,980,979,1.373272E-42,1.371871E-42
31.675,216,-1100573466,-1103303493,-0.2251774,-0.1844968
31.676,220,994574974,998904448,0.003051906,0.004213631
31.677,224,-1035032397,-1035034035,-51.66475,-51.6585
31.677,228,-1091943320,-1092096468,-0.4575531,-0.452989
31.678,232,-1091943320,-1092096468,-0.4575531,-0.452989
31.678,236,-1091943320,-1092096468,-0.4575531,-0.452989
31.679,240,-1161510060,-1163839683,-0.001501183,-0.001229979
31.679,244,922918493,926176988,7.785476E-06,1.074906E-05
31.68,248,-1106840062,-1106841132,-0.1317978,-0.1317819
31.681,260,1068565716,1068449040,1.38296,1.369051
31.737,12,979,977,1.371871E-42,1.369069E-42
31.738,216,-1103303493,-1105936284,-0.1844968,-0.1452652
31.738,220,998904448,999848410,0.004213631,0.004653198
31.739,224,-1035034035,-1035036346,-51.6585,-51.64968
31.739,228,-1092096468,-1092302628,-0.452989,-0.4468449
31.74,232,-1092096468,-1092302628,-0.452989,-0.4468449
31.741,236,-1092096468,-1092302628,-0.452989,-0.4468449
31.741,240,-1163839683,-1166156152,-0.001229979,-0.0009684344
31.742,244,926176988,927409918,1.074906E-05,1.18704E-05
31.743,248,-1106841132,-1106842641,-0.1317819,-0.1317594
31.743,260,1068449040,1068292273,1.369051,1.350363
31.744,352,1027637248,1031868416,0.04699707,0.0630188
31.799,12,977,976,1.369069E-42,1.367667E-42
31.8,216,-1105936284,-1109950783,-0.1452652,-0.1052222
31.8,220,999848410,996425029,0.004653198,0.003482656
31.801,224,-1035036346,-1035037053,-51.64968,-51.64698
31.801,228,-1092302628,-1092453075,-0.4468449,-0.4423613
31.802,232,-1092302628,-1092453075,-0.4468449,-0.4423613
31.803,236,-1092302628,-1092453075,-0.4468449,-0.4423613
31.803,240,-1166156152,-1170742367,-0.0009684344,-0.0007014815
31.804,244,927409918,924126692,1.18704E-05,8.884326E-06
31.804,248,-1106842641,-1106843103,-0.1317594,-0.1317525
31.805,260,1068292273,1068178085,1.350363,1.336751
31.805,352,1031868416,1027366912,0.0630188,0.04598999
31.83,12,976,884,1.367667E-42,1.238748E-42
31.831,16,1,0,1.401298E-45,0
31.832,216,-1109950783,-1110501365,-0.1052222,-0.1011201
31.833,220,996425029,1000534510,0.003482656,0.004972688
31.833,224,-1035037053,-1035037729,-51.64698,-51.64441
31.834,228,-1092453075,-1092606805,-0.4423613,-0.4377798
31.835,232,-1092453075,-1092606805,-0.4423613,-0.4377798
31.835,236,-1092453075,-1092606805,-0.4423613,-0.4377798
31.836,240,-1170742367,-1171212197,-0.0007014815,-0.0006741338
31.837,244,924126692,928306048,8.884326E-06,1.268543E-05
31.837,248,-1106843103,-1106843544,-0.1317525,-0.1317459
31.838,260,1068178085,1067590363,1.336751,1.266689
31.838,352,1027366912,1027637248,0.04598999,0.04699707
31.892,12,884,675,1.238748E-42,9.458765E-43
31.893,216,-1110501365,-1109646908,-0.1011201,-0.1074863
31.894,220,1000534510,998457960,0.004972688,0.004005719
31.895,224,-1035037729,-1035039113,-51.64441,-51.63913
31.895,228,-1092606805,-1092813160,-0.4377798,-0.4316299
31.896,232,-1092606805,-1092813160,-0.4377798,-0.4316299
31.896,236,-1092606805,-1092813160,-0.4377798,-0.4316299
31.897,240,-1171212197,-1170483060,-0.0006741338,-0.0007165752
31.897,244,928306048,925593819,1.268543E-05,1.021867E-05
31.898,248,-1106843544,-1106844448,-0.1317459,-0.1317325
31.899,260,1067590363,1066239661,1.266689,1.105672
31.899,352,1027637248,1031868416,0.04699707,0.0630188
31.955,12,675,612,9.458765E-43,8.575947E-43
31.956,216,-1109646908,-1106315187,-0.1074863,-0.1396191
31.957,220,998457960,997482584,0.004005719,0.003728887
31.958,224,-1035039113,-1035039575,-51.63913,-51.63736
31.958,228,-1092813160,-1092966567,-0.4316299,-0.427058
31.959,232,-1092813160,-1092966567,-0.4316299,-0.427058
31.959,236,-1092813160,-1092966567,-0.4316299,-0.427058
31.96,240,-1170483060,-1166802813,-0.0007165752,-0.0009307938
31.96,244,925593819,924817340,1.021867E-05,9.512467E-06
31.961,248,-1106844448,-1106844750,-0.1317325,-0.131728
31.962,260,1066239661,1065822659,1.105672,1.055962
31.962,352,1031868416,1027637248,0.0630188,0.04699707
31.986,12,612,554,8.575947E-43,7.763193E-43
31.987,216,-1106315187,-1103267394,-0.1396191,-0.1850347
31.988,220,997482584,995427245,0.003728887,0.003250341
31.989,224,-1035039575,-1035040494,-51.63736,-51.63386
31.989,228,-1092966567,-1093119553,-0.427058,-0.4224987
31.99,232,-1092966567,-1093119553,-0.427058,-0.4224987
31.99,236,-1092966567,-1093119553,-0.427058,-0.4224987
31.991,240,-1166802813,-1163808879,-0.0009307938,-0.001233565
31.991,244,924817340,923475078,9.512467E-06,8.291687E-06
31.992,248,-1106844750,-1106845350,-0.131728,-0.131719
31.993,260,1065822659,1065439956,1.055962,1.01034
32.049,12,554,425,7.763193E-43,5.955518E-43
32.05,216,-1103267394,-1101684974,-0.1850347,-0.2086146
32.05,220,995427245,995548269,0.003250341,0.003278519
32.051,224,-1035040494,-1035043056,-51.63386,-51.62408
32.051,228,-1093119553,-1093321374,-0.4224987,-0.4164839
32.052,232,-1093119553,-1093321374,-0.4224987,-0.4164839
32.053,236,-1093119553,-1093321374,-0.4224987,-0.4164839
32.053,240,-1163808879,-1162458547,-0.001233565,-0.001390764
32.054,244,923475078,923554114,8.291687E-06,8.36357E-06
32.054,248,-1106845350,-1106847023,-0.131719,-0.1316941
32.055,260,1065439956,1063786428,1.01034,0.9066122
32.055,352,1027637248,1031659520,0.04699707,0.0619812
32.112,12,425,385,5.955518E-43,5.394999E-43
32.113,216,-1101684974,-1101806873,-0.2086146,-0.2067982
32.113,220,995548269,991833150,0.003278519,0.002413526
32.114,224,-1035043056,-1035044160,-51.62408,-51.61987
32.114,228,-1093321374,-1093474154,-0.4164839,-0.4119307
32.115,232,-1093321374,-1093474154,-0.4164839,-0.4119307
32.116,236,-1093321374,-1093474154,-0.4164839,-0.4119307
32.116,240,-1162458547,-1162562568,-0.001390764,-0.001378655
32.117,244,923554114,919508948,8.36357E-06,6.156954E-06
32.117,248,-1106847023,-1106847744,-0.1316941,-0.1316833
32.118,260,1063786428,1063233826,0.9066122,0.8736745
32.118,352,1031659520,1027637248,0.0619812,0.04699707
32.143,12,385,349,5.394999E-43,4.890532E-43
32.144,216,-1101806873,-1102616136,-0.2067982,-0.1947392
32.144,220,991833150,998060326,0.002413526,0.003863403
32.145,224,-1035044160,-1035045840,-51.61987,-51.61346
32.146,228,-1093474154,-1093627107,-0.4119307,-0.4073724
32.146,232,-1093474154,-1093627107,-0.4119307,-0.4073724
32.147,236,-1093474154,-1093627107,-0.4119307,-0.4073724
32.147,240,-1162562568,-1163253139,-0.001378655,-0.001298261
32.148,244,919508948,925194641,6.156954E-06,9.85562E-06
32.148,248,-1106847744,-1106848841,-0.1316833,-0.131667
32.149,260,1063233826,1062723043,0.8736745,0.8432295
32.149,352,1027637248,1027645440,0.04699707,0.04702759
32.204,12,349,268,4.890532E-43,3.75548E-43
32.205,216,-1102616136,-1103644575,-0.1947392,-0.1794143
32.206,220,998060326,994476311,0.003863403,0.003028935
32.206,224,-1035045840,-1035048417,-51.61346,-51.60363
32.207,228,-1093627107,-1093829077,-0.4073724,-0.4013532
32.208,232,-1093627107,-1093829077,-0.4073724,-0.4013532
32.208,236,-1093627107,-1093829077,-0.4073724,-0.4013532
32.209,240,-1163253139,-1164130740,-0.001298261,-0.001196095
32.209,244,925194641,922854060,9.85562E-06,7.726874E-06
32.21,248,-1106848841,-1106850524,-0.131667,-0.1316419
32.211,260,1062723043,1061554384,0.8432295,0.773572
32.211,352,1027645440,1031659520,0.04702759,0.0619812
32.267,12,268,242,3.75548E-43,3.391142E-43
32.268,216,-1103644575,-1103992462,-0.1794143,-0.1742304
32.268,220,994476311,992710279,0.003028935,0.002617748
32.269,224,-1035048417,-1035049403,-51.60363,-51.59987
32.269,228,-1093829077,-1093982021,-0.4013532,-0.3967951
32.27,232,-1093829077,-1093982021,-0.4013532,-0.3967951
32.27,236,-1093829077,-1093982021,-0.4013532,-0.3967951
32.271,240,-1164130740,-1164427604,-0.001196095,-0.001161536
32.272,244,922854060,920654586,7.726874E-06,6.677929E-06
32.272,248,-1106850524,-1106851168,-0.1316419,-0.1316323
32.273,260,1061554384,1061179094,0.773572,0.7512029
32.273,352,1031659520,1027637248,0.0619812,0.04699707
32.299,12,242,220,3.391142E-43,3.082857E-43
32.3,216,-1103992462,-1104282390,-0.1742304,-0.1699101
32.301,220,992710279,994850730,0.002617748,0.003116111
32.301,224,-1035049403,-1035050868,-51.59987,-51.59428
32.302,228,-1093982021,-1094134989,-0.3967951,-0.3922363
32.303,232,-1093982021,-1094134989,-0.3967951,-0.3922363
32.303,236,-1093982021,-1094134989,-0.3967951,-0.3922363
32.304,240,-1164427604,-1164675009,-0.001161536,-0.001132734
32.305,244,920654586,923098578,6.677929E-06,7.949262E-06
32.305,248,-1106851168,-1106852125,-0.1316323,-0.1316181
32.306,260,1061179094,1060829301,0.7512029,0.7303537
32.361,12,220,168,3.082857E-43,2.354181E-43
32.362,216,-1104282390,-1104758889,-0.1699101,-0.1628097
32.362,220,994850730,993818346,0.003116111,0.00287574
32.363,224,-1035050868,-1035053254,-51.59428,-51.58518
32.364,228,-1094134989,-1094340368,-0.3922363,-0.3861156
32.364,232,-1094134989,-1094340368,-0.3922363,-0.3861156
32.365,236,-1094134989,-1094340368,-0.3922363,-0.3861156
32.365,240,-1164675009,-1165081621,-0.001132734,-0.001085398
32.366,244,923098578,922101857,7.949262E-06,7.336072E-06
32.367,248,-1106852125,-1106853683,-0.1316181,-0.1315949
32.368,260,1060829301,1060007671,0.7303537,0.6813807
32.368,352,1027637248,1031868416,0.04699707,0.0630188
32.424,12,168,152,2.354181E-43,2.129974E-43
32.425,216,-1104758889,-1104891468,-0.1628097,-0.1608341
32.426,220,993818346,992054716,0.00287574,0.002465113
32.426,224,-1035053254,-1035054200,-51.58518,-51.58157
32.427,228,-1094340368,-1094490081,-0.3861156,-0.3816538
32.428,232,-1094340368,-1094490081,-0.3861156,-0.3816538
32.429,236,-1094340368,-1094490081,-0.3861156,-0.3816538
32.429,240,-1165081621,-1165194755,-0.001085398,-0.001072228
32.43,244,922101857,919798340,7.336072E-06,6.288554E-06
32.43,248,-1106853683,-1106854301,-0.1315949,-0.1315856
32.431,260,1060007671,1059750922,0.6813807,0.6660773
32.431,352,1031868416,1027366912,0.0630188,0.04598999
32.455,12,152,138,2.129974E-43,1.933792E-43
32.456,216,-1104891468,-1105137323,-0.1608341,-0.1571706
32.456,220,992054716,993910773,0.002465113,0.00289726
32.457,224,-1035054200,-1035055582,-51.58157,-51.5763
32.458,228,-1094490081,-1094643085,-0.3816538,-0.3770939
32.458,232,-1094490081,-1094643085,-0.3816538,-0.3770939
32.459,236,-1094490081,-1094643085,-0.3816538,-0.3770939
32.459,240,-1165194755,-1165404552,-0.001072228,-0.001047804
32.46,244,919798340,922222577,6.288554E-06,7.390969E-06
32.46,248,-1106854301,-1106855203,-0.1315856,-0.1315722
32.461,260,1059750922,1059502912,0.6660773,0.6512947
32.461,352,1027366912,1027637248,0.04598999,0.04699707
32.517,12,138,105,1.933792E-43,1.471363E-43
32.518,216,-1105137323,-1105594898,-0.1571706,-0.1503522
32.519,220,993910773,988490715,0.00289726,0.001794215
32.519,224,-1035055582,-1035057961,-51.5763,-51.56723
32.52,228,-1094643085,-1094848520,-0.3770939,-0.3709714
32.52,232,-1094643085,-1094848520,-0.3770939,-0.3709714
32.521,236,-1094643085,-1094848520,-0.3770939,-0.3709714
32.521,240,-1165404552,-1165795016,-0.001047804,-0.001002348
32.522,244,922222577,916034766,7.390969E-06,4.577078E-06
32.523,248,-1106855203,-1106856757,-0.1315722,-0.131549
32.523,260,1059502912,1058913018,0.6512947,0.6161343
32.524,352,1027637248,1031868416,0.04699707,0.0630188
32.581,12,105,95,1.471363E-43,1.331234E-43
32.582,216,-1105594898,-1105734414,-0.1503522,-0.1482733
32.582,220,988490715,991255077,0.001794215,0.002278933
32.583,224,-1035057961,-1035058788,-51.56723,-51.56407
32.583,228,-1094848520,-1095001539,-0.3709714,-0.3664111
32.584,232,-1094848520,-1095001539,-0.3709714,-0.3664111
32.584,236,-1094848520,-1095001539,-0.3709714,-0.3664111
32.585,240,-1165795016,-1165914069,-0.001002348,-0.0009884884
32.586,244,916034766,918753914,4.577078E-06,5.813604E-06
32.586,248,-1106856757,-1106857297,-0.131549,-0.131541
32.587,260,1058913018,1058720885,0.6161343,0.6046823
32.587,352,1031868416,1027637248,0.0630188,0.04699707
32.611,12,95,86,1.331234E-43,1.205117E-43
32.612,216,-1105734414,-1105977886,-0.1482733,-0.1446452
32.613,220,991255077,993985989,0.002278933,0.002914773
32.613,224,-1035058788,-1035060140,-51.56407,-51.55891
32.614,228,-1095001539,-1095154579,-0.3664111,-0.3618502
32.614,232,-1095001539,-1095154579,-0.3664111,-0.3618502
32.615,236,-1095001539,-1095154579,-0.3664111,-0.3618502
32.615,240,-1165914069,-1166227152,-0.0009884884,-0.0009643016
32.616,244,918753914,922320819,5.813604E-06,7.435644E-06
32.616,248,-1106857297,-1106858180,-0.131541,-0.1315278
32.617,260,1058720885,1058537046,0.6046823,0.5937246
32.673,12,86,66,1.205117E-43,9.24857E-44
32.674,216,-1105977886,-1106435108,-0.1446452,-0.1378321
32.675,220,993985989,986244369,0.002914773,0.001532706
32.676,224,-1035060140,-1035062383,-51.55891,-51.55036
32.676,228,-1095154579,-1095356631,-0.3618502,-0.3558286
32.677,232,-1095154579,-1095356631,-0.3618502,-0.3558286
32.677,236,-1095154579,-1095356631,-0.3618502,-0.3558286
32.678,240,-1166227152,-1167007477,-0.0009643016,-0.0009188807
32.678,244,922320819,914567764,7.435644E-06,3.909963E-06
32.679,248,-1106858180,-1106859645,-0.1315278,-0.131506
32.68,260,1058537046,1058100505,0.5937246,0.5677047
32.68,352,1027637248,1031659520,0.04699707,0.0619812
32.735,12,66,60,9.24857E-44,8.407791E-44
32.736,216,-1106435108,-1106550451,-0.1378321,-0.1361134
32.737,220,986244369,983632092,0.001532706,0.001228597
32.738,224,-1035062383,-1035063284,-51.55036,-51.54692
32.738,228,-1095356631,-1095509733,-0.3558286,-0.3512658
32.739,232,-1095356631,-1095509733,-0.3558286,-0.3512658
32.739,236,-1095356631,-1095509733,-0.3558286,-0.3512658
32.74,240,-1167007477,-1167204330,-0.0009188807,-0.0009074224
32.74,244,914567764,911365303,3.909963E-06,3.134175E-06
32.741,248,-1106859645,-1106860233,-0.131506,-0.1314972
32.742,260,1058100505,1057952325,0.5677047,0.5588725
32.742,352,1031659520,1027637248,0.0619812,0.04699707
32.767,12,60,54,8.407791E-44,7.567012E-44
32.768,216,-1106550451,-1106782999,-0.1361134,-0.1326481
32.769,220,983632092,979452080,0.001228597,0.0008592708
32.77,224,-1035063284,-1035064478,-51.54692,-51.54237
32.77,228,-1095509733,-1095662909,-0.3512658,-0.3467008
32.771,232,-1095509733,-1095662909,-0.3512658,-0.3467008
32.772,236,-1095509733,-1095662909,-0.3512658,-0.3467008
32.772,240,-1167204330,-1167601212,-0.0009074224,-0.0008843208
32.773,244,911365303,907221650,3.134175E-06,2.192017E-06
32.773,248,-1106860233,-1106861013,-0.1314972,-0.1314856
32.774,260,1057952325,1057808213,0.5588725,0.5502828
32.775,352,1027637248,1027645440,0.04699707,0.04702759
32.829,12,54,41,7.567012E-44,5.745324E-44
32.83,216,-1106782999,-1107200960,-0.1326481,-0.12642
32.831,220,979452080,981388674,0.0008592708,0.0009719954
32.832,224,-1035064478,-1035066767,-51.54237,-51.53363
32.832,228,-1095662909,-1095865036,-0.3467008,-0.3406769
32.833,232,-1095662909,-1095865036,-0.3467008,-0.3406769
32.833,236,-1095662909,-1095865036,-0.3467008,-0.3406769
32.834,240,-1167601212,-1168314532,-0.0008843208,-0.0008428001
32.835,244,907221650,908486365,2.192017E-06,2.47958E-06
32.835,248,-1106861013,-1106862508,-0.1314856,-0.1314633
32.836,260,1057808213,1057460969,0.5502828,0.5295854
32.837,352,1027645440,1031659520,0.04702759,0.0619812
32.893,12,41,37,5.745324E-44,5.184804E-44
32.894,216,-1107200960,-1107326477,-0.12642,-0.1247748
32.895,220,981388674,975192232,0.0009719954,0.000611315
32.896,224,-1035066767,-1035067593,-51.53363,-51.53048
32.896,228,-1095865036,-1096018186,-0.3406769,-0.3361127
32.897,232,-1095865036,-1096018186,-0.3406769,-0.3361127
32.897,236,-1095865036,-1096018186,-0.3406769,-0.3361127
32.898,240,-1168314532,-1168502959,-0.0008428001,-0.0008318322
32.898,244,908486365,902909753,2.47958E-06,1.559477E-06
32.899,248,-1106862508,-1106863047,-0.1314633,-0.1314553
32.899,260,1057460969,1057340492,0.5295854,0.5224044
32.9,352,1031659520,1027637248,0.0619812,0.04699707
32.923,12,37,34,5.184804E-44,4.764415E-44
32.924,216,-1107326477,-1107771979,-0.1247748,-0.1214556
32.924,220,975192232,985313854,0.000611315,0.001424379
32.925,224,-1035067593,-1035068789,-51.53048,-51.52592
32.926,228,-1096018186,-1096171358,-0.3361127,-0.3315478
32.927,232,-1096018186,-1096171358,-0.3361127,-0.3315478
32.927,236,-1096018186,-1096171358,-0.3361127,-0.3315478
32.928,240,-1168502959,-1168883121,-0.0008318322,-0.0008097039
32.928,244,902909753,913561890,1.559477E-06,3.633621E-06
32.929,248,-1106863047,-1106863828,-0.1314553,-0.1314437
32.929,260,1057340492,1057221581,0.5224044,0.5153168
32.985,12,34,26,4.764415E-44,3.643376E-44
32.987,216,-1107771979,-1108572895,-0.1214556,-0.1154883
32.987,220,985313854,981489182,0.001424379,0.000979129
32.988,224,-1035068789,-1035070883,-51.52592,-51.51793
32.988,228,-1096171358,-1096376909,-0.3315478,-0.3254219
32.989,232,-1096171358,-1096376909,-0.3315478,-0.3254219
32.989,236,-1096171358,-1096376909,-0.3315478,-0.3254219
32.99,240,-1168883121,-1169566569,-0.0008097039,-0.000769922
32.99,244,913561890,908566400,3.633621E-06,2.497778E-06
32.991,248,-1106863828,-1106865196,-0.1314437,-0.1314233
32.992,260,1057221581,1056886672,0.5153168,0.4976773
32.992,352,1027637248,1031868416,0.04699707,0.0630188
33.048,12,26,23,3.643376E-44,3.222986E-44
33.049,216,-1108572895,-1108795330,-0.1154883,-0.113831
33.049,220,981489182,979584945,0.000979129,0.0008670046
33.05,224,-1035070883,-1035071635,-51.51793,-51.51506
33.051,228,-1096376909,-1096526832,-0.3254219,-0.3209538
33.051,232,-1096376909,-1096526832,-0.3254219,-0.3209538
33.052,236,-1096376909,-1096526832,-0.3254219,-0.3209538
33.052,240,-1169566569,-1169756380,-0.000769922,-0.0007588735
33.053,244,908566400,907308419,2.497778E-06,2.211746E-06
33.053,248,-1106865196,-1106865687,-0.1314233,-0.131416
33.054,260,1056886672,1056685954,0.4976773,0.4916955
33.055,352,1031868416,1027366912,0.0630188,0.04598999
33.079,12,23,21,3.222986E-44,2.942727E-44
33.08,216,-1108795330,-1109206993,-0.113831,-0.1107639
33.081,220,979584945,983370371,0.0008670046,0.001198128
33.082,224,-1035071635,-1035072718,-51.51506,-51.51093
33.082,228,-1096526832,-1096680006,-0.3209538,-0.3163889
33.083,232,-1096526832,-1096680006,-0.3209538,-0.3163889
33.084,236,-1096526832,-1096680006,-0.3209538,-0.3163889
33.084,240,-1169756380,-1170107666,-0.0007588735,-0.000738426
33.085,244,907308419,911023463,2.211746E-06,3.056449E-06
33.085,248,-1106865687,-1106866394,-0.131416,-0.1314054
33.086,260,1056685954,1056480204,0.4916955,0.4855636
33.087,352,1027366912,1027637248,0.04598999,0.04699707
33.143,12,21,16,2.942727E-44,2.242078E-44
33.144,216,-1109206993,-1109970972,-0.1107639,-0.1050718
33.144,220,983370371,966931183,0.001198128,0.00030937
33.145,224,-1035072718,-1035074687,-51.51093,-51.50342
33.146,228,-1096680006,-1096885606,-0.3163889,-0.3102615
33.146,232,-1096680006,-1096885606,-0.3163889,-0.3102615
33.147,236,-1096680006,-1096885606,-0.3163889,-0.3102615
33.147,240,-1170107666,-1170759595,-0.000738426,-0.0007004787
33.148,244,911023463,894687753,3.056449E-06,7.892091E-07
33.148,248,-1106866394,-1106867680,-0.1314054,-0.1313863
33.149,260,1056480204,1055961360,0.4855636,0.4701009
33.149,352,1027637248,1031868416,0.04699707,0.0630188
33.206,12,16,14,2.242078E-44,1.961818E-44
33.207,216,-1109970972,-1110178862,-0.1050718,-0.1035229
33.208,220,966931183,980619018,0.00030937,0.0009271955
33.209,224,-1035074687,-1035075436,-51.50342,-51.50056
33.209,228,-1096885606,-1097038809,-0.3102615,-0.3056957
33.21,232,-1096885606,-1097038809,-0.3102615,-0.3056957
33.21,236,-1096885606,-1097038809,-0.3102615,-0.3056957
33.211,240,-1170759595,-1170936994,-0.0007004787,-0.0006901528
33.211,244,894687753,907983732,7.892091E-07,2.365295E-06
33.212,248,-1106867680,-1106868169,-0.1313863,-0.131379
33.213,260,1055961360,1055778048,0.4701009,0.4646378
33.213,352,1031868416,1027637248,0.0630188,0.04699707
33.235,12,14,13,1.961818E-44,1.821688E-44
33.237,216,-1110178862,-1110583360,-0.1035229,-0.1005092
33.238,220,980619018,945406452,0.0009271955,5.191746E-05
33.239,224,-1035075436,-1035076655,-51.50056,-51.49591
33.239,228,-1097038809,-1097192052,-0.3056957,-0.3011287
33.24,232,-1097038809,-1097192052,-0.3056957,-0.3011287
33.241,236,-1097038809,-1097192052,-0.3056957,-0.3011287
33.241,240,-1170936994,-1171282166,-0.0006901528,-0.0006700611
33.242,244,907983732,873346437,2.365295E-06,1.324425E-07
33.243,248,-1106868169,-1106868965,-0.131379,-0.1313671
33.243,260,1055778048,1055592468,0.4646378,0.459107
33.299,12,13,10,1.821688E-44,1.401298E-44
33.3,216,-1110583360,-1111308396,-0.1005092,-0.09510723
33.301,220,945406452,972043736,5.191746E-05,0.0004581648
33.301,224,-1035076655,-1035078550,-51.49591,-51.48869
33.302,228,-1097192052,-1097394359,-0.3011287,-0.2950995
33.302,232,-1097192052,-1097394359,-0.3011287,-0.2950995
33.303,236,-1097192052,-1097394359,-0.3011287,-0.2950995
33.303,240,-1171282166,-1171900863,-0.0006700611,-0.0006340482
33.304,244,873346437,899473215,1.324425E-07,1.168788E-06
33.305,248,-1106868965,-1106870203,-0.1313671,-0.1313487
33.305,260,1055592468,1055127661,0.459107,0.4452547
33.306,352,1027637248,1031659520,0.04699707,0.0619812
33.361,12,10,9,1.401298E-44,1.261169E-44
33.362,216,-1111308396,-1111499973,-0.09510723,-0.09367987
33.363,220,972043736,976113944,0.0004581648,0.0006649657
33.364,224,-1035078550,-1035079226,-51.48869,-51.48611
33.364,228,-1097394359,-1097547647,-0.2950995,-0.2905312
33.365,232,-1097394359,-1097547647,-0.2950995,-0.2905312
33.365,236,-1097394359,-1097547647,-0.2950995,-0.2905312
33.366,240,-1171900863,-1172064342,-0.0006340482,-0.0006245325
33.367,244,899473215,904113622,1.168788E-06,1.696341E-06
33.367,248,-1106870203,-1106870644,-0.1313487,-0.1313421
33.368,260,1055127661,1054957982,0.4452547,0.4401979
33.368,352,1031659520,1027637248,0.0619812,0.04699707
33.392,12,9,8,1.261169E-44,1.121039E-44
33.393,216,-1111499973,-1111884589,-0.09367987,-0.09081426
33.394,220,976113944,981578900,0.0006649657,0.0009895735
33.394,224,-1035079226,-1035080224,-51.48611,-51.4823
33.395,228,-1097547647,-1097701016,-0.2905312,-0.2859604
33.395,232,-1097547647,-1097701016,-0.2905312,-0.2859604
33.396,236,-1097547647,-1097701016,-0.2905312,-0.2859604
33.397,240,-1172064342,-1172392548,-0.0006245325,-0.0006054284
33.397,244,904113622,908683583,1.696341E-06,2.524422E-06
33.398,248,-1106870644,-1106871296,-0.1313421,-0.1313324
33.398,260,1054957982,1054784638,0.4401979,0.4350318
33.399,352,1027637248,1027645440,0.04699707,0.04702759
33.454,12,8,6,1.121039E-44,8.407791E-45
33.455,216,-1111884589,-1112573274,-0.09081426,-0.08568315
33.456,220,981578900,974316398,0.0009895735,0.0005603348
33.457,224,-1035080224,-1035082032,-51.4823,-51.4754
33.457,228,-1097701016,-1097903334,-0.2859604,-0.2799309
33.458,232,-1097701016,-1097903334,-0.2859604,-0.2799309
33.459,236,-1097701016,-1097903334,-0.2859604,-0.2799309
33.459,240,-1172392548,-1172980226,-0.0006054284,-0.000571221
33.46,244,908683583,901765807,2.524422E-06,1.429425E-06
33.46,248,-1106871296,-1106872477,-0.1313324,-0.1313148
33.461,260,1054784638,1054347567,0.4350318,0.4220061
33.462,352,1027645440,1031659520,0.04702759,0.0619812
33.517,12,6,5,8.407791E-45,7.006492E-45
33.518,216,-1112573274,-1112754569,-0.08568315,-0.0843324
33.519,220,974316398,-1182696622,0.0005603348,-0.0002469668
33.52,224,-1035082032,-1035082746,-51.4754,-51.47268
33.52,228,-1097903334,-1098056647,-0.2799309,-0.2753618
33.521,232,-1097903334,-1098056647,-0.2799309,-0.2753618
33.521,236,-1097903334,-1098056647,-0.2799309,-0.2753618
33.522,240,-1172980226,-1173134931,-0.000571221,-0.000562216
33.522,244,901765807,-1255596427,1.429425E-06,-6.300173E-07
33.523,248,-1106872477,-1106872943,-0.1313148,-0.1313079
33.524,260,1054347567,1054186505,0.4220061,0.4172061
33.524,352,1031659520,1027637248,0.0619812,0.04699707
33.548,216,-1112754569,-1113120110,-0.0843324,-0.08160891
33.549,220,-1182696622,983948686,-0.0002469668,0.001265453
33.55,224,-1035082746,-1035083807,-51.47268,-51.46863
33.551,228,-1098056647,-1098209992,-0.2753618,-0.2707918
33.551,232,-1098056647,-1098209992,-0.2753618,-0.2707918
33.552,236,-1098056647,-1098209992,-0.2753618,-0.2707918
33.552,240,-1173134931,-1173446859,-0.000562216,-0.0005440594
33.553,244,-1255596427,911778813,-6.300173E-07,3.228196E-06
33.553,248,-1106872943,-1106873636,-0.1313079,-0.1312975
33.554,260,1054186505,1054021095,0.4172061,0.4122765
33.61,12,5,4,7.006492E-45,5.605194E-45
33.611,216,-1113120110,-1113773056,-0.08160891,-0.07674408
33.612,220,983948686,-1171812940,0.001265453,-0.000639166
33.613,224,-1035083807,-1035085360,-51.46863,-51.46271
33.613,228,-1098209992,-1098415727,-0.2707918,-0.2646604
33.614,232,-1098209992,-1098415727,-0.2707918,-0.2646604
33.614,236,-1098209992,-1098415727,-0.2707918,-0.2646604
33.615,240,-1173446859,-1174004040,-0.0005440594,-0.0005116272
33.615,244,911778813,-1243948946,3.228196E-06,-1.630526E-06
33.616,248,-1106873636,-1106874650,-0.1312975,-0.1312824
33.617,260,1054021095,1053594153,0.4122765,0.3995526
33.617,352,1027637248,1031868416,0.04699707,0.0630188
33.673,12,4,3,5.605194E-45,4.203895E-45
33.674,216,-1113773056,-1113954192,-0.07674408,-0.07539451
33.675,220,-1171812940,942078973,-0.000639166,3.981217E-05
33.676,224,-1035085360,-1035086078,-51.46271,-51.45997
33.676,228,-1098415727,-1098565794,-0.2646604,-0.260188
33.677,232,-1098415727,-1098565794,-0.2646604,-0.260188
33.677,236,-1098415727,-1098565794,-0.2646604,-0.260188
33.678,240,-1174004040,-1174158609,-0.0005116272,-0.0005026301
33.678,244,-1243948946,869931548,-1.630526E-06,1.015617E-07
33.679,248,-1106874650,-1106875119,-0.1312824,-0.1312754
33.68,260,1053594153,1053442540,0.3995526,0.3950342
33.68,352,1031868416,1027366912,0.0630188,0.04598999
33.705,216,-1113954192,-1114287847,-0.07539451,-0.07290859
33.706,220,942078973,-1186114564,3.981217E-05,-0.0001958161
33.707,224,-1035086078,-1035087064,-51.45997,-51.45621
33.708,228,-1098565794,-1098719166,-0.260188,-0.2556172
33.708,232,-1098565794,-1098719166,-0.260188,-0.2556172
33.709,236,-1098565794,-1098719166,-0.260188,-0.2556172
33.709,240,-1174158609,-1174481536,-0.0005026301,-0.0004860573
33.71,244,869931548,-1257891968,1.015617E-07,-4.995309E-07
33.711,248,-1106875119,-1106875763,-0.1312754,-0.1312658
33.711,260,1053442540,1053282379,0.3950342,0.390261
33.712,352,1027366912,1027637248,0.04598999,0.04699707
33.767,12,3,2,4.203895E-45,2.802597E-45
33.768,216,-1114287847,-1114905346,-0.07290859,-0.06830786
33.768,220,-1186114564,973649008,-0.0001958161,0.0005214876
33.769,224,-1035087064,-1035088650,-51.45621,-51.45016
33.77,228,-1098719166,-1098942340,-0.2556172,-0.249483
33.77,232,-1098719166,-1098942340,-0.2556172,-0.249483
33.771,236,-1098719166,-1098942340,-0.2556172,-0.249483
33.771,240,-1174481536,-1175535401,-0.0004860573,-0.0004553857
33.772,244,-1257891968,900894114,-4.995309E-07,1.330325E-06
33.772,248,-1106875763,-1106876799,-0.1312658,-0.1312504
33.773,260,1053282379,1052867394,0.390261,0.3778935
33.774,352,1027637248,1031868416,0.04699707,0.0630188
33.831,216,-1114905346,-1115072143,-0.06830786,-0.06706513
33.832,220,973649008,-1175778935,0.0005214876,-0.000448298
33.833,224,-1035088650,-1035089220,-51.45016,-51.44798
33.833,228,-1098942340,-1099249099,-0.249483,-0.244912
33.834,232,-1098942340,-1099249099,-0.249483,-0.244912
33.834,236,-1098942340,-1099249099,-0.249483,-0.244912
33.835,240,-1175535401,-1175820067,-0.0004553857,-0.0004471009
33.835,244,900894114,-1248231836,1.330325E-06,-1.143617E-06
33.836,248,-1106876799,-1106877171,-0.1312504,-0.1312449
33.837,260,1052867394,1052715686,0.3778935,0.3733723
33.837,352,1031868416,1027637248,0.0630188,0.04699707
33.862,216,-1115072143,-1115397443,-0.06706513,-0.06464145
33.862,220,-1175778935,976965732,-0.000448298,0.0007145463
33.863,224,-1035089220,-1035090225,-51.44798,-51.44415
33.864,228,-1099249099,-1099555953,-0.244912,-0.2403395
33.864,232,-1099249099,-1099555953,-0.244912,-0.2403395
33.865,236,-1099249099,-1099555953,-0.244912,-0.2403395
33.865,240,-1175820067,-1176375246,-0.0004471009,-0.000430943
33.866,244,-1248231836,905226162,-1.143617E-06,1.822822E-06
33.867,248,-1106877171,-1106877827,-0.1312449,-0.1312351
33.867,260,1052715686,1052558763,0.3733723,0.3686956
33.923,12,2,1,2.802597E-45,1.401298E-45
33.924,216,-1115397443,-1116681895,-0.06464145,-0.05878577
33.925,220,976965732,-1130271161,0.0007145463,-0.0197059
33.926,224,-1035090225,1113858582,-51.44415,57.03329
33.927,228,-1099555953,-1099541678,-0.2403395,-0.2405522
33.927,232,-1099555953,-1099541678,-0.2403395,-0.2405522
33.928,236,-1099555953,-1099541678,-0.2403395,-0.2405522
33.929,240,-1176375246,-1177716578,-0.000430943,-0.0003919051
33.929,244,905226162,-1202530002,1.822822E-06,-5.027017E-05
33.93,248,-1106877827,1041562659,-0.1312351,0.1454931
33.93,260,1052558763,1052193763,0.3686956,0.3578177
33.931,352,1027637248,1031659520,0.04699707,0.0619812
33.986,216,-1116681895,-1116350091,-0.05878577,-0.06002184
33.986,220,-1130271161,-1127613727,-0.0197059,-0.02465576
33.987,224,1113858582,1113858914,57.03329,57.03455
33.988,228,-1099541678,-1099202847,-0.2405522,-0.2456012
33.988,232,-1099541678,-1099202847,-0.2405522,-0.2456012
33.989,236,-1099541678,-1099202847,-0.2405522,-0.2456012
33.989,240,-1177716578,-1177433439,-0.0003919051,-0.0004001456
33.99,244,-1202530002,-1199315006,-5.027017E-05,-6.289735E-05
33.99,248,1041562659,1041562876,0.1454931,0.1454963
33.991,260,1052193763,1052108511,0.3578177,0.355277
33.992,352,1031659520,1027637248,0.0619812,0.04699707
34.017,216,-1116350091,-1115673927,-0.06002184,-0.06258149
34.018,220,-1127613727,-1128378789,-0.02465576,-0.02323072
34.019,224,1113858914,1113859445,57.03455,57.03658
34.019,228,-1099202847,-1098885808,-0.2456012,-0.2506509
34.02,232,-1099202847,-1098885808,-0.2456012,-0.2506509
34.02,236,-1099202847,-1098885808,-0.2456012,-0.2506509
34.021,240,-1177433439,-1176847113,-0.0004001456,-0.0004172099
34.022,244,-1199315006,-1200058333,-6.289735E-05,-5.926205E-05
34.022,248,1041562876,1041563223,0.1454963,0.1455015
34.023,260,1052108511,1052052634,0.355277,0.3536118
34.023,352,1027637248,1027645440,0.04699707,0.04702759
34.082,216,-1115673927,-1115030428,-0.06258149,-0.06737593
34.082,220,-1128378789,-1138491103,-0.02323072,-0.01001003
34.083,224,1113859445,1113860479,57.03658,57.04052
34.083,228,-1098885808,-1098663676,-0.2506509,-0.2572709
34.084,232,-1098885808,-1098663676,-0.2506509,-0.2572709
34.085,236,-1098885808,-1098663676,-0.2506509,-0.2572709
34.085,240,-1176847113,-1175748874,-0.0004172099,-0.0004491729
34.086,244,-1200058333,-1210698312,-5.926205E-05,-2.55358E-05
34.086,248,1041563223,1041563898,0.1455015,0.1455115
34.087,260,1052052634,1051980666,0.3536118,0.351467
34.087,352,1027645440,1031659520,0.04702759,0.0619812
34.142,12,1,0,1.401298E-45,0
34.143,216,-1115030428,-1114857331,-0.06737593,-0.0686656
34.144,220,-1138491103,-1148405576,-0.01001003,-0.004294481
34.144,224,1113860479,1113860914,57.04052,57.04218
34.145,228,-1098663676,-1098494468,-0.2572709,-0.2623137
34.145,232,-1098663676,-1098494468,-0.2572709,-0.2623137
34.146,236,-1098663676,-1098494468,-0.2572709,-0.2623137
34.146,240,-1175748874,-1175453455,-0.0004491729,-0.0004577707
34.147,244,-1210698312,-1221079887,-2.55358E-05,-1.095531E-05
34.148,248,1041563898,1041564182,0.1455115,0.1455158
34.148,260,1051980666,1052040044,0.351467,0.3532366
34.149,352,1031659520,1027637248,0.0619812,0.04699707
34.173,216,-1114857331,-1114490936,-0.0686656,-0.07139546
34.174,220,-1148405576,-1157552011,-0.004294481,-0.001970795
34.175,224,1113860914,1113861698,57.04218,57.04517
34.175,228,-1098494468,-1098325275,-0.2623137,-0.2673561
34.176,232,-1098494468,-1098325275,-0.2623137,-0.2673561
34.177,236,-1098494468,-1098325275,-0.2623137,-0.2673561
34.177,240,-1175453455,-1174828141,-0.0004577707,-0.0004759697
34.178,244,-1221079887,-1230458309,-1.095531E-05,-5.027539E-06
34.178,248,1041564182,1041564694,0.1455158,0.1455234
34.179,260,1052040044,1052061394,0.3532366,0.3538728
34.236,216,-1114490936,-1113799796,-0.07139546,-0.07654485
34.236,220,-1157552011,987081832,-0.001970795,0.001630199
34.237,224,1113861698,1113863250,57.04517,57.05109
34.238,228,-1098325275,-1098099498,-0.2673561,-0.2740847
34.238,232,-1098325275,-1098099498,-0.2673561,-0.2740847
34.239,236,-1098325275,-1098099498,-0.2673561,-0.2740847
34.239,240,-1174828141,-1174026858,-0.0004759697,-0.000510299
34.24,244,-1230458309,915114679,-5.027539E-06,4.158671E-06
34.24,248,1041564694,1041565708,0.1455234,0.1455385
34.241,260,1052061394,1052164884,0.3538728,0.3569571
34.242,352,1027637248,1031868416,0.04699707,0.0630188
34.299,216,-1113799796,-1113603354,-0.07654485,-0.07800846
34.3,220,987081832,994472794,0.001630199,0.003028116
34.3,224,1113863250,1113863894,57.05109,57.05355
34.301,228,-1098099498,-1097933902,-0.2740847,-0.2790199
34.302,232,-1098099498,-1097933902,-0.2740847,-0.2790199
34.302,236,-1098099498,-1097933902,-0.2740847,-0.2790199
34.303,240,-1174026858,-1173859227,-0.000510299,-0.0005200564
34.303,244,915114679,922851763,4.158671E-06,7.724785E-06
34.304,248,1041565708,1041566128,0.1455385,0.1455448
34.304,260,1052164884,1052222606,0.3569571,0.3586773
34.305,352,1031868416,1027366912,0.0630188,0.04598999
34.33,216,-1113603354,-1113224352,-0.07800846,-0.08083224
34.33,220,994472794,983267983,0.003028116,0.001186209
34.331,224,1113863894,1113864777,57.05355,57.05692
34.332,228,-1097933902,-1097764637,-0.2790199,-0.2840644
34.332,232,-1097933902,-1097764637,-0.2790199,-0.2840644
34.333,236,-1097933902,-1097764637,-0.2790199,-0.2840644
34.333,240,-1173859227,-1173535812,-0.0005200564,-0.0005388816
34.334,244,922851763,910889732,7.724785E-06,3.026043E-06
34.334,248,1041566128,1041566705,0.1455448,0.1455534
34.335,260,1052222606,1052297511,0.3586773,0.3609097
34.336,352,1027366912,1027637248,0.04598999,0.04699707
34.393,216,-1113224352,-1112488265,-0.08083224,-0.08631652
34.394,220,983267983,984528290,0.001186209,0.001332928
34.394,224,1113864777,1113866391,57.05692,57.06308
34.395,228,-1097764637,-1097538790,-0.2840644,-0.2907951
34.396,232,-1097764637,-1097538790,-0.2840644,-0.2907951
34.396,236,-1097764637,-1097538790,-0.2840644,-0.2907951
34.397,240,-1173535812,-1172907685,-0.0005388816,-0.0005754434
34.397,244,910889732,912535847,3.026043E-06,3.400326E-06
34.398,248,1041566705,1041567759,0.1455534,0.1455691
34.399,260,1052297511,1052522906,0.3609097,0.367627
34.399,352,1027637248,1031868416,0.04699707,0.0630188
34.455,216,-1112488265,-1112283360,-0.08631652,-0.08784318
34.456,220,984528290,854849030,0.001332928,2.84008E-08
34.456,224,1113866391,1113866976,57.06308,57.06531
34.457,228,-1097538790,-1097369493,-0.2907951,-0.2958406
34.457,232,-1097538790,-1097369493,-0.2907951,-0.2958406
34.458,236,-1097538790,-1097369493,-0.2907951,-0.2958406
34.458,240,-1172907685,-1172732832,-0.0005754434,-0.0005856212
34.459,244,912535847,782193229,3.400326E-06,7.245102E-11
34.46,248,1041567759,1041568141,0.1455691,0.1455748
34.46,260,1052522906,1052619398,0.367627,0.3705027
34.461,352,1031868416,1027637248,0.0630188,0.04699707
34.486,216,-1112283360,-1111869130,-0.08784318,-0.09092943
34.487,220,854849030,981046025,2.84008E-08,0.0009520506
34.487,224,1113866976,1113867942,57.06531,57.06899
34.488,228,-1097369493,-1097200180,-0.2958406,-0.3008865
34.488,232,-1097369493,-1097200180,-0.2958406,-0.3008865
34.489,236,-1097369493,-1097200180,-0.2958406,-0.3008865
34.489,240,-1172732832,-1172379356,-0.0005856212,-0.0006061962
34.49,244,782193229,908262594,7.245102E-11,2.428701E-06
34.491,248,1041568141,1041568772,0.1455748,0.1455842
34.491,260,1052619398,1052728159,0.3705027,0.373744
34.548,216,-1111869130,-1111091860,-0.09092943,-0.09672055
34.549,220,981046025,977294033,0.0009520506,0.0007336559
34.549,224,1113867942,1113869593,57.06899,57.07529
34.55,228,-1097200180,-1096978148,-0.3008865,-0.3075036
34.551,232,-1097200180,-1096978148,-0.3008865,-0.3075036
34.551,236,-1097200180,-1096978148,-0.3008865,-0.3075036
34.552,240,-1172379356,-1171716086,-0.0006061962,-0.0006448036
34.552,244,908262594,905654963,2.428701E-06,1.871571E-06
34.553,248,1041568772,1041569850,0.1455842,0.1456002
34.553,260,1052728159,1053025012,0.373744,0.3825909
34.554,352,1027637248,1031659520,0.04699707,0.0619812
34.611,216,-1111091860,-1110882854,-0.09672055,-0.09827776
34.612,220,977294033,965604275,0.0007336559,0.0002707519
34.612,224,1113869593,1113870270,57.07529,57.07787
34.613,228,-1096978148,-1096808798,-0.3075036,-0.3125506
34.613,232,-1096978148,-1096808798,-0.3075036,-0.3125506
34.614,236,-1096978148,-1096808798,-0.3075036,-0.3125506
34.615,240,-1171716086,-1171537734,-0.0006448036,-0.0006551851
34.615,244,905654963,892954649,1.871571E-06,6.906935E-07
34.616,248,1041569850,1041570292,0.1456002,0.1456068
34.616,260,1053025012,1053144954,0.3825909,0.3861654
34.617,352,1031659520,1027637248,0.0619812,0.04699707
34.642,216,-1110882854,-1110444649,-0.09827776,-0.1015426
34.643,220,965604275,956455969,0.0002707519,0.0001243209
34.644,224,1113870270,1113871320,57.07787,57.08188
34.644,228,-1096808798,-1096639317,-0.3125506,-0.3176015
34.645,232,-1096808798,-1096639317,-0.3125506,-0.3176015
34.645,236,-1096808798,-1096639317,-0.3125506,-0.3176015
34.646,240,-1171537734,-1171163799,-0.0006551851,-0.000676951
34.647,244,892954649,883573782,6.906935E-07,3.171451E-07
34.647,248,1041570292,1041570978,0.1456068,0.145617
34.648,260,1053144954,1053275052,0.3861654,0.3900427
34.649,352,1027637248,1027645440,0.04699707,0.04702759
34.706,216,-1110444649,-1109624384,-0.1015426,-0.1076541
34.706,220,956455969,983751321,0.0001243209,0.001242477
34.707,224,1113871320,1113873089,57.08188,57.08863
34.708,228,-1096639317,-1096417233,-0.3176015,-0.3242202
34.708,232,-1096639317,-1096417233,-0.3176015,-0.3242202
34.709,236,-1096639317,-1096417233,-0.3176015,-0.3242202
34.709,240,-1171163799,-1170463840,-0.000676951,-0.0007176939
34.71,244,883573782,911521030,3.171451E-07,3.169583E-06
34.711,248,1041570978,1041572133,0.145617,0.1456342
34.711,260,1053275052,1053619501,0.3900427,0.400308
34.712,352,1027645440,1031659520,0.04702759,0.0619812
34.768,216,-1109624384,-1109404009,-0.1076541,-0.109296
34.769,220,983751321,957943518,0.001242477,0.0001459676
34.769,224,1113873089,1113873769,57.08863,57.09122
34.77,228,-1096417233,-1096247821,-0.3242202,-0.329269
34.77,232,-1096417233,-1096247821,-0.3242202,-0.329269
34.771,236,-1096417233,-1096247821,-0.3242202,-0.329269
34.771,240,-1170463840,-1170275786,-0.0007176939,-0.0007286401
34.772,244,911521030,885516704,3.169583E-06,3.723662E-07
34.773,248,1041572133,1041572577,0.1456342,0.1456409
34.773,260,1053619501,1053754197,0.400308,0.4043223
34.774,352,1031659520,1027637248,0.0619812,0.04699707
34.799,216,-1109404009,-1108942126,-0.109296,-0.1127373
34.8,220,957943518,-1321599695,0.0001459676,-2.706497E-09
34.8,224,1113873769,1113874911,57.09122,57.09558
34.801,228,-1096247821,-1096078362,-0.329269,-0.3343193
34.801,232,-1096247821,-1096078362,-0.329269,-0.3343193
34.802,236,-1096247821,-1096078362,-0.329269,-0.3343193
34.803,240,-1170275786,-1169881646,-0.0007286401,-0.0007515821
34.803,244,885516704,-1393365848,3.723662E-07,-6.904328E-12
34.804,248,1041572577,1041573323,0.1456409,0.145652
34.804,260,1053754197,1053897560,0.4043223,0.4085948
34.862,216,-1108942126,-1108076590,-0.1127373,-0.1191861
34.862,220,-1321599695,983426007,-2.706497E-09,0.001204605
34.863,224,1113874911,1113876764,57.09558,57.10265
34.864,228,-1096078362,-1095852454,-0.3343193,-0.3410519
34.864,232,-1096078362,-1095852454,-0.3343193,-0.3410519
34.865,236,-1096078362,-1095852454,-0.3343193,-0.3410519
34.865,240,-1169881646,-1169143055,-0.0007515821,-0.0007945737
34.866,244,-1393365848,911096131,-6.904328E-12,3.072972E-06
34.867,248,1041573323,1041574533,0.145652,0.14567
34.867,260,1053897560,1054278707,0.4085948,0.4199539
34.868,352,1027637248,1031868416,0.04699707,0.0630188
34.923,216,-1108076590,-1107831804,-0.1191861,-0.1210099
34.924,220,983426007,982877851,0.001204605,0.001140791
34.925,224,1113876764,1113877526,57.10265,57.10555
34.925,228,-1095852454,-1095686615,-0.3410519,-0.3459943
34.926,232,-1095852454,-1095686615,-0.3410519,-0.3459943
34.927,236,-1095852454,-1095686615,-0.3410519,-0.3459943
34.927,240,-1169143055,-1168934171,-0.0007945737,-0.0008067324
34.928,244,911096131,910380172,3.072972E-06,2.910182E-06
34.928,248,1041574533,1041575031,0.14567,0.1456774
34.929,260,1054278707,1054418980,0.4199539,0.4241344
34.93,352,1031868416,1027366912,0.0630188,0.04598999
34.955,216,-1107831804,-1107361920,-0.1210099,-0.1245108
34.956,220,982877851,979332743,0.001140791,0.0008523245
34.956,224,1113877526,1113878534,57.10555,57.1094
34.957,228,-1095686615,-1095517069,-0.3459943,-0.3510471
34.957,232,-1095686615,-1095517069,-0.3459943,-0.3510471
34.958,236,-1095686615,-1095517069,-0.3459943,-0.3510471
34.959,240,-1168934171,-1168533204,-0.0008067324,-0.0008300717
34.959,244,910380172,907143716,2.910182E-06,2.174297E-06
34.96,248,1041575031,1041575689,0.1456774,0.1456872
34.961,260,1054418980,1054570461,0.4241344,0.4286489
34.961,352,1027366912,1027637248,0.04598999,0.04699707
35.018,216,-1107361920,-1106874722,-0.1245108,-0.1312813
35.019,220,979332743,987709784,0.0008523245,0.001703302
35.019,224,1113878534,1113880558,57.1094,57.11712
35.02,228,-1095517069,-1095291174,-0.3510471,-0.3577793
35.02,232,-1095517069,-1095291174,-0.3510471,-0.3577793
35.021,236,-1095517069,-1095291174,-0.3510471,-0.3577793
35.021,240,-1168533204,-1167757753,-0.0008300717,-0.0008752089
35.022,244,907143716,915524770,2.174297E-06,4.345159E-06
35.023,248,1041575689,1041577011,0.1456872,0.1457069
35.023,260,1054570461,1054970040,0.4286489,0.4405572
35.024,352,1027637248,1031868416,0.04699707,0.0630188
35.081,216,-1106874722,-1106749093,-0.1312813,-0.1331534
35.082,220,987709784,983990606,0.001703302,0.001270333
35.082,224,1113880558,1113881305,57.11712,57.11997
35.083,228,-1095291174,-1095121587,-0.3577793,-0.3628334
35.083,232,-1095291174,-1095121587,-0.3577793,-0.3628334
35.084,236,-1095291174,-1095121587,-0.3577793,-0.3628334
35.084,240,-1167757753,-1167543346,-0.0008752089,-0.0008876891
35.085,244,915524770,911833566,4.345159E-06,3.240646E-06
35.086,248,1041577011,1041577499,0.1457069,0.1457142
35.086,260,1054970040,1055119439,0.4405572,0.4450097
35.087,352,1031868416,1027637248,0.0630188,0.04699707
35.111,216,-1106749093,-1106494441,-0.1331534,-0.136948
35.112,220,983990606,986063530,0.001270333,0.001511653
35.112,224,1113881305,1113882497,57.11997,57.12452
35.113,228,-1095121587,-1094951965,-0.3628334,-0.3678885
35.114,232,-1095121587,-1094951965,-0.3628334,-0.3678885
35.114,236,-1095121587,-1094951965,-0.3628334,-0.3678885
35.115,240,-1167543346,-1167108740,-0.0008876891,-0.0009129865
35.115,244,911833566,914449665,3.240646E-06,3.856258E-06
35.116,248,1041577499,1041578277,0.1457142,0.1457258
35.116,260,1055119439,1055276111,0.4450097,0.4496789
35.174,216,-1106494441,-1106019954,-0.136948,-0.1440184
35.175,220,986063530,992704320,0.001511653,0.002616361
35.175,224,1113882497,1113884515,57.12452,57.13221
35.176,228,-1094951965,-1094729705,-0.3678885,-0.3745124
35.176,232,-1094951965,-1094729705,-0.3678885,-0.3745124
35.177,236,-1094951965,-1094729705,-0.3678885,-0.3745124
35.178,240,-1167108740,-1166298949,-0.0009129865,-0.0009601225
35.178,244,914449665,920646802,3.856258E-06,6.67439E-06
35.179,248,1041578277,1041579595,0.1457258,0.1457454
35.179,260,1055276111,1055680253,0.4496789,0.4617232
35.18,352,1027637248,1031659520,0.04699707,0.0619812
35.236,216,-1106019954,-1105892892,-0.1440184,-0.1459118
35.237,220,992704320,992818431,0.002616361,0.002642929
35.237,224,1113884515,1113885141,57.13221,57.1346
35.238,228,-1094729705,-1094560065,-0.3745124,-0.3795681
35.238,232,-1094729705,-1094560065,-0.3745124,-0.3795681
35.239,236,-1094729705,-1094560065,-0.3745124,-0.3795681
35.239,240,-1166298949,-1166082095,-0.0009601225,-0.0009727451
35.24,244,920646802,920795845,6.67439E-06,6.742167E-06
35.241,248,1041579595,1041580004,0.1457454,0.1457515
35.241,260,1055680253,1055833435,0.4617232,0.4662884
35.242,352,1031659520,1027637248,0.0619812,0.04699707
35.267,216,-1105892892,-1105626923,-0.1459118,-0.149875
35.268,220,992818431,997992048,0.002642929,0.003847506
35.269,224,1113885141,1113886499,57.1346,57.13978
35.269,228,-1094560065,-1094390271,-0.3795681,-0.3846283
35.27,232,-1094560065,-1094390271,-0.3795681,-0.3846283
35.27,236,-1094560065,-1094390271,-0.3795681,-0.3846283
35.271,240,-1166082095,-1165822344,-0.0009727451,-0.0009991666
35.272,244,920795845,925150051,6.742167E-06,9.815066E-06
35.272,248,1041580004,1041580891,0.1457515,0.1457648
35.273,260,1055833435,1055993641,0.4662884,0.4710629
35.273,352,1027637248,1027645440,0.04699707,0.04702759
35.331,216,-1105626923,-1105153514,-0.149875,-0.1569293
35.332,220,997992048,992603929,0.003847506,0.002592987
35.333,224,1113886499,1113888710,57.13978,57.14822
35.333,228,-1094390271,-1094167840,-0.3846283,-0.3912573
35.334,232,-1094390271,-1094167840,-0.3846283,-0.3912573
35.335,236,-1094390271,-1094167840,-0.3846283,-0.3912573
35.335,240,-1165822344,-1165418368,-0.0009991666,-0.001046196
35.336,244,925150051,920515679,9.815066E-06,6.614762E-06
35.336,248,1041580891,1041582335,0.1457648,0.1457863
35.337,260,1055993641,1056405447,0.4710629,0.4833357
35.338,352,1027645440,1031659520,0.04702759,0.0619812
35.392,216,-1105153514,-1105021233,-0.1569293,-0.1589005
35.393,220,992603929,993604804,0.002592987,0.002826021
35.394,224,1113888710,1113889432,57.14822,57.15097
35.395,228,-1094167840,-1093998053,-0.3912573,-0.3963173
35.395,232,-1094167840,-1093998053,-0.3912573,-0.3963173
35.396,236,-1094167840,-1093998053,-0.3912573,-0.3963173
35.396,240,-1165418368,-1165305488,-0.001046196,-0.001059337
35.397,244,920515679,921822945,6.614762E-06,7.209238E-06
35.397,248,1041582335,1041582806,0.1457863,0.1457933
35.398,260,1056405447,1056561005,0.4833357,0.4879717
35.399,352,1031659520,1027637248,0.0619812,0.04699707
35.424,216,-1105021233,-1104776068,-0.1589005,-0.1625537
35.425,220,993604804,996238584,0.002826021,0.003439246
35.426,224,1113889432,1113890758,57.15097,57.15603
35.427,228,-1093998053,-1093828215,-0.3963173,-0.4013789
35.427,232,-1093998053,-1093828215,-0.3963173,-0.4013789
35.428,236,-1093998053,-1093828215,-0.3963173,-0.4013789
35.429,240,-1165305488,-1165096281,-0.001059337,-0.001083691
35.429,244,921822945,924004932,7.209238E-06,8.773586E-06
35.43,248,1041582806,1041583672,0.1457933,0.1458062
35.43,260,1056561005,1056723248,0.4879717,0.4928069
35.487,216,-1104776068,-1104284843,-0.1625537,-0.1698736
35.488,220,996238584,997037915,0.003439246,0.003625354
35.488,224,1113890758,1113892989,57.15603,57.16454
35.489,228,-1093828215,-1093601965,-0.4013789,-0.4081217
35.489,232,-1093828215,-1093601965,-0.4013789,-0.4081217
35.49,236,-1093828215,-1093601965,-0.4013789,-0.4081217
35.49,240,-1165096281,-1164677102,-0.001083691,-0.00113249
35.491,244,924004932,924526944,8.773586E-06,9.248353E-06
35.491,248,1041583672,1041585129,0.1458062,0.1458279
35.492,260,1056723248,1057055945,0.4928069,0.5054441
35.493,352,1027637248,1031868416,0.04699707,0.0630188
35.548,216,-1104284843,-1104182604,-0.1698736,-0.171397
35.549,220,997037915,994297803,0.003625354,0.002987372
35.55,224,1113892989,1113893911,57.16454,57.16806
35.55,228,-1093601965,-1093435715,-0.4081217,-0.4130763
35.551,232,-1093601965,-1093435715,-0.4081217,-0.4130763
35.551,236,-1093601965,-1093435715,-0.4081217,-0.4130763
35.552,240,-1164677102,-1164589858,-0.00113249,-0.001142647
35.553,244,924526944,922728086,9.248353E-06,7.620848E-06
35.553,248,1041585129,1041585731,0.1458279,0.1458369
35.554,260,1057055945,1057132446,0.5054441,0.5100039
35.554,352,1031868416,1027366912,0.0630188,0.04598999
35.581,216,-1104182604,-1103984321,-0.171397,-0.1743517
35.582,220,994297803,999132998,0.002987372,0.004320058
35.583,224,1113893911,1113895327,57.16806,57.17346
35.583,228,-1093435715,-1093265723,-0.4130763,-0.4181425
35.584,232,-1093435715,-1093265723,-0.4130763,-0.4181425
35.584,236,-1093435715,-1093265723,-0.4130763,-0.4181425
35.585,240,-1164589858,-1164420657,-0.001142647,-0.001162344
35.585,244,922728086,926475502,7.620848E-06,1.102056E-05
35.586,248,1041585731,1041586656,0.1458369,0.1458507
35.587,260,1057132446,1057214086,0.5100039,0.51487
35.587,352,1027366912,1027637248,0.04598999,0.04699707
35.642,216,-1103984321,-1103452569,-0.1743517,-0.1822754
35.643,220,999132998,998342418,0.004320058,0.003951916
35.644,224,1113895327,1113897573,57.17346,57.18203
35.644,228,-1093265723,-1093039198,-0.4181425,-0.4248934
35.645,232,-1093265723,-1093039198,-0.4181425,-0.4248934
35.645,236,-1093265723,-1093039198,-0.4181425,-0.4248934
35.646,240,-1164420657,-1163966895,-0.001162344,-0.001215169
35.646,244,926475502,925442907,1.102056E-05,1.008142E-05
35.647,248,1041586656,1041588123,0.1458507,0.1458725
35.648,260,1057214086,1057427298,0.51487,0.5275785
35.648,352,1027637248,1031868416,0.04699707,0.0630188
35.706,216,-1103452569,-1103333995,-0.1822754,-0.1840423
35.707,220,998342418,995814515,0.003951916,0.003340509
35.707,224,1113897573,1113898515,57.18203,57.18562
35.708,228,-1093039198,-1092869078,-0.4248934,-0.4299634
35.708,232,-1093039198,-1092869078,-0.4248934,-0.4299634
35.709,236,-1093039198,-1092869078,-0.4248934,-0.4299634
35.71,240,-1163966895,-1163865712,-0.001215169,-0.001226949
35.71,244,925442907,923727989,1.008142E-05,8.521708E-06
35.711,248,1041588123,1041588738,0.1458725,0.1458817
35.712,260,1057427298,1057506072,0.5275785,0.5322738
35.712,352,1031868416,1027637248,0.0630188,0.04699707
35.736,216,-1103333995,-1103066748,-0.1840423,-0.1880246
35.737,220,995814515,998064606,0.003340509,0.0038644
35.738,224,1113898515,1113899901,57.18562,57.19091
35.738,228,-1092869078,-1092698914,-0.4299634,-0.4350347
35.739,232,-1092869078,-1092698914,-0.4299634,-0.4350347
35.739,236,-1092869078,-1092698914,-0.4299634,-0.4350347
35.74,240,-1163865712,-1163637661,-0.001226949,-0.001253497
35.741,244,923727989,925197436,8.521708E-06,9.858162E-06
35.741,248,1041588738,1041589643,0.1458817,0.1458952
35.742,260,1057506072,1057588098,0.5322738,0.5371629
35.798,216,-1103066748,-1102637176,-0.1880246,-0.1944257
35.799,220,998064606,998514722,0.0038644,0.004032151
35.8,224,1113899901,1113902285,57.19091,57.2
35.8,228,-1092698914,-1092476057,-0.4350347,-0.4416763
35.801,232,-1092698914,-1092476057,-0.4350347,-0.4416763
35.802,236,-1092698914,-1092476057,-0.4350347,-0.4416763
35.802,240,-1163637661,-1163271093,-0.001253497,-0.001296171
35.803,244,925197436,925667958,9.858162E-06,1.02861E-05
35.803,248,1041589643,1041591200,0.1458952,0.1459184
35.804,260,1057588098,1057798424,0.5371629,0.5496993
35.804,352,1027637248,1031659520,0.04699707,0.0619812
35.861,216,-1102637176,-1102642724,-0.1944257,-0.194343
35.862,220,998514722,995703763,0.004032151,0.003314723
35.863,224,1113902285,1113903248,57.2,57.20367
35.863,228,-1092476057,-1092305778,-0.4416763,-0.4467511
35.864,232,-1092476057,-1092305778,-0.4416763,-0.4467511
35.865,236,-1092476057,-1092305778,-0.4416763,-0.4467511
35.865,240,-1163271093,-1163275827,-0.001296171,-0.00129562
35.866,244,925667958,923655661,1.02861E-05,8.455926E-06
35.866,248,1041591200,1041591829,0.1459184,0.1459277
35.867,260,1057798424,1057877579,0.5496993,0.5544173
35.868,352,1031659520,1027637248,0.0619812,0.04699707
35.892,216,-1102642724,-1102424494,-0.194343,-0.1975949
35.893,220,995703763,999494395,0.003314723,0.004488347
35.894,224,1113903248,1113904672,57.20367,57.20911
35.895,228,-1092305778,-1092135332,-0.4467511,-0.4518307
35.895,232,-1092305778,-1092135332,-0.4467511,-0.4518307
35.896,236,-1092305778,-1092135332,-0.4467511,-0.4518307
35.896,240,-1163275827,-1163089604,-0.00129562,-0.001317299
35.897,244,923655661,926947530,8.455926E-06,1.144986E-05
35.898,248,1041591829,1041592759,0.1459277,0.1459416
35.898,260,1057877579,1057960013,0.5544173,0.5593308
35.899,352,1027637248,1027645440,0.04699707,0.04702759
35.955,216,-1102424494,-1101997583,-0.1975949,-0.2039564
35.956,220,999494395,999269375,0.004488347,0.004383564
35.957,224,1113904672,1113907076,57.20911,57.21828
35.957,228,-1092135332,-1091912255,-0.4518307,-0.458479
35.958,232,-1092135332,-1091912255,-0.4518307,-0.458479
35.958,236,-1092135332,-1091912255,-0.4518307,-0.458479
35.959,240,-1163089604,-1162725307,-0.001317299,-0.001359709
35.96,244,926947530,926653627,1.144986E-05,1.118256E-05
35.96,248,1041592759,1041594329,0.1459416,0.145965
35.961,260,1057960013,1058171129,0.5593308,0.5719143
35.961,352,1027645440,1031659520,0.04702759,0.0619812
36.017,216,-1101997583,-1101851005,-0.2039564,-0.2061406
36.018,220,999269375,996481437,0.004383564,0.003495789
36.019,224,1113907076,1113908050,57.21828,57.22199
36.019,228,-1091912255,-1091741785,-0.458479,-0.4635594
36.02,232,-1091912255,-1091741785,-0.458479,-0.4635594
36.02,236,-1091912255,-1091741785,-0.458479,-0.4635594
36.021,240,-1162725307,-1162600227,-0.001359709,-0.00137427
36.022,244,926653627,924163530,1.118256E-05,8.91783E-06
36.022,248,1041594329,1041594965,0.145965,0.1459745
36.023,260,1058171129,1058250533,0.5719143,0.5766471
36.023,352,1031659520,1027637248,0.0619812,0.04699707
36.048,216,-1101851005,-1101543721,-0.2061406,-0.2107195
36.049,220,996481437,1000058452,0.003495789,0.004751006
36.05,224,1113908050,1113909508,57.22199,57.22755
36.05,228,-1091741785,-1091571247,-0.4635594,-0.4686418
36.051,232,-1091741785,-1091571247,-0.4635594,-0.4686418
36.051,236,-1091741785,-1091571247,-0.4635594,-0.4686418
36.052,240,-1162600227,-1162338011,-0.00137427,-0.001404796
36.053,244,924163530,927684258,8.91783E-06,1.211991E-05
36.053,248,1041594965,1041595917,0.1459745,0.1459887
36.054,260,1058250533,1058333136,0.5766471,0.5815706
36.112,216,-1101543721,-1100971689,-0.2107195,-0.2192434
36.112,220,1000058452,1002695165,0.004751006,0.005978821
36.113,224,1113909508,1113912180,57.22755,57.23775
36.114,228,-1091571247,-1091343963,-0.4686418,-0.4754154
36.114,232,-1091571247,-1091343963,-0.4686418,-0.4754154
36.115,236,-1091571247,-1091343963,-0.4686418,-0.4754154
36.116,240,-1162338011,-1161849877,-0.001404796,-0.001461623
36.116,244,927684258,931128128,1.211991E-05,1.52521E-05
36.117,248,1041595917,1041597662,0.1459887,0.1460147
36.117,260,1058333136,1058548556,0.5815706,0.5944107
36.118,352,1027637248,1031868416,0.04699707,0.0630188
36.174,216,-1100971689,-1100810347,-0.2192434,-0.2216476
36.175,220,1002695165,998341832,0.005978821,0.003951643
36.175,224,1113912180,1113913030,57.23775,57.24099
36.176,228,-1091343963,-1091176966,-0.4754154,-0.4803923
36.177,232,-1091343963,-1091176966,-0.4754154,-0.4803923
36.177,236,-1091343963,-1091176966,-0.4754154,-0.4803923
36.178,240,-1161849877,-1161712199,-0.001461623,-0.00147765
36.178,244,931128128,925442142,1.52521E-05,1.008072E-05
36.179,248,1041597662,1041598217,0.1460147,0.1460229
36.179,260,1058548556,1058626087,0.5944107,0.5990319
36.18,352,1031868416,1027366912,0.0630188,0.04598999
36.205,216,-1100810347,-1100502308,-0.2216476,-0.2262377
36.206,220,998341832,1000672956,0.003951643,0.005037157
36.206,224,1113913030,1113914506,57.24099,57.24662
36.207,228,-1091176966,-1091006194,-0.4803923,-0.4854817
36.207,232,-1091176966,-1091006194,-0.4803923,-0.4854817
36.208,236,-1091176966,-1091006194,-0.4803923,-0.4854817
36.208,240,-1161712199,-1161449339,-0.00147765,-0.001508251
36.209,244,925442142,928486876,1.008072E-05,1.284989E-05
36.21,248,1041598217,1041599181,0.1460229,0.1460373
36.21,260,1058626087,1058708695,0.5990319,0.6039557
36.211,352,1027366912,1027637248,0.04598999,0.04699707
36.268,216,-1100502308,-1099946412,-0.2262377,-0.2345212
36.269,220,1000672956,1002998815,0.005037157,0.006120219
36.269,224,1113914506,1113917274,57.24662,57.25718
36.27,228,-1091006194,-1090778564,-0.4854817,-0.4922656
36.27,232,-1091006194,-1090778564,-0.4854817,-0.4922656
36.271,236,-1091006194,-1090778564,-0.4854817,-0.4922656
36.271,240,-1161449339,-1160974974,-0.001508251,-0.001563475
36.272,244,928486876,931330110,1.284989E-05,1.56128E-05
36.273,248,1041599181,1041600989,0.1460373,0.1460642
36.273,260,1058708695,1058924141,0.6039557,0.6167973
36.274,352,1027637248,1031868416,0.04699707,0.0630188
36.331,216,-1099946412,-1099783168,-0.2345212,-0.2369537
36.332,220,1002998815,998202682,0.006120219,0.003896548
36.333,224,1113917274,1113918245,57.25718,57.26088
36.333,228,-1090778564,-1090607608,-0.4922656,-0.4973605
36.334,232,-1090778564,-1090607608,-0.4922656,-0.4973605
36.335,236,-1090778564,-1090607608,-0.4922656,-0.4973605
36.335,240,-1160974974,-1160835673,-0.001563475,-0.001579692
36.336,244,931330110,925287608,1.56128E-05,9.940173E-06
36.336,248,1041600989,1041601623,0.1460642,0.1460737
36.337,260,1058924141,1059003617,0.6167973,0.6215344
36.338,352,1031868416,1027637248,0.0630188,0.04699707
36.361,216,-1099783168,-1099454280,-0.2369537,-0.2418545
36.362,220,998202682,1003118073,0.003896548,0.006175753
36.363,224,1113918245,1113919988,57.26088,57.26753
36.363,228,-1090607608,-1090477761,-0.4973605,-0.5024604
36.364,232,-1090607608,-1090477761,-0.4973605,-0.5024604
36.365,236,-1090607608,-1090477761,-0.4973605,-0.5024604
36.365,240,-1160835673,-1160555022,-0.001579692,-0.001612364
36.366,244,925287608,931407993,9.940173E-06,1.575447E-05
36.366,248,1041601623,1041602761,0.1460737,0.1460906
36.367,260,1059003617,1059086301,0.6215344,0.6264628
36.424,216,-1099454280,-1098875364,-0.2418545,-0.2509621
36.425,220,1003118073,1003024812,0.006175753,0.006132325
36.426,224,1113919988,1113922652,57.26753,57.27769
36.426,228,-1090477761,-1090365611,-0.5024604,-0.5091451
36.427,232,-1090477761,-1090365611,-0.5024604,-0.5091451
36.428,236,-1090477761,-1090365611,-0.5024604,-0.5091451
36.429,240,-1160555022,-1160033465,-0.001612364,-0.001673081
36.429,244,931407993,931347088,1.575447E-05,1.564369E-05
36.43,248,1041602761,1041604501,0.1460906,0.1461166
36.43,260,1059086301,1059298176,0.6264628,0.6390915
36.431,352,1027637248,1031659520,0.04699707,0.0619812
36.487,216,-1098875364,-1098793806,-0.2509621,-0.2533928
36.488,220,1003024812,998174046,0.006132325,0.003889881
36.488,224,1113922652,1113923738,57.27769,57.28184
36.489,228,-1090365611,-1090279942,-0.5091451,-0.5142514
36.49,232,-1090365611,-1090279942,-0.5091451,-0.5142514
36.49,236,-1090365611,-1090279942,-0.5091451,-0.5142514
36.491,240,-1160033465,-1159894272,-0.001673081,-0.001689285
36.491,244,931347088,925268907,1.564369E-05,9.923165E-06
36.492,248,1041604501,1041605210,0.1461166,0.1461271
36.492,260,1059298176,1059377847,0.6390915,0.6438403
36.493,352,1031659520,1027637248,0.0619812,0.04699707
36.518,216,-1098793806,-1098623571,-0.2533928,-0.2584662
36.519,220,998174046,1002839828,0.003889881,0.006046185
36.52,224,1113923738,1113925289,57.28184,57.28775
36.52,228,-1090279942,-1090194180,-0.5142514,-0.5193632
36.521,232,-1090279942,-1090194180,-0.5142514,-0.5193632
36.521,236,-1090279942,-1090194180,-0.5142514,-0.5193632
36.522,240,-1159894272,-1159603738,-0.001689285,-0.001723108
36.522,244,925268907,931226282,9.923165E-06,1.542394E-05
36.523,248,1041605210,1041606223,0.1461271,0.1461422
36.524,260,1059377847,1059460776,0.6438403,0.6487832
36.524,352,1027637248,1027645440,0.04699707,0.04702759
36.581,216,-1098623571,-1098307430,-0.2584662,-0.2678879
36.582,220,1002839828,1002461459,0.006046185,0.005869993
36.583,224,1113925289,1113928094,57.28775,57.29845
36.583,228,-1090194180,-1090081851,-0.5193632,-0.5260585
36.584,232,-1090194180,-1090081851,-0.5193632,-0.5260585
36.585,236,-1090194180,-1090081851,-0.5193632,-0.5260585
36.585,240,-1159603738,-1159064191,-0.001723108,-0.001785919
36.586,244,931226282,930822879,1.542394E-05,1.497447E-05
36.587,248,1041606223,1041608055,0.1461422,0.1461695
36.587,260,1059460776,1059673077,0.6487832,0.6614373
36.588,352,1027645440,1031659520,0.04702759,0.0619812
36.643,216,-1098307430,-1098223181,-0.2678879,-0.2703987
36.644,220,1002461459,1001344837,0.005869993,0.005350026
36.644,224,1113928094,1113929212,57.29845,57.30272
36.645,228,-1090081851,-1089996035,-0.5260585,-0.5311735
36.646,232,-1090081851,-1089996035,-0.5260585,-0.5311735
36.646,236,-1090081851,-1089996035,-0.5260585,-0.5311735
36.647,240,-1159064191,-1158920405,-0.001785919,-0.001802658
36.647,244,930822879,929364434,1.497447E-05,1.364802E-05
36.648,248,1041608055,1041608785,0.1461695,0.1461804
36.648,260,1059673077,1059752889,0.6614373,0.6661945
36.649,352,1031659520,1027637248,0.0619812,0.04699707
36.673,216,-1098223181,-1098047117,-0.2703987,-0.2756458
36.674,220,1001344837,1004572842,0.005350026,0.006853183
36.675,224,1113929212,1113930881,57.30272,57.30909
36.675,228,-1089996035,-1089910174,-0.5311735,-0.5362912
36.676,232,-1089996035,-1089910174,-0.5311735,-0.5362912
36.677,236,-1089996035,-1089910174,-0.5311735,-0.5362912
36.677,240,-1158920405,-1158619923,-0.001802658,-0.001837639
36.678,244,929364434,932358046,1.364802E-05,1.748261E-05
36.679,248,1041608785,1041609875,0.1461804,0.1461966
36.679,260,1059752889,1059835893,0.6661945,0.6711419
36.736,216,-1098047117,-1097719829,-0.2756458,-0.2853998
36.737,220,1004572842,1007974531,0.006853183,0.009061935
36.738,224,1113930881,1113933754,57.30909,57.32005
36.739,228,-1089910174,-1089795652,-0.5362912,-0.5431173
36.739,232,-1089910174,-1089795652,-0.5362912,-0.5431173
36.74,236,-1089910174,-1089795652,-0.5362912,-0.5431173
36.741,240,-1158619923,-1158061352,-0.001837639,-0.001902665
36.741,244,932358046,935455685,1.748261E-05,2.311718E-05
36.742,248,1041609875,1041611751,0.1461966,0.1462246
36.742,260,1059835893,1060052324,0.6711419,0.6840422
36.743,352,1027637248,1031868416,0.04699707,0.0630188
36.798,216,-1097719829,-1097627719,-0.2853998,-0.2881449
36.799,220,1007974531,1006547237,0.009061935,0.007772582
36.8,224,1113933754,1113934890,57.32005,57.32438
36.8,228,-1089795652,-1089711518,-0.5431173,-0.5481321
36.801,232,-1089795652,-1089711518,-0.5431173,-0.5481321
36.802,236,-1089795652,-1089711518,-0.5431173,-0.5481321
36.802,240,-1158061352,-1157904150,-0.001902665,-0.001920966
36.803,244,935455685,933647447,2.311718E-05,1.982802E-05
36.803,248,1041611751,1041612493,0.1462246,0.1462357
36.804,260,1060052324,1060130201,0.6840422,0.688684
36.805,352,1031868416,1027366912,0.0630188,0.04598999
36.83,216,-1097627719,-1097451890,-0.2881449,-0.293385
36.831,220,1006547237,1008976298,0.007772582,0.009994904
36.831,224,1113934890,1113936485,57.32438,57.33046
36.832,228,-1089711518,-1089625504,-0.5481321,-0.5532589
36.832,232,-1089711518,-1089625504,-0.5481321,-0.5532589
36.833,236,-1089711518,-1089625504,-0.5481321,-0.5532589
36.834,240,-1157904150,-1157615986,-0.001920966,-0.0019559
36.834,244,933647447,936764115,1.982802E-05,2.54972E-05
36.835,248,1041612493,1041613535,0.1462357,0.1462512
36.835,260,1060130201,1060213164,0.688684,0.693629
36.836,352,1027366912,1027637248,0.04598999,0.04699707
36.893,216,-1097451890,-1097113759,-0.293385,-0.3034621
36.894,220,1008976298,1007928276,0.009994904,0.009018857
36.895,224,1113936485,1113939479,57.33046,57.34188
36.895,228,-1089625504,-1089510729,-0.5532589,-0.5601
36.896,232,-1089625504,-1089510729,-0.5532589,-0.5601
36.896,236,-1089625504,-1089510729,-0.5532589,-0.5601
36.897,240,-1157615986,-1157327448,-0.0019559,-0.00202308
36.897,244,936764115,935395271,2.54972E-05,2.300729E-05
36.898,248,1041613535,1041615490,0.1462512,0.1462803
36.899,260,1060213164,1060429530,0.693629,0.7065254
36.899,352,1027637248,1031868416,0.04699707,0.0630188
36.954,216,-1097113759,-1097020600,-0.3034621,-0.3062384
36.955,220,1007928276,1005859250,0.009018857,0.007452213
36.956,224,1113939479,1113940701,57.34188,57.34655
36.957,228,-1089510729,-1089424566,-0.5601,-0.5652357
36.957,232,-1089510729,-1089424566,-0.5601,-0.5652357
36.958,236,-1089510729,-1089424566,-0.5601,-0.5652357
36.958,240,-1157327448,-1157247952,-0.00202308,-0.002041589
36.959,244,935395271,933198149,2.300729E-05,1.901075E-05
36.96,248,1041615490,1041616288,0.1462803,0.1462922
36.96,260,1060429530,1060509337,0.7065254,0.7112823
36.961,352,1031868416,1027637248,0.0630188,0.04699707
36.986,216,-1097020600,-1096833079,-0.3062384,-0.311827
36.987,220,1005859250,1008439320,0.007452213,0.009494804
36.988,224,1113940701,1113942483,57.34655,57.35334
36.988,228,-1089424566,-1089338349,-0.5652357,-0.5703747
36.989,232,-1089424566,-1089338349,-0.5652357,-0.5703747
36.989,236,-1089424566,-1089338349,-0.5652357,-0.5703747
36.99,240,-1157247952,-1157087934,-0.002041589,-0.002078847
36.99,244,933198149,936062757,1.901075E-05,2.422144E-05
36.991,248,1041616288,1041617452,0.1462922,0.1463096
36.991,260,1060509337,1060592356,0.7112823,0.7162306
37.049,216,-1096833079,-1096485299,-0.311827,-0.3221916
37.05,220,1008439320,1008253166,0.009494804,0.009321434
37.05,224,1113942483,1113945526,57.35334,57.36495
37.051,228,-1089338349,-1089225193,-0.5703747,-0.5771193
37.052,232,-1089338349,-1089225193,-0.5703747,-0.5771193
37.052,236,-1089338349,-1089225193,-0.5703747,-0.5771193
37.053,240,-1157087934,-1156791162,-0.002078847,-0.002147944
37.053,244,936062757,935819617,2.422144E-05,2.377917E-05
37.054,248,1041617452,1041619439,0.1463096,0.1463392
37.054,260,1060592356,1060805097,0.7162306,0.728911
37.055,352,1027637248,1031659520,0.04699707,0.0619812
37.111,216,-1096485299,-1096392383,-0.3221916,-0.3249607
37.112,220,1008253166,1006132762,0.009321434,0.007579577
37.113,224,1113945526,1113946762,57.36495,57.36967
37.114,228,-1089225193,-1089138828,-0.5771193,-0.582267
37.114,232,-1089225193,-1089138828,-0.5771193,-0.582267
37.115,236,-1089225193,-1089138828,-0.5771193,-0.582267
37.115,240,-1156791162,-1156711874,-0.002147944,-0.002166405
37.116,244,935819617,933376769,2.377917E-05,1.933566E-05
37.116,248,1041619439,1041620246,0.1463392,0.1463512
37.117,260,1060805097,1060885091,0.728911,0.733679
37.118,352,1031659520,1027637248,0.0619812,0.04699707
37.143,216,-1096392383,-1096199020,-0.3249607,-0.3307234
37.144,220,1006132762,1008466012,0.007579577,0.009519663
37.144,224,1113946762,1113948592,57.36967,57.37665
37.145,228,-1089138828,-1089052353,-0.582267,-0.5874214
37.146,232,-1089138828,-1089052353,-0.582267,-0.5874214
37.146,236,-1089138828,-1089052353,-0.582267,-0.5874214
37.147,240,-1156711874,-1156546871,-0.002166405,-0.002204823
37.147,244,933376769,936097619,1.933566E-05,2.428485E-05
37.148,248,1041620246,1041621441,0.1463512,0.146369
37.148,260,1060885091,1060968353,0.733679,0.7386418
37.149,352,1027637248,1027645440,0.04699707,0.04702759
37.205,216,-1096199020,-1095840278,-0.3307234,-0.3414147
37.206,220,1008466012,1008364671,0.009519663,0.009425282
37.207,224,1113948592,1113951778,57.37665,57.3888
37.207,228,-1089052353,-1088938878,-0.5874214,-0.594185
37.208,232,-1089052353,-1088938878,-0.5874214,-0.594185
37.209,236,-1089052353,-1088938878,-0.5874214,-0.594185
37.209,240,-1156546871,-1156240744,-0.002204823,-0.002276098
37.21,244,936097619,935965256,2.428485E-05,2.404409E-05
37.21,248,1041621441,1041623522,0.146369,0.1464
37.211,260,1060968353,1061181550,0.7386418,0.7513493
37.212,352,1027645440,1031659520,0.04702759,0.0619812
37.267,216,-1095840278,-1095744310,-0.3414147,-0.3442748
37.268,220,1008364671,1004097436,0.009425282,0.006631805
37.268,224,1113951778,1113953147,57.3888,57.39402
37.269,228,-1088938878,-1088852266,-0.594185,-0.5993475
37.27,232,-1088938878,-1088852266,-0.594185,-0.5993475
37.27,236,-1088938878,-1088852266,-0.594185,-0.5993475
37.271,240,-1156240744,-1156158851,-0.002276098,-0.002295166
37.271,244,935965256,932047577,2.404409E-05,1.691787E-05
37.272,248,1041623522,1041624416,0.1464,0.1464133
37.272,260,1061181550,1061261708,0.7513493,0.7561271
37.273,352,1031659520,1027637248,0.0619812,0.04699707
37.299,216,-1095744310,-1095545102,-0.3442748,-0.3502117
37.3,220,1004097436,1009281321,0.006631805,0.01027898
37.301,224,1113953147,1113954981,57.39402,57.40102
37.301,228,-1088852266,-1088765618,-0.5993475,-0.6045121
37.302,232,-1088852266,-1088765618,-0.5993475,-0.6045121
37.303,236,-1088852266,-1088765618,-0.5993475,-0.6045121
37.303,240,-1156158851,-1155988861,-0.002295166,-0.002334744
37.304,244,932047577,937162513,1.691787E-05,2.622188E-05
37.305,248,1041624416,1041625614,0.1464133,0.1464312
37.305,260,1061261708,1061345074,0.7561271,0.7610961
37.362,216,-1095545102,-1095174429,-0.3502117,-0.3612586
37.363,220,1009281321,1008699689,0.01027898,0.009737291
37.364,224,1113954981,1113958189,57.40102,57.41326
37.364,228,-1088765618,-1088649824,-0.6045121,-0.611414
37.365,232,-1088765618,-1088649824,-0.6045121,-0.611414
37.365,236,-1088765618,-1088649824,-0.6045121,-0.611414
37.366,240,-1155988861,-1155672553,-0.002334744,-0.002408391
37.367,244,937162513,936402830,2.622188E-05,2.484003E-05
37.367,248,1041625614,1041627709,0.1464312,0.1464624
37.368,260,1061345074,1061562505,0.7610961,0.774056
37.368,352,1027637248,1031868416,0.04699707,0.0630188
37.424,216,-1095174429,-1095069924,-0.3612586,-0.3643731
37.425,220,1008699689,1007139848,0.009737291,0.008284576
37.426,224,1113958189,1113959447,57.41326,57.41806
37.427,228,-1088649824,-1088564909,-0.611414,-0.6164753
37.427,232,-1088649824,-1088564909,-0.611414,-0.6164753
37.428,236,-1088649824,-1088564909,-0.611414,-0.6164753
37.428,240,-1155672553,-1155583375,-0.002408391,-0.002429154
37.429,244,936402830,934365487,2.484003E-05,2.113412E-05
37.43,248,1041627709,1041628530,0.1464624,0.1464746
37.43,260,1061562505,1061640747,0.774056,0.7787196
37.431,352,1031868416,1027366912,0.0630188,0.04598999
37.455,216,-1095069924,-1094871233,-0.3643731,-0.3702945
37.456,220,1007139848,1008403285,0.008284576,0.009461244
37.457,224,1113959447,1113961377,57.41806,57.42542
37.458,228,-1088564909,-1088478057,-0.6164753,-0.6216521
37.458,232,-1088564909,-1088478057,-0.6164753,-0.6216521
37.459,236,-1088564909,-1088478057,-0.6164753,-0.6216521
37.459,240,-1155583375,-1155413826,-0.002429154,-0.00246863
37.46,244,934365487,936015691,2.113412E-05,2.413583E-05
37.461,248,1041628530,1041629791,0.1464746,0.1464934
37.461,260,1061640747,1061724103,0.7787196,0.783688
37.462,352,1027366912,1027637248,0.04598999,0.04699707
37.517,216,-1094871233,-1094489857,-0.3702945,-0.3816604
37.518,220,1008403285,1008736475,0.009461244,0.009771551
37.518,224,1113961377,1113964795,57.42542,57.43846
37.519,228,-1088478057,-1088361920,-0.6216521,-0.6285744
37.52,232,-1088478057,-1088361920,-0.6216521,-0.6285744
37.52,236,-1088478057,-1088361920,-0.6216521,-0.6285744
37.521,240,-1155413826,-1155088385,-0.00246863,-0.002544403
37.521,244,936015691,936450877,2.413583E-05,2.492743E-05
37.522,248,1041629791,1041632023,0.1464934,0.1465267
37.522,260,1061724103,1061941558,0.783688,0.7966493
37.523,352,1027637248,1031868416,0.04699707,0.0630188
37.579,216,-1094489857,-1094384395,-0.3816604,-0.3848034
37.581,220,1008736475,1006683707,0.009771551,0.007859762
37.581,224,1113964795,1113966222,57.43846,57.4439
37.582,228,-1088361920,-1088274857,-0.6285744,-0.6337637
37.582,232,-1088361920,-1088274857,-0.6285744,-0.6337637
37.583,236,-1088361920,-1088274857,-0.6285744,-0.6337637
37.584,240,-1155088385,-1154998391,-0.002544403,-0.002565356
37.584,244,936450877,933769711,2.492743E-05,2.005041E-05
37.585,248,1041632023,1041632955,0.1465267,0.1465406
37.585,260,1061941558,1062021780,0.7966493,0.8014309
37.586,352,1031868416,1027637248,0.0630188,0.04699707
37.612,216,-1094384395,-1094173130,-0.3848034,-0.3910996
37.613,220,1006683707,1009943541,0.007859762,0.01089572
37.614,224,1113966222,1113968176,57.4439,57.45135
37.614,228,-1088274857,-1088187733,-0.6337637,-0.6389567
37.615,232,-1088274857,-1088187733,-0.6337637,-0.6389567
37.615,236,-1088274857,-1088187733,-0.6337637,-0.6389567
37.616,240,-1154998391,-1154818111,-0.002565356,-0.002607331
37.617,244,933769711,938027453,2.005041E-05,2.77952E-05
37.617,248,1041632955,1041634231,0.1465406,0.1465596
37.618,260,1062021780,1062105237,0.8014309,0.8064054
37.674,216,-1094173130,-1093781343,-0.3910996,-0.4027758
37.675,220,1009943541,1006267916,0.01089572,0.007642513
37.676,224,1113968176,1113971482,57.45135,57.46397
37.676,228,-1088187733,-1088073177,-0.6389567,-0.6457848
37.677,232,-1088187733,-1088073177,-0.6389567,-0.6457848
37.678,236,-1088187733,-1088073177,-0.6389567,-0.6457848
37.679,240,-1154818111,-1154483786,-0.002607331,-0.002685172
37.679,244,938027453,933465033,2.77952E-05,1.949621E-05
37.68,248,1041634231,1041636390,0.1465596,0.1465918
37.68,260,1062105237,1062319160,0.8064054,0.8191562
37.681,352,1027637248,1031659520,0.04699707,0.0619812
37.736,216,-1093781343,-1093676440,-0.4027758,-0.4059021
37.737,220,1006267916,1002293825,0.007642513,0.005791933
37.737,224,1113971482,1113972850,57.46397,57.46918
37.738,228,-1088073177,-1087985919,-0.6457848,-0.6509858
37.739,232,-1088073177,-1087985919,-0.6457848,-0.6509858
37.739,236,-1088073177,-1087985919,-0.6457848,-0.6509858
37.74,240,-1154483786,-1154394269,-0.002685172,-0.002706014
37.74,244,933465033,930603929,1.949621E-05,1.477534E-05
37.741,248,1041636390,1041637283,0.1465918,0.1466051
37.741,260,1062319160,1062399603,0.8191562,0.8239509
37.742,352,1031659520,1027637248,0.0619812,0.04699707
37.767,216,-1093676440,-1093459166,-0.4059021,-0.4123774
37.768,220,1002293825,1006096574,0.005791933,0.007562726
37.769,224,1113972850,1113974843,57.46918,57.47679
37.769,228,-1087985919,-1087898545,-0.6509858,-0.6561937
37.77,232,-1087985919,-1087898545,-0.6509858,-0.6561937
37.77,236,-1087985919,-1087898545,-0.6509858,-0.6561937
37.771,240,-1154394269,-1154208862,-0.002706014,-0.002749183
37.771,244,930603929,933353136,1.477534E-05,1.929267E-05
37.772,248,1041637283,1041638585,0.1466051,0.1466245
37.773,260,1062399603,1062483332,0.8239509,0.8289416
37.773,352,1027637248,1027645440,0.04699707,0.04702759
37.831,216,-1093459166,-1093056744,-0.4123774,-0.4243705
37.832,220,1006096574,1006534534,0.007562726,0.007766667
37.832,224,1113974843,1113978350,57.47679,57.49017
37.833,228,-1087898545,-1087783686,-0.6561937,-0.6630398
37.833,232,-1087898545,-1087783686,-0.6561937,-0.6630398
37.834,236,-1087898545,-1087783686,-0.6561937,-0.6630398
37.835,240,-1154208862,-1153865462,-0.002749183,-0.002829137
37.835,244,933353136,933639151,1.929267E-05,1.981293E-05
37.836,248,1041638585,1041640875,0.1466245,0.1466586
37.836,260,1062483332,1062697767,0.8289416,0.8417229
37.837,352,1027645440,1031659520,0.04702759,0.0619812
37.893,216,-1093056744,-1092948761,-0.4243705,-0.4275887
37.894,220,1006534534,1002280025,0.007766667,0.005785507
37.895,224,1113978350,1113979723,57.49017,57.4954
37.895,228,-1087783686,-1087696218,-0.6630398,-0.6682533
37.896,232,-1087783686,-1087696218,-0.6630398,-0.6682533
37.896,236,-1087783686,-1087696218,-0.6630398,-0.6682533
37.897,240,-1153865462,-1153773316,-0.002829137,-0.002850591
37.898,244,933639151,930585904,1.981293E-05,1.475895E-05
37.898,248,1041640875,1041641772,0.1466586,0.146672
37.899,260,1062697767,1062778388,0.8417229,0.8465283
37.899,352,1031659520,1027637248,0.0619812,0.04699707
37.923,216,-1092948761,-1092725604,-0.4275887,-0.4342393
37.924,220,1002280025,1007066918,0.005785507,0.008216655
37.925,224,1113979723,1113981824,57.4954,57.50342
37.926,228,-1087696218,-1087608670,-0.6682533,-0.6734716
37.927,232,-1087696218,-1087608670,-0.6682533,-0.6734716
37.927,236,-1087696218,-1087608670,-0.6682533,-0.6734716
37.928,240,-1153773316,-1153582889,-0.002850591,-0.002894928
37.928,244,930585904,934270232,1.475895E-05,2.096086E-05
37.929,248,1041641772,1041643144,0.146672,0.1466924
37.93,260,1062778388,1062862231,0.8465283,0.8515257
37.987,216,-1092725604,-1092310869,-0.4342393,-0.4465993
37.988,220,1007066918,1006022904,0.008216655,0.007528421
37.989,224,1113981824,1113985348,57.50342,57.51686
37.989,228,-1087608670,-1087491514,-0.6734716,-0.6804546
37.99,232,-1087608670,-1087491514,-0.6734716,-0.6804546
37.99,236,-1087608670,-1087491514,-0.6734716,-0.6804546
37.991,240,-1153582889,-1153228982,-0.002894928,-0.002977329
37.992,244,934270232,933305025,2.096086E-05,1.920515E-05
37.992,248,1041643144,1041645445,0.1466924,0.1467267
37.993,260,1062862231,1063080932,0.8515257,0.8645613
37.994,352,1027637248,1031868416,0.04699707,0.0630188
38.049,216,-1092310869,-1092193655,-0.4465993,-0.4500926
38.05,220,1006022904,1002240835,0.007528421,0.005767257
38.051,224,1113985348,1113986668,57.51686,57.5219
38.052,228,-1087491514,-1087405722,-0.6804546,-0.6855682
38.052,232,-1087491514,-1087405722,-0.6804546,-0.6855682
38.053,236,-1087491514,-1087405722,-0.6804546,-0.6855682
38.053,240,-1153228982,-1153128959,-0.002977329,-0.003000617
38.054,244,933305025,930534718,1.920515E-05,1.471239E-05
38.054,248,1041645445,1041646307,0.1467267,0.1467395
38.055,260,1063080932,1063159629,0.8645613,0.869252
38.056,352,1031868416,1027366912,0.0630188,0.04598999
38.081,216,-1092193655,-1091971956,-0.4500926,-0.4566997
38.082,220,1002240835,1006940126,0.005767257,0.008098571
38.082,224,1113986668,1113988672,57.5219,57.52954
38.083,228,-1087405722,-1087318038,-0.6855682,-0.6907946
38.083,232,-1087405722,-1087318038,-0.6855682,-0.6907946
38.084,236,-1087405722,-1087318038,-0.6855682,-0.6907946
38.084,240,-1153128959,-1152939776,-0.003000617,-0.003044665
38.085,244,930534718,934104626,1.471239E-05,2.065962E-05
38.086,248,1041646307,1041647616,0.1467395,0.146759
38.086,260,1063159629,1063243454,0.869252,0.8742484
38.087,352,1027366912,1027637248,0.04598999,0.04699707
38.142,216,-1091971956,-1091546442,-0.4566997,-0.469381
38.143,220,1006940126,1005646896,0.008098571,0.007353328
38.144,224,1113988672,1113992284,57.52954,57.54332
38.145,228,-1087318038,-1087200636,-0.6907946,-0.6977923
38.145,232,-1087318038,-1087200636,-0.6907946,-0.6977923
38.146,236,-1087318038,-1087200636,-0.6907946,-0.6977923
38.147,240,-1152939776,-1152576671,-0.003044665,-0.003129207
38.147,244,934104626,933059469,2.065962E-05,1.875849E-05
38.148,248,1041647616,1041649975,0.146759,0.1467942
38.148,260,1063243454,1063462143,0.8742484,0.8872833
38.149,352,1027637248,1031868416,0.04699707,0.0630188
38.205,216,-1091546442,-1091428746,-0.469381,-0.4728886
38.206,220,1005646896,1002005667,0.007353328,0.005657749
38.207,224,1113992284,1113993949,57.54332,57.54967
38.207,228,-1087200636,-1087112735,-0.6977923,-0.7030316
38.208,232,-1087200636,-1087112735,-0.6977923,-0.7030316
38.208,236,-1087200636,-1087112735,-0.6977923,-0.7030316
38.209,240,-1152576671,-1152476237,-0.003129207,-0.003152591
38.209,244,933059469,930227559,1.875849E-05,1.443303E-05
38.21,248,1041649975,1041651062,0.1467942,0.1468104
38.211,260,1063462143,1063542805,0.8872833,0.8920911
38.211,352,1031868416,1027637248,0.0630188,0.04699707
38.236,216,-1091428746,-1091193477,-0.4728886,-0.4799002
38.237,220,1002005667,1005197753,0.005657749,0.00714418
38.238,224,1113993949,1113996077,57.54967,57.55779
38.239,228,-1087112735,-1087024749,-0.7030316,-0.708276
38.239,232,-1087112735,-1087024749,-0.7030316,-0.708276
38.24,236,-1087112735,-1087024749,-0.7030316,-0.708276
38.24,240,-1152476237,-1152275474,-0.003152591,-0.003199335
38.241,244,930227559,932766151,1.443303E-05,1.822495E-05
38.242,248,1041651062,1041652452,0.1468104,0.1468311
38.242,260,1063542805,1063626710,0.8920911,0.8970922
38.299,216,-1091193477,-1090757927,-0.4799002,-0.4928806
38.3,220,1005197753,999343441,0.00714418,0.004418053
38.301,224,1113996077,1113999668,57.55779,57.57149
38.301,228,-1087024749,-1086908979,-0.708276,-0.7151764
38.302,232,-1087024749,-1086908979,-0.708276,-0.7151764
38.302,236,-1087024749,-1086908979,-0.708276,-0.7151764
38.303,240,-1152275474,-1151903805,-0.003199335,-0.003285871
38.304,244,932766151,926750366,1.822495E-05,1.127054E-05
38.304,248,1041652452,1041654797,0.1468311,0.146866
38.305,260,1063626710,1063841779,0.8970922,0.9099113
38.306,352,1027637248,1031659520,0.04699707,0.0619812
38.361,216,-1090757927,-1090641141,-0.4928806,-0.4963611
38.362,220,999343441,996202895,0.004418053,0.003430936
38.363,224,1113999668,1114001106,57.57149,57.57697
38.363,228,-1086908979,-1086820937,-0.7151764,-0.7204241
38.364,232,-1086908979,-1086820937,-0.7151764,-0.7204241
38.365,236,-1086908979,-1086820937,-0.7151764,-0.7204241
38.365,240,-1151903805,-1151804147,-0.003285871,-0.003309074
38.366,244,926750366,923981625,1.127054E-05,8.752389E-06
38.367,248,1041654797,1041655736,0.146866,0.14688
38.367,260,1063841779,1063922637,0.9099113,0.9147308
38.368,352,1031659520,1027637248,0.0619812,0.04699707
38.392,216,-1090641141,-1090459537,-0.4963611,-0.5035467
38.393,220,996202895,998412367,0.003430936,0.003984488
38.394,224,1114001106,1114003421,57.57697,57.5858
38.395,228,-1086820937,-1086732694,-0.7204241,-0.7256838
38.395,232,-1086820937,-1086732694,-0.7204241,-0.7256838
38.396,236,-1086820937,-1086732694,-0.7204241,-0.7256838
38.396,240,-1151804147,-1151598403,-0.003309074,-0.003356978
38.397,244,923981625,925534269,8.752389E-06,1.016451E-05
38.398,248,1041655736,1041657248,0.14688,0.1469026
38.398,260,1063922637,1064006792,0.9147308,0.9197469
38.399,352,1027637248,1027645440,0.04699707,0.04702759
38.454,216,-1090459537,-1090236299,-0.5035467,-0.5168527
38.455,220,998412367,997775403,0.003984488,0.003797064
38.456,224,1114003421,1114006908,57.5858,57.59911
38.457,228,-1086732694,-1086616714,-0.7256838,-0.7325968
38.457,232,-1086732694,-1086616714,-0.7256838,-0.7325968
38.458,236,-1086732694,-1086616714,-0.7256838,-0.7325968
38.458,240,-1151598403,-1151217410,-0.003356978,-0.003445684
38.459,244,925534269,925008569,1.016451E-05,9.686389E-06
38.46,248,1041657248,1041659525,0.1469026,0.1469365
38.46,260,1064006792,1064222305,0.9197469,0.9325925
38.461,352,1027645440,1031659520,0.04702759,0.0619812
38.517,216,-1090236299,-1090176551,-0.5168527,-0.5204139
38.518,220,997775403,993420821,0.003797064,0.002783184
38.519,224,1114006908,1114008417,57.59911,57.60486
38.52,228,-1086616714,-1086528486,-0.7325968,-0.7378556
38.521,232,-1086616714,-1086528486,-0.7325968,-0.7378556
38.521,236,-1086616714,-1086528486,-0.7325968,-0.7378556
38.522,240,-1151217410,-1151115439,-0.003445684,-0.003469426
38.522,244,925008569,921582640,9.686389E-06,7.099959E-06
38.523,248,1041659525,1041660511,0.1469365,0.1469512
38.523,260,1064222305,1064303308,0.9325925,0.9374206
38.524,352,1031659520,1027637248,0.0619812,0.04699707
38.549,216,-1090176551,-1090052961,-0.5204139,-0.5277805
38.55,220,993420821,996572133,0.002783184,0.003516906
38.551,224,1114008417,1114010780,57.60486,57.61388
38.551,228,-1086528486,-1086440188,-0.7378556,-0.7431185
38.552,232,-1086528486,-1086440188,-0.7378556,-0.7431185
38.553,236,-1086528486,-1086440188,-0.7378556,-0.7431185
38.553,240,-1151115439,-1150904513,-0.003469426,-0.003518536
38.554,244,921582640,924222760,7.099959E-06,8.9717E-06
38.554,248,1041660511,1041662054,0.1469512,0.1469742
38.555,260,1064303308,1064387531,0.9374206,0.9424407
38.611,216,-1090052961,-1089823680,-0.5277805,-0.5414467
38.612,220,996572133,994221381,0.003516906,0.002969579
38.613,224,1114010780,1114014487,57.61388,57.62802
38.614,228,-1086440188,-1086321909,-0.7431185,-0.7501685
38.614,232,-1086440188,-1086321909,-0.7431185,-0.7501685
38.615,236,-1086440188,-1086321909,-0.7431185,-0.7501685
38.615,240,-1150904513,-1150513207,-0.003518536,-0.003609644
38.616,244,924222760,922628270,8.9717E-06,7.575457E-06
38.616,248,1041662054,1041664475,0.1469742,0.1470103
38.617,260,1064387531,1064607223,0.9424407,0.9555354
38.618,352,1027637248,1031868416,0.04699707,0.0630188
38.674,216,-1089823680,-1089590505,-0.5414467,-0.555345
38.675,220,994221381,1066835256,0.002969579,1.176673
38.675,224,1114014487,-1033488667,57.62802,-57.55361
38.676,228,-1086321909,-1086405473,-0.7501685,-0.7451877
38.677,232,-1086321909,-1086405473,-0.7501685,-0.7451877
38.677,236,-1086321909,-1086405473,-0.7501685,-0.7451877
38.678,240,-1150513207,-1150115254,-0.003609644,-0.0037023
38.678,244,922628270,994359411,7.575457E-06,0.003001717
38.679,248,1041664475,-1105831912,0.1470103,-0.1468204
38.68,260,1064607223,1064665401,0.9555354,0.959003
38.68,352,1031868416,1027366912,0.0630188,0.04598999
38.705,216,-1089590505,-1089884891,-0.555345,-0.5377982
38.705,220,1066835256,1007558925,1.176673,0.008674872
38.706,224,-1033488667,1114018423,-57.55361,57.64303
38.707,228,-1086405473,-1086316958,-0.7451877,-0.7504636
38.707,232,-1086405473,-1086316958,-0.7451877,-0.7504636
38.708,236,-1086405473,-1086316958,-0.7451877,-0.7504636
38.708,240,-1150115254,-1150617674,-0.0037023,-0.003585321
38.709,244,994359411,934912853,0.003001717,2.212978E-05
38.709,248,-1105831912,1041667045,-0.1468204,0.1470485
38.71,260,1064665401,1064730233,0.959003,0.9628673
38.711,352,1027366912,1027637248,0.04598999,0.04699707
38.767,216,-1089884891,-1089823090,-0.5377982,-0.5414819
38.768,220,1007558925,983835529,0.008674872,0.00125228
38.769,224,1114018423,1114022479,57.64303,57.6585
38.769,228,-1086316958,-1086314926,-0.7504636,-0.7505847
38.77,232,-1086316958,-1086314926,-0.7504636,-0.7505847
38.77,236,-1086316958,-1086314926,-0.7504636,-0.7505847
38.771,240,-1150617674,-1150512200,-0.003585321,-0.003609879
38.771,244,934912853,911631017,2.212978E-05,3.194591E-06
38.772,248,1041667045,1041669694,0.1470485,0.147088
38.773,260,1064730233,1064869125,0.9628673,0.9711459
38.773,352,1027637248,1031868416,0.04699707,0.0630188
38.83,216,-1089823090,-1089593762,-0.5414819,-0.5551509
38.831,220,983835529,1066002855,0.00125228,1.077443
38.831,224,1114022479,-1033496418,57.6585,-57.52404
38.832,228,-1086314926,-1086400120,-0.7505847,-0.7455068
38.832,232,-1086314926,-1086400120,-0.7505847,-0.7455068
38.833,236,-1086314926,-1086400120,-0.7505847,-0.7455068
38.834,240,-1150512200,-1150120814,-0.003609879,-0.003701006
38.834,244,911631017,993272193,3.194591E-06,0.002748579
38.835,248,1041669694,-1105836974,0.147088,-0.146745
38.836,260,1064869125,1064903823,0.9711459,0.9732141
38.836,352,1031868416,1027637248,0.0630188,0.04699707
38.861,216,-1089593762,-1089885872,-0.5551509,-0.5377398
38.862,220,1066002855,-1147724973,1.077443,-0.004611412
38.863,224,-1033496418,1114026575,-57.52404,57.67413
38.864,228,-1086400120,-1086311372,-0.7455068,-0.7507966
38.864,232,-1086400120,-1086311372,-0.7455068,-0.7507966
38.865,236,-1086400120,-1086311372,-0.7455068,-0.7507966
38.866,240,-1150120814,-1150619348,-0.003701006,-0.003584932
38.866,244,993272193,-1220190935,0.002748579,-1.176381E-05
38.867,248,-1105836974,1041672369,-0.146745,0.1471279
38.868,260,1064903823,1064946134,0.9732141,0.975736
38.923,216,-1089885872,-1089821584,-0.5377398,-0.5415716
38.924,220,-1147724973,-1141379483,-0.004611412,-0.007566261
38.925,224,1114026575,1114030365,57.67413,57.68859
38.926,228,-1086311372,-1086309135,-0.7507966,-0.7509299
38.926,232,-1086311372,-1086309135,-0.7507966,-0.7509299
38.927,236,-1086311372,-1086309135,-0.7507966,-0.7509299
38.928,240,-1150619348,-1150509630,-0.003584932,-0.003610477
38.928,244,-1220190935,-1214125554,-1.176381E-05,-1.930169E-05
38.929,248,1041672369,1041674844,0.1471279,0.1471648
38.93,260,1064946134,1065032613,0.975736,0.9808906
38.93,352,1027637248,1031659520,0.04699707,0.0619812
38.986,216,-1089821584,-1089474253,-0.5415716,-0.5622742
38.987,220,-1141379483,1065212186,-0.007566261,0.991594
38.988,224,1114030365,-1020927214,57.68859,-165.887
38.988,228,-1086309135,-1086554941,-0.7509299,-0.7362787
38.989,232,-1086309135,-1086554941,-0.7509299,-0.7362787
38.989,236,-1086309135,-1086554941,-0.7509299,-0.7362787
38.99,240,-1150509630,-1149916852,-0.003610477,-0.003748494
38.991,244,-1214125554,992331584,-1.930169E-05,0.002529576
38.991,248,1041674844,-1093096654,0.1471648,-0.4231811
38.992,260,1065032613,1065017423,0.9808906,0.9799852
38.993,352,1031659520,1027637248,0.0619812,0.04699707
39.017,216,-1089474253,-1090006387,-0.5622742,-0.5305565
39.018,220,1065212186,-1132607315,0.991594,-0.01548974
39.019,224,-1020927214,-1035288849,-165.887,-50.68646
39.019,228,-1086554941,-1086631727,-0.7362787,-0.7317019
39.02,232,-1086554941,-1086631727,-0.7362787,-0.7317019
39.021,236,-1086554941,-1086631727,-0.7362787,-0.7317019
39.021,240,-1149916852,-1150825026,-0.003748494,-0.003537043
39.022,244,992331584,-1205486458,0.002529576,-3.951464E-05
39.022,248,-1093096654,-1107007541,-0.4231811,-0.1293022
39.023,260,1065017423,1065007576,0.9799852,0.9793983
39.023,352,1027637248,1027645440,0.04699707,0.04702759
39.08,216,-1090006387,-1090213199,-0.5305565,-0.5182295
39.081,220,-1132607315,-1156012718,-0.01548974,-0.00232919
39.082,224,-1035288849,-1035293232,-50.68646,-50.66974
39.082,228,-1086631727,-1086734528,-0.7317019,-0.7255745
39.083,232,-1086631727,-1086734528,-0.7317019,-0.7255745
39.083,236,-1086631727,-1086734528,-0.7317019,-0.7255745
39.084,240,-1150825026,-1151177985,-0.003537043,-0.003454864
39.084,244,-1205486458,-1228447804,-3.951464E-05,-5.941811E-06
39.085,248,-1107007541,-1107010403,-0.1293022,-0.1292595
39.085,260,1065007576,1064960555,0.9793983,0.9765956
39.086,352,1027645440,1031659520,0.04702759,0.0619812
39.142,216,-1090213199,-1090269480,-0.5182295,-0.5148749
39.143,220,-1156012718,982630946,-0.00232919,0.001112048
39.143,224,-1035293232,-1035294927,-50.66974,-50.66327
39.144,228,-1086734528,-1086811442,-0.7255745,-0.7209901
39.144,232,-1086734528,-1086811442,-0.7255745,-0.7209901
39.145,236,-1086734528,-1086811442,-0.7255745,-0.7209901
39.146,240,-1151177985,-1151274039,-0.003454864,-0.003432499
39.146,244,-1228447804,910057683,-5.941811E-06,2.836857E-06
39.147,248,-1107010403,-1107011510,-0.1292595,-0.129243
39.147,260,1064960555,1064933056,0.9765956,0.9749565
39.148,352,1031659520,1027637248,0.0619812,0.04699707
39.174,216,-1090269480,-1090380548,-0.5148749,-0.5082548
39.175,220,982630946,991232686,0.001112048,0.002273719
39.175,224,-1035294927,-1035297421,-50.66327,-50.65376
39.176,228,-1086811442,-1086888366,-0.7209901,-0.716405
39.176,232,-1086811442,-1086888366,-0.7209901,-0.716405
39.177,236,-1086811442,-1086888366,-0.7209901,-0.716405
39.178,240,-1151274039,-1151463594,-0.003432499,-0.003388365
39.178,244,910057683,918724668,2.836857E-06,5.800304E-06
39.179,248,-1107011510,-1107013139,-0.129243,-0.1292188
39.18,260,1064933056,1064898306,0.9749565,0.9728853
39.236,216,-1090380548,-1090646285,-0.5082548,-0.4962078
39.237,220,991232686,994222859,0.002273719,0.002969923
39.237,224,-1035297421,-1035301568,-50.65376,-50.63794
39.238,228,-1086888366,-1086992886,-0.716405,-0.7101752
39.238,232,-1086888366,-1086992886,-0.716405,-0.7101752
39.239,236,-1086888366,-1086992886,-0.716405,-0.7101752
39.24,240,-1151463594,-1151808537,-0.003388365,-0.003308052
39.24,244,918724668,922630200,5.800304E-06,7.576335E-06
39.241,248,-1107013139,-1107015847,-0.1292188,-0.1291784
39.241,260,1064898306,1064793465,0.9728853,0.9666362
39.242,352,1027637248,1031868416,0.04699707,0.0630188
39.299,216,-1090646285,-1090761576,-0.4962078,-0.4927719
39.3,220,994222859,990528919,0.002969923,0.002109861
39.301,224,-1035301568,-1035303257,-50.63794,-50.6315
39.301,228,-1086992886,-1087068227,-0.7101752,-0.7056845
39.302,232,-1086992886,-1087068227,-0.7101752,-0.7056845
39.302,236,-1086992886,-1087068227,-0.7101752,-0.7056845
39.303,240,-1151808537,-1151906918,-0.003308052,-0.003285146
39.304,244,922630200,917805462,7.576335E-06,5.382298E-06
39.304,248,-1107015847,-1107016950,-0.1291784,-0.129162
39.305,260,1064793465,1064749817,0.9666362,0.9640346
39.305,352,1031868416,1027366912,0.0630188,0.04598999
39.329,216,-1090761576,-1090971672,-0.4927719,-0.4865105
39.33,220,990528919,990729196,0.002109861,0.002156491
39.331,224,-1035303257,-1035305598,-50.6315,-50.62257
39.332,228,-1087068227,-1087145135,-0.7056845,-0.7011004
39.332,232,-1087068227,-1087145135,-0.7056845,-0.7011004
39.333,236,-1087068227,-1087145135,-0.7056845,-0.7011004
39.333,240,-1151906918,-1152086200,-0.003285146,-0.003243404
39.334,244,917805462,918067048,5.382298E-06,5.501253E-06
39.334,248,-1107016950,-1107018479,-0.129162,-0.1291392
39.335,260,1064749817,1064699496,0.9640346,0.9610353
39.336,352,1027366912,1027637248,0.04598999,0.04699707
39.392,216,-1090971672,-1091366415,-0.4865105,-0.4747463
39.393,220,990729196,988376166,0.002156491,0.001780879
39.394,224,-1035305598,-1035309564,-50.62257,-50.60744
39.395,228,-1087145135,-1087249592,-0.7011004,-0.6948743
39.395,232,-1087145135,-1087249592,-0.7011004,-0.6948743
39.396,236,-1087145135,-1087249592,-0.7011004,-0.6948743
39.396,240,-1152086200,-1152423048,-0.003243404,-0.003164975
39.397,244,918067048,915959958,5.501253E-06,4.54306E-06
39.398,248,-1107018479,-1107021069,-0.1291392,-0.1291006
39.398,260,1064699496,1064559254,0.9610353,0.9526762
39.399,352,1027637248,1031868416,0.04699707,0.0630188
39.454,216,-1091366415,-1091476732,-0.4747463,-0.4714586
39.455,220,988376166,984814709,0.001780879,0.001366271
39.456,224,-1035309564,-1035311215,-50.60744,-50.60114
39.457,228,-1087249592,-1087326473,-0.6948743,-0.6902918
39.457,232,-1087249592,-1087326473,-0.6948743,-0.6902918
39.458,236,-1087249592,-1087326473,-0.6948743,-0.6902918
39.458,240,-1152423048,-1152517185,-0.003164975,-0.003143057
39.459,244,915959958,912909945,4.54306E-06,3.485386E-06
39.46,248,-1107021069,-1107022147,-0.1291006,-0.1290845
39.46,260,1064559254,1064503713,0.9526762,0.9493657
39.461,352,1031868416,1027637248,0.0630188,0.04699707
39.487,216,-1091476732,-1091688416,-0.4714586,-0.4651499
39.488,220,984814709,990157892,0.001366271,0.002023474
39.489,224,-1035311215,-1035313711,-50.60114,-50.59162
39.489,228,-1087326473,-1087403402,-0.6902918,-0.6857065
39.49,232,-1087326473,-1087403402,-0.6902918,-0.6857065
39.49,236,-1087326473,-1087403402,-0.6902918,-0.6857065
39.491,240,-1152517185,-1152697822,-0.003143057,-0.003100999
39.491,244,912909945,917320856,3.485386E-06,5.161924E-06
39.492,248,-1107022147,-1107023777,-0.1290845,-0.1290603
39.493,260,1064503713,1064443584,0.9493657,0.9457817
39.549,216,-1091688416,-1092072728,-0.4651499,-0.4536965
39.55,220,990157892,991229771,0.002023474,0.002273041
39.551,224,-1035313711,-1035317488,-50.59162,-50.57721
39.552,228,-1087403402,-1087506131,-0.6857065,-0.6795834
39.552,232,-1087403402,-1087506131,-0.6857065,-0.6795834
39.553,236,-1087403402,-1087506131,-0.6857065,-0.6795834
39.553,240,-1152697822,-1153025768,-0.003100999,-0.003024643
39.554,244,917320856,918720861,5.161924E-06,5.798573E-06
39.554,248,-1107023777,-1107026244,-0.1290603,-0.1290235
39.555,260,1064443584,1064283973,0.9457817,0.9362682
39.555,352,1027637248,1031659520,0.04699707,0.0619812
39.611,216,-1092072728,-1092176927,-0.4536965,-0.4505911
39.612,220,991229771,988327339,0.002273041,0.001775195
39.612,224,-1035317488,-1035319120,-50.57721,-50.57098
39.613,228,-1087506131,-1087583025,-0.6795834,-0.6750001
39.614,232,-1087506131,-1087583025,-0.6795834,-0.6750001
39.614,236,-1087506131,-1087583025,-0.6795834,-0.6750001
39.615,240,-1153025768,-1153114685,-0.003024643,-0.003003941
39.616,244,918720861,915928071,5.798573E-06,4.528559E-06
39.616,248,-1107026244,-1107027310,-0.1290235,-0.1290076
39.617,260,1064283973,1064221616,0.9362682,0.9325514
39.617,352,1031659520,1027637248,0.0619812,0.04699707
39.643,216,-1092176927,-1092383583,-0.4505911,-0.4444323
39.644,220,988327339,994291365,0.001775195,0.002985873
39.644,224,-1035319120,-1035321472,-50.57098,-50.56201
39.645,228,-1087583025,-1087659983,-0.6750001,-0.6704131
39.646,232,-1087583025,-1087659983,-0.6750001,-0.6704131
39.646,236,-1087583025,-1087659983,-0.6750001,-0.6704131
39.647,240,-1153114685,-1153291031,-0.003003941,-0.002962882
39.648,244,915928071,922719677,4.528559E-06,7.617024E-06
39.648,248,-1107027310,-1107028846,-0.1290076,-0.1289847
39.649,260,1064221616,1064155279,0.9325514,0.9285974
39.65,352,1027637248,1027645440,0.04699707,0.04702759
39.705,216,-1092383583,-1092759007,-0.4444323,-0.4332438
39.706,220,994291365,1002695722,0.002985873,0.005979081
39.707,224,-1035321472,-1035325252,-50.56201,-50.54759
39.708,228,-1087659983,-1087762654,-0.6704131,-0.6642934
39.708,232,-1087659983,-1087762654,-0.6704131,-0.6642934
39.709,236,-1087659983,-1087762654,-0.6704131,-0.6642934
39.709,240,-1153291031,-1153611393,-0.002962882,-0.002888292
39.71,244,922719677,931128855,7.617024E-06,1.525276E-05
39.71,248,-1107028846,-1107031314,-0.1289847,-0.1289479
39.711,260,1064155279,1063981913,0.9285974,0.918264
39.712,352,1027645440,1031659520,0.04702759,0.0619812
39.767,216,-1092759007,-1092860574,-0.4332438,-0.4302168
39.768,220,1002695722,1000849647,0.005979081,0.005119435
39.769,224,-1035325252,-1035326680,-50.54759,-50.54214
39.769,228,-1087762654,-1087839502,-0.6642934,-0.6597129
39.77,232,-1087762654,-1087839502,-0.6642934,-0.6597129
39.77,236,-1087762654,-1087839502,-0.6642934,-0.6597129
39.771,240,-1153611393,-1153698063,-0.002888292,-0.002868112
39.771,244,931128855,928717655,1.525276E-05,1.305978E-05
39.772,248,-1107031314,-1107032247,-0.1289479,-0.128934
39.773,260,1063981913,1063915315,0.918264,0.9142944
39.773,352,1031659520,1027637248,0.0619812,0.04699707
39.798,216,-1092860574,-1093062111,-0.4302168,-0.4242106
39.799,220,1000849647,1002837919,0.005119435,0.006045296
39.8,224,-1035326680,-1035328957,-50.54214,-50.53346
39.8,228,-1087839502,-1087916341,-0.6597129,-0.6551329
39.801,232,-1087839502,-1087916341,-0.6597129,-0.6551329
39.801,236,-1087839502,-1087916341,-0.6597129,-0.6551329
39.802,240,-1153698063,-1153870042,-0.002868112,-0.00282807
39.803,244,928717655,931225035,1.305978E-05,1.542167E-05
39.803,248,-1107032247,-1107033734,-0.128934,-0.1289119
39.804,260,1063915315,1063845207,0.9142944,0.9101157
39.861,216,-1093062111,-1093428561,-0.4242106,-0.4132895
39.862,220,1002837919,1002740348,0.006045296,0.005999861
39.862,224,-1035328957,-1035332605,-50.53346,-50.51954
39.863,228,-1087916341,-1088020479,-0.6551329,-0.6489258
39.864,232,-1087916341,-1088020479,-0.6551329,-0.6489258
39.864,236,-1087916341,-1088020479,-0.6551329,-0.6489258
39.865,240,-1153870042,-1154182746,-0.00282807,-0.002755263
39.865,244,931225035,931161315,1.542167E-05,1.530577E-05
39.866,248,-1107033734,-1107036116,-0.1289119,-0.1288764
39.867,260,1063845207,1063660104,0.9101157,0.8990827
39.867,352,1027637248,1031868416,0.04699707,0.0630188
39.923,216,-1093428561,-1093532493,-0.4132895,-0.4101921
39.924,220,1002740348,999325300,0.005999861,0.004409606
39.925,224,-1035332605,-1035334096,-50.51954,-50.51385
39.926,228,-1088020479,-1088095641,-0.6489258,-0.6444458
39.926,232,-1088020479,-1088095641,-0.6489258,-0.6444458
39.927,236,-1088020479,-1088095641,-0.6489258,-0.6444458
39.928,240,-1154182746,-1154271434,-0.002755263,-0.002734614
39.928,244,931161315,926726672,1.530577E-05,1.124899E-05
39.929,248,-1107036116,-1107037090,-0.1288764,-0.1288619
39.929,260,1063660104,1063592685,0.8990827,0.8950642
39.93,352,1031868416,1027366912,0.0630188,0.04598999
39.955,216,-1093532493,-1093722839,-0.4101921,-0.4045193
39.956,220,999325300,1003453719,0.004409606,0.006332051
39.957,224,-1035334096,-1035336244,-50.51385,-50.50566
39.958,228,-1088095641,-1088172419,-0.6444458,-0.6398695
39.958,232,-1088095641,-1088172419,-0.6444458,-0.6398695
39.959,236,-1088095641,-1088172419,-0.6444458,-0.6398695
39.96,240,-1154271434,-1154433863,-0.002734614,-0.002696796
39.96,244,926726672,931627190,1.124899E-05,1.615319E-05
39.961,248,-1107037090,-1107038493,-0.1288619,-0.128841
39.961,260,1063592685,1063520377,0.8950642,0.8907543
39.962,352,1027366912,1027637248,0.04598999,0.04699707
40.017,216,-1093722839,-1094079559,-0.4045193,-0.3938883
40.018,220,1003453719,1001728792,0.006332051,0.005528819
40.019,224,-1035336244,-1035339818,-50.50566,-50.49203
40.019,228,-1088172419,-1088276328,-0.6398695,-0.6336761
40.02,232,-1088172419,-1088276328,-0.6398695,-0.6336761
40.021,236,-1088172419,-1088276328,-0.6398695,-0.6336761
40.021,240,-1154433863,-1154738264,-0.002696796,-0.002625922
40.022,244,931627190,929865926,1.615319E-05,1.410413E-05
40.022,248,-1107038493,-1107040827,-0.128841,-0.1288062
40.023,260,1063520377,1063330356,0.8907543,0.8794281
40.023,352,1027637248,1031868416,0.04699707,0.0630188
40.08,216,-1094079559,-1094178689,-0.3938883,-0.390934
40.081,220,1001728792,999945914,0.005528819,0.004698602
40.082,224,-1035339818,-1035341222,-50.49203,-50.48667
40.083,228,-1088276328,-1088353029,-0.6336761,-0.6291043
40.083,232,-1088276328,-1088353029,-0.6336761,-0.6291043
40.084,236,-1088276328,-1088353029,-0.6336761,-0.6291043
40.084,240,-1154738264,-1154822855,-0.002625922,-0.002606226
40.085,244,929865926,927537269,1.410413E-05,1.198623E-05
40.086,248,-1107040827,-1107041744,-0.1288062,-0.1287925
40.086,260,1063330356,1063259791,0.8794281,0.8752221
40.087,352,1031868416,1027637248,0.0630188,0.04699707
40.111,216,-1094178689,-1094369979,-0.390934,-0.3852331
40.112,220,999945914,1002716230,0.004698602,0.00598863
40.113,224,-1035341222,-1035343317,-50.48667,-50.47868
40.113,228,-1088353029,-1088429700,-0.6291043,-0.6245344
40.114,232,-1088353029,-1088429700,-0.6291043,-0.6245344
40.115,236,-1088353029,-1088429700,-0.6291043,-0.6245344
40.115,240,-1154822855,-1154986089,-0.002606226,-0.00256822
40.116,244,927537269,931145565,1.198623E-05,1.527712E-05
40.116,248,-1107041744,-1107043112,-0.1287925,-0.1287721
40.117,260,1063259791,1063186135,0.8752221,0.8708319
40.174,216,-1094369979,-1094716222,-0.3852331,-0.3749142
40.174,220,1002716230,1001554552,0.00598863,0.005447682
40.175,224,-1035343317,-1035346862,-50.47868,-50.46516
40.176,228,-1088429700,-1088531771,-0.6245344,-0.6184505
40.176,232,-1088429700,-1088531771,-0.6245344,-0.6184505
40.177,236,-1088429700,-1088531771,-0.6245344,-0.6184505
40.177,240,-1154986089,-1155281550,-0.00256822,-0.002499428
40.178,244,931145565,929638348,1.527712E-05,1.389715E-05
40.179,248,-1107043112,-1107045427,-0.1287721,-0.1287376
40.179,260,1063186135,1062996495,0.8708319,0.8595285
40.18,352,1027637248,1031659520,0.04699707,0.0619812
40.237,216,-1094716222,-1094809580,-0.3749142,-0.3721319
40.238,220,1001554552,1000215836,0.005447682,0.004824294
40.238,224,-1035346862,-1035348263,-50.46516,-50.45981
40.239,228,-1088531771,-1088608407,-0.6184505,-0.6138826
40.24,232,-1088531771,-1088608407,-0.6184505,-0.6138826
40.24,236,-1088531771,-1088608407,-0.6184505,-0.6138826
40.241,240,-1155281550,-1155361215,-0.002499428,-0.00248088
40.241,244,929638348,927889821,1.389715E-05,1.230687E-05
40.242,248,-1107045427,-1107046342,-0.1287376,-0.128724
40.242,260,1062996495,1062924942,0.8595285,0.8552636
40.243,352,1031659520,1027637248,0.0619812,0.04699707
40.268,216,-1094809580,-1094995764,-0.3721319,-0.3665832
40.268,220,1000215836,1003071531,0.004824294,0.00615408
40.269,224,-1035348263,-1035350358,-50.45981,-50.45182
40.27,228,-1088608407,-1088685089,-0.6138826,-0.609312
40.27,232,-1088608407,-1088685089,-0.6138826,-0.609312
40.271,236,-1088608407,-1088685089,-0.6138826,-0.609312
40.271,240,-1155361215,-1155520092,-0.00248088,-0.002443888
40.272,244,927889821,931377598,1.230687E-05,1.569918E-05
40.273,248,-1107046342,-1107047710,-0.128724,-0.1287036
40.273,260,1062924942,1062850353,0.8552636,0.8508177
40.274,352,1027637248,1027645440,0.04699707,0.04702759
40.33,216,-1094995764,-1095332988,-0.3665832,-0.3565332
40.331,220,1003071531,1002703399,0.00615408,0.005982656
40.331,224,-1035350358,-1035353655,-50.45182,-50.43924
40.332,228,-1088685089,-1088787000,-0.609312,-0.6032376
40.333,232,-1088685089,-1088787000,-0.609312,-0.6032376
40.333,236,-1088685089,-1088787000,-0.609312,-0.6032376
40.334,240,-1155520092,-1155807857,-0.002443888,-0.002376888
40.334,244,931377598,931137185,1.569918E-05,1.526188E-05
40.335,248,-1107047710,-1107049863,-0.1287036,-0.1286715
40.335,260,1062850353,1062658807,0.8508177,0.8394007
40.336,352,1027645440,1031659520,0.04702759,0.0619812
40.393,216,-1095332988,-1095423626,-0.3565332,-0.3538319
40.393,220,1002703399,1000380453,0.005982656,0.00490095
40.394,224,-1035353655,-1035354998,-50.43924,-50.43412
40.395,228,-1088787000,-1088863552,-0.6032376,-0.5986748
40.395,232,-1088787000,-1088863552,-0.6032376,-0.5986748
40.396,236,-1088787000,-1088863552,-0.6032376,-0.5986748
40.396,240,-1155807857,-1155885201,-0.002376888,-0.00235888
40.397,244,931137185,928104831,1.526188E-05,1.250242E-05
40.398,248,-1107049863,-1107050740,-0.1286715,-0.1286585
40.398,260,1062658807,1062586695,0.8394007,0.8351025
40.399,352,1031659520,1027637248,0.0619812,0.04699707
40.424,216,-1095423626,-1095604783,-0.3538319,-0.348433
40.425,220,1000380453,1003051446,0.00490095,0.006144728
40.426,224,-1035354998,-1035357042,-50.43412,-50.42632
40.427,228,-1088863552,-1088940096,-0.5986748,-0.5941124
40.427,232,-1088863552,-1088940096,-0.5986748,-0.5941124
40.428,236,-1088863552,-1088940096,-0.5986748,-0.5941124
40.429,240,-1155885201,-1156039788,-0.00235888,-0.002322887
40.429,244,928104831,931364481,1.250242E-05,1.567532E-05
40.43,248,-1107050740,-1107052075,-0.1286585,-0.1286386
40.431,260,1062586695,1062511676,0.8351025,0.830631
40.486,216,-1095604783,-1095932875,-0.348433,-0.3386551
40.487,220,1003051446,824836820,0.006144728,2.473986E-09
40.488,224,-1035357042,-1035360429,-50.42632,-50.4134
40.488,228,-1088940096,-1089043513,-0.5941124,-0.5879483
40.489,232,-1088940096,-1089043513,-0.5941124,-0.5879483
40.489,236,-1088940096,-1089043513,-0.5941124,-0.5879483
40.49,240,-1156039788,-1156319760,-0.002322887,-0.002257701
40.491,244,931364481,752750116,1.567532E-05,6.311189E-12
40.491,248,-1107052075,-1107054287,-0.1286386,-0.1286056
40.492,260,1062511676,1062315694,0.830631,0.8189496
40.493,352,1027637248,1031868416,0.04699707,0.0630188
40.549,216,-1095932875,-1096027038,-0.3386551,-0.3358489
40.55,220,824836820,1010046547,2.473986E-09,0.01099165
40.551,224,-1035360429,-1035361810,-50.4134,-50.40813
40.551,228,-1089043513,-1089118412,-0.5879483,-0.5834839
40.552,232,-1089043513,-1089118412,-0.5879483,-0.5834839
40.552,236,-1089043513,-1089118412,-0.5879483,-0.5834839
40.553,240,-1156319760,-1156400113,-0.002257701,-0.002238992
40.553,244,752750116,938161992,6.311189E-12,2.803993E-05
40.554,248,-1107054287,-1107055189,-0.1286056,-0.1285922
40.555,260,1062315694,1062245148,0.8189496,0.8147447
40.555,352,1031868416,1027366912,0.0630188,0.04598999
40.58,216,-1096027038,-1096197048,-0.3358489,-0.3307822
40.581,220,1010046547,1003391233,0.01099165,0.006302953
40.581,224,-1035361810,-1035363703,-50.40813,-50.40091
40.582,228,-1089118412,-1089194931,-0.5834839,-0.578923
40.582,232,-1089118412,-1089194931,-0.5834839,-0.578923
40.583,236,-1089118412,-1089194931,-0.5834839,-0.578923
40.583,240,-1156400113,-1156545188,-0.002238992,-0.002205214
40.584,244,938161992,931586383,2.803993E-05,1.607896E-05
40.585,248,-1107055189,-1107056425,-0.1285922,-0.1285738
40.585,260,1062245148,1062170021,0.8147447,0.8102668
40.586,352,1027366912,1027637248,0.04598999,0.04699707
40.642,216,-1096197048,-1096517527,-0.3307822,-0.3212312
40.643,220,1003391233,1012647446,0.006302953,0.01341393
40.644,224,-1035363703,-1035366998,-50.40091,-50.38834
40.644,228,-1089194931,-1089298215,-0.578923,-0.5727668
40.645,232,-1089194931,-1089298215,-0.578923,-0.5727668
40.645,236,-1089194931,-1089298215,-0.578923,-0.5727668
40.646,240,-1156545188,-1156818663,-0.002205214,-0.002141541
40.646,244,931586383,940541590,1.607896E-05,3.42192E-05
40.647,248,-1107056425,-1107058577,-0.1285738,-0.1285417
40.648,260,1062170021,1061973848,0.8102668,0.798574
40.648,352,1027637248,1031868416,0.04699707,0.0630188
40.705,216,-1096517527,-1096605007,-0.3212312,-0.318624
40.705,220,1012647446,1001063770,0.01341393,0.005219144
40.706,224,-1035366998,-1035368206,-50.38834,-50.38374
40.707,228,-1089298215,-1089374687,-0.5727668,-0.5682088
40.707,232,-1089298215,-1089374687,-0.5727668,-0.5682088
40.708,236,-1089298215,-1089374687,-0.5727668,-0.5682088
40.708,240,-1156818663,-1156893313,-0.002141541,-0.00212416
40.709,244,940541590,928997327,3.42192E-05,1.331414E-05
40.709,248,-1107058577,-1107059366,-0.1285417,-0.1285299
40.71,260,1061973848,1061901523,0.798574,0.7942631
40.711,352,1031868416,1027637248,0.0630188,0.04699707
40.736,216,-1096605007,-1096776297,-0.318624,-0.3135192
40.736,220,1001063770,1003502924,0.005219144,0.006354963
40.737,224,-1035368206,-1035370105,-50.38374,-50.37649
40.738,228,-1089374687,-1089451118,-0.5682088,-0.5636531
40.738,232,-1089374687,-1089451118,-0.5682088,-0.5636531
40.739,236,-1089374687,-1089451118,-0.5682088,-0.5636531
40.739,240,-1156893313,-1157039480,-0.00212416,-0.002090128
40.74,244,928997327,931659324,1.331414E-05,1.621164E-05
40.741,248,-1107059366,-1107060606,-0.1285299,-0.1285115
40.741,260,1061901523,1061826348,0.7942631,0.7897823
40.798,216,-1096776297,-1097085914,-0.3135192,-0.3042919
40.799,220,1003502924,1003628466,0.006354963,0.006413423
40.8,224,-1035370105,-1035373305,-50.37649,-50.36428
40.8,228,-1089451118,-1089552564,-0.5636531,-0.5576065
40.801,232,-1089451118,-1089552564,-0.5636531,-0.5576065
40.802,236,-1089451118,-1089552564,-0.5636531,-0.5576065
40.802,240,-1157039480,-1157303687,-0.002090128,-0.002028613
40.803,244,931659324,931741311,1.621164E-05,1.636077E-05
40.803,248,-1107060606,-1107062696,-0.1285115,-0.1284803
40.804,260,1061826348,1061633564,0.7897823,0.7782915
40.805,352,1027637248,1031659520,0.04699707,0.0619812
40.861,216,-1097085914,-1097168681,-0.3042919,-0.3018253
40.862,220,1003628466,1000410376,0.006413423,0.004914884
40.863,224,-1035373305,-1035374693,-50.36428,-50.35899
40.863,228,-1089552564,-1089629003,-0.5576065,-0.5530503
40.864,232,-1089552564,-1089629003,-0.5576065,-0.5530503
40.865,236,-1089552564,-1089629003,-0.5576065,-0.5530503
40.866,240,-1157303687,-1157374315,-0.002028613,-0.002012168
40.866,244,931741311,928143914,1.636077E-05,1.253797E-05
40.867,248,-1107062696,-1107063602,-0.1284803,-0.1284668
40.867,260,1061633564,1061561138,0.7782915,0.7739745
40.868,352,1031659520,1027637248,0.0619812,0.04699707
40.893,216,-1097168681,-1097358666,-0.3018253,-0.2961633
40.894,220,1000410376,1004305758,0.004914884,0.006728812
40.895,224,-1035374693,-1035376507,-50.35899,-50.35207
40.897,228,-1089629003,-1089705486,-0.5530503,-0.5484916
40.898,232,-1089629003,-1089705486,-0.5530503,-0.5484916
40.898,236,-1089629003,-1089705486,-0.5530503,-0.5484916
40.899,240,-1157374315,-1157536435,-0.002012168,-0.001974422
40.9,244,928143914,932183624,1.253797E-05,1.716534E-05
40.9,248,-1107063602,-1107064787,-0.1284668,-0.1284492
40.901,260,1061561138,1061485827,0.7739745,0.7694857
40.901,352,1027637248,1027645440,0.04699707,0.04702759
40.955,216,-1097358666,-1097658738,-0.2961633,-0.2872204
40.956,220,1004305758,1002852976,0.006728812,0.006052308
40.957,224,-1035376507,-1035379626,-50.35207,-50.34017
40.957,228,-1089705486,-1089806862,-0.5484916,-0.5424491
40.958,232,-1089705486,-1089806862,-0.5484916,-0.5424491
40.959,236,-1089705486,-1089806862,-0.5484916,-0.5424491
40.959,240,-1157536435,-1157957089,-0.001974422,-0.001914803
40.96,244,932183624,931234868,1.716534E-05,1.543956E-05
40.961,248,-1107064787,-1107066824,-0.1284492,-0.1284188
40.961,260,1061485827,1061292907,0.7694857,0.7579867
40.962,352,1027645440,1031659520,0.04702759,0.0619812
41.018,216,-1097658738,-1097739127,-0.2872204,-0.2848246
41.018,220,1002852976,1001297565,0.006052308,0.005328013
41.019,224,-1035379626,-1035380744,-50.34017,-50.33591
41.02,228,-1089806862,-1089883255,-0.5424491,-0.5378957
41.02,232,-1089806862,-1089883255,-0.5424491,-0.5378957
41.021,236,-1089806862,-1089883255,-0.5424491,-0.5378957
41.021,240,-1157957089,-1158094287,-0.001914803,-0.001898831
41.022,244,931234868,929302691,1.543956E-05,1.359187E-05
41.022,248,-1107066824,-1107067554,-0.1284188,-0.1284079
41.023,260,1061292907,1061220459,0.7579867,0.7536685
41.024,352,1031659520,1027637248,0.0619812,0.04699707
41.048,216,-1097739127,-1097900319,-0.2848246,-0.2800207
41.049,220,1001297565,1003550694,0.005328013,0.006377208
41.05,224,-1035380744,-1035382503,-50.33591,-50.3292
41.05,228,-1089883255,-1089959595,-0.5378957,-0.5333455
41.051,232,-1089883255,-1089959595,-0.5378957,-0.5333455
41.051,236,-1089883255,-1089959595,-0.5378957,-0.5333455
41.052,240,-1158094287,-1158369388,-0.001898831,-0.001866805
41.052,244,929302691,931690521,1.359187E-05,1.626839E-05
41.053,248,-1107067554,-1107068703,-0.1284079,-0.1283908
41.053,260,1061220459,1061145206,0.7536685,0.7491831
41.111,216,-1097900319,-1098192461,-0.2800207,-0.2713142
41.111,220,1003550694,1004651510,0.006377208,0.006889815
41.112,224,-1035382503,-1035385546,-50.3292,-50.31759
41.113,228,-1089959595,-1090062561,-0.5333455,-0.5272083
41.113,232,-1089959595,-1090062561,-0.5333455,-0.5272083
41.114,236,-1089959595,-1090062561,-0.5333455,-0.5272083
41.114,240,-1158369388,-1158867977,-0.001866805,-0.001808762
41.115,244,931690521,932409421,1.626839E-05,1.757606E-05
41.116,248,-1107068703,-1107070690,-0.1283908,-0.1283612
41.117,260,1061145206,1060948908,0.7491831,0.7374828
41.117,352,1027637248,1031868416,0.04699707,0.0630188
41.174,216,-1098192461,-1098274265,-0.2713142,-0.2688763
41.174,220,1004651510,999451392,0.006889815,0.004468322
41.175,224,-1035385546,-1035386659,-50.31759,-50.31334
41.176,228,-1090062561,-1090137248,-0.5272083,-0.5227566
41.176,232,-1090062561,-1090137248,-0.5272083,-0.5227566
41.177,236,-1090062561,-1090137248,-0.5272083,-0.5227566
41.177,240,-1158867977,-1159007588,-0.001808762,-0.001792509
41.178,244,932409421,926891363,1.757606E-05,1.139878E-05
41.178,248,-1107070690,-1107071417,-0.1283612,-0.1283504
41.179,260,1060948908,1060878363,0.7374828,0.733278
41.18,352,1031868416,1027366912,0.0630188,0.04598999
41.205,216,-1098274265,-1098425750,-0.2688763,-0.2643617
41.206,220,999451392,1004341700,0.004468322,0.006745549
41.206,224,-1035386659,-1035388535,-50.31334,-50.30619
41.207,228,-1090137248,-1090213591,-0.5227566,-0.5182062
41.208,232,-1090137248,-1090213591,-0.5227566,-0.5182062
41.208,236,-1090137248,-1090213591,-0.5227566,-0.5182062
41.209,240,-1159007588,-1159266123,-0.001792509,-0.001762411
41.209,244,926891363,932207096,1.139878E-05,1.720803E-05
41.21,248,-1107071417,-1107072642,-0.1283504,-0.1283321
41.21,260,1060878363,1060803299,0.733278,0.7288038
41.211,352,1027366912,1027637248,0.04598999,0.04699707
41.268,216,-1098425750,-1098709001,-0.2643617,-0.2559201
41.269,220,1004341700,1003979388,0.006745549,0.006576834
41.27,224,-1035388535,-1035391350,-50.30619,-50.29545
41.27,228,-1090213591,-1090316440,-0.5182062,-0.5120759
41.271,232,-1090213591,-1090316440,-0.5182062,-0.5120759
41.271,236,-1090213591,-1090316440,-0.5182062,-0.5120759
41.272,240,-1159266123,-1159749538,-0.001762411,-0.001706134
41.272,244,932207096,931970484,1.720803E-05,1.677764E-05
41.273,248,-1107072642,-1107074480,-0.1283321,-0.1283047
41.273,260,1060803299,1060607484,0.7288038,0.7171323
41.274,352,1027637248,1031868416,0.04699707,0.0630188
41.33,216,-1098709001,-1098786715,-0.2559201,-0.2536041
41.331,220,1003979388,998857277,0.006576834,0.004191665
41.332,224,-1035391350,-1035392362,-50.29545,-50.29159
41.332,228,-1090316440,-1090392707,-0.5120759,-0.50753
41.333,232,-1090316440,-1090392707,-0.5120759,-0.50753
41.333,236,-1090316440,-1090392707,-0.5120759,-0.50753
41.334,240,-1159749538,-1159882170,-0.001706134,-0.001690694
41.335,244,931970484,926115376,1.677764E-05,1.069302E-05
41.335,248,-1107074480,-1107075141,-0.1283047,-0.1282949
41.336,260,1060607484,1060535359,0.7171323,0.7128333
41.337,352,1031868416,1027637248,0.0630188,0.04699707
41.361,216,-1098786715,-1098968648,-0.2536041,-0.249091
41.362,220,998857277,999392805,0.004191665,0.00444104
41.362,224,-1035392362,-1035394158,-50.29159,-50.28474
41.363,228,-1090392707,-1090468968,-0.50753,-0.5029845
41.363,232,-1090392707,-1090468968,-0.50753,-0.5029845
41.364,236,-1090392707,-1090468968,-0.50753,-0.5029845
41.365,240,-1159882170,-1160140616,-0.001690694,-0.001660607
41.365,244,926115376,926814842,1.069302E-05,1.132918E-05
41.366,248,-1107075141,-1107076314,-0.1282949,-0.1282774
41.367,260,1060535359,1060460427,0.7128333,0.708367
41.424,216,-1098968648,-1099516114,-0.249091,-0.2409332
41.425,220,999392805,1000964689,0.00444104,0.005173006
41.426,224,-1035394158,-1035396894,-50.28474,-50.2743
41.427,228,-1090468968,-1090620968,-0.5029845,-0.4969623
41.427,232,-1090468968,-1090620968,-0.5029845,-0.4969623
41.428,236,-1090468968,-1090620968,-0.5029845,-0.4969623
41.428,240,-1160140616,-1160607787,-0.001660607,-0.001606221
41.429,244,926814842,928867915,1.132918E-05,1.319644E-05
41.43,248,-1107076314,-1107078101,-0.1282774,-0.1282508
41.43,260,1060460427,1060268381,0.708367,0.6969202
41.431,352,1027637248,1031659520,0.04699707,0.0619812
41.487,216,-1099516114,-1099661728,-0.2409332,-0.2387633
41.487,220,1000964689,998504641,0.005173006,0.004027457
41.488,224,-1035396894,-1035397998,-50.2743,-50.27009
41.489,228,-1090620968,-1090773442,-0.4969623,-0.4924182
41.489,232,-1090620968,-1090773442,-0.4969623,-0.4924182
41.49,236,-1090620968,-1090773442,-0.4969623,-0.4924182
41.49,240,-1160607787,-1160732044,-0.001606221,-0.001591756
41.491,244,928867915,925654790,1.319644E-05,1.027412E-05
41.491,248,-1107078101,-1107078822,-0.1282508,-0.12824
41.492,260,1060268381,1060196274,0.6969202,0.6926223
41.492,352,1031659520,1027637248,0.0619812,0.04699707
41.518,216,-1099661728,-1099955304,-0.2387633,-0.2343887
41.519,220,998504641,1000841631,0.004027457,0.005115702
41.52,224,-1035397998,-1035399670,-50.27009,-50.26371
41.52,228,-1090773442,-1090926014,-0.4924182,-0.4878712
41.521,232,-1090773442,-1090926014,-0.4924182,-0.4878712
41.521,236,-1090773442,-1090926014,-0.4924182,-0.4878712
41.522,240,-1160732044,-1160982562,-0.001591756,-0.001562591
41.522,244,925654790,928707185,1.027412E-05,1.305026E-05
41.523,248,-1107078822,-1107079914,-0.12824,-0.1282237
41.524,260,1060196274,1060121316,0.6926223,0.6881545
41.524,352,1027637248,1027645440,0.04699707,0.04702759
41.582,216,-1099955304,-1100485632,-0.2343887,-0.2264862
41.582,220,1000841631,1002569411,0.005115702,0.005920263
41.583,224,-1035399670,-1035402529,-50.26371,-50.2528
41.584,228,-1090926014,-1091127926,-0.4878712,-0.4818538
41.584,232,-1090926014,-1091127926,-0.4878712,-0.4818538
41.585,236,-1090926014,-1091127926,-0.4878712,-0.4818538
41.585,240,-1160982562,-1161435109,-0.001562591,-0.001509908
41.586,244,928707185,930963878,1.305026E-05,1.510271E-05
41.586,248,-1107079914,-1107081781,-0.1282237,-0.1281959
41.587,260,1060121316,1059929380,0.6881545,0.6767142
41.588,352,1027645440,1031659520,0.04702759,0.0619812
41.642,216,-1100485632,-1100626556,-0.2264862,-0.2243863
41.643,220,1002569411,998537888,0.005920263,0.004042938
41.643,224,-1035402529,-1035403462,-50.2528,-50.24924
41.644,228,-1091127926,-1091280356,-0.4818538,-0.477311
41.645,232,-1091127926,-1091280356,-0.4818538,-0.477311
41.645,236,-1091127926,-1091280356,-0.4818538,-0.477311
41.646,240,-1161435109,-1161555364,-0.001509908,-0.001495908
41.646,244,930963878,925698215,1.510271E-05,1.031362E-05
41.647,248,-1107081781,-1107082390,-0.1281959,-0.1281869
41.647,260,1059929380,1059857321,0.6767142,0.6724191
41.648,352,1031659520,1027637248,0.0619812,0.04699707
41.674,216,-1100626556,-1100910821,-0.2243863,-0.2201504
41.674,220,998537888,1000986215,0.004042938,0.005183029
41.675,224,-1035403462,-1035405092,-50.24924,-50.24303
41.676,228,-1091280356,-1091432787,-0.477311,-0.4727682
41.676,232,-1091280356,-1091432787,-0.477311,-0.4727682
41.677,236,-1091280356,-1091432787,-0.477311,-0.4727682
41.678,240,-1161555364,-1161797937,-0.001495908,-0.001467669
41.678,244,925698215,928896030,1.031362E-05,1.322201E-05
41.679,248,-1107082390,-1107083455,-0.1281869,-0.128171
41.68,260,1059857321,1059782474,0.6724191,0.6679579
41.736,216,-1100910821,-1101424842,-0.2201504,-0.2124909
41.737,220,1000986215,999798285,0.005183029,0.004629856
41.738,224,-1035405092,-1035407740,-50.24303,-50.23293
41.738,228,-1091432787,-1091637831,-0.4727682,-0.4666574
41.739,232,-1091432787,-1091637831,-0.4727682,-0.4666574
41.739,236,-1091432787,-1091637831,-0.4727682,-0.4666574
41.74,240,-1161797937,-1162236568,-0.001467669,-0.001416606
41.741,244,928896030,927344448,1.322201E-05,1.181086E-05
41.741,248,-1107083455,-1107085184,-0.128171,-0.1281452
41.742,260,1059782474,1059587302,0.6679579,0.6563247
41.742,352,1027637248,1031868416,0.04699707,0.0630188
41.798,216,-1101424842,-1101568609,-0.2124909,-0.2103486
41.799,220,999798285,997172742,0.004629856,0.003656746
41.8,224,-1035407740,-1035408797,-50.23293,-50.22889
41.8,228,-1091637831,-1091786977,-0.4666574,-0.4622125
41.801,232,-1091637831,-1091786977,-0.4666574,-0.4622125
41.801,236,-1091637831,-1091786977,-0.4666574,-0.4622125
41.802,240,-1162236568,-1162359249,-0.001416606,-0.001402324
41.802,244,927344448,924614994,1.181086E-05,9.328434E-06
41.803,248,-1107085184,-1107085874,-0.1281452,-0.1281349
41.804,260,1059587302,1059517165,0.6563247,0.6521443
41.804,352,1031868416,1027366912,0.0630188,0.04598999
41.831,216,-1101568609,-1101834709,-0.2103486,-0.2063834
41.832,220,997172742,1000098127,0.003656746,0.004769481
41.833,224,-1035408797,-1035410349,-50.22889,-50.22297
41.833,228,-1091786977,-1091939377,-0.4622125,-0.4576707
41.834,232,-1091786977,-1091939377,-0.4622125,-0.4576707
41.834,236,-1091786977,-1091939377,-0.4622125,-0.4576707
41.835,240,-1162359249,-1162586321,-0.001402324,-0.001375889
41.835,244,924614994,927736079,9.328434E-06,1.216704E-05
41.836,248,-1107085874,-1107086888,-0.1281349,-0.1281198
41.837,260,1059517165,1059442533,0.6521443,0.6476958
41.837,352,1027366912,1027637248,0.04598999,0.04699707
41.893,216,-1101834709,-1102331928,-0.2063834,-0.1989743
41.894,220,1000098127,999322831,0.004769481,0.004408456
41.895,224,-1035410349,-1035412919,-50.22297,-50.21317
41.895,228,-1091939377,-1092144312,-0.4576707,-0.4515631
41.896,232,-1091939377,-1092144312,-0.4576707,-0.4515631
41.897,236,-1091939377,-1092144312,-0.4576707,-0.4515631
41.897,240,-1162586321,-1163010615,-0.001375889,-0.001326495
41.898,244,927736079,926723447,1.216704E-05,1.124606E-05
41.899,248,-1107086888,-1107088566,-0.1281198,-0.1280948
41.899,260,1059442533,1059247886,0.6476958,0.636094
41.9,352,1027637248,1031868416,0.04699707,0.0630188
41.955,216,-1102331928,-1102467896,-0.1989743,-0.1969482
41.956,220,999322831,998089916,0.004408456,0.003870293
41.957,224,-1035412919,-1035413963,-50.21317,-50.20919
41.957,228,-1092144312,-1092296680,-0.4515631,-0.4470222
41.958,232,-1092144312,-1092296680,-0.4515631,-0.4470222
41.958,236,-1092144312,-1092296680,-0.4515631,-0.4470222
41.959,240,-1163010615,-1163126641,-0.001326495,-0.001312988
41.959,244,926723447,925213965,1.124606E-05,9.873195E-06
41.96,248,-1107088566,-1107089248,-0.1280948,-0.1280847
41.961,260,1059247886,1059176183,0.636094,0.6318201
41.961,352,1031868416,1027637248,0.0630188,0.04699707
41.986,216,-1102467896,-1102733637,-0.1969482,-0.1929883
41.987,220,998089916,999612784,0.003870293,0.004543476
41.988,224,-1035413963,-1035415506,-50.20919,-50.2033
41.988,228,-1092296680,-1092449082,-0.4470222,-0.4424803
41.989,232,-1092296680,-1092449082,-0.4470222,-0.4424803
41.989,236,-1092296680,-1092449082,-0.4470222,-0.4424803
41.99,240,-1163126641,-1163353406,-0.001312988,-0.001286589
41.99,244,925213965,927102161,9.873195E-06,1.15905E-05
41.991,248,-1107089248,-1107090256,-0.1280847,-0.1280696
41.992,260,1059176183,1059101676,0.6318201,0.6273792
42.049,216,-1102733637,-1103212262,-0.1929883,-0.1858563
42.049,220,999612784,999790808,0.004543476,0.004626375
42.05,224,-1035415506,-1035417930,-50.2033,-50.19405
42.051,228,-1092449082,-1092650562,-0.4424803,-0.4364757
42.051,232,-1092449082,-1092650562,-0.4424803,-0.4364757
42.052,236,-1092449082,-1092650562,-0.4424803,-0.4364757
42.052,240,-1163353406,-1163761833,-0.001286589,-0.001239042
42.053,244,927102161,927334682,1.15905E-05,1.180198E-05
42.053,248,-1107090256,-1107091839,-0.1280696,-0.1280461
42.054,260,1059101676,1058910744,0.6273792,0.6159987
42.055,352,1027637248,1031659520,0.04699707,0.0619812
42.111,216,-1103212262,-1103339021,-0.1858563,-0.1839674
42.111,220,999790808,994244988,0.004626375,0.002975076
42.112,224,-1035417930,-1035418910,-50.19405,-50.19032
42.113,228,-1092650562,-1092802898,-0.4364757,-0.4319357
42.114,232,-1092650562,-1092802898,-0.4364757,-0.4319357
42.114,236,-1092650562,-1092802898,-0.4364757,-0.4319357
42.115,240,-1163761833,-1163870001,-0.001239042,-0.001226449
42.115,244,927334682,922659103,1.180198E-05,7.589478E-06
42.116,248,-1107091839,-1107092479,-0.1280461,-0.1280365
42.116,260,1058910744,1058839043,0.6159987,0.611725
42.117,352,1031659520,1027637248,0.0619812,0.04699707
42.143,216,-1103339021,-1103595510,-0.1839674,-0.1801454
42.143,220,994244988,997844000,0.002975076,0.003813036
42.144,224,-1035418910,-1035420451,-50.19032,-50.18444
42.145,228,-1092802898,-1092955383,-0.4319357,-0.4273913
42.145,232,-1092802898,-1092955383,-0.4319357,-0.4273913
42.146,236,-1092802898,-1092955383,-0.4319357,-0.4273913
42.147,240,-1163870001,-1164088871,-0.001226449,-0.001200969
42.147,244,922659103,925053367,7.589478E-06,9.727132E-06
42.148,248,-1107092479,-1107093485,-0.1280365,-0.1280215
42.148,260,1058839043,1058764493,0.611725,0.6072815
42.149,352,1027637248,1027645440,0.04699707,0.04702759
42.205,216,-1103595510,-1104057442,-0.1801454,-0.1732621
42.206,220,997844000,997004374,0.003813036,0.003617545
42.206,224,-1035420451,-1035422786,-50.18444,-50.17553
42.207,228,-1092955383,-1093156789,-0.4273913,-0.421389
42.207,232,-1092955383,-1093156789,-0.4273913,-0.421389
42.208,236,-1092955383,-1093156789,-0.4273913,-0.421389
42.208,240,-1164088871,-1164483053,-0.001200969,-0.001155081
42.209,244,925053367,924505040,9.727132E-06,9.228432E-06
42.21,248,-1107093485,-1107095010,-0.1280215,-0.1279988
42.21,260,1058764493,1058573610,0.6072815,0.595904
42.211,352,1027645440,1031659520,0.04702759,0.0619812
42.268,216,-1104057442,-1104179727,-0.1732621,-0.1714399
42.268,220,997004374,992374317,0.003617545,0.002539526
42.269,224,-1035422786,-1035423786,-50.17553,-50.17171
42.27,228,-1093156789,-1093309157,-0.421389,-0.416848
42.27,232,-1093156789,-1093309157,-0.421389,-0.416848
42.271,236,-1093156789,-1093309157,-0.421389,-0.416848
42.271,240,-1164483053,-1164587403,-0.001155081,-0.001142933
42.272,244,924505040,920215778,9.228432E-06,6.478383E-06
42.272,248,-1107095010,-1107095663,-0.1279988,-0.1279891
42.273,260,1058573610,1058501934,0.595904,0.5916318
42.274,352,1031659520,1027637248,0.0619812,0.04699707
42.299,216,-1104179727,-1104427447,-0.1714399,-0.1677486
42.299,220,992374317,999606032,0.002539526,0.004540332
42.3,224,-1035423786,-1035425155,-50.17171,-50.16649
42.301,228,-1093309157,-1093461507,-0.416848,-0.4123076
42.301,232,-1093309157,-1093461507,-0.416848,-0.4123076
42.302,236,-1093309157,-1093461507,-0.416848,-0.4123076
42.302,240,-1164587403,-1164798791,-0.001142933,-0.001118324
42.303,244,920215778,927093342,6.478383E-06,1.158248E-05
42.303,248,-1107095663,-1107096557,-0.1279891,-0.1279757
42.304,260,1058501934,1058427471,0.5916318,0.5871934
42.361,216,-1104427447,-1104873412,-0.1677486,-0.1611032
42.362,220,999606032,994576409,0.004540332,0.00305224
42.363,224,-1035425155,-1035427461,-50.16649,-50.1577
42.364,228,-1093461507,-1093666184,-0.4123076,-0.4062078
42.364,232,-1093461507,-1093666184,-0.4123076,-0.4062078
42.365,236,-1093461507,-1093666184,-0.4123076,-0.4062078
42.366,240,-1164798791,-1165179348,-0.001118324,-0.001074021
42.366,244,927093342,922919430,1.158248E-05,7.786328E-06
42.367,248,-1107096557,-1107098063,-0.1279757,-0.1279533
42.368,260,1058427471,1058233301,0.5871934,0.57562
42.368,352,1027637248,1031868416,0.04699707,0.0630188
42.423,216,-1104873412,-1104997962,-0.1611032,-0.1592472
42.424,220,994576409,994321784,0.00305224,0.002992956
42.425,224,-1035427461,-1035428418,-50.1577,-50.15405
42.426,228,-1093666184,-1093815271,-0.4062078,-0.4017647
42.427,232,-1093666184,-1093815271,-0.4062078,-0.4017647
42.427,236,-1093666184,-1093815271,-0.4062078,-0.4017647
42.428,240,-1165179348,-1165285630,-0.001074021,-0.001061648
42.428,244,922919430,922753144,7.786328E-06,7.635092E-06
42.429,248,-1107098063,-1107098688,-0.1279533,-0.127944
42.43,260,1058233301,1058163511,0.57562,0.5714602
42.43,352,1031868416,1027366912,0.0630188,0.04598999
42.455,216,-1104997962,-1105228502,-0.1592472,-0.1558119
42.456,220,994321784,997115667,0.002992956,0.003643458
42.457,224,-1035428418,-1035429770,-50.15405,-50.14889
42.457,228,-1093815271,-1093967617,-0.4017647,-0.3972244
42.458,232,-1093815271,-1093967617,-0.4017647,-0.3972244
42.459,236,-1093815271,-1093967617,-0.4017647,-0.3972244
42.459,240,-1165285630,-1165482358,-0.001061648,-0.001038746
42.46,244,922753144,924577721,7.635092E-06,9.294535E-06
42.46,248,-1107098688,-1107099571,-0.127944,-0.1279308
42.461,260,1058163511,1058089236,0.5714602,0.5670331
42.461,352,1027366912,1027637248,0.04598999,0.04699707
42.517,216,-1105228502,-1105657836,-0.1558119,-0.1494144
42.518,220,997115667,991476967,0.003643458,0.002330595
42.519,224,-1035429770,-1035432231,-50.14889,-50.1395
42.519,228,-1093967617,-1094172381,-0.3972244,-0.391122
42.52,232,-1093967617,-1094172381,-0.3972244,-0.391122
42.52,236,-1093967617,-1094172381,-0.3972244,-0.391122
42.521,240,-1165482358,-1165848723,-0.001038746,-0.0009960957
42.522,244,924577721,919043729,9.294535E-06,5.945396E-06
42.522,248,-1107099571,-1107101178,-0.1279308,-0.1279069
42.523,260,1058089236,1057895506,0.5670331,0.5554858
42.523,352,1027637248,1031868416,0.04699707,0.0630188
42.581,216,-1105657836,-1105775453,-0.1494144,-0.1476617
42.582,220,991476967,992767080,0.002330595,0.002630973
42.582,224,-1035432231,-1035432990,-50.1395,-50.1366
42.583,228,-1094172381,-1094324745,-0.391122,-0.3865812
42.583,232,-1094172381,-1094324745,-0.391122,-0.3865812
42.584,236,-1094172381,-1094324745,-0.391122,-0.3865812
42.584,240,-1165848723,-1165949089,-0.0009960957,-0.0009844116
42.585,244,919043729,920728775,5.945396E-06,6.711667E-06
42.586,248,-1107101178,-1107101674,-0.1279069,-0.1278995
42.586,260,1057895506,1057824124,0.5554858,0.5512311
42.587,352,1031868416,1027637248,0.0630188,0.04699707
42.611,216,-1105775453,-1106004509,-0.1476617,-0.1442485
42.612,220,992767080,995717928,0.002630973,0.003318021
42.613,224,-1035432990,-1035434324,-50.1366,-50.13152
42.613,228,-1094324745,-1094477123,-0.3865812,-0.3820399
42.614,232,-1094324745,-1094477123,-0.3865812,-0.3820399
42.615,236,-1094324745,-1094477123,-0.3865812,-0.3820399
42.615,240,-1165949089,-1166272589,-0.0009844116,-0.0009616569
42.616,244,920728775,923664912,6.711667E-06,8.46434E-06
42.616,248,-1107101674,-1107102545,-0.1278995,-0.1278865
42.617,260,1057824124,1057749940,0.5512311,0.5468094
42.673,216,-1106004509,-1106416486,-0.1442485,-0.1381096
42.674,220,995717928,998713352,0.003318021,0.004124645
42.675,224,-1035434324,-1035436417,-50.13152,-50.12353
42.676,228,-1094477123,-1094678423,-0.3820399,-0.3760407
42.676,232,-1094477123,-1094678423,-0.3820399,-0.3760407
42.677,236,-1094477123,-1094678423,-0.3820399,-0.3760407
42.678,240,-1166272589,-1166975697,-0.0009616569,-0.0009207306
42.678,244,923664912,925927392,8.46434E-06,1.052205E-05
42.679,248,-1107102545,-1107103912,-0.1278865,-0.1278661
42.68,260,1057749940,1057559826,0.5468094,0.5354778
42.68,352,1027637248,1031659520,0.04699707,0.0619812
42.737,216,-1106416486,-1106525245,-0.1381096,-0.136489
42.738,220,998713352,991252728,0.004124645,0.002278386
42.739,224,-1035436417,-1035437371,-50.12353,-50.11989
42.739,228,-1094678423,-1094830797,-0.3760407,-0.3714996
42.74,232,-1094678423,-1094830797,-0.3760407,-0.3714996
42.74,236,-1094678423,-1094830797,-0.3760407,-0.3714996
42.741,240,-1166975697,-1167161312,-0.0009207306,-0.0009099264
42.741,244,925927392,918750845,1.052205E-05,5.812208E-06
42.742,248,-1107103912,-1107104535,-0.1278661,-0.1278569
42.742,260,1057559826,1057488418,0.5354778,0.5312215
42.743,352,1031659520,1027637248,0.0619812,0.04699707
42.768,216,-1106525245,-1106745286,-0.136489,-0.1332101
42.769,220,991252728,996037090,0.002278386,0.003392332
42.769,224,-1035437371,-1035438700,-50.11989,-50.11482
42.77,228,-1094830797,-1094983337,-0.3714996,-0.3669536
42.771,232,-1094830797,-1094983337,-0.3714996,-0.3669536
42.771,236,-1094830797,-1094983337,-0.3714996,-0.3669536
42.772,240,-1167161312,-1167536849,-0.0009099264,-0.0008880672
42.772,244,918750845,923873344,5.812208E-06,8.653908E-06
42.773,248,-1107104535,-1107105403,-0.1278569,-0.1278439
42.774,260,1057488418,1057414160,0.5312215,0.5267954
42.774,352,1027637248,1027645440,0.04699707,0.04702759
42.831,216,-1106745286,-1107140560,-0.1332101,-0.1273201
42.832,220,996037090,991888138,0.003392332,0.002426329
42.832,224,-1035438700,-1035440616,-50.11482,-50.10751
42.833,228,-1094983337,-1095184614,-0.3669536,-0.3609551
42.833,232,-1094983337,-1095184614,-0.3669536,-0.3609551
42.834,236,-1094983337,-1095184614,-0.3669536,-0.3609551
42.835,240,-1167536849,-1168211449,-0.0008880672,-0.0008488004
42.835,244,923873344,919580768,8.653908E-06,6.189613E-06
42.836,248,-1107105403,-1107106654,-0.1278439,-0.1278253
42.836,260,1057414160,1057224020,0.5267954,0.5154622
42.837,352,1027645440,1031659520,0.04702759,0.0619812
42.892,216,-1107140560,-1107245253,-0.1273201,-0.12576
42.893,220,991888138,992186289,0.002426329,0.002495747
42.894,224,-1035440616,-1035441458,-50.10751,-50.1043
42.894,228,-1095184614,-1095336955,-0.3609551,-0.3564149
42.895,232,-1095184614,-1095336955,-0.3609551,-0.3564149
42.896,236,-1095184614,-1095336955,-0.3609551,-0.3564149
42.896,240,-1168211449,-1168390126,-0.0008488004,-0.0008384
42.897,244,919580768,919970191,6.189613E-06,6.366703E-06
42.898,248,-1107106654,-1107107204,-0.1278253,-0.1278171
42.898,260,1057224020,1057152614,0.5154622,0.511206
42.899,352,1031659520,1027637248,0.0619812,0.04699707
42.923,216,-1107245253,-1107616034,-0.12576,-0.1226175
42.924,220,992186289,993427642,0.002495747,0.002784772
42.925,224,-1035441458,-1035442835,-50.1043,-50.09905
42.926,228,-1095336955,-1095489408,-0.3564149,-0.3518715
42.926,232,-1095336955,-1095489408,-0.3564149,-0.3518715
42.927,236,-1095336955,-1095489408,-0.3564149,-0.3518715
42.928,240,-1168390126,-1168750048,-0.0008384,-0.0008174498
42.928,244,919970191,921591550,6.366703E-06,7.104011E-06
42.929,248,-1107107204,-1107108103,-0.1278171,-0.1278037
42.929,260,1057152614,1057078418,0.511206,0.5067836
42.986,216,-1107616034,-1108375599,-0.1226175,-0.1169583
42.986,220,993427642,991137020,0.002784772,0.002251445
42.987,224,-1035442835,-1035444649,-50.09905,-50.09213
42.988,228,-1095489408,-1095694036,-0.3518715,-0.3457731
42.988,232,-1095489408,-1095694036,-0.3518715,-0.3457731
42.989,236,-1095489408,-1095694036,-0.3518715,-0.3457731
42.989,240,-1168750048,-1169398210,-0.0008174498,-0.0007797218
42.99,244,921591550,918599716,7.104011E-06,5.743483E-06
42.99,248,-1107108103,-1107109288,-0.1278037,-0.127786
42.991,260,1057078418,1056805258,0.5067836,0.495251
42.992,352,1027637248,1031868416,0.04699707,0.0630188
43.049,216,-1108375599,-1108587187,-0.1169583,-0.1153818
43.05,220,991137020,991283441,0.002251445,0.002285537
43.051,224,-1035444649,-1035445404,-50.09213,-50.08925
43.051,228,-1095694036,-1095843135,-0.3457731,-0.3413296
43.052,232,-1095694036,-1095843135,-0.3457731,-0.3413296
43.052,236,-1095694036,-1095843135,-0.3457731,-0.3413296
43.053,240,-1169398210,-1169578765,-0.0007797218,-0.0007692121
43.054,244,918599716,918790960,5.743483E-06,5.83045E-06
43.054,248,-1107109288,-1107109781,-0.127786,-0.1277787
43.055,260,1056805258,1056666155,0.495251,0.4911054
43.055,352,1031868416,1027366912,0.0630188,0.04598999
43.081,216,-1108587187,-1108978301,-0.1153818,-0.1124678
43.082,220,991283441,995569935,0.002285537,0.003283564
43.082,224,-1035445404,-1035446602,-50.08925,-50.08468
43.083,228,-1095843135,-1095995536,-0.3413296,-0.3367877
43.083,232,-1095843135,-1095995536,-0.3413296,-0.3367877
43.084,236,-1095843135,-1095995536,-0.3413296,-0.3367877
43.084,240,-1169578765,-1169912515,-0.0007692121,-0.0007497853
43.085,244,918790960,923568263,5.83045E-06,8.376438E-06
43.086,248,-1107109781,-1107110563,-0.1277787,-0.127767
43.086,260,1056666155,1056518095,0.4911054,0.4866929
43.087,352,1027366912,1027637248,0.04598999,0.04699707
43.143,216,-1108978301,-1109704722,-0.1124678,-0.1070555
43.144,220,995569935,992818945,0.003283564,0.002643049
43.144,224,-1035446602,-1035448768,-50.08468,-50.07642
43.145,228,-1095995536,-1096200183,-0.3367877,-0.3306887
43.145,232,-1095995536,-1096200183,-0.3367877,-0.3306887
43.146,236,-1095995536,-1096200183,-0.3367877,-0.3306887
43.147,240,-1169912515,-1170532395,-0.0007497853,-0.0007137035
43.147,244,923568263,920796516,8.376438E-06,6.742472E-06
43.148,248,-1107110563,-1107111978,-0.127767,-0.127746
43.148,260,1056518095,1056131916,0.4866929,0.4751838
43.149,352,1027637248,1031868416,0.04699707,0.0630188
43.205,216,-1109704722,-1109902869,-0.1070555,-0.1055792
43.206,220,992818945,993055724,0.002643049,0.002698178
43.207,224,-1035448768,-1035449419,-50.07642,-50.07393
43.207,228,-1096200183,-1096352647,-0.3306887,-0.326145
43.208,232,-1096200183,-1096352647,-0.3306887,-0.326145
43.209,236,-1096200183,-1096352647,-0.3306887,-0.326145
43.209,240,-1170532395,-1170701480,-0.0007137035,-0.0007038615
43.21,244,920796516,921105779,6.742472E-06,6.883108E-06
43.21,248,-1107111978,-1107112403,-0.127746,-0.1277396
43.211,260,1056131916,1055989601,0.4751838,0.4709425
43.212,352,1031868416,1027637248,0.0630188,0.04699707
43.236,216,-1109902869,-1110288007,-0.1055792,-0.1027097
43.237,220,993055724,978666890,0.002698178,0.0008135667
43.238,224,-1035449419,-1035450365,-50.07393,-50.07032
43.239,228,-1096352647,-1096505034,-0.326145,-0.3216035
43.239,232,-1096352647,-1096505034,-0.326145,-0.3216035
43.24,236,-1096352647,-1096505034,-0.326145,-0.3216035
43.241,240,-1170701480,-1171030131,-0.0007038615,-0.0006847315
43.241,244,921105779,906708873,6.883108E-06,2.075425E-06
43.242,248,-1107112403,-1107113021,-0.1277396,-0.1277304
43.242,260,1055989601,1055841691,0.4709425,0.4665345
43.298,216,-1110288007,-1110980833,-0.1027097,-0.09754776
43.299,220,978666890,996549483,0.0008135667,0.003511633
43.3,224,-1035450365,-1035452226,-50.07032,-50.06322
43.301,228,-1096505034,-1096706290,-0.3216035,-0.3156056
43.301,232,-1096505034,-1096706290,-0.3216035,-0.3156056
43.302,236,-1096505034,-1096706290,-0.3216035,-0.3156056
43.302,240,-1171030131,-1171621343,-0.0006847315,-0.0006503184
43.303,244,906708873,924207968,2.075425E-06,8.958246E-06
43.304,248,-1107113021,-1107114236,-0.1277304,-0.1277123
43.304,260,1055841691,1055462628,0.4665345,0.4552375
43.305,352,1027637248,1031659520,0.04699707,0.0619812
43.361,216,-1110980833,-1111162245,-0.09754776,-0.09619614
43.362,220,996549483,980143212,0.003511633,0.0008995
43.363,224,-1035452226,-1035452967,-50.06322,-50.0604
43.364,228,-1096706290,-1096858685,-0.3156056,-0.3110639
43.364,232,-1096706290,-1096858685,-0.3156056,-0.3110639
43.365,236,-1096706290,-1096858685,-0.3156056,-0.3110639
43.366,240,-1171621343,-1171776148,-0.0006503184,-0.0006413076
43.366,244,924207968,907673002,8.958246E-06,2.294643E-06
43.367,248,-1107114236,-1107114720,-0.1277123,-0.1277051
43.367,260,1055462628,1055320238,0.4552375,0.450994
43.368,352,1031659520,1027637248,0.0619812,0.04699707
43.393,216,-1111162245,-1111530899,-0.09619614,-0.09344945
43.394,220,980143212,992324494,0.0008995,0.002527926
43.394,224,-1035452967,-1035454155,-50.0604,-50.05587
43.395,228,-1096858685,-1097011267,-0.3110639,-0.3065166
43.396,232,-1096858685,-1097011267,-0.3110639,-0.3065166
43.396,236,-1096858685,-1097011267,-0.3110639,-0.3065166
43.397,240,-1171776148,-1172090732,-0.0006413076,-0.0006229964
43.398,244,907673002,920150703,2.294643E-06,6.44879E-06
43.398,248,-1107114720,-1107115496,-0.1277051,-0.1276935
43.399,260,1055320238,1055172152,0.450994,0.4465806
43.399,352,1027637248,1027645440,0.04699707,0.04702759
43.454,216,-1111530899,-1112189888,-0.09344945,-0.0885396
43.456,220,992324494,989367483,0.002527926,0.001896284
43.456,224,-1035454155,-1035455682,-50.05587,-50.05004
43.457,228,-1097011267,-1097212462,-0.3065166,-0.3005205
43.457,232,-1097011267,-1097212462,-0.3065166,-0.3005205
43.458,236,-1097011267,-1097212462,-0.3065166,-0.3005205
43.459,240,-1172090732,-1172653070,-0.0006229964,-0.000590264
43.459,244,920150703,916607349,6.44879E-06,4.837459E-06
43.46,248,-1107115496,-1107116493,-0.1276935,-0.1276787
43.46,260,1055172152,1054792975,0.4465806,0.4352803
43.461,352,1027645440,1031659520,0.04702759,0.0619812
43.518,216,-1112189888,-1112363273,-0.0885396,-0.08724778
43.519,220,989367483,976015984,0.001896284,0.0006592637
43.52,224,-1035455682,-1035456354,-50.05004,-50.04748
43.52,228,-1097212462,-1097364874,-0.3005205,-0.2959782
43.521,232,-1097212462,-1097364874,-0.3005205,-0.2959782
43.521,236,-1097212462,-1097364874,-0.3005205,-0.2959782
43.522,240,-1172653070,-1172801025,-0.000590264,-0.0005816519
43.522,244,916607349,903985675,4.837459E-06,1.681795E-06
43.523,248,-1107116493,-1107116932,-0.1276787,-0.1276721
43.524,260,1054792975,1054650563,0.4352803,0.4310361
43.524,352,1031659520,1027637248,0.0619812,0.04699707
43.55,216,-1112363273,-1112714216,-0.08724778,-0.08463305
43.551,220,976015984,993726918,0.0006592637,0.002854453
43.551,224,-1035456354,-1035457389,-50.04748,-50.04353
43.552,228,-1097364874,-1097517291,-0.2959782,-0.2914359
43.552,232,-1097364874,-1097517291,-0.2959782,-0.2914359
43.553,236,-1097364874,-1097517291,-0.2959782,-0.2914359
43.553,240,-1172801025,-1173100496,-0.0005816519,-0.0005642204
43.554,244,903985675,921982441,1.681795E-06,7.281768E-06
43.555,248,-1107116932,-1107117608,-0.1276721,-0.1276621
43.555,260,1054650563,1054502584,0.4310361,0.426626
43.611,216,-1112714216,-1113343152,-0.08463305,-0.07994711
43.612,220,993726918,1000051505,0.002854453,0.004747771
43.612,224,-1035457389,-1035459084,-50.04353,-50.03706
43.613,228,-1097517291,-1097721866,-0.2914359,-0.2853391
43.614,232,-1097517291,-1097721866,-0.2914359,-0.2853391
43.614,236,-1097517291,-1097721866,-0.2914359,-0.2853391
43.615,240,-1173100496,-1173637188,-0.0005642204,-0.0005329808
43.615,244,921982441,927675184,7.281768E-06,1.211166E-05
43.616,248,-1107117608,-1107118715,-0.1276621,-0.1276456
43.617,260,1054502584,1054116687,0.426626,0.4151253
43.617,352,1027637248,1031868416,0.04699707,0.0630188
43.674,216,-1113343152,-1113515765,-0.07994711,-0.07866105
43.675,220,1000051505,976934087,0.004747771,0.0007127043
43.675,224,-1035459084,-1035459807,-50.03706,-50.03431
43.676,228,-1097721866,-1097871040,-0.2853391,-0.2808933
43.676,232,-1097721866,-1097871040,-0.2853391,-0.2808933
43.677,236,-1097721866,-1097871040,-0.2853391,-0.2808933
43.678,240,-1173637188,-1173784485,-0.0005329808,-0.000524407
43.678,244,927675184,905184830,1.211166E-05,1.818123E-06
43.679,248,-1107118715,-1107119187,-0.1276456,-0.1276385
43.679,260,1054116687,1053977954,0.4151253,0.4109908
43.68,352,1031868416,1027366912,0.0630188,0.04598999
43.736,8,1,0,1.401298E-45,0
